drug,nct_id,title,status,phase,disease,first_submit
Atorvastatin,NCT04325009,"Bioequivalence Study Between ""Dong-A Atorvastatin Tab"" and ""Lipitor Tab""",UNKNOWN,PHASE1,Healthy,2020-03-25
Atorvastatin,NCT00681525,"A Multiple-Dose Pharmacokinetic Interaction Study Between ABT-335, Atorvastatin and Ezetimibe",COMPLETED,PHASE1,Pharmacokinetics,2008-05-19
Atorvastatin,NCT02245269,Pharmacokinetics of Atorvastatin With Tipranavir/Ritonavir and the Effect of Antacid on the Pharmacokinetics of Single-Dose Tipranavir/Ritonavir in Healthy Volunteers,COMPLETED,PHASE1,Healthy,2014-09-18
Atorvastatin,NCT01645449,"Bioequivalence Study of Atorvastatin Calcium Tablets, 80 mg of Dr. Reddy's Under Fasting Conditions",COMPLETED,PHASE1,Healthy,2012-07-18
Atorvastatin,NCT00344955,"Acute Effect of HMG-CoA Reductase Inhibition (Atorvastatin)on Renal Hemodynamics, Tubular Function and Vasoactive Hormones on Healthy Subjects",COMPLETED,PHASE4,Healthy,2006-06-24
Atorvastatin,NCT01645384,"Bioequivalence Study of Atorvastatin Calcium Tablets, 40 mg Under Fasting Conditions",COMPLETED,PHASE1,Healthy,2012-07-18
Atorvastatin,NCT02501200,CKD-391 Pharmacokinetic Study Phase I,COMPLETED,PHASE1,Healthy,2015-07-16
Atorvastatin,NCT06191991,A Phase 1 Study to Evaluate the Drug-Drug Interaction Potential Between ALG-055009 and Statin Therapy(Ies),COMPLETED,PHASE1,Healthy Volunteers,2023-11-03
Atorvastatin,NCT00960323,Drug-Drug Interaction Study Between Colchicine and Atorvastatin,COMPLETED,PHASE1,Healthy,2009-08-13
Atorvastatin,NCT04270370,A Study of LY3478045 in Healthy Participants,COMPLETED,PHASE1,Healthy,2020-02-13
Atorvastatin,NCT00678522,The Acute Effect of Atorvastain on Renal Function in Patients With Type II Diabetes,COMPLETED,PHASE4,Healthy Subjects,2008-05-13
Atorvastatin,NCT05464628,Drug Interaction Study of ASC42 With Atorvastatin,COMPLETED,PHASE1,Healthy,2022-07-12
Metformin,NCT01273571,A Pharmacokinetic and Pharmacodynamic Study of Metformin and Canagliflozin in Healthy Adult Volunteers,COMPLETED,PHASE1,Healthy,2010-12-23
Metformin,NCT02183571,Bioequivalence Study of Two Strengths of Two Different Metformin Tablets Administered to Healthy Male and Female Subjects,COMPLETED,PHASE1,Healthy,2014-07-07
Metformin,NCT04859452,"A Study to Evaluate the DDI of DBPR108 With Metformin,Glibenclamide,Valsartan, or Simvastatin in Healthy Subjects",COMPLETED,PHASE1,Healthy Subjects,2021-04-21
Metformin,NCT01560481,Clinical Trial to Evaluate Safety and pK Profile of Metformin Glycinate in Healthy Volunteers,COMPLETED,PHASE1,Healthy,2012-02-09
Metformin,NCT00865748,A Relative Bioavailability Study of Metformin HCl 500 mg ER Tablets Under Fasting Conditions,COMPLETED,PHASE1,Healthy,2009-03-18
Metformin,NCT01454622,"A Study to Assess the Bioequivalence of 2 Fixed Dose Combination (FDC) Tablets of Canagliflozin and Metformin Immediate Release (IR) (50 mg/1,000 mg) With Respect to the Individual Components of Canagliflozin (1 x 100 mg) and Metformin IR Tablets (2 x 1,000 mg) in Healthy Volunteers",COMPLETED,PHASE1,Healthy,2011-10-17
Metformin,NCT03826641,"A Study to Evaluate the Pharmacokinetics, Safety and Tolerability of HCP1801 in Healthy Subjects",COMPLETED,PHASE1,Healthy,2019-01-28
Metformin,NCT02212756,Pharmacokinetic Profiles of Metformin With DW1029M,COMPLETED,PHASE1,Healthy,2014-08-05
Metformin,NCT03393208,Glucophage Immediate Release (GIR) China Bioequivalence Study,COMPLETED,PHASE1,Healthy,2017-12-22
Metformin,NCT01662674,BE Study of the Combinations of Gemigliptin 50mg and Metformin HCl Extended Release 1000mg in Comparison to Each Component Administered Alone,COMPLETED,PHASE1,Healthy,2012-08-06
Metformin,NCT07121959,A Study of Belzutifan (MK-6482) and Metformin in Healthy Adult Participants (MK-6482-039),COMPLETED,PHASE1,Healthy,2025-08-12
Metformin,NCT02745912,Study to Evaluate the Effect of Naltrexone and Bupropion Combination on the Pharmacokinetics of Metformin in Healthy Participants,COMPLETED,PHASE1,Healthy Subjects,2016-04-18
Metformin,NCT06335134,"A Drug-Drug Interaction Study Between XW003 and Metformin, Warfarin, Rosuvastatin or Digoxin",COMPLETED,PHASE1,Healthy Volunteers,2023-07-29
Metformin,NCT02223026,Relative Bioavailability of a Linagliptin+Metformin Fixed Dose Combination Tablet Administered With and Without Food to Healthy Male and Female Subjects,COMPLETED,PHASE1,Healthy,2014-08-21
Metformin,NCT01540487,Pharmacokinetics of Fixed Dose Combination (FDC) Tablets of Linagliptin /Metformin,COMPLETED,PHASE1,Healthy,2012-02-23
Metformin,NCT07216131,A Study to Investigate the Effect of AZD0780 on Metformin Pharmacokinetics in Healthy Adult Volunteers Aged 18 to 55 Years,NOT_YET_RECRUITING,PHASE1,Healthy Participants,2025-10-10
Metformin,NCT07222098,A Clinical Study of MK-1084 With Rosuvastatin and Metformin in Healthy People (MK-1084-016),NOT_YET_RECRUITING,PHASE1,Healthy,2025-10-27
Metformin,NCT00864734,A Relative Bioavailability Study of Glyburide/Metformin HCl 5 mg/500 mg Tablets Under Non-fasting Conditions,COMPLETED,PHASE1,Healthy,2009-03-18
Metformin,NCT06244407,The Bioequivalence Study of Fixed-dose Combination of Vildagliptin and Metformin HCI 50/1000 mg FCT Under Fed Conditions,NOT_YET_RECRUITING,PHASE1,Healthy Volunteer,2024-01-29
Metformin,NCT05965219,A Trial to Evaluate the Effects of Itraconazole and Carbamazepine on the Pharmacokinetics of Emraclidine and of Emraclidine on the Pharmacokinetics of Metformin in Healthy Adult Participants,COMPLETED,PHASE1,Healthy Volunteers,2023-07-20
Metformin,NCT02230995,Bioequivalence of a Fixed Dose Combination Tablet of Empagliflozin/Metformin Extended Release Compared With Mono Compound Tablets in Healthy Subjects,COMPLETED,PHASE1,Healthy,2014-08-29
Metformin,NCT05124717,Fed Bioequivalence Study of 2 Metformin 500 mg Prolongued Release Tablets in 28 Healthy Male and Female Volunteers,COMPLETED,PHASE1,Pharmacokinetics,2021-11-09
Metformin,NCT03270553,A Study to Assess the Effect of Plazomicin on the Pharmacokinetics of Metformin,COMPLETED,PHASE1,Healthy Volunteers,2017-08-30
Levothyroxine,NCT01465646,"Bioavailability Investigations of Thyronajod Mite Tablets of Dosage Strengths 50 μg Levothyrox-ine/75 μg Iodine, and 100 μg Levothyroxine/75 μg Iodine vs. a Levothyroxine Drinking-Solution: A Randomised Cross Over Study in Healthy Male Individuals. Currently: 100 μg/ 75 μg Tablets",COMPLETED,PHASE1,Pharmacokinetics,2011-11-02
Levothyroxine,NCT03043521,Pharmacodynamic Properties of CJ-12420 on Evening Dosing,COMPLETED,PHASE1,Healthy,2017-01-19
Levothyroxine,NCT00312715,Thyroid and Fat Tissue Metabolism,COMPLETED,,Healthy Volunteers,2006-04-08
Levothyroxine,NCT03098433,Effects of Liothyronine on Energy Expenditure and Cardiovascular Function,COMPLETED,PHASE1; PHASE2,Healthy,2017-03-07
Levothyroxine,NCT06547242,Levothyroxine-sodium Bioequivalence Trial With Oral Single Dose Administration,COMPLETED,PHASE1,Healthy,2024-08-07
Levothyroxine,NCT06625814,A Study of Levothyroxine and Enlicitide Decanoate (MK-0616) in Healthy Adult Participants (MK-0616-028),COMPLETED,PHASE1,Healthy,2024-10-01
Levothyroxine,NCT00648882,Fasting Study of Levothyroxine Sodium Tablets 300 mcg to Synthroid® Tablets 300 mcg,COMPLETED,PHASE1,Healthy,2008-03-30
Levothyroxine,NCT03856970,"Study to Evaluate the Effect of IW-3718 on the Pharmacokinetics of Oral Contraceptive, Levothyroxine, Glyburide, and Digoxin in Healthy Adult Volunteers",COMPLETED,PHASE1,Healthy Volunteers,2019-02-26
Levothyroxine,NCT04037748,Bioequivalence of Two Formulations of Levothyroxine Sodium 200 Micrograms (mcg) Under Tablet Form,COMPLETED,PHASE1,Healthy,2019-07-26
Levothyroxine,NCT00647855,Fasting Study of Levothyroxine Sodium Tablets 300 μg to Synthroid® Tablets 300 μg,COMPLETED,PHASE1,Healthy,2008-03-30
Levothyroxine,NCT02570581,MELA Study - Hedonic Study on the Taste of Drugs Crushed in Food: Observational Study Involving 16 Healthy Volunteers,COMPLETED,PHASE1,Healthy,2015-09-29
Levothyroxine,NCT04573907,Bioequivalence Study of Levothyroxine Sodium Tablets 100 mcg,COMPLETED,PHASE4,Healthy,2020-09-28
Levothyroxine,NCT01465633,"Bioavailability Investigations of Thyronajod Mite Tablets of Dosage Strengths 50 μg Levothyrox-ine/75 μg Iodine, and 100 μg Levothyroxine/75 μg Iodine vs. a Levothyroxine Drinking-Solution: A Randomised Cross Over Study in Healthy Male Individuals. Currently: 50 μg/ 75 μg Tablets",COMPLETED,PHASE1,Pharmacokinetics,2011-11-02
Levothyroxine,NCT03907280,"A Study in Healthy Men That Tests if Taking BI 1265162 by Mouth, Intravenously, or Inhaled Influences the Amount of BI 1265162 in the Blood",COMPLETED,PHASE1,Healthy,2019-04-05
Levothyroxine,NCT05174000,BE of Euthyrox® Tablets (Merck Nantong Versus Merck Darmstadt Sites),COMPLETED,PHASE1,Healthy,2021-12-20
Levothyroxine,NCT00648557,Fasting Study of Levothyroxine Sodium Tablets 200 mg to Synthroid Tablets 200 mg,COMPLETED,PHASE1,Healthy,2008-03-30
Levothyroxine,NCT01581463,A Study of Sustained-Release Liothyronine Sodium (T3) in Healthy Subjects,COMPLETED,PHASE1,Healthy,2012-04-18
Levothyroxine,NCT03979274,A Comparative Study of New Formulation and Approved Formulation for Levothyroxine in Healthy Volunteers,COMPLETED,PHASE1,Healthy,2019-06-06
Levothyroxine,NCT00648700,Fasting Study of Levothyroxine Sodium Tablets 300 μg to Levothroid® Tablets 300 μg,COMPLETED,PHASE1,Healthy,2008-03-30
Levothyroxine,NCT03617835,A Study in Healthy People to Measure the Amount of BI 655130 in the Blood After Injecting Different Doses Into Different Parts of the Body,COMPLETED,PHASE1,Healthy,2018-08-01
Lisinopril,NCT01375244,"Comparative Bioavailability Study of Lisinopril Tablets, 10 mg",COMPLETED,PHASE1,Healthy,2008-04-01
Lisinopril,NCT01936012,Bioequivalence Study of Two Formulations of 10 mg Lisinopril Tablet Under Fasting Condition,COMPLETED,,Healthy,2013-09-01
Lisinopril,NCT06772779,"A Study of Enlicitide Decanoate (MK-0616), Warfarin, and Lisinopril in Healthy Adult Participants (MK-0616-026)",COMPLETED,PHASE1,Healthy,2025-01-09
Lisinopril,NCT02641899,Study of the Effects of ITCA 650 on Gastric Emptying and Interaction of ITCA 650 on 4 Commonly Studied Drugs,COMPLETED,PHASE1,Healthy,2015-12-21
Lisinopril,NCT05061901,Bioequivalence Study of Two Formulations of Lisinopril Tablet 20 mg in Healthy Volunteers Under Fasting Conditions,COMPLETED,PHASE1,Bioequivalence,2021-09-20
Lisinopril,NCT03599466,Clinical Bioequivalence Study on Two Lisinopril Tablets 20mg Formulations,UNKNOWN,PHASE1,Healthy,2018-01-16
Amlodipine,NCT01181011,"Telmisartan, Amlodipine and Combination in Healthy Subjects",COMPLETED,PHASE1,Healthy,2010-08-10
Amlodipine,NCT02089399,"Pharmacokinetics and Drug Interaction Study Between Amlodipine,Olmesartan and Rosuvastatin in Healthy Adult Volunteers",COMPLETED,PHASE1,Healthy,2014-03-14
Amlodipine,NCT02259790,Bioavailability of Telmisartan/Amlodipine Fixed-dose Combination Compared to Its Mono-components in Healthy Male Volunteers,COMPLETED,PHASE1,Healthy,2014-10-06
Amlodipine,NCT04322266,"A Study to Compare the Pharmacokinetics, Safety and Tolerability Between Fixed-Dose Combination and Co-Administration of HGP0904, HGP0608 and HCP1306 Tablets in Healthy Male Subjects.",COMPLETED,PHASE1,Healthy,2019-09-09
Amlodipine,NCT01823913,Safety and Pharmacokinetic Comparison of Exforge® and G-0081 in Healthy Male Volunteers,COMPLETED,PHASE1,Healthy,2013-03-24
Amlodipine,NCT02194309,"Safety, Tolerability and Pharmacokinetics of Single and Multiple Oral Doses of 40 mg Telmisartan/5 mg Amlodipine and 80 mg Telmisartan/5 mg Amlodipine in Healthy Male Volunteers",COMPLETED,PHASE1,Healthy,2014-07-17
Amlodipine,NCT04411875,Bioequivalence of Levamlodipine Besylate Tablets in Healthy Chinese Subjects,COMPLETED,PHASE1,Healthy Subjects,2020-05-19
Amlodipine,NCT00841542,Amlodipine 10 mg Tablets Under Fasting Conditions,COMPLETED,PHASE1,Healthy,2009-02-09
Amlodipine,NCT00870571,A Relative Bioavailability Study of Amlodipine Besylate 10 mg Tablets Tablets Under Fed Conditions,COMPLETED,PHASE1,Healthy,2009-03-26
Amlodipine,NCT01197014,A Bioequivalence Study of Amlodipine Plus Losartan Versus Amlodipine and Losartan,COMPLETED,PHASE1,Healthy,2010-09-07
Amlodipine,NCT01197001,A Bioequivalence Study of Amlodipine Plus Losartan Versus Amlodipine and Losartan,COMPLETED,PHASE1,Healthy,2010-09-07
Amlodipine,NCT05688098,Pharmacokinetics of Irbesartan/Amlodipine High FDC and Co-administration of Irbesartan and Amlodipine High in Healthy Volunteers,COMPLETED,PHASE1,Healthy Volunteers,2023-01-08
Amlodipine,NCT05688085,Pharmacokinetics of Irbesartan High/Amlodipine FDC and Co-administration of Irbesartan High and Amlodipine in Healthy Volunteers,COMPLETED,PHASE1,Healthy Volunteers,2023-01-08
Amlodipine,NCT00835367,Amlodipine-Benazepril 10mg-20mg Capsules in Healthy Subjects Under Fed Conditions,COMPLETED,PHASE1,Healthy,2009-01-30
Amlodipine,NCT01344629,Bioequivalence Study of Telmisartan Between Telmisartan 80 mg/Amlodipine 5 mg FDC Tablet and Telmisartan 80 mg Tab and Amlodipine 5 mg Tab Concomitant Use,COMPLETED,PHASE1,Healthy,2011-04-26
Amlodipine,NCT01155895,Bioequivalence Study of 10 mg Amlodipine Besylate/ 20 mg Benazepril Hydrochloride Capsules of Dr.Reddys Laboratories Limited Under Fasting Conditions,COMPLETED,PHASE1,Healthy,2010-07-01
Amlodipine,NCT00932880,"Study to Evaluate the Bioavailability of the Test Formulation of Amlodipine 10 mg Tablets (Torrent Pharmaceuticals Limited) Compared to a 10 mg Dose of Norvasc® (Pfizer) in 18 Fed, Healthy Adult Subjects",COMPLETED,PHASE1,Healthy,2009-07-01
Amlodipine,NCT00775151,Bioequivalence Study of Amlodipine 10mg Tablets Under Fed Conditions,COMPLETED,,Healthy,2008-10-16
Amlodipine,NCT02962258,"BE Study of Torrent's Olmesartan Medoxomil, Amlodipine and Hydrochlorothiazide Tab - Fed Conditions",COMPLETED,PHASE1,Healthy Subjects,2016-11-09
Amlodipine,NCT02962336,"Bioequivalence Study of Torrent's Olmesartan Medoxomil, Amlodipine and Hydrochloride Tablets Under Fasting Conditions.",COMPLETED,PHASE1,Healthy Subjects,2016-11-09
Amlodipine,NCT01004614,Bioequivalence Study For 5 Mg Amlodipine Orally-Disintegrating Tablet,COMPLETED,PHASE1,Healthy,2009-10-29
Amlodipine,NCT00932763,"Study to Evaluate the Bioavailability of the Test Formulation of Amlodipine 10 mg Tablets (Torrent Pharmaceuticals Limited) Compared to a 10 mg Dose of Norvasc® (Pfizer) in 22 Fasted, Healthy Adult Subjects",COMPLETED,PHASE1,Healthy,2009-07-01
Amlodipine,NCT02060019,Pharmacokinetic Interactions and Safety Between Exforge Tab. and Crestor Tab. in Healthy Male Subjects,COMPLETED,PHASE1,Healthy,2014-02-06
Amlodipine,NCT00775905,Bioequivalence Study of Amlodipine Tablets Under Fasting Conditions,COMPLETED,,Healthy,2008-10-16
Amlodipine,NCT02259803,Relative Bioavailability of Telmisartan/Amlodipine Fixed-dose Combination Compared to Its Mono-components in Healthy Male Volunteers,COMPLETED,PHASE1,Healthy,2014-10-06
Amlodipine,NCT02259829,Bioequivalence Study of Telmisartan/Amlodipine Fixed Dose Combination Compared With Its Monocomponents in Healthy Male and Female Volunteers,COMPLETED,PHASE1,Healthy,2014-10-06
Amlodipine,NCT05470764,Bioequivalence Study of 8 mg Perindopril Tert-Butylamine / 2.5 mg Indapamide / 10 mg Amlodipine Tablets Versus 10 mg Perindopril Arginine / 2.5 mg Indapamide / 10 mg Amlodipine Film-Coated Tablets in Healthy Volunteers,COMPLETED,PHASE1,Bioequivalence; Healthy Subjects,2022-07-20
Amlodipine,NCT04245046,"Drug-drug-interaction Study of Candesartan, Amlodipine and Atorvastatin",COMPLETED,PHASE1,Healthy Volunteers,2020-01-23
Amlodipine,NCT00834977,Amlodipine-Benazepril 10mg-20mg Capsules in Healthy Subjects Under Fasting Conditions,COMPLETED,PHASE1,Healthy,2009-01-30
Amlodipine,NCT02974439,Bioequivalence Study of Amlodipine and Norvasc Under Fasting and FED Conditions in Chinese Healthy Volunteers,COMPLETED,PHASE1,Bioequivalence,2016-11-17
Amlodipine,NCT01845272,Pharmacokinetic Interactions of Candesartan Cilexetil and Amlodipine Besylate,UNKNOWN,PHASE1,Healthy,2013-04-23
Amlodipine,NCT02166398,"A Randomized, Open-label, Single Dose, Two-way Crossover Clinical Trial to Compare the Safety, Pharmacokinetic Profiles of UI15AML055MT and Amosartan® Tablet 5/50 mg After a Single Oral Administration in Healthy Male Volunteers",COMPLETED,PHASE1,Healthy,2014-06-16
Amlodipine,NCT02183675,"Pharmacokinetics of Different Formulations of Telmisartan, Amlodipine, and Hydrochlorothiazide (HCTZ) in Japanese Healthy Male Volunteers",COMPLETED,PHASE1,Healthy,2014-07-07
Amlodipine,NCT02259816,Pharmacokinetics of Telmisartan Alone and in Combination With Amlodipine in Healthy Volunteers,COMPLETED,PHASE1,Healthy,2014-10-06
Amlodipine,NCT01494727,"Phase I Study to Compare the Safety, Pharmacokinetic Profiles of CJ Amlodipine/Valsartan 10/160mg and Novartis Exforge 10/160mg",COMPLETED,PHASE1,Healthy,2011-12-15
Amlodipine,NCT02739672,"Clinical Trial to Compare the Pharmacokinetics of TAH Tablet in Comparison to the Co-administration of Telmisartan, Amlodipine and Hydrochlorothiazide in Healthy Male Volunteers",COMPLETED,PHASE1,Healthy,2016-03-31
Metoprolol,NCT01673997,"Bioequivalence Study of Metoprolol Succinate ER Tablets, 200 mg Under Fasting Conditions",COMPLETED,PHASE1,Healthy,2012-08-24
Metoprolol,NCT01659944,"Study to Evaluate the Effect of Eliglustat on the Pharmacokinetics, Safety and Tolerability of Metoprolol in Healthy Adults",COMPLETED,PHASE1,Healthy,2012-08-06
Metoprolol,NCT03457597,Study in Healthy Subjects to Determine the Effect of Relacorilant on Exposure to Probe Substrates for Cytochrome P450s,COMPLETED,PHASE1,Healthy,2018-03-01
Metoprolol,NCT03082352,Clinical Bioequivalence Study on Two Metoprolol Tablet 100mg Formulations,UNKNOWN,PHASE1,Healthy,2017-03-12
Metoprolol,NCT00649233,Food Study of Metoprolol Tartrate/Hydrochlorothiazide Tablets 100/50 mg to Lopressor HCT® Tablets 100/50 mg,COMPLETED,PHASE1,Healthy,2008-03-30
Metoprolol,NCT06808802,To Investigate the Effect of Retatrutide (LY3437943) on Metoprolol Pharmacokinetics in Healthy Participants,COMPLETED,PHASE1,Healthy,2025-01-31
Metoprolol,NCT02361619,Dabigatran in an Interaction Probe Drug Cocktail,COMPLETED,PHASE1,Healthy Volunteers,2015-01-30
Metoprolol,NCT03441412,A Study of the Effect of Epinephrine on Platelet Reactivity in Subjects Treated With Ticagrelor,COMPLETED,PHASE1,Healthy Volunteers,2018-02-05
Metoprolol,NCT04713254,Drug Drug Interaction Study With Lu AG06466 in Young Healthy Men,COMPLETED,PHASE1,Healthy,2021-01-14
Metoprolol,NCT02264002,"Pharmacodynamic Effects, Safety and Tolerability of Cilobradine, Compared to Metoprolol Succinate and Placebo in Healthy Volunteers",COMPLETED,PHASE1,Healthy,2014-10-13
Metoprolol,NCT05368831,Open-label Study to Evaluate the Effects of NST-1024 on the PK of Multiple Drugs in Healthy Subjects,COMPLETED,PHASE1,Healthy Volunteers,2022-04-29
Metoprolol,NCT00649688,Fasting Study of Metoprolol Tartrate/Hydrochlorothiazide Tablets 100/50 mg and Lopressor HCT® Tablets 100/50 mg,COMPLETED,PHASE1,Healthy,2008-03-30
Metoprolol,NCT02254148,"The Effect of BI 187004 on the Pharmacokinetics of Cytochrome P450 Substrates (Caffeine, Warfarin, Omeprazole, Metoprolol and Midazolam) and a P Glycoprotein Substrate (Digoxin)",COMPLETED,PHASE1,Healthy,2014-09-30
Metoprolol,NCT00649116,Fed Study of Metoprolol Tartrate Tablets 100 mg and Lopressor® 100 mg,COMPLETED,PHASE1,Healthy,2008-03-30
Metoprolol,NCT00648271,Fed Study of Metoprolol Tartrate Tablets 25 mg and Lopressor® 50 mg,COMPLETED,PHASE1,Healthy,2008-03-30
Metoprolol,NCT01902550,A Crossover Study to Evaluate the Effect of JNJ-54452840 on Pharmacodynamics of Metoprolol Tartrate Immediate-Release in Healthy Participants,WITHDRAWN,PHASE1,Healthy,2013-07-15
Albuterol,NCT03975166,A Bioequivalence Study Between Fluticasone Propionate 100 mcg and Salmeterol Xinafoate 50 mcg Inhalation Powder/Respirent Pharmaceuticals vs. ADVAIR DISKUS® 100/50 Inhalation Powder/GSK in Healthy Volunteers,COMPLETED,PHASE1,Bioequivalence,2019-06-03
Albuterol,NCT00649779,Fasting Study of Albuterol Sulfate Extended-Release Tablets 8 mg and VoSpire® ER Tablets 8 mg,COMPLETED,PHASE1,Healthy,2008-03-30
Albuterol,NCT03894280,A Bioequivalence Study Between Fluticasone Salmeterol Xinafoate vs. SERETIDE DISKUS® in Healthy Volunteers With Charcoal Blockade (BREATH-PK250-CC),COMPLETED,PHASE1,Bioequivalence,2019-03-26
Albuterol,NCT04803734,Bioequivalence Between Albuterol Sulfate Inhalation Aerosol 108 mcg Per Actuation and Proair HFA (Albuterol Sulfate) Inhalation Aerosol 90 mcg Per Actuation in Healthy Volunteers Under Fasting Conditions,COMPLETED,,Healthy,2021-03-11
Albuterol,NCT06514157,Phase I PK Study of Budesonide/Albuterol Delivered From PT027 in Healthy Chinese Participants.,COMPLETED,PHASE1,Healthy Volunteer,2024-05-29
Albuterol,NCT06027606,Cardiovascular Consequences of Inhaled Short-acting Beta-agonist Use,COMPLETED,PHASE1,Healthy,2023-08-09
Albuterol,NCT02173678,Safety and Tolerability of COMBIVENT® HFA as Compared to COMBIVENT® CFC and Placebo HFA in Healthy Male and Female Subjects,COMPLETED,PHASE1,Healthy,2014-06-24
Albuterol,NCT05749523,The Influence of Exercise and Hydration to the Pharmacological Response to Inhaled Terbutalin and Salbutamol in Men,WITHDRAWN,PHASE4,Healthy,2013-07-18
Albuterol,NCT04124094,A Bioequivalence Study Between Fluticasone and Salmeterol vs. SERETIDE DISKUS® in Healthy Volunteers With Charcoal Blockade,COMPLETED,PHASE1,Bioequivalence,2019-10-08
Albuterol,NCT03524066,Lung Pharmacokinetics (PK) in Epithelial Lining Fluid (ELF),COMPLETED,,Healthy,2018-04-25
Albuterol,NCT04488705,"A First in Human Study to Evaluate the Safety, Tolerability and Pharmacokinetics of Single and Multiple Ascending Doses of Inhaled ETD002 in Healthy Subjects",COMPLETED,PHASE1,Healthy,2020-07-23
Albuterol,NCT03751202,A Bioequivalence Study Between Fluticasone Salmeterol Xinafoate vs. ADVAIR DISKUS® in Healthy Volunteers,COMPLETED,PHASE1,Bioequivalence,2018-11-15
Albuterol,NCT00730197,Fasting Bioequivalence Study of Nisoldipine Extended-Release Tablets 40 mg,COMPLETED,PHASE1,Healthy,2008-08-06
Losartan,NCT01218711,"Bioequivalence Study of Losartan Potassium and Hydrochlorothiazide (100 mg / 25 mg Tablet) [Test Formulation, Torrent Pharmaceuticals Ltd., India] Versus Hyzaar® (100 mg / 25 mg Tablet) [Reference Formulation, Merck & Co., Inc., USA] in Healthy Human Volunteers Under Fasting Conditions.",COMPLETED,PHASE1,Healthy,2010-10-07
Losartan,NCT01570569,Development of Minidose Inje Cocktail Method for Simultaneous Evaluating Five Cytochrome P450 Isoforms in Human,COMPLETED,PHASE1,Healthy,2011-12-06
Losartan,NCT04322266,"A Study to Compare the Pharmacokinetics, Safety and Tolerability Between Fixed-Dose Combination and Co-Administration of HGP0904, HGP0608 and HCP1306 Tablets in Healthy Male Subjects.",COMPLETED,PHASE1,Healthy,2019-09-09
Losartan,NCT01124175,Losartan 100 mg Tablet in Healthy Subjects Under Non-Fasting Conditions,COMPLETED,PHASE1,Healthy,2010-05-13
Losartan,NCT02056743,Clinical Trials on Evaluate the Red Ginseng and Fermented-Red Ginseng Affect to Drug Metabolizing Enzyme and Transporter in Healthy Volunteers,COMPLETED,PHASE1,Healthy,2014-02-02
Losartan,NCT01149473,Losartan Potassium/Hydrochlorothiazide 100/25 mg Tablets in Healthy Subjects Under Non-Fasting Conditions,COMPLETED,PHASE1,Healthy,2010-06-21
Losartan,NCT04604756,The Effects of Losartan on Social Reward,UNKNOWN,,Healthy,2020-10-09
Losartan,NCT01197014,A Bioequivalence Study of Amlodipine Plus Losartan Versus Amlodipine and Losartan,COMPLETED,PHASE1,Healthy,2010-09-07
Losartan,NCT01197001,A Bioequivalence Study of Amlodipine Plus Losartan Versus Amlodipine and Losartan,COMPLETED,PHASE1,Healthy,2010-09-07
Losartan,NCT01218022,"Bioequivalence Study of Losartan Potassium (100 mg Tablet) [Test Formulation, Torrent Pharmaceuticals Ltd., India] Versus Cozaar® (100 mg Tablet) [Reference Formulation, Merck & Co. Inc., USA] in Healthy Human Volunteers Under Fasting Condition",COMPLETED,PHASE1,Healthy,2010-10-07
Losartan,NCT04606225,Losartan Effects on Emotion-memory Interaction,UNKNOWN,,Healthy,2020-10-09
Losartan,NCT01218724,"Bioequivalence Study of Losartan Potassium and Hydrochlorothiazide (100 mg / 25 mg Tablet) [Test Formulation, Torrent Pharmaceuticals Ltd., India] Versus Hyzaar® (100 mg / 25 mg Tablet) [Reference Formulation, Merck & Co., Inc., USA] in Healthy Human Volunteers Under Fed Conditions",COMPLETED,PHASE1,Healthy,2010-10-07
Losartan,NCT01149486,Losartan Potassium/Hydrochlorothiazide 100/25 mg Tablets in Healthy Subjects Under Fasting Conditions,COMPLETED,PHASE1,Healthy,2010-06-21
Losartan,NCT02166398,"A Randomized, Open-label, Single Dose, Two-way Crossover Clinical Trial to Compare the Safety, Pharmacokinetic Profiles of UI15AML055MT and Amosartan® Tablet 5/50 mg After a Single Oral Administration in Healthy Male Volunteers",COMPLETED,PHASE1,Healthy,2014-06-16
Losartan,NCT03459911,"A Bioequivalence Study of Losartan Potassium Tablets (Containing Losartan Potassium 100 mg) in Normal, Healthy, Adults Under Fasting Conditions",COMPLETED,PHASE1,Healthy,2018-02-27
Losartan,NCT01692717,Clinical Assessment Of Association Pharmacokinetics Atorvastatin + Losartana + Hydrochlorothiazide,COMPLETED,PHASE1,Healthy Subjects,2012-09-21
Losartan,NCT04604938,The Effects of Losartan on Reward Reinforcement Learning,UNKNOWN,,Healthy,2020-10-09
Losartan,NCT04606212,The Effects of Losartan on Emotion Processing,UNKNOWN,,Healthy,2020-10-09
Losartan,NCT03912285,The Pharmacokinetic Interaction Between Amlodipine and Losartan,COMPLETED,PHASE1,Healthy,2019-04-09
Losartan,NCT01124162,Losartan 100 mg Tablets in Healthy Subjects Under Fasting Conditions,COMPLETED,PHASE1,Healthy,2010-05-13
Losartan,NCT02212769,the Pharmacokinetic Profiles of Losartan With DW1029M,COMPLETED,PHASE1,Healthy,2014-08-05
Losartan,NCT01934569,Drug-Drug Interaction Study With PF-05089771,COMPLETED,PHASE1,Healthy,2013-08-29
Losartan,NCT04081844,"A Study to Evaluate the Pharmacokinetic and Pharmacodynamic Interactions Between HGP0904, HGP0608, and HCP1306 in Healthy Male Subjects.",COMPLETED,PHASE1,Healthy,2019-09-02
Losartan,NCT05090449,"Non-interaction Study of Chlorthalidone and Losartan in Fixed Combination, in Healthy Subjects, Under Fasting Conditions",COMPLETED,PHASE1,Healthy,2021-10-08
Losartan,NCT03396523,Losartan and Emotion Processing,UNKNOWN,,Healthy,2018-01-04
Gabapentin,NCT00865423,A Relative Bioavailability Study of Gabapentin Tablets 800 mg Under Fasting Conditions,COMPLETED,PHASE1,Healthy,2009-03-17
Gabapentin,NCT00864058,A Relative Bioavailability Study of Gabapentin 400 mg Capsules Under Fasting Conditions,COMPLETED,PHASE1,Healthy,2009-03-17
Gabapentin,NCT00094510,Effect of Gabapentin on GABA Concentration and Emotional Processing,COMPLETED,,Healthy,2004-10-19
Gabapentin,NCT04805827,"Comparative Randomized, Single Dose, Two-way Crossover Open-label Study to Determine the Bioequivalence of Gabapentin From Nerpentin 600 mg (Test ) F.C.T (Aman Pharma ,Egypt.) and Gabapentin From Neurontin 300 mg (Referance ) H.G.C. ( Pfizer Egypt)",COMPLETED,,Healthy,2021-03-13
Gabapentin,NCT00865631,A Limited Food Effect Study of Gabapentin 800 mg Tablets,COMPLETED,PHASE1,Healthy,2009-03-17
Gabapentin,NCT00187707,Influence of Intestinal Transporter Genetic Variants on the Bioavailability of Gabapentin,COMPLETED,,Healthy,2005-09-14
Gabapentin,NCT00864305,A Relative Bioavailability Study of Gabapentin 400 mg Capsules Under Non-fasting Conditions,COMPLETED,PHASE1,Healthy,2009-03-17
Gabapentin,NCT00778765,Bioequivalence Study of Gabapentin 400 mg Capsules Under Fed Conditions,COMPLETED,,Healthy,2008-10-22
Gabapentin,NCT00833391,Relative Bioavailability Study for GSK1838262 (Gabapentin Enacarbil),COMPLETED,PHASE1,Pharmacokinetics; Healthy Volunteer,2009-01-29
Gabapentin,NCT02632331,ASP8825 - A Study to Investigate the Food Effect on the Pharmacokinetics of ASP8825,COMPLETED,PHASE1,Healthy Volunteers,2015-12-14
Gabapentin,NCT05626998,Dexmedetomidine Versus Gabapentin Premedication on the Emergence Agitation After Rhinoplasty,COMPLETED,PHASE4,Anesthesia,2022-11-08
Gabapentin,NCT01119222,"Study To Assess The Effect Of Gabapentin, Diphenhydramine And Morphine On Cold Pain In Healthy Male Volunteers",COMPLETED,PHASE1,Healthy,2010-05-05
Gabapentin,NCT00778232,Bioequivalence Study of Gabapentin 800 mg Tablets Under Fed Conditions,COMPLETED,,Healthy,2008-10-22
Omeprazole,NCT04368585,Study to Examine the Effect of Antacid and Omeprazole on the Single-Dose Pharmacokinetics of Tebipenem Pivoxil Hydrobromide (TBPM-PI-HBr) in Healthy Adult Subjects,COMPLETED,PHASE1,Healthy Volunteers,2020-04-09
Omeprazole,NCT04679948,"A Study in Healthy People to Test Whether BI 730357 Influences the Amount of Caffeine, Warfarin, Omeprazole, and Midazolam in the Blood",COMPLETED,PHASE1,Healthy,2020-12-17
Omeprazole,NCT07018635,"A Study to Assess the Effect of Itraconazole, Rifampin, and Acid-Reducing Agents on INCB161734 Pharmacokinetics When Administered Orally in Healthy Participants",RECRUITING,PHASE1,Healthy Participants,2025-06-04
Omeprazole,NCT00526006,PPI-Rebound-Trial. A Study of the Clinical Relevance of the Acid Rebound Phenomena,UNKNOWN,PHASE4,Healthy,2007-09-05
Omeprazole,NCT00230516,Study of 24-hour Intragastric pH Profiles of Esomeprazole 40 mg and Lansoprazole 30 mg in Healthy Volunteer Subjects,COMPLETED,PHASE4,Healthy,2005-09-28
Omeprazole,NCT04468815,"A Study to Assess the Levels in Blood Plasma of BMS-986278 in Healthy Participants Following Administration of Tablets, With or Without Food, and in the Presence of an Antacid (Esomeprazole)",COMPLETED,PHASE1,Healthy Participants,2020-07-09
Omeprazole,NCT01129414,Interaction Study of Clopidogrel 600/150 mg Given Alone or Concomitantly With Omeprazole 80 mg in Healthy Subjects,COMPLETED,PHASE1,Healthy,2010-05-21
Omeprazole,NCT02783040,"Interaction of BI 425809 With Midazolam, Warfarin, Omeprazole and Digoxin",COMPLETED,PHASE1,Healthy,2016-03-23
Omeprazole,NCT01570569,Development of Minidose Inje Cocktail Method for Simultaneous Evaluating Five Cytochrome P450 Isoforms in Human,COMPLETED,PHASE1,Healthy,2011-12-06
Omeprazole,NCT07014930,Identification of New Tools for Predicting Natural Metabolic Performance of the Liver,RECRUITING,PHASE1,Healthy Volunteers,2025-05-19
Omeprazole,NCT06193811,A Study in Healthy People to Compare Two Different Tablets of BI 685509 and to Test How Food and Esomeprazole Influence the Amount of BI 685509 in the Blood,COMPLETED,PHASE1,Healthy,2023-12-21
Omeprazole,NCT03105375,"Safety, Tolerability, Pharmacokinetics and Pharmacodynamics of X842 in Human: A Single/Multiple Ascending Dose Study",COMPLETED,EARLY_PHASE1,Healthy Volunteers,2017-03-01
Omeprazole,NCT06561542,A Phase I Study of LX22001 for Injection in Healthy Subjects,RECRUITING,PHASE1,Healthy,2024-08-06
Omeprazole,NCT00441519,A Parallel Group Study to Compare the Gastroprotective Effects of PA 325 Versus 81 mg Enteric Coated Aspirin,COMPLETED,PHASE1,Healthy,2007-02-27
Omeprazole,NCT01731067,Cocktail Approach for Cytochrome P450 and P-glycoprotein Activity Assessment Using Dried Blood Spot,COMPLETED,PHASE1,Healthy Volunteers,2012-11-14
Omeprazole,NCT02789527,Human Genomic Population Structure and Phenotype-genotype Variation in ADME Genes in Four Populations,COMPLETED,,Healthy,2016-05-11
Omeprazole,NCT02659683,Bioequivalence Study of Torrent Pharmaceuticals Ltd.'s Esomeprazole Magnesium DR Capsules Under Fasting Conditions,COMPLETED,PHASE1,Healthy Subjects,2015-11-09
Omeprazole,NCT02790840,A Multiple-Dose Pharmacokinetics Study of Three Gefapixant (AF-219/MK-7264) Formulations,COMPLETED,PHASE1,Healthy,2016-05-27
Omeprazole,NCT00350155,Video Capsule Endoscopy to Investigate the Safety and Tolerability of Lumiracoxib in the Small Bowel,COMPLETED,PHASE4,Healthy Volunteers,2006-07-05
Omeprazole,NCT02056743,Clinical Trials on Evaluate the Red Ginseng and Fermented-Red Ginseng Affect to Drug Metabolizing Enzyme and Transporter in Healthy Volunteers,COMPLETED,PHASE1,Healthy,2014-02-02
Omeprazole,NCT03457597,Study in Healthy Subjects to Determine the Effect of Relacorilant on Exposure to Probe Substrates for Cytochrome P450s,COMPLETED,PHASE1,Healthy,2018-03-01
Omeprazole,NCT02680119,BE of Torrent's Esomeprazole Mg DR Capsules,COMPLETED,PHASE1,Healthy,2016-02-02
Omeprazole,NCT01199328,Study to Evaluate the Interaction Between Aspirin and Nexium,COMPLETED,PHASE1,Healthy Volunteers,2010-09-09
Omeprazole,NCT01170169,Omeprazole Delayed Release (DR) Capsules Bioequivalence Study of Dr. Reddys Under Fasting Conditions,COMPLETED,PHASE1,Healthy,2010-05-31
Omeprazole,NCT00442052,To Compare the Gastroprotective Effects and Pharmacokinetic Profile of PA Versus Enteric-Coated Aspirin,COMPLETED,PHASE1,Healthy,2007-02-27
Omeprazole,NCT01153659,"A Study to Evaluate the Effect on 24-hour, Intragastric pH of RAB ER 50-mg Capsules Compared With Esomeprazole (Nexium) 40 mg Capsules and Rabeprazole (Aciphex) 20-mg Tablets",COMPLETED,PHASE1,Healthy,2010-06-28
Omeprazole,NCT05319899,A Study of ALXN1840 (Non-coated) Administered With And Without Omeprazole In Healthy Adults,COMPLETED,PHASE1,Healthy,2022-04-01
Omeprazole,NCT06233149,Esomeprazole Magnesium Dihydrate 40 mg Tablets Relative to Nexium 40 mg Tablets Under Fed Condition,NOT_YET_RECRUITING,PHASE1,Healthy Subjects,2023-12-15
Omeprazole,NCT07149415,A Study to Learn if Taking BIIB141 (Omaveloxolone) Affects How Omeprazole is Processed in the Body and About BIIB141's Safety in Healthy Adults Aged 18 to 55,COMPLETED,PHASE1,Healthy Volunteer,2025-08-28
Omeprazole,NCT05586568,Drug-drug Interaction Study of XZP-3621 Tablet,UNKNOWN,PHASE1,Healthy Subjects,2022-10-16
Omeprazole,NCT01415349,SSP-002358 Drug Interaction Study With Omeprazole,COMPLETED,PHASE1,Healthy,2011-08-10
Omeprazole,NCT01925144,A Study of Baricitinib and Omeprazole in Healthy Participants,COMPLETED,PHASE1,Healthy Volunteers,2013-08-15
Omeprazole,NCT02023125,A Study Investigating the Effect of Food and Esomeprazole on the Single Oral Dose Pharmacokinetics of Alectinib (RO5424802) in Healthy Volunteers.,COMPLETED,PHASE1,Healthy Volunteer,2013-12-23
Omeprazole,NCT06233097,Esomeprazole Magnesium Dihydrate 40 mg Tablets Relative to Nexium 40 mg Tablets Under Fasting Condition,NOT_YET_RECRUITING,PHASE1,Healthy Subjects,2023-12-15
Omeprazole,NCT03058419,"A Study to Evaluate the Effect of Oral Doses of JNJ-54175446 on the Inhibition of Cytochrome P450 CYP3A4, CYP2C9, CYP1A2 and CYP2D6 Activity and the Induction of CYP2B6 and CYP2C19 Activity Using a Multiple Probe Substrate Cocktail in Healthy Subjects",COMPLETED,PHASE1,Healthy,2017-02-16
Omeprazole,NCT00474019,Phase 1 Pharmacokinetics of Intravenous Nexium in Children,COMPLETED,PHASE1,Pharmacokinetics,2007-05-14
Omeprazole,NCT05438303,"Study to Assess the Effect of Co-Administration of AZD9833 on the Pharmacokinetics of Midazolam, of Omeprazole, of Celecoxib and of Dabigatran Etexilate in Healthy Postmenopausal Female Volunteers",COMPLETED,PHASE1,Healthy Volunteers,2022-05-19
Omeprazole,NCT02473627,"A PHASE 1, OPEN-LABEL, CROSS-OVER, FIXED SEQUENCE STUDY TO EVALUATE THE EFFECT OF MULTIPLE DOSES OF DS-1971A ON THE SINGLE DOSE PHARMACOKINETICS OF PROBE SUBSTRATES FOR CYP2B6, CYP2C8, CYP2C9, CYP2C19 AND CYP3A4 ENZYMES IN HEALTHY MALE AND FEMALE SUBJECTS",COMPLETED,PHASE1,Healthy,2015-06-12
Omeprazole,NCT01129388,Interaction Study of Clopidogrel 300/75 mg Given Alone or With Omeprazole 80 mg 12 Hours Apart in Healthy Subjects,COMPLETED,PHASE1,Healthy,2010-05-21
Omeprazole,NCT05467475,A Study in Healthy Men to Test How Esomeprazole Influences the Amount of BI 1819479 in the Blood,COMPLETED,PHASE1,Healthy,2022-07-18
Omeprazole,NCT03866434,Study to Evaluate the Effect of Omeprazole on the Pharmacokinetics of SPD422 (Anagrelide Hydrochloride) in Healthy Adult Participants,COMPLETED,PHASE1,Healthy Volunteers,2019-03-06
Omeprazole,NCT02524210,Effect of Inhibitors of the Proton Pump on Intestinal Transporters,COMPLETED,PHASE1,Healthy,2015-08-13
Omeprazole,NCT02361619,Dabigatran in an Interaction Probe Drug Cocktail,COMPLETED,PHASE1,Healthy Volunteers,2015-01-30
Omeprazole,NCT01045434,Bioequivalence Study of Omeprazole Magnesium 20 mg DR Capsule Under Fed Conditions,COMPLETED,PHASE1,Healthy,2010-01-08
Omeprazole,NCT02249936,A Phase 1 Study to Examine the Pharmacodynamics of Different AZD1722 Formulations,COMPLETED,PHASE1,Healthy,2014-09-24
Omeprazole,NCT00251030,A Study To Estimate The Effect Of Omeprazole On The Pharmacokinetics Of Nelfinavir In Healthy Subjects,COMPLETED,PHASE4,Healthy Volunteers,2005-11-08
Omeprazole,NCT00903448,Comparison of Prilosec Over-the-counter (OTC)® Versus Prevacid® for Gastric Acid Suppression,COMPLETED,PHASE4,Healthy,2009-05-14
Omeprazole,NCT04840888,A Study of LY3484356 in Healthy Female Participants,COMPLETED,PHASE1,Healthy,2021-04-09
Omeprazole,NCT06494761,"A Study in Healthy Men to Test Whether Zongertinib Affects How 3 Other Medicines (Midazolam, Omeprazole, and Repaglinide) Are Taken up and Processed by the Body",COMPLETED,PHASE1,Healthy,2024-07-03
Sertraline,NCT00779350,Bioequivalence Study of Sertraline Hydrochloride 100mg Tablets Under Fasting Conditions,COMPLETED,,Healthy,2008-10-23
Sertraline,NCT00864019,A Relative Bioavailability Study of Sertraline HCl 100 mg Tablets Under Non-fasting Conditions,COMPLETED,PHASE1,Healthy,2009-03-17
Sertraline,NCT00969852,Pharmacokinetics and Pharmacodynamics of Sertraline After Low Dose Administration,COMPLETED,PHASE4,Healthy,2009-08-29
Sertraline,NCT00864344,A Relative Bioavailability Study of Sertraline HCl 100 mg Tablets Under Fasting Conditions,COMPLETED,PHASE1,Healthy,2009-03-17
Sertraline,NCT01267396,Bioequivalence Study of Sertraline Hydrochloride Tablets 100 mg Under Fasting Conditions,COMPLETED,PHASE1,Healthy,2010-12-27
Sertraline,NCT00648856,Food Study of Sertraline Hydrochloride Tablets 100 mg and Zoloft® Tablets 100 mg,COMPLETED,PHASE1,Healthy,2008-03-30
Sertraline,NCT01235195,A Study Comparing the Drug Exposure in Humans After Administration of a 50 mg Tablet of Sertraline Hydrochloride as Compared to a 50 mg Capsule of Sertraline Hydrochloride Under Fasted (Nonfed) Conditions,COMPLETED,PHASE1,Healthy,2010-11-03
Sertraline,NCT00778973,Bioequivalence Study of Sertraline Hydrochloride 100mg Tablets Under Fed Conditions,COMPLETED,,Healthy,2008-10-23
Sertraline,NCT02088697,A Bioequivalence Study of ASC-01 Placebo (Aripiprazole 0 mg/Sertraline 100 mg) and Sertraline Tablet in Healthy Male Subjects,COMPLETED,PHASE1,Healthy Volunteers,2014-03-12
Sertraline,NCT00944242,Bioequivalence Study of Sertraline 100 mg Tablet and ZOLOFT Following a 100 mg Dose in Healthy Subjects Under Fasting Conditions,COMPLETED,PHASE1,Healthy,2009-07-21
Sertraline,NCT01267383,Bioequivalence Study of Sertraline Hydrochloride Tablets 100 mg in Fed Conditions,COMPLETED,PHASE1,Healthy,2010-12-27
Sertraline,NCT01699724,Bioequivalence Of Zoloft ODT To Jzoloft In Healthy Japanese Subjects,COMPLETED,PHASE1,Healthy,2012-09-18
Sertraline,NCT02651623,Study to Evaluate The Effect Of Sertraline on the Cardiac Repolarization in Healthy Subjects,COMPLETED,PHASE1,Healthy,2015-11-20
Rosuvastatin,NCT04515628,Study to Assess the Effect of Branebrutinib on the Drug Levels of Rosuvastatin in Healthy Participants,COMPLETED,PHASE1,Healthy Participants,2020-08-14
Rosuvastatin,NCT02089399,"Pharmacokinetics and Drug Interaction Study Between Amlodipine,Olmesartan and Rosuvastatin in Healthy Adult Volunteers",COMPLETED,PHASE1,Healthy,2014-03-14
Rosuvastatin,NCT05176314,A Drug Drug Interaction (DDI) Study of Pirtobrutinib (LY3527727) and Rosuvastatin in Healthy Participants,COMPLETED,PHASE1,Healthy,2022-01-03
Rosuvastatin,NCT02730689,A Study to Compare the Pharmacokinetics of DP-R207 in Comparison to Each Component Administered Alone,COMPLETED,PHASE1,Healthy Volunteers,2016-03-16
Rosuvastatin,NCT02542969,Drug Interaction Study of MGL-3196 With Rosuvastatin and Simvastatin,COMPLETED,PHASE1,Healthy,2015-09-04
Rosuvastatin,NCT05480475,"A Study to Examine the Effect of Daridorexant on the Way the Body Absorbs, Distributes, and Gets Rid of Dabigatran and Rosuvastatin in Healthy Male Subjects",COMPLETED,PHASE1,Healthy,2022-07-27
Rosuvastatin,NCT06335134,"A Drug-Drug Interaction Study Between XW003 and Metformin, Warfarin, Rosuvastatin or Digoxin",COMPLETED,PHASE1,Healthy Volunteers,2023-07-29
Rosuvastatin,NCT05373277,KF2019#1-trial: Effects of a Thrombocyte Inhibitor on a Cholesterol-lowering Drug,UNKNOWN,PHASE1,Pharmacokinetics,2022-05-10
Rosuvastatin,NCT04257032,A Study in Healthy Men to Test the Influence of BI 1323495 on the Amount of the Medicines Rosuvastatin and Dabigatran in the Blood,COMPLETED,PHASE1,Healthy,2020-02-04
Rosuvastatin,NCT07158398,Evaluate the Effect of Vimseltinib on the Pharmacokinetics of a BCRP and OATP1B1 Substrate,RECRUITING,PHASE1,Healthy Participants,2025-08-28
Rosuvastatin,NCT01415466,Pharmacokinetics and Drug Interaction Study Between Rosuvastatin and CS-866 in Healthy Male Volunteers,COMPLETED,PHASE1,Healthy,2011-08-09
Rosuvastatin,NCT04749914,A Study of Lasmiditan in Healthy Volunteers,COMPLETED,PHASE1,Healthy,2021-02-08
Rosuvastatin,NCT06594159,A Study of LY4065967 in Healthy Japanese Participants,COMPLETED,PHASE1,Healthy,2024-09-10
Rosuvastatin,NCT07222098,A Clinical Study of MK-1084 With Rosuvastatin and Metformin in Healthy People (MK-1084-016),NOT_YET_RECRUITING,PHASE1,Healthy,2025-10-27
Rosuvastatin,NCT01469416,Drug Interaction Study of Clopidogrel and Rosuvastatin,COMPLETED,PHASE1,Healthy,2011-10-28
Rosuvastatin,NCT04322266,"A Study to Compare the Pharmacokinetics, Safety and Tolerability Between Fixed-Dose Combination and Co-Administration of HGP0904, HGP0608 and HCP1306 Tablets in Healthy Male Subjects.",COMPLETED,PHASE1,Healthy,2019-09-09
Rosuvastatin,NCT06491550,"A Study to Assess the Safety, Tolerability, Pharmacokinetics, and Pharmacodynamics of AZD4144 as Well as the Impact of AZD4144 on the Pharmacokinetics of Rosuvastatin and Furosemide in Healthy Participants",COMPLETED,PHASE1,Healthy Participants,2024-07-01
Rosuvastatin,NCT06191991,A Phase 1 Study to Evaluate the Drug-Drug Interaction Potential Between ALG-055009 and Statin Therapy(Ies),COMPLETED,PHASE1,Healthy Volunteers,2023-11-03
Rosuvastatin,NCT02962323,Bioequivalence Study of Torrent Pharmaceuticals Ltd.'s Rosuvastatin Calcium Tablets Under Fed Conditions,COMPLETED,PHASE1,Healthy Subjects,2016-11-09
Rosuvastatin,NCT04542382,Identification and Validation of Biomarkers for Breast Cancer Resistance Protein (BCRP),COMPLETED,PHASE1,Healthy Volunteers,2020-08-25
Rosuvastatin,NCT05045638,Effect of Coadministration of Sotorasib on the Pharmacokinetics of Rosuvastatin in Healthy Participants,COMPLETED,PHASE1,Healthy Participants,2021-09-07
Rosuvastatin,NCT01823133,Study for Investigate the Pharmacokinetic Drug Interactions Between Gemigliptin and Rosuvastatin,COMPLETED,PHASE1,Healthy,2013-03-28
Rosuvastatin,NCT04099732,A Study in Healthy Men to Test the Influence of BI 1358894 on the Amount of the Medicines Rosuvastatin and Dabigatran in the Blood,COMPLETED,PHASE1,Healthy,2019-09-20
Rosuvastatin,NCT03307252,This Study Tests the Effect of Certain Medicines on the Transport of Other Medicines in the Body of Healthy Men,COMPLETED,PHASE1,Healthy,2017-10-06
Rosuvastatin,NCT03174041,"A Drug-Drug Interaction Study Between GDC-0853 and Midazolam, Itraconazole, Rosuvastatin, and Simvastatin",COMPLETED,PHASE1,Healthy Participants,2017-05-04
Rosuvastatin,NCT06779253,"A Study to Investigate The Effect of Pimicotinib on The Pharmacokinetics of Metformin, Fexofenadine and Rosuvastatin In Healthy Subjects",COMPLETED,PHASE1,Healthy Subjects,2025-01-09
Rosuvastatin,NCT02574845,DDI (Effect of Metformin and Furosemide on Rosuvastatin PK),COMPLETED,PHASE1,Healthy,2015-10-12
Rosuvastatin,NCT01548157,Clinical Trial to Evaluate the Effect on the Pharmacokinetic Characteristics of HCP1007 Capsule,COMPLETED,PHASE1,Healthy,2012-02-27
Rosuvastatin,NCT01992601,"A Randomized, Open-label, Multiple-dose, Crossover Study to Investigate the Pharmacokinetic Drug Interaction Between Rosuvastatin and Telmisartan in Healthy Volunteer",COMPLETED,PHASE1,Healthy Volunteer,2013-09-30
Rosuvastatin,NCT04231435,"Influence of Fedratinib on the Pharmacokinetics of the Transporter Probe Substrates Digoxin, Rosuvastatin, and Metformin",COMPLETED,PHASE1,Healthy Volunteers,2020-01-14
Rosuvastatin,NCT05389722,"A Study to Assess the Drug Levels of CC-92480 After Coadministration With Rifampin and Itraconazole, and the Drug Levels of Digoxin and Rosuvastatin After Coadministration With CC-92480 in Healthy Participants",COMPLETED,PHASE1,Healthy Volunteers,2022-05-20
Rosuvastatin,NCT05652660,A Study to Understand the Effect of a Study Medicine Called ARV-471 on Rosuvastatin in Healthy Adults,COMPLETED,PHASE1,Healthy,2022-12-07
Rosuvastatin,NCT07182383,"Evaluating Bioequivalence of a Fixed Dose Combination Versus Individual Tablets of Bempedoic Acid, Ezetimibe, and Rosuvastatin",RECRUITING,PHASE1,Healthy Subjects,2025-09-11
Rosuvastatin,NCT02767310,Study to Determine the Bioequivalence of Two Products Containing Rosuvastatin (20 mg/Tablet),COMPLETED,PHASE1,Healthy,2016-05-09
Rosuvastatin,NCT01831479,Investigation of Pharmacokinetic Interaction Between Rosuvastatin and Olmesartan in Healthy Male Volunteers,COMPLETED,PHASE1,Healthy,2013-03-24
Rosuvastatin,NCT01925300,Pharmacokinetic Interactions of Bisoprolol and Rosuvastatin,WITHDRAWN,PHASE1,Healthy,2013-08-15
Rosuvastatin,NCT02611518,A Pharmacokinetic Interaction Study Between JNJ-54861911 and Transporter Substrates Rosuvastatin and Metformin in Healthy Participants,COMPLETED,PHASE1,Healthy,2015-11-19
Rosuvastatin,NCT04253353,A Drug-Drug Interaction Study To Estimate The Effect Of Tafamidis On Rosuvastatin Pharmacokinetics,COMPLETED,PHASE1,Healthy Volunteers,2020-01-31
Rosuvastatin,NCT03806101,Study of PF-04965842 Effect on Rosuvastatin Pharmacokinetics in Healthy Participants,COMPLETED,PHASE1,Healthy,2019-01-14
Rosuvastatin,NCT04211272,A 2-part Study to Investigate the Effect of Macitentan in Healthy Male Participants,COMPLETED,PHASE1,Healthy,2019-12-23
Rosuvastatin,NCT02709187,DP-R208 Pharmacokinetic Study,COMPLETED,PHASE1,Healthy,2016-02-17
Rosuvastatin,NCT06160414,A Study to Investigate the Potential Drug Interactions Between ALXN2080 and Rosuvastatin and Metformin in Healthy Adult Participants,COMPLETED,PHASE1,Healthy,2023-11-29
Rosuvastatin,NCT00874757,Effect of Rosuvastatin Response in Healthy Subjects: Potential Mechanisms of Anti-inflammatory Effects,COMPLETED,,Healthy,2009-04-01
Rosuvastatin,NCT01964365,Pharmacokinetics and Drug Interaction Study Between Rosuvastatin and Fenofibric Acid in Healthy Male Volunteers,COMPLETED,PHASE1,Healthy,2013-10-15
Rosuvastatin,NCT01929070,A Pilot Study to Evaluate the Pharmacokinetics of Omega-3 Between Rosuvastatin and Omega-3 Coadministration and HCP1007,COMPLETED,PHASE1,Healthy,2013-03-14
Rosuvastatin,NCT02060019,Pharmacokinetic Interactions and Safety Between Exforge Tab. and Crestor Tab. in Healthy Male Subjects,COMPLETED,PHASE1,Healthy,2014-02-06
Pantoprazole,NCT02170766,Bioavailability of BIBR 953 ZW in Healthy Subjects,COMPLETED,PHASE1,Healthy,2014-06-20
Pantoprazole,NCT02264119,Influence of Pantoprazole on the Pharmacokinetics of Fradafiban After Multiple Oral Doses of Lefradafiban in Healthy Subjects,COMPLETED,PHASE1,Healthy,2014-10-13
Pantoprazole,NCT01418417,Bioequivalence Study of Torrent Pharmaceutical Limited's Pantoprazole Sodium 40 mg Delayed Release Tablets Under Fasting Conditions,COMPLETED,PHASE1,Healthy,2011-08-10
Pantoprazole,NCT00600041,Placebo-Controlled Crossover Study for the Investigation of the Effect of Pantoprazole on Cardiac Contractility,COMPLETED,PHASE1,Healthy,2008-01-11
Pantoprazole,NCT02170740,"Assessment of Safety, Pharmacokinetics and the Effect of BIBR 1048 MS on Coagulation Parameters in Healthy Volunteer Subjects",COMPLETED,PHASE1,Healthy,2014-06-20
Pantoprazole,NCT00835588,Pantoprazole Sodium 40 mg DR Tablets Under Fasting Conditions,COMPLETED,PHASE1,Healthy,2009-02-02
Pantoprazole,NCT01179659,Bioequivalence Study of Pantoprazole 40 mg DR Tablets and Protonix 40 mg Tablets Under Fed Conditions,COMPLETED,PHASE1,Healthy,2010-08-10
Pantoprazole,NCT02170805,Bioavailability of BIBR 1048 MS Single Doses With or Without Pantoprazole in Healthy Subjects,COMPLETED,PHASE1,Healthy,2014-06-20
Pantoprazole,NCT01179646,Bioequivalence Study of Pantoprazole 40 mg DR Tablets and Protonix 40 mg Tablets,COMPLETED,PHASE1,Healthy,2010-08-10
Pantoprazole,NCT02170623,Bioavailability of BIBR 953 ZW After Administration of BIBR 1048 MS in Healthy Subjects,COMPLETED,PHASE1,Healthy,2014-06-20
Pantoprazole,NCT00668902,Rapid Screening Phenotype Test To Evaluate CYP 2C19 Enzyme Activity Using Stable Isotope [13C]Pantoprazole,COMPLETED,,Healthy,2008-01-17
Pantoprazole,NCT01654705,Bioequivalence Study of Pantoprazole Sodium 40 mg Delayed Release Tablets Fasting Study,COMPLETED,,Healthy,2012-06-21
Pantoprazole,NCT00383916,Study Comparing 2 Different Formulations of Pantoprazole in Healthy Adults.,COMPLETED,PHASE1,Healthy Subjects,2006-10-02
Pantoprazole,NCT04935112,A Study to Explore the Effect of Acid-reducing Agents,COMPLETED,PHASE1,Healthy Adults,2021-06-10
Pantoprazole,NCT01654718,Bioequivalence Study of Pantoprazole Sodium 40 mg Delayed Release Tablets Fed Study,COMPLETED,,Healthy,2012-06-21
Pantoprazole,NCT02170610,Bioavailability of BIBR 1048 MS With and Without Pantoprazole Under Influence of Food in Healthy Subjects,COMPLETED,PHASE1,Healthy,2014-06-20
Pantoprazole,NCT02173730,BIBR 953 ZW in Healthy Elderly Subjects,COMPLETED,PHASE1,Healthy,2014-06-20
Pantoprazole,NCT02170896,Bioavailability of BIBR 963 ZW After 50 mg of BIBR 1048 MS With and Without of Pantoprazole in Healthy Subjects,COMPLETED,PHASE1,Healthy,2014-06-20
Pantoprazole,NCT05255276,PK Study to Assess Drug-drug Interaction Between Sitravatinib and a P-gp Inducer and an Inhibitor.,COMPLETED,PHASE1,Healthy Adults,2022-02-10
Pantoprazole,NCT00915239,Symptom Evaluation After Cessation of a Proton Pump Inhibitor in Healthy Volunteers,COMPLETED,,Healthy,2009-06-04
Pantoprazole,NCT02209831,Bioavailability of Oral BIRB 796 BS Tablets With and Without Administration of Oral Pantoprazole in Healthy Male Volunteers,COMPLETED,PHASE1,Healthy,2014-08-05
Pantoprazole,NCT01129427,Interaction Study of Clopidogrel 300/75 mg Given Alone or Concomitantly With Pantoprazole 80 mg in Healthy Subjects,COMPLETED,PHASE1,Healthy,2010-05-21
Pantoprazole,NCT01418443,Bioequivalence Study of Torrent Pharmaceutical Limited's Pantoprazole Sodium 40 mg Delayed Release Tablets Under Fed Conditions,COMPLETED,PHASE1,Healthy,2011-08-10
Pantoprazole,NCT00206050,Study of Intragastric pH Profile After 5 Days Pantoprazole 40 mg iv Followed by Oral Esomeprazole 40 mg po or Oral Pantoprazole 40 mg po,COMPLETED,PHASE4,Healthy,2005-09-12
Pantoprazole,NCT02170636,Bioavailability of BIBR 953 ZW After Oral Administration of BIBR 1048 MS in Healthy Subjects,COMPLETED,PHASE1,Healthy,2014-06-20
Pantoprazole,NCT01703858,"Study to Investigate the Relative Bioavailability, Influence of Pantoprazole Coadministration and Food Effect of Different Oral Formulation of BI 113608",COMPLETED,PHASE1,Healthy,2012-10-08
Pantoprazole,NCT01857609,Clinical Trial to Investigate the Effect of Proton Pump Inhibitor on the Pharmacokinetics and Pharmacodynamics of Metformin,COMPLETED,PHASE1,Healthy,2013-05-10
Pantoprazole,NCT02264106,Influence of Pantoprazole on the Pharmacokinetics of Fradafiban After Multiple Oral Doses of Lefradafiban Over 5 Days in Healthy Subjects,COMPLETED,PHASE1,Healthy,2014-10-13
Pantoprazole,NCT00835393,Pantoprazole Sodium 40 mg DR Tablets Under Non-Fasting Conditions,COMPLETED,PHASE1,Healthy,2009-02-02
Escitalopram,NCT03907215,A Clinical Study to Examine the Drug-drug Interactions Between ACT-541468 and Citalopram in Healthy Male and Female Subjects,COMPLETED,PHASE1,Healthy,2019-03-21
Escitalopram,NCT01951053,"A Study to Evaluate Safety, Tolerability, Pharmacodynamics, and Pharmacokinetics of JNJ-404118413 in Healthy Male Patients",COMPLETED,PHASE1,Healthy,2013-08-27
Escitalopram,NCT01149967,Bioequivalence Study of Citalopram Hydrobromide Tablets 40 mg of Dr.Reddy's Laboratories Limited Under Fasting Conditions,COMPLETED,PHASE1,Healthy,2010-06-21
Escitalopram,NCT00386841,Outcome Following Antidepressant Treatment on Possible Endo-Phenotypes for Major Depression,COMPLETED,PHASE4,Healthy,2006-10-11
Escitalopram,NCT02122939,A Clinical Trial to Investigate the Pharmacokinetics and the Effect on ECG of Escitalopram in Elderly Volunteers,COMPLETED,PHASE1,Healthy,2014-04-23
Escitalopram,NCT00648661,Food Study of Escitalopram Oxalate Tablets 20 mg to Lexapro® Tablets 20 mg,COMPLETED,PHASE1,Healthy,2008-03-30
Escitalopram,NCT00940238,"Study Comparing Citalopram Hydrobromide Tablets 40 mg (Torrent Pharmaceuticals Ltd) and RLD Tablets 40 mg (Manufactured By Forest Pharmaceuticals Inc, Missouri) in 24+2 Normal Healthy Male Subjects Under Fasting Condition",COMPLETED,PHASE1,Healthy,2009-07-13
Escitalopram,NCT01638689,A PET Study to Determine Alterations in Serotonin Levels in Human Brain After a Single Dose of Escitalopram,COMPLETED,PHASE1,Healthy,2012-07-03
Escitalopram,NCT01871701,Clinical Trial to Investigate the Effect on Corrected QT Interval Prolongation by Psychotropic Drugs,COMPLETED,PHASE1,Healthy,2012-12-05
Escitalopram,NCT00939835,"Study Comparing Citalopram Hydrobromide Tablets 40 mg (Torrent Pharmaceuticals Ltd) and RLD Tablets 40 mg (Manufactured By Forest Pharmaceuticals Inc, Missouri) in 24+2 Normal Healthy Male Subjects in Fed Condition",COMPLETED,PHASE1,Healthy,2009-07-13
Escitalopram,NCT00550485,Pharmacokinetic and Pharmacodynamic Effects of Escitalopram Depending on Genetic Polymorphisms of the ABCB1-gene,COMPLETED,,Pharmacokinetics,2007-10-29
Escitalopram,NCT01395433,Bioequivalence Study Comparing Two Formulations of Escitalopram,COMPLETED,PHASE1,Healthy,2011-07-13
Escitalopram,NCT00865085,A Relative Bioavailability Study of Citalopram 40 mg Tablets Under Fasting Conditions,COMPLETED,PHASE1,Healthy,2009-03-17
Hydrochlorothiazide,NCT00649441,Fasting Study of Quinapril HCl and Hydrochlorothiazide Tablets 20 mg/25 mg to Accuretic™ Tablets 20 mg/25 mg,COMPLETED,PHASE1,Healthy,2008-03-30
Hydrochlorothiazide,NCT01218711,"Bioequivalence Study of Losartan Potassium and Hydrochlorothiazide (100 mg / 25 mg Tablet) [Test Formulation, Torrent Pharmaceuticals Ltd., India] Versus Hyzaar® (100 mg / 25 mg Tablet) [Reference Formulation, Merck & Co., Inc., USA] in Healthy Human Volunteers Under Fasting Conditions.",COMPLETED,PHASE1,Healthy,2010-10-07
Hydrochlorothiazide,NCT01294631,"A Pharmacodynamics, Pharmacokinetics, and Safety Study of Hydrochlorothiazide and Canagliflozin in Healthy Volunteers",COMPLETED,PHASE1,Healthy,2011-02-10
Hydrochlorothiazide,NCT01149473,Losartan Potassium/Hydrochlorothiazide 100/25 mg Tablets in Healthy Subjects Under Non-Fasting Conditions,COMPLETED,PHASE1,Healthy,2010-06-21
Hydrochlorothiazide,NCT00872781,Bioequivalence Study of Quinapril Hydrochloride 20 mg and Hydrochlorothiazide 25 mg Tablets Under Fasting Conditions,COMPLETED,,Healthy,2009-03-30
Hydrochlorothiazide,NCT00776646,Bioequivalence Study of Hydrochlorothiazide 50mg Tablets Under Fasting Conditions,COMPLETED,,Healthy,2008-10-20
Hydrochlorothiazide,NCT01020214,Fasting Study of Olmesartan Medoxomil and Hydrochlorothiazide Tablets 40 mg/25 mg and Benicar HCT® Tablets 40 mg/25 mg,COMPLETED,PHASE1,Healthy,2009-11-11
Hydrochlorothiazide,NCT00649233,Food Study of Metoprolol Tartrate/Hydrochlorothiazide Tablets 100/50 mg to Lopressor HCT® Tablets 100/50 mg,COMPLETED,PHASE1,Healthy,2008-03-30
Hydrochlorothiazide,NCT02276378,Influence of Food on the Bioavailability of Two Doses of Telmisartan/HCTZ Fixed-dose Combination in Japanese Healthy Male Volunteers,COMPLETED,PHASE1,Healthy,2014-10-27
Hydrochlorothiazide,NCT00834067,Moexipril HCl/Hydrochlorothiazide 15/25 mg Tablets Under Non-Fasting Conditions,COMPLETED,PHASE1,Healthy,2009-01-30
Hydrochlorothiazide,NCT00990301,A Study to Compare the Relative Bioavailability of Moexipril HCl/Hydrochlorothiazide in Healthy Adult Volunteers Under Fasting Conditions,COMPLETED,PHASE1,Healthy,2009-10-04
Hydrochlorothiazide,NCT00649597,Fasting Study of Benazepril HCl and Hydrochlorothiazide Tablets 20 mg/25 mg to Lotensin HCT® Tablets 20 mg/25 mg,COMPLETED,PHASE1,Healthy,2008-03-30
Hydrochlorothiazide,NCT02962258,"BE Study of Torrent's Olmesartan Medoxomil, Amlodipine and Hydrochlorothiazide Tab - Fed Conditions",COMPLETED,PHASE1,Healthy Subjects,2016-11-09
Hydrochlorothiazide,NCT02962336,"Bioequivalence Study of Torrent's Olmesartan Medoxomil, Amlodipine and Hydrochloride Tablets Under Fasting Conditions.",COMPLETED,PHASE1,Healthy Subjects,2016-11-09
Hydrochlorothiazide,NCT02176512,Telmisartan/Hydrochlorothiazide (HCTZ) Fixed Dose Combination Compared to Its Monocomponents in Healthy Subjects,COMPLETED,PHASE1,Healthy,2014-06-26
Hydrochlorothiazide,NCT04138888,A Bioequivalence Study of Two Different Formulations of Olmesartan Medoxomil/ Hydrochlorothiazide After a Single Oral Dose Administration Under Fasting Conditions,UNKNOWN,PHASE1,Bioequivalence,2019-10-23
Hydrochlorothiazide,NCT01218724,"Bioequivalence Study of Losartan Potassium and Hydrochlorothiazide (100 mg / 25 mg Tablet) [Test Formulation, Torrent Pharmaceuticals Ltd., India] Versus Hyzaar® (100 mg / 25 mg Tablet) [Reference Formulation, Merck & Co., Inc., USA] in Healthy Human Volunteers Under Fed Conditions",COMPLETED,PHASE1,Healthy,2010-10-07
Hydrochlorothiazide,NCT01149486,Losartan Potassium/Hydrochlorothiazide 100/25 mg Tablets in Healthy Subjects Under Fasting Conditions,COMPLETED,PHASE1,Healthy,2010-06-21
Hydrochlorothiazide,NCT02187523,Relative Oral Bioavailability of Telmisartan / Hydrochlorothiazide (HCTZ) Fixed Dose Combination (FDC) Compared With Its Monocomponents in Healthy Subjects,COMPLETED,PHASE1,Healthy,2014-07-09
Hydrochlorothiazide,NCT02183675,"Pharmacokinetics of Different Formulations of Telmisartan, Amlodipine, and Hydrochlorothiazide (HCTZ) in Japanese Healthy Male Volunteers",COMPLETED,PHASE1,Healthy,2014-07-07
Hydrochlorothiazide,NCT06205407,A Study to Learn How the Body Processes Spironolactone and Hydrochlorothiazide Film Coated Tablets Manufactured at Two Sites: Viatris and Neolpharma,COMPLETED,PHASE1,Healthy Participants,2024-01-02
Hydrochlorothiazide,NCT00649688,Fasting Study of Metoprolol Tartrate/Hydrochlorothiazide Tablets 100/50 mg and Lopressor HCT® Tablets 100/50 mg,COMPLETED,PHASE1,Healthy,2008-03-30
Hydrochlorothiazide,NCT02739672,"Clinical Trial to Compare the Pharmacokinetics of TAH Tablet in Comparison to the Co-administration of Telmisartan, Amlodipine and Hydrochlorothiazide in Healthy Male Volunteers",COMPLETED,PHASE1,Healthy,2016-03-31
Hydrochlorothiazide,NCT00778713,Bioequivalence Study of Fosinopril Sodium / Hydrochlorothiazide 20/ 12.5 mg Tablets Under Fed Conditions,COMPLETED,,Healthy,2008-10-22
Hydrochlorothiazide,NCT01692717,Clinical Assessment Of Association Pharmacokinetics Atorvastatin + Losartana + Hydrochlorothiazide,COMPLETED,PHASE1,Healthy Subjects,2012-09-21
Hydrochlorothiazide,NCT00778674,Bioequivalence Study of Benazepril HCl / Hydrochlorothiazide 20 mg/ 25 mg Tablets Under Fed Conditions,COMPLETED,,Healthy,2008-10-22
Hydrochlorothiazide,NCT00777972,Bioequivalence Study of Fosinopril Sodium/ Hydrochlorothiazide 20/ 12.5 mg Tablets Under Fasting Conditions,COMPLETED,,Healthy,2008-10-22
Hydrochlorothiazide,NCT05685277,Bioequivalence Study of Two Formulations of Tablets Ramipril/Hydrochlorothiazide 10 mg/25 mg in Healthy Volunteers Under Fasting Conditions,COMPLETED,PHASE1,Bioequivalence,2023-01-05
Hydrochlorothiazide,NCT02262572,Relative Bioavailability of Telmisartan and HCTZ in Two Experimental Formulations Compared to the Standard Formulation Telmisartan and HCTZ in Healthy Female and Male Subjects,COMPLETED,PHASE1,Healthy,2014-10-09
Bupropion,NCT04757532,Study of Exposure to Substances Prohibited by the World Anti-Doping Agency in Healthy Volunteers.,COMPLETED,PHASE1,Healthy Volunteers,2021-02-14
Bupropion,NCT00440115,Disease Management for Smoking Cessation,COMPLETED,PHASE3,Smoking Cessation,2007-02-23
Bupropion,NCT01106456,Smoking Cessation for American Indians,COMPLETED,PHASE3,Smoking Cessation,2010-04-16
Bupropion,NCT02568176,Pharmacokinetic Study of Intranasal Esketamine and Its Effects on the Pharmacokinetics of Orally-Administered Midazolam and Bupropion in Healthy Participants,COMPLETED,PHASE1,Healthy,2015-10-02
Bupropion,NCT02745912,Study to Evaluate the Effect of Naltrexone and Bupropion Combination on the Pharmacokinetics of Metformin in Healthy Participants,COMPLETED,PHASE1,Healthy Subjects,2016-04-18
Bupropion,NCT01731067,Cocktail Approach for Cytochrome P450 and P-glycoprotein Activity Assessment Using Dried Blood Spot,COMPLETED,PHASE1,Healthy Volunteers,2012-11-14
Bupropion,NCT02789527,Human Genomic Population Structure and Phenotype-genotype Variation in ADME Genes in Four Populations,COMPLETED,,Healthy,2016-05-11
Bupropion,NCT01309217,Dissemination of Tobacco Tactics for Hospitalized Smokers,COMPLETED,PHASE4,Smoking Cessation,2011-03-04
Bupropion,NCT04464577,"A Study to Evaluate the Effect of Fluconazole, Bupropion, or Itraconazole on the Drug Levels and Safety of BMS-986235",WITHDRAWN,PHASE1,Healthy Participants,2020-03-23
Bupropion,NCT00322205,Bio-behavioral Lung Cancer Prevention Program,COMPLETED,PHASE4,Smoking Cessation,2006-05-04
Bupropion,NCT01257490,Integrated Smoking Cessation Treatment for Low Income Community Corrections,COMPLETED,,Smoking Cessation,2010-10-28
Bupropion,NCT04899674,A Study in Healthy Men and Women to Test Whether BI 1358894 Influences the Amount of Bupropion in the Blood,COMPLETED,PHASE1,Healthy,2021-05-21
Bupropion,NCT00894166,Evaluation of a Tailored Smoking Cessation Treatment Algorithm Based on Initial Treatment Response and Genotype,COMPLETED,PHASE3,Smoking Cessation,2009-05-04
Bupropion,NCT06374290,Study of Injectable Naltrexone and Oral Bupropion Among Cigarette Smokers With Schizophrenia,TERMINATED,PHASE1,Smoking Cessation,2024-04-15
Bupropion,NCT04107857,Electronic Health Record-Enabled Evidence-Based Smoking Cessation Quality Improvement Implementation Program,COMPLETED,,Smoking Cessation,2019-09-25
Bupropion,NCT00865111,A Relative Bioavailability Study of Bupropion Sustained Release 150 mg Tablets Under Fasting Conditions,COMPLETED,PHASE1,Healthy,2009-03-17
Bupropion,NCT04035603,Multimodal Cue Exposure Therapy for Smoking Cessation,WITHDRAWN,PHASE2,Smoking Cessation,2019-06-19
Bupropion,NCT03058419,"A Study to Evaluate the Effect of Oral Doses of JNJ-54175446 on the Inhibition of Cytochrome P450 CYP3A4, CYP2C9, CYP1A2 and CYP2D6 Activity and the Induction of CYP2B6 and CYP2C19 Activity Using a Multiple Probe Substrate Cocktail in Healthy Subjects",COMPLETED,PHASE1,Healthy,2017-02-16
Bupropion,NCT02473627,"A PHASE 1, OPEN-LABEL, CROSS-OVER, FIXED SEQUENCE STUDY TO EVALUATE THE EFFECT OF MULTIPLE DOSES OF DS-1971A ON THE SINGLE DOSE PHARMACOKINETICS OF PROBE SUBSTRATES FOR CYP2B6, CYP2C8, CYP2C9, CYP2C19 AND CYP3A4 ENZYMES IN HEALTHY MALE AND FEMALE SUBJECTS",COMPLETED,PHASE1,Healthy,2015-06-12
Bupropion,NCT00125905,ISTAPS: A Stepped Primary Care Smoking Cessation Intervention,UNKNOWN,,Smoking Cessation,2005-08-01
Bupropion,NCT03897439,Individualizing Pharmacotherapy for African American Smokers,COMPLETED,PHASE3,Smoking Cessation,2019-03-25
Bupropion,NCT04717544,Embedding Comprehensive Smoking Cessation Programs Into Community Clinics,COMPLETED,,Smoking Cessation,2021-01-04
Bupropion,NCT01871506,Integrating Tobacco Treatment Into Cancer Care: A Randomized Controlled Comparative Effectiveness Trial,COMPLETED,,Smoking Cessation,2013-06-04
Bupropion,NCT02328794,Randomized Clinical Trial to Reduce Harm From Tobacco,COMPLETED,,Smoking Cessation,2014-12-15
Bupropion,NCT01935505,Study on the Model of Smoking Cessation Intervention and Service Ability Improvement,UNKNOWN,,Smoking Cessation,2013-08-25
Bupropion,NCT04713254,Drug Drug Interaction Study With Lu AG06466 in Young Healthy Men,COMPLETED,PHASE1,Healthy,2021-01-14
Bupropion,NCT06367153,"A Study in Healthy Men and Women to Test Whether BI 1569912 Influences the Amount of Repaglinide, Midazolam and Bupropion in the Blood",COMPLETED,PHASE1,Healthy,2024-04-11
Bupropion,NCT02401256,CYP2B6 Genetics and Drug Interactions in Healthy Volunteers,COMPLETED,PHASE4,Healthy,2015-02-26
Bupropion,NCT00690131,An Integrated Approach to Smoking Cessation in Severe Mental Illness (SMI),COMPLETED,,Smoking Cessation,2008-06-02
Bupropion,NCT00143364,A Twelve-Week Study of Varenicline for Safety and Efficacy in Comparison With Placebo and Zyban for Smoking Cessation,COMPLETED,PHASE3,Smoking Cessation,2005-08-31
Bupropion,NCT00770666,Combination Medications vs. Patch Alone for Medically-Ill Smokers,COMPLETED,PHASE4,Smoking Cessation,2008-10-09
Bupropion,NCT05932277,A Study to Assess the Effect of BMS-986419 on the Single Dose Drug Levels of Probe Substrates in Healthy Participants,COMPLETED,PHASE1,Healthy Volunteers,2023-06-27
Bupropion,NCT00883155,To Demonstrate the Relative Bioavailability of Bupropion HCI 100 mg Tablets Under Fasting Conditions,COMPLETED,PHASE1,Healthy,2009-04-16
Bupropion,NCT02259179,Bioequivalence Study Comparing Naltrexone SR/Bupropion SR Trilayer Tablets From Two Manufacturers,COMPLETED,PHASE1,Healthy,2014-10-03
Bupropion,NCT05160090,Single Dose Crossover Comparative Bioavailability Study of Bupropion Hcl MR Tablet 300mg,COMPLETED,PHASE1,Bioequivalence,2021-11-22
Bupropion,NCT01286402,"Double-blind, Placebo-Controlled Pilot Study of Bupropion to Promote Smoking Cessation During Pregnancy",COMPLETED,PHASE2,Smoking Cessation,2011-01-25
Bupropion,NCT00863941,A Relative Bioavailability Study of Bupropion XL 150 mg Tablets Under Fasting Conditions,COMPLETED,PHASE1,Healthy,2009-03-17
Bupropion,NCT01574703,Study To Evaluate Cardiac Assessments Following Different Treatments Of Smoking Cessation Medications In Subjects With And Without Psychiatric Disorders.,COMPLETED,PHASE4,Smoking Cessation,2012-04-06
Fluoxetine,NCT02965274,Bioequivalence Study of Torrent Pharmaceuticals Ltd.'s Fluoxetine Tablets Under Fed Conditions,COMPLETED,PHASE1,Healthy Subjects,2016-11-14
Fluoxetine,NCT05532332,Bioequivalence Study of Fluoxetine in Healthy Adult Subjects Under Fasting Condition,COMPLETED,PHASE1,Healthy Subjects,2022-09-04
Fluoxetine,NCT02965261,Bioequivalence Study of Torrent Pharmaceuticals Ltd.'s Fluoxetine Tablet Under Fasting Conditions,COMPLETED,PHASE1,Healthy Subjects,2016-11-14
Fluoxetine,NCT01166087,Bioequivalence Study of Fluoxetine Hydrochloride Delayed-Release Capsules 90 mg of Dr. Reddy's Under Fed Condition,COMPLETED,PHASE1,Healthy,2010-07-19
Fluoxetine,NCT01569126,A Study of LY110140 in Healthy Japanese Male Participants,COMPLETED,PHASE1,Healthy Volunteer,2012-03-30
Fluoxetine,NCT01247285,90 mg Fluoxetine Hydrochloride Capsules Under Non-Fasting Conditions,COMPLETED,PHASE1,Healthy,2010-11-22
Fluoxetine,NCT00778024,Bioequivalence Study of Fluoxetine HCL 40 mg Capsules Under Fasting Conditions,COMPLETED,,Healthy,2008-10-22
Fluoxetine,NCT01967979,A Study of the Effect of Multiple Doses of Itraconazole and Fluoxetine on the Pharmacokinetics of a Single Dose of RO5285119 in Healthy Subjects,COMPLETED,PHASE1,Healthy Volunteer,2013-10-18
Fluoxetine,NCT00649636,Fasting Study of Fluoxetine Capsules 40 mg and Prozac Pulvules 40 mg,COMPLETED,PHASE1,Healthy,2008-03-30
Semaglutide,NCT06699329,A Study of Enlicitide Decanoate (MK-0616) and Semaglutide in Healthy Adult Participants (MK-0616-023),COMPLETED,PHASE1,Healthy,2024-11-19
Semaglutide,NCT05784402,A Research Study to Compare How Much Semaglutide is Found in the Blood With Different Tablets of Oral Semaglutide in Healthy Participants,COMPLETED,PHASE1,Healthy Participants,2023-03-13
Semaglutide,NCT04865744,The Effect of Semaglutide on Pituitary Function,COMPLETED,PHASE4,Healthy,2021-04-28
Semaglutide,NCT05429593,A Research Study Investigating How Semaglutide and Dapagliflozin Act in Your Body When Dosed in One Tablet,COMPLETED,PHASE1,Healthy Volunteers,2022-06-17
Montelukast,NCT05528198,Bioequivalence Study of Montelukast Sodium Oral Thin Film and Chewable Tablet in Fasted Healthy Volunteers,COMPLETED,,Healthy Volunteers,2022-09-01
Montelukast,NCT01931514,Bioequivalence Study of Torrent Pharmaceutical Ltd.'s Montelukast Sodium Chewable 5mg Tablet Under Fed Conditions,COMPLETED,PHASE1,Healthy,2013-08-21
Montelukast,NCT01691469,Bioequivalence Study of Montelukast Sodium Oral Granules 4mg Under Fed Condition,COMPLETED,PHASE1,Healthy,2012-09-20
Montelukast,NCT01691456,Bioequivalence Study of Montelukast Sodium Oral Granules 4mg Under Fasting Condition,COMPLETED,PHASE1,Healthy,2012-09-20
Montelukast,NCT05531994,Bioequivalence Study of Montelukast Sodium Oral Thin Film and Chewable Tablet in Fed Healthy Volunteers,COMPLETED,,Healthy Volunteers,2022-09-04
Montelukast,NCT02401256,CYP2B6 Genetics and Drug Interactions in Healthy Volunteers,COMPLETED,PHASE4,Healthy,2015-02-26
Montelukast,NCT02479854,"Bioequivalence Study of Montelukast From Asmakast 5mg Chewable Tab.(Sandoz, Egypt) & Singulair 5mg Chewable Tab.(Merck)",COMPLETED,PHASE1,Healthy,2015-06-15
Montelukast,NCT02321748,Drug-Drug Interaction Study: ASP2151 and Montelukast,COMPLETED,PHASE1,Healthy,2014-12-17
Montelukast,NCT01928056,Bioequivalence Study of Torrent Pharmaceutical Ltd.'s Montelukast Sodium 10mg Tablet Under Fasted Conditions,COMPLETED,PHASE1,Healthy,2013-08-20
Montelukast,NCT01931501,Bioequivalence Study of Torrent Pharmaceutical Ltd.'s Montelukast Sodium Chewable Tablets 5mg Under Fasted Conditions,COMPLETED,PHASE1,Healthy,2013-08-21
Montelukast,NCT01674504,Bioequivalence Study of Montelukast Sodium Chewable Tablets 4mg and 5mg Under Fasting Condition,COMPLETED,PHASE1,Healthy,2012-08-21
Montelukast,NCT01671722,Bioequivalence Study of Montelukast Sodium Tablets 10mg Under Fed Condition,COMPLETED,PHASE1,Healthy,2012-08-21
Montelukast,NCT04275115,Effects of Repeated Doses of Foliglurax on Drug Metabolizing Enzymes in Healthy Subjects,COMPLETED,PHASE1,Healthy,2020-02-17
Montelukast,NCT01928069,Bioequivalence Study of Torrent Pharmaceutical Ltd.'s Montelukast Sodium 10mg Tablet Under Fed Conditions,COMPLETED,PHASE1,Healthy,2013-08-20
Montelukast,NCT03371849,"PK and Safety Study of HCP1102, HGP0813 and HGP1408",COMPLETED,PHASE1,Healthy,2017-11-24
Montelukast,NCT03898193,"Bioequivalence Study of Montelukast, 5 mg Chewable Tablets (Pharmtechnology LLC, Belarus), and Singulair®, 5 mg Chewable Tablets (Merck Sharp & Dohme B.V., the Netherlands), in Healthy Volunteers Under Fasting Conditions",COMPLETED,PHASE1,Healthy Adults,2019-03-29
Montelukast,NCT02480049,"A Bioequivalence Study of Montelukast From Asmakast 10mg Tabs (Sandoz, Egypt) & Singulair 10mg Tabs (Merck)",COMPLETED,PHASE1,Healthy,2015-06-14
Montelukast,NCT05852769,A Study to Evaluate the Drug-drug Interaction Potential of BMS-986196 in Healthy Participants,COMPLETED,PHASE1,Healthy Volunteers,2023-05-01
Trazodone,NCT01400165,Comparison of the Pharmacokinetics of Three Generic Medications and Their Respective Brand Preparations,UNKNOWN,PHASE1,Healthy,2011-07-21
Trazodone,NCT03516630,Effects of Three Single Oral Doses of Trazodone on the QTc Interval Duration in Healthy Volunteers,COMPLETED,PHASE1,Healthy,2018-04-24
Trazodone,NCT01121900,A Study to Compare the Bioavailability of 300 mg Trazodone Hydrochloride Extended-release Caplets and 100 mg Trazodone Hydrochloride Immediate-release Tablets (Administered Three Times Daily),COMPLETED,PHASE1,Healthy,2010-05-10
Trazodone,NCT01121913,Comparative Bioavailability Study of Two Prototypes of Trazodone Controlled-release Products and Two Marketed Reference Products in Healthy Volunteers,COMPLETED,PHASE1,Healthy,2010-05-10
Trazodone,NCT00839072,Comparative Bioavailability Study of Extended-release and Immediate-release Trazodone in Healthy Adult Volunteers,COMPLETED,PHASE1,Healthy,2009-02-06
Trazodone,NCT05136521,Bioavailability Study of 300 mg Trazodone Hydrochloride (New Polymer) vs. 300 mg Trazodone Hydrochloride (Contramid® Prolonged-release Tablets) Under Fasting Conditions,COMPLETED,PHASE1,Healthy,2021-11-02
Simvastatin,NCT01632566,A Multiple-dose Study of LY3031207 in Healthy Participants,TERMINATED,PHASE1,Healthy Volunteers,2012-06-25
Simvastatin,NCT04859452,"A Study to Evaluate the DDI of DBPR108 With Metformin,Glibenclamide,Valsartan, or Simvastatin in Healthy Subjects",COMPLETED,PHASE1,Healthy Subjects,2021-04-21
Simvastatin,NCT02542969,Drug Interaction Study of MGL-3196 With Rosuvastatin and Simvastatin,COMPLETED,PHASE1,Healthy,2015-09-04
Simvastatin,NCT01304329,Drug-drug Interaction of Empagliflozin (BI 10773) and Simvastatin,COMPLETED,PHASE1,Healthy,2011-02-21
Simvastatin,NCT03174041,"A Drug-Drug Interaction Study Between GDC-0853 and Midazolam, Itraconazole, Rosuvastatin, and Simvastatin",COMPLETED,PHASE1,Healthy Participants,2017-05-04
Simvastatin,NCT01960140,A Study of Baricitinib and Simvastatin in Healthy Participants,COMPLETED,PHASE1,Healthy Volunteers,2013-10-08
Simvastatin,NCT06379958,Drug-Drug Interaction (DDI) Study of Leramistat in Healthy Adult Subjects,RECRUITING,PHASE1,Pharmacokinetics,2024-04-08
Simvastatin,NCT01979185,Effect of SSP-004184 (SPD602) on the Pharmacokinetics of Simvastatin in Healthy Adult Subjects,COMPLETED,PHASE1,Healthy,2013-11-01
Simvastatin,NCT02533141,Effect of Simvastatin Withdrawal on Ocular Endothelial Function,WITHDRAWN,PHASE4,Healthy,2015-08-24
Simvastatin,NCT00359281,Pharmacokinetic Drug Interactions of AEGR-733 on Lipid-lowering Agents,COMPLETED,PHASE2,Healthy,2006-07-31
Simvastatin,NCT05580250,A Study of LY3526318 in Healthy Male Japanese Participants,WITHDRAWN,PHASE1,Healthy,2022-10-12
Simvastatin,NCT01167894,Bioequivalence Study of Simvastatin Tablets 80 mg of Dr. Reddy's Under Fasting Condition,COMPLETED,PHASE1,Healthy,2010-07-21
Simvastatin,NCT01689623,"A Pharmacokinetic Interaction Study Between TMC435, Atorvastatin and Simvastatin in Healthy Participants",COMPLETED,PHASE1,Healthy Participants,2012-07-30
Simvastatin,NCT01383395,Effect of Cilostazol on the Pharmacokinetics of Simvastatin,COMPLETED,PHASE1,Healthy,2011-06-27
Amoxicillin,NCT03487562,"Pharmacokinetics, Pharmacodynamics, Safety and Tolerability of After Administrations of DWP14012 Alone and Combinations of DWP14012, Clarithromycin and Amoxicillin in Healthy Male Subjects",COMPLETED,PHASE1,Healthy,2018-03-13
Amoxicillin,NCT00835705,Amoxicillin-Clavulanic Acid 400 Mg-57 mg Chewable Tablets Under Fasting Conditions,COMPLETED,PHASE1,Healthy,2009-02-02
Amoxicillin,NCT00778284,Bioequivalence Study of Amoxicillin 400 mg/Clavulanic Acid 57 mg Chewable Tablets Under Fed Conditions,COMPLETED,,Healthy,2008-10-22
Amoxicillin,NCT06277609,A Trial Investigating Lu AF28996 in Healthy Adult Participants,COMPLETED,PHASE1,Healthy Participants,2024-02-19
Amoxicillin,NCT00778414,Bioequivalence Study of Amoxicillin-Clavulanic Acid 600 mg - 42.9 mg/ 5 mL Oral Suspension Under Fasting Conditions,COMPLETED,,Healthy,2008-10-22
Amoxicillin,NCT00778661,Bioequivalence Study of Amoxicillin 400 mg/Clavulanic Acid 57 mg Chewable Tablets Under Fasting Conditions,COMPLETED,,Healthy,2008-10-22
Amoxicillin,NCT01829529,Antibiotic Prophylaxis - Amoxicillin,COMPLETED,PHASE3,Healthy,2013-04-09
Amoxicillin,NCT02143323,A Clinical Study to Explore Biomarkers for Drug-induced Liver Injury (DILI),COMPLETED,PHASE1,Healthy,2014-01-18
Tamsulosin,NCT02264184,Study to Investigate the Effect of Paroxetine Mediated CYP2D6 Inhibition on the Pharmacokinetics of Tamsulosin in Healthy Male Volunteers,COMPLETED,PHASE1,Healthy,2014-10-14
Tamsulosin,NCT06558032,Bioequivalence Study of Tamsulosin 0.4 mg Sustained Release Film-coated Tablets,COMPLETED,PHASE1,Healthy,2024-08-14
Tamsulosin,NCT02266537,Study to Assess the Influence of Three Different α-antagonists and Placebo on the Extent of Weekly Phenylephrine-induced Mydriasis at Three Different Concentrations of Phenylephrine in Healthy Male Volunteers,COMPLETED,PHASE1,Healthy,2014-10-16
Tamsulosin,NCT01149746,Tamsulosin Hydrochloride 0.4 mg Capsules Under Fasting Conditions,COMPLETED,PHASE1,Healthy,2010-06-22
Tamsulosin,NCT02072213,A PK Study GL2702 GLARS-NF1 and Omix Ocas® in Healthy Male Volunteers,COMPLETED,PHASE1,Healthy,2014-02-24
Tamsulosin,NCT04084197,"A Study to Evaluate the Pharmacokinetics, Safety and Tolerability of HIP1801 in Healthy Male Subjects.",COMPLETED,PHASE1,Healthy,2019-09-09
Tamsulosin,NCT02264171,Study to Investigate the Effect of Ketoconazole Mediated CYP3A4 Inhibition on Pharmacokinetics of Tamsulosin in Healthy Male Volunteers,COMPLETED,PHASE1,Healthy,2014-10-14
Tamsulosin,NCT02247518,CKD-397 Drug-drug Interaction Study (A),COMPLETED,PHASE1,Healthy,2014-09-15
Tamsulosin,NCT01149733,Tamsulosin Hydrochloride 0.4 mg Capsules Under Fed Conditions,COMPLETED,PHASE1,Healthy,2010-06-22
Tamsulosin,NCT02529800,Investigating the Pharmacokinetic Characteristics of HIP1402 in Healthy Male Volunteers,COMPLETED,PHASE1,Healthy,2015-08-13
Tamsulosin,NCT02266511,Study to Assess the Bioequivalence of Two Batches of Tamsulosin Hydrochloride in Healthy Male Subjects,COMPLETED,PHASE1,Healthy,2014-10-16
Acetaminophen; Hydrocodone,NCT01456520,Pharmacokinetics and Bioequivalence of Vycavert (10 mg Hydrocodone Bitartrate/325 mg Acetaminophen) Compared to the Reference Drug Norco,COMPLETED,PHASE1,Healthy,2011-10-14
Acetaminophen; Hydrocodone,NCT02991222,Bioavailability Study of SPARC001(Study 1) in Healthy Adult Volunteers,COMPLETED,PHASE1,Healthy,2016-12-08
Acetaminophen; Hydrocodone,NCT02465866,"A Four-Period, Four-Treatment, Four-Way Relative Bioavailability Study of CL-108 Under Fed and Fasted Conditions",COMPLETED,PHASE1,Healthy,2015-06-04
Acetaminophen; Hydrocodone,NCT02618395,Bioavailability Study of SPARC001 in Healthy Adult Volunteers,COMPLETED,PHASE1,Healthy,2015-11-23
Acetaminophen; Hydrocodone,NCT03567941,To Evaluate the Relative Abuse Potential of Hydrocodone Bitartrate and Acetaminophen,COMPLETED,PHASE1,Healthy,2018-03-20
Acetaminophen; Hydrocodone,NCT02991261,Bioavailability Study of SPARC001 (Study 2) in Healthy Adult Volunteers,COMPLETED,PHASE1,Healthy,2016-12-08
Acetaminophen; Hydrocodone,NCT02966860,Single-Dose PK Study of an Oxycodone/Acetaminophen Solution in Healthy Subjects,COMPLETED,PHASE1,Healthy Volunteers,2016-11-06
Acetaminophen; Hydrocodone,NCT02826551,Pain Outcomes After Anterior Cruciate Ligament Reconstruction With Posterior Capsular Marcaine Injection,TERMINATED,,Anesthesia,2016-05-24
Fluticasone,NCT03975166,A Bioequivalence Study Between Fluticasone Propionate 100 mcg and Salmeterol Xinafoate 50 mcg Inhalation Powder/Respirent Pharmaceuticals vs. ADVAIR DISKUS® 100/50 Inhalation Powder/GSK in Healthy Volunteers,COMPLETED,PHASE1,Bioequivalence,2019-06-03
Fluticasone,NCT03894280,A Bioequivalence Study Between Fluticasone Salmeterol Xinafoate vs. SERETIDE DISKUS® in Healthy Volunteers With Charcoal Blockade (BREATH-PK250-CC),COMPLETED,PHASE1,Bioequivalence,2019-03-26
Fluticasone,NCT00280358,A Study in Healthy Volunteers to Evaluate Serum and Urine Levels of the Investigational Product Versus Comparator.,COMPLETED,PHASE1,Healthy,2006-01-19
Fluticasone,NCT02476825,A Bronchoscopy Study to Assess the Effects of Inhaled Corticosteroids on Adult Healthy Volunteers,ACTIVE_NOT_RECRUITING,PHASE4,Healthy,2015-06-17
Fluticasone,NCT04124094,A Bioequivalence Study Between Fluticasone and Salmeterol vs. SERETIDE DISKUS® in Healthy Volunteers With Charcoal Blockade,COMPLETED,PHASE1,Bioequivalence,2019-10-08
Fluticasone,NCT03524066,Lung Pharmacokinetics (PK) in Epithelial Lining Fluid (ELF),COMPLETED,,Healthy,2018-04-25
Fluticasone,NCT03751202,A Bioequivalence Study Between Fluticasone Salmeterol Xinafoate vs. ADVAIR DISKUS® in Healthy Volunteers,COMPLETED,PHASE1,Bioequivalence,2018-11-15
Fluticasone,NCT01400568,Suitability of a Low Dose Lipopolysaccharide (LPS) Inhalation as a Challenge Model,COMPLETED,,Healthy,2011-07-19
Fluticasone,NCT05697003,Bioequivalence Study for Fluticasone Propionate 100 mcg/Salmeterol Xinafoate 50 mcg Inhalation Powder in Healthy Volunteers,UNKNOWN,PHASE1,Bioequivalence,2023-01-10
Fluticasone,NCT04466176,A Pivotal Bioequivalence Study Between Fluticasone Propionate 250 mcg and Salmeterol Xinafoate 50 mcg Inhalation Powder/Respirent Pharmaceuticals vs. ADVAIR DISKUS® 250/50 Inhalation Powder/GSK in Healthy Volunteers,COMPLETED,PHASE1,Bioequivalence,2020-07-06
Fluticasone,NCT02232087,Single Blind Cross-over Dose Response Study in Subjects of Two Inhalers of Salmeterol and Fluticasone Propionate,COMPLETED,PHASE1,Healthy,2014-09-02
Meloxicam,NCT02183103,Influence of a High Fat Breakfast in the Pharmacokinetics of UH-AC62MU in Healthy Subjects,COMPLETED,PHASE1,Healthy,2014-07-04
Meloxicam,NCT00649675,Food Study of Meloxicam Tablets 15 mg and Mobic® Tablets 15 mg,COMPLETED,PHASE1,Healthy,2008-03-30
Meloxicam,NCT02187562,Effect of Steady State Meloxicam on Low Dose Aspirin Induced Inhibition of Platelet Aggregation and Thromboxane Synthesis in Healthy Males and Females,COMPLETED,PHASE1,Healthy,2014-07-10
Meloxicam,NCT02183155,Effect of Meloxicam Tablets on Bleeding Time in Healthy Subjects,COMPLETED,PHASE4,Healthy,2014-07-04
Meloxicam,NCT01161147,Bioequivalence Study of Meloxicam Tablets 15 mg of Dr.Reddy's Laboratories Limited Under Fed Condition,COMPLETED,PHASE1,Healthy,2010-07-12
Meloxicam,NCT02181322,Study to Assess the Effect of Food on the Pharmacokinetics of Meloxicam After Single Administration and to Investigate Dose-proportionality Over a Dosage Range,COMPLETED,PHASE1,Healthy,2014-07-02
Meloxicam,NCT03354117,On Demand Contraception: Ulipristal Acetate Plus a COX-2 Inhibitor at Peak Fertility,COMPLETED,PHASE1,Contraception,2017-11-21
Meloxicam,NCT04322175,Pharmacokinetic and Tolerance Study of Meloxicam Eye Drops in Healthy Volunteers,UNKNOWN,PHASE1,Healthy Volunteers,2020-03-18
Meloxicam,NCT02183090,Pharmacokinetics and Tolerability of Meloxicam Injected Intramuscularly vs. Tablet in Healthy Subjects,COMPLETED,PHASE1,Healthy,2014-07-04
Meloxicam,NCT02183142,Study of Relative Bioavailability of Mobic Manufactured in China in Comparison With Mobic Manufactured in Germany in Chinese Healthy Volunteers,COMPLETED,PHASE1,Healthy,2014-07-04
Meloxicam,NCT00840879,Meloxicam 15 mg Tablets Under Non-Fasting Conditions,COMPLETED,PHASE1,Healthy,2009-02-06
Meloxicam,NCT03684265,A Study to Compare the Amount of Meloxicam in the Blood When it is Taken as Capsules or as Tablets,COMPLETED,PHASE1,Healthy,2018-09-24
Meloxicam,NCT02181309,Effect of Food on the Pharmacokinetics of Meloxicam in Healthy Volunteers,COMPLETED,PHASE1,Healthy,2014-07-02
Meloxicam,NCT02183077,Pharmacokinetics and Tolerability of Meloxicam Gel Compared to Meloxicam Tablets in Healthy Subjects,COMPLETED,PHASE1,Healthy,2014-07-04
Meloxicam,NCT02183181,Bioequivalence Study of Meloxicam Capsules 15 mg (Mobic® Capsules 15 mg) Versus Meloxicam Tablets 15 mg (Mobic® Tablets 15 mg) in Healthy Adult Volunteers,COMPLETED,PHASE1,Healthy,2014-07-04
Meloxicam,NCT01161134,Bioequivalence Study of Meloxicam Tablets 15 mg of Dr.Reddy's Laboratories Limited Under Fasting Condition,COMPLETED,PHASE1,Healthy,2010-07-12
Meloxicam,NCT02276352,Relative Bioavailability of Meloxicam 2 x 7.5 mg Tablets Compared to 15 mg Tablet and Dose Proportionality Over a Dose Range of 7.5 mg and 15 mg in Healthy Volunteers,COMPLETED,PHASE1,Healthy,2014-10-27
Meloxicam,NCT05125588,Fasting Comparative Bioavailability Study of 2 Meloxicam 15 mg Tablets in Healthy Volunteers Under Fasting Condition,COMPLETED,PHASE1,Pharmacokinetics,2021-11-15
Meloxicam,NCT00649077,Fasting Study of Meloxicam Tablets 15 mg and Mobic® Tablets 15 mg,COMPLETED,PHASE1,Healthy,2008-03-30
Meloxicam,NCT00840476,Meloxicam 15 mg Tablets Under Fasting Conditions,COMPLETED,PHASE1,Healthy,2009-02-06
Apixaban,NCT02034565,Phase 1 Bioavailability Study of Apixaban Solution Formulation Relative to Apixaban Tablets in Healthy Subjects,COMPLETED,PHASE1,Healthy Volunteers,2014-01-10
Apixaban,NCT03509883,Bioavailability of Apixaban Sprinkle Compared to Apixaban Capsules,COMPLETED,PHASE1,Healthy Volunteers,2018-04-18
Apixaban,NCT03288454,Phase 2 Study of Apixaban Reversal by Ciraparantag as Measured by WBCT,COMPLETED,PHASE2,Healthy,2017-09-14
Apixaban,NCT06388239,Bioequivalence Study of Apixaban 5 mg Film-coated Tablets in Healthy Thai Volunteers,NOT_YET_RECRUITING,PHASE1,Healthy Volunteer,2024-04-24
Apixaban,NCT05841446,Bioequivalence Study of Apixaban Tablets in Healthy Chinese Subjects,COMPLETED,PHASE1,Healthy,2023-04-20
Apixaban,NCT02034591,Phase 1 Oral Solution and Crushed Tablet Relative Bioavailability Study of Apixaban When Administered Through a Nasogastric Tube in Healthy Subjects,COMPLETED,PHASE1,Healthy Subjects,2014-01-10
Apixaban,NCT03864406,"Impact of Steady State Cobicistat and Darunavir/Cobicistat on the Pharmacokinetics and Pharmacodynamics of Oral Anticoagulants (Rivaroxaban, Apixaban) in Health Volunteers",COMPLETED,PHASE1,Healthy Volunteers,2019-03-05
Apixaban,NCT01758432,Phase 2 Healthy Volunteer Study to Evaluate the Ability of PRT064445 to Reverse the Effects of Several Blood Thinner Drugs on Laboratory Tests (Module 1 of 4),COMPLETED,PHASE2,Healthy Volunteers,2012-12-18
Apixaban,NCT01437839,Food Effect Study For Apixaban Commercial Image Tablets,COMPLETED,PHASE1,Healthy,2011-09-20
Apixaban,NCT04593784,"Study of Ciraparantag for Reversal of Anticoagulation Induced by Edoxaban, Apixaban or Rivaroxaban in Healthy Adults",TERMINATED,PHASE2,Healthy,2020-10-13
Furosemide,NCT00778180,Bioequivalence Study of Furosemide 80mg Tablets Under Fasting Conditions,COMPLETED,,Healthy,2008-10-22
Furosemide,NCT04130815,Aerosol Particle Size and Breathing Pattern During Inhaled Furosemide,UNKNOWN,PHASE1,Healthy Volunteers,2019-10-16
Furosemide,NCT06491550,"A Study to Assess the Safety, Tolerability, Pharmacokinetics, and Pharmacodynamics of AZD4144 as Well as the Impact of AZD4144 on the Pharmacokinetics of Rosuvastatin and Furosemide in Healthy Participants",COMPLETED,PHASE1,Healthy Participants,2024-07-01
Furosemide,NCT06467825,Effect of Sex on Orthostatic Intolerance and Cardiovascular Response During Lunar Descent and Ascent,RECRUITING,,Healthy,2024-03-07
Furosemide,NCT01438359,A Drug-Drug Interaction Study of Furosemide and PA21,COMPLETED,PHASE1,Healthy,2011-09-16
Furosemide,NCT03307252,This Study Tests the Effect of Certain Medicines on the Transport of Other Medicines in the Body of Healthy Men,COMPLETED,PHASE1,Healthy,2017-10-06
Furosemide,NCT02574845,DDI (Effect of Metformin and Furosemide on Rosuvastatin PK),COMPLETED,PHASE1,Healthy,2015-10-12
Furosemide,NCT02854527,Transporter Cocktail Mutual Interaction,COMPLETED,PHASE1,Healthy,2016-08-01
Furosemide,NCT02570581,MELA Study - Hedonic Study on the Taste of Drugs Crushed in Food: Observational Study Involving 16 Healthy Volunteers,COMPLETED,PHASE1,Healthy,2015-09-29
Furosemide,NCT04763226,"A Study to Evaluate the Safety, Tolerability, Drug Levels, and Drug Effects of BMS-986308 in Healthy Participants",COMPLETED,PHASE1,Healthy Participants,2021-02-04
Furosemide,NCT02231931,"Drug-drug Interaction Between Digoxin, Furosemide, Metformin, and Rosuvastatin",COMPLETED,PHASE1,Healthy,2014-09-03
Insulin Glargine,NCT01688635,A Study to Compare LY2963016 and US-approved Lantus® After Single Dose Administration to Healthy Participants,COMPLETED,PHASE1,Healthy,2012-09-17
Insulin Glargine,NCT03555305,A Study of Insulin Glargine (LY2963016) in Healthy Chinese Participants,COMPLETED,PHASE1,Healthy,2018-06-01
Insulin Glargine,NCT03025009,A Study of LY3192767 in Healthy Participants,COMPLETED,PHASE1,Healthy,2017-01-17
Insulin Glargine,NCT06627478,"Study to Demonstrate Pharmacokinetic and Pharmacodynamic Similarity Between NKF-INS Glargine (G), United States (US)-Lantus®, and European Union (EU)-Lantus®",COMPLETED,PHASE1,Healthy Participants,2024-09-30
Duloxetine,NCT02291367,Bioavailability Study of Duloxetine Delayed-Release Capsules 60 mg Under Fasting Condition,COMPLETED,PHASE1,Healthy,2014-11-11
Duloxetine,NCT01443520,Effect of Duloxetine and Venlafaxine on the Pharmacokinetics and Pharmacodynamics of Oral Tramadol: A Three-phase Randomized Balanced Cross-over Study in Healthy Volunteers,COMPLETED,PHASE4,Healthy,2011-09-28
Duloxetine,NCT02291341,Bioavailability Study of Duloxetine Delayed-Relase Capsules 60 mg Under Fed Condition,COMPLETED,PHASE1,Healthy,2014-11-11
Duloxetine,NCT03054220,Impact of Genetic Polymorphism on Drug-Drug Interactions Involving CYP2D6,COMPLETED,,Healthy,2017-02-06
Duloxetine,NCT04723238,Bioavailability of Duloxetine 60 mg With Regards to Reference Product in Fasting Conditions,COMPLETED,PHASE1,Bioequivalence,2021-01-20
Duloxetine,NCT02232542,Tolerability and Safety of Duloxetine BID in Healthy Female Subjects,COMPLETED,PHASE1,Healthy,2014-09-04
Duloxetine,NCT03794154,A Study Of Duloxetine Hydrochloride Hard Gelatinous Capsule Compared To Cymbalta Under Fed Conditions,WITHDRAWN,PHASE4,Healthy,2018-12-20
Duloxetine,NCT05050656,Oral Duloxetine as a Premedication for Postoperative Pain Control,COMPLETED,PHASE4,Anesthesia,2021-09-10
Duloxetine,NCT00660751,The Role of Central Serotonergic and Adrenergic Systems in the Effectiveness of DNIC (Diffuse Noxious Inhibitory Control,COMPLETED,,Healthy,2008-04-15
Ibuprofen,NCT01170637,Bioequivalence of a Fixed Dose Combination Tablet Containing 200 mg Ibuprofen and 30 mg Pseudoephedrine-HCl Compared to RhinAdvil(R)(200 mg Ibuprofen and 30 mg Pseudoephedrine-HCl) as a Fixed Dose Combination Tablet Administered in Healthy Volunteers.,COMPLETED,PHASE1,Healthy,2010-07-26
Ibuprofen,NCT03658720,Nurofen Ibuprofen Orodispersible Tablet Disintegration Study,TERMINATED,,Healthy,2018-04-26
Ibuprofen,NCT00962663,Effects of ICA-105665 Using the Intradermal Capsaicin and Ultraviolet B (UV-B) Models in Healthy Male Subjects,COMPLETED,PHASE1,Healthy,2009-08-19
Ibuprofen,NCT02349607,Assessment of the Analgesic Effects of PF-05089771 and Pregabalin in Healthy Volunteers Using Evoked Pain Endpoints,COMPLETED,PHASE1,Healthy,2015-01-23
Ibuprofen,NCT03694587,pK of a Novel 200 mg Ibuprofen Medicated Plaster,COMPLETED,PHASE1,Healthy,2018-08-16
Ibuprofen,NCT01149941,Bioequivalence Study of Ibuprofen 200 mg Gel Capsules of Dr. Reddy's Laboratories Under Fasting Condition,COMPLETED,PHASE1,Healthy,2010-06-23
Ibuprofen,NCT02260947,Assessment of the Analgesic Effects of PF-06273340 in Healthy Volunteers Using Evoked Pain Endpoints,COMPLETED,PHASE1,Healthy,2014-10-06
Ibuprofen,NCT01053338,Bioequivalence Study of Dr.Reddy's Ibuprofen and Diphenhydramine Citrate 200 mg/38 mg Caplets Under Fed Condition,COMPLETED,PHASE1,Healthy,2010-01-20
Ibuprofen,NCT06077786,A Trial Investigating the Pain-relieving Properties of Lu AG06474 in Healthy Adult Participants,COMPLETED,PHASE1,Healthy Participants,2023-10-05
Ibuprofen,NCT02465866,"A Four-Period, Four-Treatment, Four-Way Relative Bioavailability Study of CL-108 Under Fed and Fasted Conditions",COMPLETED,PHASE1,Healthy,2015-06-04
Ibuprofen,NCT02482324,Phase 1 Study of ALZT-OP1 Combination Therapy in Normal Healthy Volunteers,COMPLETED,PHASE1,Healthy Volunteers,2015-06-22
Famotidine,NCT07018635,"A Study to Assess the Effect of Itraconazole, Rifampin, and Acid-Reducing Agents on INCB161734 Pharmacokinetics When Administered Orally in Healthy Participants",RECRUITING,PHASE1,Healthy Participants,2025-06-04
Famotidine,NCT06170723,"A Study to Assess the Effects of Itraconazole, Food, and pH on the Drug Levels of BMS-986368 in Healthy Participants",COMPLETED,PHASE1,Healthy Participants,2023-12-06
Famotidine,NCT01079065,A Relative Bioavailability Study of 20 mg Famotidine Tablets Under Fasting Condition,COMPLETED,,Healthy,2010-02-18
Famotidine,NCT04470778,Study to Assess the Effect of Acid-reducing Agent Famotidine on the Drug Levels of BMS-986256 in Healthy Participants,COMPLETED,PHASE1,Healthy Participants,2020-07-13
Famotidine,NCT04949269,A Study to Evaluate the Drug Levels of Deucravacitinib From Tablets After Oral Administration in Healthy Participants,COMPLETED,PHASE1,Healthy Participants,2021-06-30
Famotidine,NCT04903093,A Study Evaluating Relative Bioavailability of an Oral Suspension of Abrocitinib and Effect of an Acid Reducing Agent on the Bioavailability of Abrocitinib and Assessing the Taste of Abrocitinib Oral Formulations.,COMPLETED,PHASE1,Healthy Volunteers,2021-05-21
Famotidine,NCT03451110,"Study to Assess the Pharmacokinetic Drug-Drug Interactions of Lemborexant When Coadministered With an Oral Contraceptive, Famotidine, or Fluconazole in Healthy Subjects",COMPLETED,PHASE1,Healthy Subjects,2018-02-23
Famotidine,NCT04175925,"A Study Assessing the Drug Levels, Drug Effects, and Safety of BMS-986322 in Healthy Participants",COMPLETED,PHASE1,Healthy Participants,2019-11-13
Famotidine,NCT04536961,A Study to Evaluate the Drug Levels of BMS-986165 When Taken as Various Solid Tablet Prototypes by Healthy Participants,COMPLETED,PHASE1,Healthy Volunteers,2020-08-28
Famotidine,NCT01734759,Influence of Medication Taste on Pediatric Prescribers' Prescribing Habits,COMPLETED,PHASE1,Healthy,2012-11-17
Famotidine,NCT04550195,"A Study to Evaluate the Safety, Tolerability, and Drug Levels of BMS-986337 When Taken by Mouth by Healthy Participants",COMPLETED,PHASE1,Healthy Volunteers,2020-09-11
Famotidine,NCT04935112,A Study to Explore the Effect of Acid-reducing Agents,COMPLETED,PHASE1,Healthy Adults,2021-06-10
Famotidine,NCT01511731,Bioavailability Study of Famotidine Tablets 40 mg Under Fasting Conditions,COMPLETED,PHASE1,Healthy,2012-01-12
Famotidine,NCT05599828,A Study to Evaluate the Impact of Acid-reducing Agents on the Pharmacokinetics (PK) of AMG 510 in Healthy Participants,COMPLETED,PHASE1,Healthy Participants,2022-10-26
Famotidine,NCT02790125,"A Randomized, Double Blind Placebo-Controlled, Single Ascending Dose Study to Evaluate the Safety, Tolerability, Pharmacokinetics, and Pharmacodynamics of BMS-986166 in Healthy Subjects",COMPLETED,PHASE1,Healthy,2016-05-31
Famotidine,NCT05255276,PK Study to Assess Drug-drug Interaction Between Sitravatinib and a P-gp Inducer and an Inhibitor.,COMPLETED,PHASE1,Healthy Adults,2022-02-10
Famotidine,NCT01079052,A Relative Bioavailability Study of 20 mg Famotidine Tablets Under Fed Condition,COMPLETED,,Healthy,2010-02-18
Famotidine,NCT06054464,A Study to Investigate the Effects of Acid Reducing Agents on Pharmacokinetics of PC14586 in Healthy Participants,COMPLETED,PHASE1,Healthy Volunteers,2023-09-08
Famotidine,NCT04209699,A Study Comparing the Effects of Famotidine Pretreatment and of Food on the Relative Bioavailability of BMS-986165 in Healthy Volunteers,COMPLETED,PHASE1,Healthy Participants,2019-12-23
Famotidine,NCT02684799,Pharmacokinetic and Safety Study of Cenicriviroc and Acid Reducing Agents When Dosed Alone or in Combination,COMPLETED,PHASE1,Healthy,2016-02-03
Famotidine,NCT04453189,A Study to Assess the Effects of Acid-Reducing Agent(s) on JNJ-64417184 in Healthy Participants,COMPLETED,PHASE1,Healthy Participants,2020-06-29
Famotidine,NCT05866627,A Study to Assess the Effect of Famotidine on the Drug Levels of Afimetoran in Healthy Participants,RECRUITING,PHASE1,Healthy Volunteers,2023-05-10
Famotidine,NCT02534636,Safety Study of BMS-986165 in Healthy Subjects and to Treat Psoriasis,COMPLETED,PHASE1,Healthy Subjects,2015-08-23
Famotidine,NCT07171619,Evaluate the Effects of Famotidine or Rabeprazole on the PK of Nirogacestat,RECRUITING,PHASE1,Healthy,2025-08-07
Famotidine,NCT06507904,A Study to Learn How Different Preparations of Osivelotor Taste and Enter the Blood With Food or Liquids or With an Antacid in Healthy Adults,NOT_YET_RECRUITING,PHASE1,Healthy,2024-07-12
Famotidine,NCT02097329,Study Of Three Different Stomach Acid Reducing Agents When Given With Palbociclib (PD-0332991) And Food,COMPLETED,PHASE1,Healthy,2014-03-24
Famotidine,NCT06851871,"A Study to Evaluate the Bioequivalence Between Immediate Release Tablets and Minitablets of Deucravacitinib (BMS-986165), and the Effect of Food and pH on the Drug Levels of the Minitablets in Healthy Adults",COMPLETED,PHASE1,Healthy Participants,2025-01-22
Famotidine,NCT01910090,Bioequivalence Study of FLURBIPROFEN 100 mg FAMOTIDINE 20 mg MULTI-LAYER TABLET in Healthy Subjects Under Fasting Conditions,COMPLETED,PHASE1,Healthy,2012-12-15
Famotidine,NCT04390334,"A Study in Healthy Male Subjects to Investigate the Effect of Famotidine and Efavirenz on the Way the Body Takes up, Distributes, and Gets Rid of Daridorexant.",COMPLETED,PHASE1,Healthy,2020-05-12
Famotidine,NCT06332638,"PK, PD and Safety of Tegoprazan 12.5 mg After Oral Administration in Healthy Subjects",ENROLLING_BY_INVITATION,PHASE1,Healthy,2024-02-20
Famotidine,NCT04941755,A Study to Determine the Effect of Famotidine on the Drug Levels of BMS-986256 in Healthy Participants,COMPLETED,PHASE1,Healthy Participants,2021-06-24
Famotidine,NCT06213818,"A Study to Evaluate the Safety, Tolerability, and Pharmacokinetics of INCB160058 When Administered Orally to Healthy Adult Participant",COMPLETED,PHASE1,Healthy Participants,2024-01-10
Famotidine,NCT06144697,"A Study to Evaluate the Safety, Tolerability, Drug Levels, Food, Formulation, and pH Effects on Relative Absorption of BMS-986465 and Its Active Derivative BMS-986464 in Healthy Participants",TERMINATED,PHASE1,Healthy Participants,2023-11-17
Empagliflozin,NCT07035457,A Study in Healthy Men to Compare the Amount of Vicadrostat and Empagliflozin in the Blood When Taken Separately and Together,COMPLETED,PHASE1,Healthy,2025-06-17
Empagliflozin,NCT02758171,Bioequivalence of a Fixed Dose Combination Tablet of Empagliflozin/Linagliptin Compared With the Free Combination of Empagliflozin Tablet and Linagliptin Tablet in Healthy Male and Female Subjects,COMPLETED,PHASE1,Healthy,2016-04-29
Empagliflozin,NCT02230995,Bioequivalence of a Fixed Dose Combination Tablet of Empagliflozin/Metformin Extended Release Compared With Mono Compound Tablets in Healthy Subjects,COMPLETED,PHASE1,Healthy,2014-08-29
Empagliflozin,NCT02182453,Single Rising Oral Doses of BI 10773 in Healthy Male Volunteers,COMPLETED,PHASE1,Healthy,2014-07-02
Empagliflozin,NCT05956522,Bioequivalence Study of Empagliflozin And Linagliptin Tablets in Healthy Chinese Subjects,COMPLETED,PHASE1,Healthy,2023-07-14
Empagliflozin,NCT01304329,Drug-drug Interaction of Empagliflozin (BI 10773) and Simvastatin,COMPLETED,PHASE1,Healthy,2011-02-21
Empagliflozin,NCT05823870,This Study is to Compare and Evaluate the Safety and Pharmacokinetic Characteristics (PK) After Administration of DW6014 and Each Component(Empagliflozin and Metformin) in Healthy Adult Volunteers in Fast Condition.,COMPLETED,PHASE1,Healthy Subjects,2023-04-10
Empagliflozin,NCT01634100,"Drug-interaction Trial in Healthy Subjects With Oral Administration of Empagliflozin (BI 10773), Rifampicin and Probenecid",COMPLETED,PHASE1,Healthy,2012-07-03
Empagliflozin,NCT03629054,"This Study in Healthy People Tests Whether Taking a Low Strength of Empagliflozin, Linagliptin, and Metformin Together in 1 Pill is the Same as Taking Them in Separate Pills",COMPLETED,PHASE1,Healthy,2018-08-09
Empagliflozin,NCT01975220,Relative Bioavailability of 2 Fixed Dose Combinations of Empagliflozin/Metformin Compared With Single Tablets,COMPLETED,PHASE1,Healthy,2013-10-29
Empagliflozin,NCT02266472,Bioequivalence of a Fixed Dose Combination Tablet of Empagliflozin/Metformin Extended Release Compared With Mono Compound Tablets in Healthy Male and Female,COMPLETED,PHASE1,Healthy,2014-10-16
Empagliflozin,NCT02172248,Relative Bioavailability BI 10773 and Metformin in Healthy Male Volunteers,COMPLETED,PHASE1,Healthy,2014-06-20
Empagliflozin,NCT01301742,Relative Bioavailability of Single Dose Empagliflozin (BI 10773) When Co-administered With Multiple Doses of 600 mg Gemfibrozil Compared to Single Dose Treatment With Empagliflozin (BI 10773) When Given Alone in Healthy Volunteers,COMPLETED,PHASE1,Healthy,2011-02-22
Empagliflozin,NCT01276301,DDI Between BI Empagliflozin (10773) and Verapamil,COMPLETED,PHASE1,Healthy,2011-01-12
Empagliflozin,NCT02028767,Bioequivalence Study in Healthy Volunteers for Empagliflozin/Metformin Fixed Dose Combination Compared to Separate Tablets,COMPLETED,PHASE1,Healthy,2014-01-06
Empagliflozin,NCT02172196,Bioavailability of BI 10773 and Sitagliptin in Healthy Male Volunteers,COMPLETED,PHASE1,Healthy,2014-06-20
Empagliflozin,NCT02276365,Bioavailability of BI 10773 and Pioglitazone in Healthy Male Volunteers,COMPLETED,PHASE1,Healthy,2014-10-27
Empagliflozin,NCT06339788,Pharmacokinetics of HD-P023 and Co-administration of Teneligliptin and Empagliflozin High in Healthy Volunteers,COMPLETED,PHASE1,Healthy Volunteers,2024-03-20
Empagliflozin,NCT02172222,Relative Bioavailability of BI 10773 and Linagliptin in Healthy Male Volunteers,COMPLETED,PHASE1,Healthy,2014-06-20
Empagliflozin,NCT02172235,Relative Bioavailability of Pioglitazone After Co-administration With Different Doses of BI 10773 in Healthy Volunteers,COMPLETED,PHASE1,Healthy,2014-06-20
Empagliflozin,NCT05132023,"Bioequivalence Study of Empagliflozin & Metformin HCL From Empagliform 12.5/1000 mg F.C.T (Hikma Pharma, Egypt) and Synjardy 12.5/1000 mg F.C.T (Boehringer Ingelheim International GmbH, Germany)",COMPLETED,PHASE1,Healthy,2021-11-16
Empagliflozin,NCT01189201,"Rel. BA of Empagliflozin (BI 10773)/Linagliptin FDC Tbl, Comparison With Mono-components, With a Second FDC Tablet and Influence of Food",COMPLETED,PHASE1,Healthy,2010-08-25
Empagliflozin,NCT01328184,Drug-drug Interaction of Empagliflozin (BI 10773) and Microgynon,COMPLETED,PHASE1,Healthy,2011-04-01
Empagliflozin,NCT07102719,Pharmacokinetics and Safety of HD-P023 and Co-administration of Teneligliptin and Empagliflozin High in Healthy Volunteers,NOT_YET_RECRUITING,PHASE1,Healthy Volunteers,2025-07-30
Empagliflozin,NCT02102932,Bioavailability of Empagliflozin/Metformin Fixed Dose Combinations (FDCs) in Healthy Chinese Volunteers,COMPLETED,PHASE1,Healthy,2014-03-31
Carvedilol,NCT00834795,"Carvedilol 25 mg in 36 Fasted, Healthy, Adult Subjects",COMPLETED,PHASE1,Healthy,2009-01-30
Carvedilol,NCT00775619,Bioequivalence Study of Carvedilol 12.5mg Tablets Under Fed Conditions,COMPLETED,,Healthy,2008-10-16
Carvedilol,NCT00834873,"Carvedilol (25 mg) in 24 Fed, Healthy, Adult Subjects",COMPLETED,PHASE1,Healthy,2009-01-30
Carvedilol,NCT00650416,Fasting Study of Carvedilol Tablets 12.5 mg to Coreg® Tablets 12.5 mg,COMPLETED,PHASE1,Healthy,2008-03-30
Carvedilol,NCT01064154,"Carvedilol 25 mg Film-coated Tablets, Bioequivalence Study of Dr. Reddys Under Fasting Conditions",COMPLETED,PHASE1,Healthy,2010-02-04
Carvedilol,NCT00648622,Fed Study of Carvedilol Tablets 12.5 mg to Coreg® Tablets 12.5 mg,COMPLETED,PHASE1,Healthy,2008-03-30
Carvedilol,NCT00864149,A Relative Bioavailability Study of Carvedilol 12.5 mg Tablets Under Non-fasting Conditions,COMPLETED,PHASE1,Healthy,2009-03-17
Carvedilol,NCT00776113,Bioequivalence Study of Carvedilol 12.5mg Tablets Under Fasting Conditions,COMPLETED,,Healthy,2008-10-16
Carvedilol,NCT01064180,"Carvedilol 25 mg Film-coated Tablets, Bioequivalence Study of Dr. Reddys Under Fed Conditions",COMPLETED,PHASE1,Healthy,2010-02-04
Carvedilol,NCT00864435,A Relative Bioavailability Study of Carvedilol 12.5 mg Tablets Under Fasting Conditions,COMPLETED,PHASE1,Healthy,2009-03-17
Carvedilol,NCT02286934,Cytochrome P450 2D6 Genotype on the Clinical Effect of Carvedilol,COMPLETED,PHASE1,Healthy,2014-09-05
Tramadol,NCT01443520,Effect of Duloxetine and Venlafaxine on the Pharmacokinetics and Pharmacodynamics of Oral Tramadol: A Three-phase Randomized Balanced Cross-over Study in Healthy Volunteers,COMPLETED,PHASE4,Healthy,2011-09-28
Tramadol,NCT05533073,"Comparative Bioavailability Study Between Etoricoxib and Tramadol, Administered Individually or in Combination",COMPLETED,PHASE1,Healthy,2022-09-06
Tramadol,NCT01304069,Effect of Celecoxib and Etoricoxib on the Pharmacokinetics and Pharmacodynamics of Oral Tramadol,COMPLETED,PHASE1,Healthy,2011-02-24
Tramadol,NCT03054220,Impact of Genetic Polymorphism on Drug-Drug Interactions Involving CYP2D6,COMPLETED,,Healthy,2017-02-06
Tramadol,NCT00834912,Study of Two Tramadol Contramid® OAD 300 mg Controlled-Release Tablets From Two Different Manufacturing Sites Following a 300 mg Dose in Healthy Subjects Under Fasting and Fed Conditions,COMPLETED,PHASE1,Healthy,2009-01-30
Tramadol,NCT00834808,"A Dose Linearity Study of the Labopharm Formulation of Tramadol HCl/Contramid®, 100 mg, 200 mg and 300 mg After A Single Oral Administration In Fasting Condition, In Healthy Human Volunteers",COMPLETED,PHASE1,Healthy,2009-01-30
Tramadol,NCT07032558,Comparison of DW-1021 and Separate Doses of Pelubi CR and Zytram CR Under Fasting Conditions,RECRUITING,PHASE1,Healthy Volunteer,2025-06-15
Tramadol,NCT00834366,A Study to Compare the Relative Bioavailability of Two 200 Mg Tramadol Hydrochloride Tablet Products Under Fasting Conditions,COMPLETED,PHASE1,Healthy,2009-01-30
Tramadol,NCT02465866,"A Four-Period, Four-Treatment, Four-Way Relative Bioavailability Study of CL-108 Under Fed and Fasted Conditions",COMPLETED,PHASE1,Healthy,2015-06-04
Tramadol,NCT04294394,"Rhomboid Block,erectör Spiane Block, Thoracotomy",COMPLETED,,Anesthesia,2020-03-01
Tramadol,NCT01947920,A Dose Ranging Escalation Study of Tramadol Hydrochloride in Healthy Volunteers,COMPLETED,PHASE1,Healthy,2013-08-13
Tramadol,NCT02307864,Study to Evaluate the Effects of Tramadol Hydrochloride on Cardiac Repolarization in Healthy Participants,COMPLETED,PHASE1,Healthy,2014-12-02
Alprazolam,NCT03509285,A Study of the Abuse Liability Potential of Cenobamate in Recreational Drug Users,COMPLETED,PHASE1,Healthy Volunteer,2017-04-17
Alprazolam,NCT05626439,A Relative Bioavailability Study of Staccato Alprazolam Versus Oral Alprazolam in Healthy Study Participants,COMPLETED,PHASE1,Healthy Participants,2022-11-15
Alprazolam,NCT00810316,Evaluate Pharmacokinetics Of Two Different Pharmaceutical Oral Formulations Of Alprazolam And A Clonazepam Tablet In Mexican Healthy Population,COMPLETED,PHASE1,Pharmacokinetics,2008-12-16
Alprazolam,NCT00860119,Bioequivalence of Alprazolam Sublingual vs Oral Tablets,COMPLETED,PHASE1,Healthy,2009-03-10
Alprazolam,NCT01322867,A Bioequivalence Study Of A New Alprazolam Dropped Formulation Versus Alprazolam Tablets,COMPLETED,PHASE4,Healthy,2011-03-23
Alprazolam,NCT01188031,A Relative Bioavailability Study of 2 mg Alprazolam OD Tablets Under Fasting Conditions,COMPLETED,PHASE1,Healthy,2010-08-23
Alprazolam,NCT00877955,Bioequivalence Of A Test Alprazolam Sublingual Formulation Compared To A Commercial Sublingual Formulation,WITHDRAWN,PHASE1,Healthy,2009-04-07
Alprazolam,NCT03516305,Pharmacokinetic Study Evaluating Staccato® Alprazolam 1 mg Inhaler in Smokers Versus Non-Smokers,COMPLETED,PHASE1,Healthy,2018-04-24
Alprazolam,NCT01161472,A Study to Assess the Cognitive Effects of Fesoterodine in Elderly Subjects,COMPLETED,PHASE1,Healthy,2010-07-12
Alprazolam,NCT01046162,A Study Of Two Oral Preparations Of 2 Mg Alprazolam In Healthy Volunteers Under Fasting Conditions,WITHDRAWN,PHASE1,Healthy,2010-01-07
Alprazolam,NCT00647634,Fasting Study of Alprazolam Extended-Release Tablets 3 mg to Xanax XR® Tablets 3 mg,COMPLETED,PHASE1,Healthy,2008-03-30
Alprazolam,NCT00647894,Fasting Study of Alprazolam Extended-Release Tablets 1 mg to Xanax XR Tablets 1 mg,COMPLETED,PHASE1,Healthy,2008-03-28
Alprazolam,NCT01285505,Bioequivalence of a New and a Commercial Alprazolam Sublingual Formulation,WITHDRAWN,PHASE1,Healthy,2011-01-26
Alprazolam,NCT00878514,Bioequivalence Study Comparing Two Alprazolam 1 mg Tablets Under Fed Conditions,COMPLETED,PHASE1,Healthy,2009-04-08
Alprazolam,NCT05602818,A Study of Soticlestat in Healthy Adult Nondependent Recreational Drug Users With Central Nervous System (CNS) Depressant Experience,COMPLETED,PHASE1,Healthy Volunteers,2022-10-28
Alprazolam,NCT01188057,A Relative Bioavailability Study of 2 mg Alprazolam OD Tablets Under Non-Fasting Conditions,COMPLETED,PHASE1,Healthy,2010-08-23
Alprazolam,NCT02570581,MELA Study - Hedonic Study on the Taste of Drugs Crushed in Food: Observational Study Involving 16 Healthy Volunteers,COMPLETED,PHASE1,Healthy,2015-09-29
Alprazolam,NCT01330472,An Bioequivalence Study Of Xanax Extended Release Tablets From Two Different Manufacturing Sites,COMPLETED,PHASE1,Healthy Subjects,2011-04-05
Alprazolam,NCT00444522,Staccato Alprazolam Single Dose PK,COMPLETED,PHASE1,Healthy,2007-03-05
Alprazolam,NCT00865761,A Relative Bioavailability Study of Alprazolam 3 mg ER Tablets Under Fasting Conditions,COMPLETED,PHASE1,Healthy,2009-03-18
Alprazolam,NCT00829426,Alprazolam Extended-Release 3mg Tablets Bioequivalence Study Under Fasting Conditions,COMPLETED,PHASE1,Healthy,2009-01-26
Alprazolam,NCT07020988,A Study to Assess the Time to Onset of Action of Staccato Alprazolam Versus Midazolam and Diazepam in Healthy Participants,RECRUITING,PHASE1,Healthy Participants,2025-06-05
Alprazolam,NCT00878865,Bioequivalence Study Comparing Two Alprazolam 1 mg Tablets,COMPLETED,PHASE1,Healthy,2009-04-08
Alprazolam,NCT00580190,Evaluation Of PF-00572778 And Alprazolam On Naloxone Challenge In Healthy Subjects,TERMINATED,PHASE1,Healthy,2007-12-20
Alprazolam,NCT01027689,Bioequivalence of a New Sublingual and a Reference Alprazolam Immediate Release Tablet Formulation,WITHDRAWN,PHASE1,Healthy,2009-12-07
Alprazolam,NCT02033707,Effects of Hallucinogens and Other Drugs on Mood and Performance,COMPLETED,PHASE1,Healthy,2013-12-30
Alprazolam,NCT00865657,A Relative Bioavailability Study of Alprazolam 3 mg Extended Release Tablets Under Non-fasting Conditions,COMPLETED,PHASE1,Healthy,2009-03-18
Alprazolam,NCT00830024,Alprazolam Extended-Release 3mg Tablets Bioequivalence Study Under Non-fasting Conditions,COMPLETED,PHASE1,Healthy,2009-01-26
Alprazolam,NCT00650299,Fed Study of Alprazolam Extended-release Tablets 3 mg to Xanax XR® Tablets 3 mg,COMPLETED,PHASE1,Healthy,2008-03-30
Prednisone,NCT02268149,Study to Evaluate the Effect of Multiple Doses of BIIL 284 BS on the Pharmacokinetics of Prednisone in Healthy Male Subjects,COMPLETED,PHASE1,Healthy,2014-10-16
Prednisone,NCT05003713,Single and Multiple Ascending Dose Study of CORT125236 in Healthy Participants,COMPLETED,PHASE1,Healthy,2021-07-26
Hydroxyzine,NCT01064102,"Cetirizine Hydrochloride Tablets, 10 mg Bioequivalence Study of Dr.Reddy's Under Fasting Condition",COMPLETED,PHASE1,Healthy,2010-02-04
Hydroxyzine,NCT00776139,Bioequivalence Study of Cetirizine Hydrochloride 10mg Tablets Under Fasting Conditions,COMPLETED,,Healthy,2008-10-17
Hydroxyzine,NCT00776022,Bioequivalence Study of Cetirizine Hydrochloride 10mg Tablets Under Fed Conditions,COMPLETED,,Healthy,2008-10-17
Hydroxyzine,NCT00650065,Fasting Study of Cetirizine HCl Tablets 10 mg and Zyrtec® Tablets 10 mg,COMPLETED,PHASE1,Healthy,2008-03-30
Hydroxyzine,NCT00863902,A Relative Bioavailability Study of Cetirizine HCl 10 mg Tablets Under Non-fasting Conditions,COMPLETED,PHASE1,Healthy,2009-03-17
Hydroxyzine,NCT01496911,Effects of Levocetirizine and Hydroxyzine on Cognitive and Psychomotor Functioning During Simulated Diving,COMPLETED,PHASE4,Healthy Volunteers,2011-12-19
Hydroxyzine,NCT01064115,"Cetirizine Hydrochloride Tablets, 10 mg Bioequivalence Study of Dr.Reddy's Under Fed Condition",COMPLETED,PHASE1,Healthy,2010-02-04
Hydroxyzine,NCT00864279,A Relative Bioavailability Study of Cetirizine HCl 10 mg Tablets Under Fasting Conditions,COMPLETED,PHASE1,Healthy,2009-03-17
Hydroxyzine,NCT00649857,Food Study of Cetirizine HCl Tablets 10 mg and Zyrtec® 10 mg,COMPLETED,PHASE1,Healthy,2008-03-30
Hydroxyzine,NCT00162786,"Comparative Effects of Rupatadine 10 mg, Hydroxyzine 50 mg and Placebo on Actual Driving Performance",TERMINATED,PHASE4,Healthy,2005-09-09
Hydroxyzine,NCT02535416,A Study of ARC-520 at Varying Infusion Rates in Healthy Adult Volunteers,COMPLETED,PHASE1,Healthy,2015-08-24
Hydroxyzine,NCT02756624,"A Multi-Center, Vehicle-Controlled, Parallel-Group Study Evaluating the Safety of AC-170 Ophthalmic Solution",COMPLETED,PHASE3,Healthy Subjects,2016-04-20
Buspirone,NCT00840606,"Buspirone Hydrochloride 30mg Tablets, Fasting",COMPLETED,PHASE1,Healthy,2009-02-06
Buspirone,NCT00840398,"Buspirone Hydrochloride 30mg Tablets, Non-Fasting",COMPLETED,PHASE1,Healthy,2009-02-06
Clopidogrel,NCT01129414,Interaction Study of Clopidogrel 600/150 mg Given Alone or Concomitantly With Omeprazole 80 mg in Healthy Subjects,COMPLETED,PHASE1,Healthy,2010-05-21
Clopidogrel,NCT05934799,Bioequivalence Study of Two Formulations of Clopidogrel Film-coated Tablets 75 mg in Healthy Male Subjects Under Fasting Conditions,COMPLETED,PHASE1,Bioequivalence,2023-06-28
Clopidogrel,NCT02222987,Influence of Clopidogrel on the Pharmacodynamics and Safety of Terbogrel in Healthy Male Subjects,COMPLETED,PHASE1,Healthy,2014-08-21
Clopidogrel,NCT01108588,Reproducibility and Comparison of Platelet Function Assays With Aspirin and Clopidogrel (MK-0000-167),COMPLETED,PHASE1,Healthy Volunteers,2010-04-20
Clopidogrel,NCT01469416,Drug Interaction Study of Clopidogrel and Rosuvastatin,COMPLETED,PHASE1,Healthy,2011-10-28
Clopidogrel,NCT00650169,Food Study of Clopidogrel Bisulfate Tablets 75 mg to Plavix® Tablets 75 mg,COMPLETED,PHASE1,Healthy,2008-03-30
Clopidogrel,NCT03430661,"A Study to Investigate the Interaction Between ACT-246475 and Clopidogrel, Prasugrel, and Ticagrelor in Healthy Subjects",COMPLETED,PHASE1,Healthy,2018-01-30
Clopidogrel,NCT01129271,Food Effect Study on Pharmacodynamic and Bioavailability of Clopidogrel 300/75 mg in Healthy Subjects,COMPLETED,PHASE1,Healthy,2010-05-21
Clopidogrel,NCT01129388,Interaction Study of Clopidogrel 300/75 mg Given Alone or With Omeprazole 80 mg 12 Hours Apart in Healthy Subjects,COMPLETED,PHASE1,Healthy,2010-05-21
Glipizide,NCT00648505,Food Study of Glipizide and Metformin HCl Tablets 5 mg/500 mg to Metaglip® Tablets 5 mg/500 mg,COMPLETED,PHASE1,Healthy,2008-03-30
Glipizide,NCT00835497,"5 mg Glipizide/500 mg Metformin Hydrochloride Tablets, Fasting",COMPLETED,PHASE1,Healthy,2009-01-30
Glipizide,NCT00806013,Study the Effects of CYP2C Polymorphisms on the Pharmacokinetics and Pharmacodynamics of Glipizide,COMPLETED,,Healthy,2008-12-09
Glipizide,NCT00649454,Fasting Study of Glipizide and Metformin HCl Tablets 5 mg/500 mg to Metaglip® Tablets 5 mg/500 mg,COMPLETED,PHASE1,Healthy,2008-03-30
Glipizide,NCT00834587,"5 mg Glipizide/500 mg Metformin Hydrochloride Tablets, Non-Fasting",COMPLETED,PHASE1,Healthy,2009-01-30
Citalopram,NCT03907215,A Clinical Study to Examine the Drug-drug Interactions Between ACT-541468 and Citalopram in Healthy Male and Female Subjects,COMPLETED,PHASE1,Healthy,2019-03-21
Citalopram,NCT01951053,"A Study to Evaluate Safety, Tolerability, Pharmacodynamics, and Pharmacokinetics of JNJ-404118413 in Healthy Male Patients",COMPLETED,PHASE1,Healthy,2013-08-27
Citalopram,NCT01149967,Bioequivalence Study of Citalopram Hydrobromide Tablets 40 mg of Dr.Reddy's Laboratories Limited Under Fasting Conditions,COMPLETED,PHASE1,Healthy,2010-06-21
Citalopram,NCT00386841,Outcome Following Antidepressant Treatment on Possible Endo-Phenotypes for Major Depression,COMPLETED,PHASE4,Healthy,2006-10-11
Citalopram,NCT02122939,A Clinical Trial to Investigate the Pharmacokinetics and the Effect on ECG of Escitalopram in Elderly Volunteers,COMPLETED,PHASE1,Healthy,2014-04-23
Citalopram,NCT00648661,Food Study of Escitalopram Oxalate Tablets 20 mg to Lexapro® Tablets 20 mg,COMPLETED,PHASE1,Healthy,2008-03-30
Citalopram,NCT00940238,"Study Comparing Citalopram Hydrobromide Tablets 40 mg (Torrent Pharmaceuticals Ltd) and RLD Tablets 40 mg (Manufactured By Forest Pharmaceuticals Inc, Missouri) in 24+2 Normal Healthy Male Subjects Under Fasting Condition",COMPLETED,PHASE1,Healthy,2009-07-13
Citalopram,NCT01638689,A PET Study to Determine Alterations in Serotonin Levels in Human Brain After a Single Dose of Escitalopram,COMPLETED,PHASE1,Healthy,2012-07-03
Citalopram,NCT01871701,Clinical Trial to Investigate the Effect on Corrected QT Interval Prolongation by Psychotropic Drugs,COMPLETED,PHASE1,Healthy,2012-12-05
Citalopram,NCT00939835,"Study Comparing Citalopram Hydrobromide Tablets 40 mg (Torrent Pharmaceuticals Ltd) and RLD Tablets 40 mg (Manufactured By Forest Pharmaceuticals Inc, Missouri) in 24+2 Normal Healthy Male Subjects in Fed Condition",COMPLETED,PHASE1,Healthy,2009-07-13
Citalopram,NCT00550485,Pharmacokinetic and Pharmacodynamic Effects of Escitalopram Depending on Genetic Polymorphisms of the ABCB1-gene,COMPLETED,,Pharmacokinetics,2007-10-29
Citalopram,NCT01395433,Bioequivalence Study Comparing Two Formulations of Escitalopram,COMPLETED,PHASE1,Healthy,2011-07-13
Citalopram,NCT00865085,A Relative Bioavailability Study of Citalopram 40 mg Tablets Under Fasting Conditions,COMPLETED,PHASE1,Healthy,2009-03-17
Potassium Chloride,NCT01218711,"Bioequivalence Study of Losartan Potassium and Hydrochlorothiazide (100 mg / 25 mg Tablet) [Test Formulation, Torrent Pharmaceuticals Ltd., India] Versus Hyzaar® (100 mg / 25 mg Tablet) [Reference Formulation, Merck & Co., Inc., USA] in Healthy Human Volunteers Under Fasting Conditions.",COMPLETED,PHASE1,Healthy,2010-10-07
Potassium Chloride,NCT03105375,"Safety, Tolerability, Pharmacokinetics and Pharmacodynamics of X842 in Human: A Single/Multiple Ascending Dose Study",COMPLETED,EARLY_PHASE1,Healthy Volunteers,2017-03-01
Potassium Chloride,NCT00835705,Amoxicillin-Clavulanic Acid 400 Mg-57 mg Chewable Tablets Under Fasting Conditions,COMPLETED,PHASE1,Healthy,2009-02-02
Potassium Chloride,NCT00564772,Raltegravir Kaletra Pharmacokinetics,COMPLETED,PHASE4,Healthy,2007-11-27
Potassium Chloride,NCT01064739,Renal Salt Handling in Postural Tachycardia Syndrome Following Dietary Dopa Administration,COMPLETED,EARLY_PHASE1,Healthy Participants,2010-02-05
Potassium Chloride,NCT05323084,Effect of a Dietary Supplement on Quality of Life,COMPLETED,,Quality of Life,2022-03-27
Potassium Chloride,NCT00778284,Bioequivalence Study of Amoxicillin 400 mg/Clavulanic Acid 57 mg Chewable Tablets Under Fed Conditions,COMPLETED,,Healthy,2008-10-22
Potassium Chloride,NCT04322266,"A Study to Compare the Pharmacokinetics, Safety and Tolerability Between Fixed-Dose Combination and Co-Administration of HGP0904, HGP0608 and HCP1306 Tablets in Healthy Male Subjects.",COMPLETED,PHASE1,Healthy,2019-09-09
Potassium Chloride,NCT00927017,The Effect of Liquorice on Plasma Potassium,TERMINATED,,Healthy,2009-06-22
Potassium Chloride,NCT00809718,The Effect of Rifapentine on Raltegravir,COMPLETED,PHASE1,Healthy,2008-12-15
Potassium Chloride,NCT06467825,Effect of Sex on Orthostatic Intolerance and Cardiovascular Response During Lunar Descent and Ascent,RECRUITING,,Healthy,2024-03-07
Potassium Chloride,NCT01149473,Losartan Potassium/Hydrochlorothiazide 100/25 mg Tablets in Healthy Subjects Under Non-Fasting Conditions,COMPLETED,PHASE1,Healthy,2010-06-21
Potassium Chloride,NCT00802074,An Interaction Study to Assess Drug Levels in Fasting Healthy Adult Subjects,COMPLETED,,Healthy,2008-12-03
Potassium Chloride,NCT06277609,A Trial Investigating Lu AF28996 in Healthy Adult Participants,COMPLETED,PHASE1,Healthy Participants,2024-02-19
Allopurinol,NCT02581553,Lesinurad/Allopurinol 200/300 FDC Tablets Bioavailability,COMPLETED,PHASE1,Healthy,2015-10-12
Allopurinol,NCT05360628,Evaluation of PK and Safety of D-0120 and Allopurinol,COMPLETED,EARLY_PHASE1,Healthy,2021-11-01
Allopurinol,NCT04347005,The Study is Designed to Evaluate Single Ascending Doses of AR882 in Healthy Adult Males,COMPLETED,PHASE1,Healthy Volunteers,2020-03-10
Allopurinol,NCT02398448,IVIVR Assessing PK Parameters Used to Establish Bioequivalence,COMPLETED,PHASE1,Healthy,2015-03-20
Allopurinol,NCT02888054,Lesinurad/Allopurinol 200/300 FDC Tablets Bioequivalence,COMPLETED,PHASE1,Healthy,2016-08-30
Aspirin,NCT02268773,Effects of Acetylsalicylic Acid Compared With the Combination of Acetylsalicylic Acid + Modified-release Dipyridamole on Serum Thromboxane B2 Formation and Platelet Aggregation in Healthy Volunteers,COMPLETED,PHASE1,Healthy,2014-10-17
Aspirin,NCT05625334,Study to Compare the Pharmacodynamics and Pharmacokinetics of Acetylsalicylic Acid Powder for Oral Inhalation With Non-enteric-coated Chewable Aspirin in Healthy Adults.,COMPLETED,PHASE1,Healthy Volunteers,2022-11-01
Aspirin,NCT03590821,Timed Aspirin Chronobiome Study,NOT_YET_RECRUITING,EARLY_PHASE1,Healthy,2018-05-03
Aspirin,NCT00441519,A Parallel Group Study to Compare the Gastroprotective Effects of PA 325 Versus 81 mg Enteric Coated Aspirin,COMPLETED,PHASE1,Healthy,2007-02-27
Aspirin,NCT04146532,Aspirin Effects on Emotional Reactions,COMPLETED,EARLY_PHASE1,Healthy Adults,2019-10-28
Aspirin,NCT02187562,Effect of Steady State Meloxicam on Low Dose Aspirin Induced Inhibition of Platelet Aggregation and Thromboxane Synthesis in Healthy Males and Females,COMPLETED,PHASE1,Healthy,2014-07-10
Aspirin,NCT01108588,Reproducibility and Comparison of Platelet Function Assays With Aspirin and Clopidogrel (MK-0000-167),COMPLETED,PHASE1,Healthy Volunteers,2010-04-20
Aspirin,NCT01081353,Pharmacokinetic Study Comparing Aspirin and Effervescent Aspirin,COMPLETED,PHASE1,Pharmacokinetics,2010-03-04
Aspirin,NCT02273479,Pharmacokinetics and Safety of Asasantin Extended Release (RAD-SP) Capsules in Japanese Healthy Male Volunteers,COMPLETED,PHASE1,Healthy,2014-10-23
Aspirin,NCT05166096,"Comparative Pharmacokinetic, Pharmacodynamic, and Safety Study of 1 Dose Level of Aspirin for Injection and Oral Aspirin Tablets in Healthy Adult Human Subjects",COMPLETED,PHASE1,Healthy,2021-12-08
Aspirin,NCT01199328,Study to Evaluate the Interaction Between Aspirin and Nexium,COMPLETED,PHASE1,Healthy Volunteers,2010-09-09
Cyclobenzaprine,NCT04407377,Effects of Tolperisone on Measures of Drowsiness and Cognitive Function,COMPLETED,PHASE1,Healthy,2020-05-07
Cyclobenzaprine,NCT01634412,"Comparative Bioavailability of Sublingual TNX-102, Oral and Intravenous Cyclobenzaprine in Healthy Adults",COMPLETED,PHASE1,Healthy Adults,2012-06-25
Cyclobenzaprine,NCT01889173,Comparative Pharmacokinetics and Safety of 3 Different Formulations of TNX-102 2.8 mg SL Tablets and Cyclobenzaprine 5 mg Oral Tablet in Healthy Adults,COMPLETED,PHASE1,Healthy Adults,2013-06-25
Cyclobenzaprine,NCT03443960,Steady-State Pharmacokinetic Comparison Study of TNX-102 SL 5.6 mg Versus AMRIX® 30 mg ER Capsules,COMPLETED,PHASE1,Healthy Subjects,2018-02-06
Cyclobenzaprine,NCT01689259,Comparative Pharmacokinetics and Safety of TNX-102 SL Tablets and Cyclobenzaprine Oral Tablet in Healthy Adults,COMPLETED,PHASE1,Healthy Adults,2012-09-14
Cyclobenzaprine,NCT03168022,Bioequivalence Study of TNX-102 SL 2.8 mg Sublingual Tablets From Two Manufacturers.,COMPLETED,PHASE1,Healthy Adults,2017-04-25
Cyclobenzaprine,NCT04164719,Dose-Proportionality and Food Effect Study of TNX-102 SL,COMPLETED,PHASE1,Healthy Subjects,2019-11-13
Cyclobenzaprine,NCT01490788,A Comparative Bioavailability and Pharmacokinetic Study of TNX-102 2.4 mg and Cyclobenzaprine 5 mg Tablets in Healthy Adults.,COMPLETED,PHASE1,Healthy,2011-12-07
Cyclobenzaprine,NCT00778037,"Bioequivalence Study of Cyclobenzaprine Hydrochloride 10 mg Tablets, USP Under Fasting Conditions",COMPLETED,,Healthy,2008-10-22
Ergocalciferol,NCT01139840,Relative Efficacy of Vitamins D2 and D3 in Adult Humans,COMPLETED,,Healthy,2010-06-07
Ergocalciferol,NCT02720575,Evaluation of the Bioavailability of Vitamin D2 in Yeast and Bread,COMPLETED,,Healthy,2016-03-22
Ergocalciferol,NCT05673980,Oral Vitamin D2 for Prevention of COVID-19,UNKNOWN,,Healthy Volunteers,2022-12-30
Ergocalciferol,NCT01190137,Study Comparing Two Isoforms of Vitamin D Supplements for Infants,COMPLETED,PHASE3,Healthy,2010-08-26
Oxycodone,NCT02211625,"A Safety, Tolerability, PD and PK Study in Healthy Adults",COMPLETED,PHASE1,Healthy,2014-07-29
Oxycodone,NCT01456520,Pharmacokinetics and Bioequivalence of Vycavert (10 mg Hydrocodone Bitartrate/325 mg Acetaminophen) Compared to the Reference Drug Norco,COMPLETED,PHASE1,Healthy,2011-10-14
Oxycodone,NCT01568450,"A Open-label, Single-dose Study to Investigate The Pharmacokinetics Between a GL2907 XL and Oxycontin CR Tab. 10mg in Healthy Male Volunteers",COMPLETED,PHASE1,Healthy,2012-03-19
Oxycodone,NCT01924676,Food Effect And Relative Bioavailability Study Of Oxycodone in Healthy Volunteers,COMPLETED,PHASE1,Healthy,2013-08-14
Oxycodone,NCT00853736,Fed Study of Oxycodone Hydrochloride 30 mg Tablets and Roxicodone™ 30 mg Tablets,COMPLETED,PHASE1,Healthy,2009-02-26
Oxycodone,NCT04223609,Non-intrusive Detection of Temporary Neurologic Impairment By Opioids,COMPLETED,PHASE1; PHASE2,Healthy,2020-01-08
Oxycodone,NCT01393652,"Single Dose, Dose Escalation Healthy Volunteers Study Of PF-05105679",COMPLETED,PHASE1,Healthy Volunteers,2011-05-23
Oxycodone,NCT00853216,Fasting Study of Oxycodone Hydrochloride 30 mg Tablets and Roxicodone™ 30 mg Tablets,COMPLETED,PHASE1,Healthy,2009-02-26
Oxycodone,NCT01101165,To Determine the Fasting Bioequivalence of Reformulated OXY Tablets and Original OxyContin® (OXY) Tablets,COMPLETED,PHASE1,Healthy,2010-04-08
Oxycodone,NCT01717027,Pharmacokinetics And Relative Bioavailability Study Of Oxycodone in Healthy Volunteers,COMPLETED,PHASE1,Healthy,2012-10-26
Oxycodone,NCT00955110,Study to Compare Oxymorphone Extended-Release (Opana ER) Versus Oxycodone Controlled-Release (Oxycontin),COMPLETED,PHASE4,Healthy,2009-08-05
Oxycodone,NCT01127906,Study To Assess The Effect Of PF-04531083 On Heat Pain In Healthy Volunteers With Ultraviolet Light Sensitized Skin,COMPLETED,PHASE1,Healthy,2010-05-20
Oxycodone,NCT02089295,Dose Proportionality Study Of PF-00345439 Formulation Under Fed Conditions,COMPLETED,PHASE1,Healthy,2014-03-13
Methylphenidate,NCT01852344,Behavioral Differences in Effortful Control,COMPLETED,,Healthy,2013-05-01
Methylphenidate,NCT02453698,Stimulant Effects on Brain Activity,COMPLETED,PHASE1,Healthy Volunteers,2015-05-21
Methylphenidate,NCT01465685,Emotional Effects of Methylphenidate and MDMA in Healthy Subjects,COMPLETED,PHASE1,Healthy,2011-10-28
Methylphenidate,NCT01118702,"A Study to Explore Plasma Levels of CONCERTA, Ritalin-SR and Novo-Methylphenidate ER-C in Healthy Volunteers",COMPLETED,PHASE1,Pharmacokinetics,2010-05-05
Methylphenidate,NCT00301639,A PET Study Examining Pharmacokinetics and Dopamine Transporter Receptor Occupancy Of Two Long-Acting Formulations of Methylphenidate in Adults,COMPLETED,PHASE3,Healthy Volunteers,2006-03-10
Methylphenidate,NCT00829673,Dexmethylphenidate Hydrochloride Tablets Under Non-Fasting Conditions,COMPLETED,PHASE1,Healthy,2009-01-26
Methylphenidate,NCT01993147,Functional Differences in Effortful Control,TERMINATED,,Healthy,2013-11-13
Methylphenidate,NCT00829712,Dexmethylphenidate Hydrochloride Tablets Under Fasting Conditions,COMPLETED,PHASE1,Healthy,2009-01-26
Methylphenidate,NCT00302367,An Open Label Phase I/II Study of Dopamine Transporter Receptor Occupancy With OROS and Immediate Release Methylphenidate as Measured With C-11 Altropane in Human Subjects,COMPLETED,PHASE4,Healthy Volunteers,2006-03-10
Methylphenidate,NCT01202734,A Pharmacokinetics and Safety of Methylphenidate HCl in Healthy Japanese Adult Male Volunteers,COMPLETED,PHASE1,Healthy,2010-09-14
Methylphenidate,NCT00815841,Methylphenidate in Healthy Young Adults,UNKNOWN,PHASE4,Healthy,2008-12-30
Methylphenidate,NCT03610282,EEG Study of IV Methylphenidate-Induced Emergence From Propofol Sedation,WITHDRAWN,PHASE1; PHASE2,Anesthesia,2018-07-26
Methylphenidate,NCT03280251,Methylphenidate and Cognitive Training in Elderly,UNKNOWN,PHASE2,Healthy Volunteers,2017-09-05
Venlafaxine,NCT01418625,Bioequivalence Study of Torrent Pharmaceutical Limited's Venlafaxine Hydrochloride ER Capsules Under Fed Conditions,COMPLETED,PHASE1,Healthy,2011-08-10
Venlafaxine,NCT01443520,Effect of Duloxetine and Venlafaxine on the Pharmacokinetics and Pharmacodynamics of Oral Tramadol: A Three-phase Randomized Balanced Cross-over Study in Healthy Volunteers,COMPLETED,PHASE4,Healthy,2011-09-28
Venlafaxine,NCT02637193,A Study to Assess The Effects Of Effexor XR On Cardiac Repolarization In Healthy Adult Subjects,COMPLETED,PHASE1,Healthy Subjects,2015-11-24
Venlafaxine,NCT00329186,Study Evaluating the Pharmacokinetics of Venlafaxine ER and Desvenlafaxine SR in Healthy Subjects,COMPLETED,PHASE3,Healthy,2006-05-23
Venlafaxine,NCT01235338,Co-Administration of LDX (SPD489) and Venlafaxine XR (EFFEXOR XR) in Healthy Volunteers,COMPLETED,PHASE1,Healthy,2010-11-02
Venlafaxine,NCT00834249,Venlafaxine 25 mg Tablets Under Non-Fasting Conditions,COMPLETED,PHASE1,Healthy,2009-01-30
Venlafaxine,NCT01418612,Bioequivalence Study of Torrent Pharmaceutical Limited's Venlafaxine Hydrochloride ER Capsules Under Fed Conditions,COMPLETED,PHASE1,Healthy,2011-08-10
Venlafaxine,NCT00834964,Venlafaxine 25 mg Tablets Under Fasting Conditions,COMPLETED,PHASE1,Healthy,2009-01-30
Venlafaxine,NCT01260896,Venlafaxine Hydrochloride 150 mg Extended-Release Capsules Under Fasting Conditions,COMPLETED,PHASE1,Healthy,2010-12-14
Venlafaxine,NCT01282801,Venlafaxine Hydrochloride 150 mg Extended-Release Capsules Under Fed Conditions,COMPLETED,PHASE1,Healthy,2011-01-24
Venlafaxine,NCT00871364,A Relative Bioavailability Study of 50 mg Venlafaxine Hydrochloride Tablets Under Fed Conditions,COMPLETED,PHASE1,Healthy,2009-03-26
Venlafaxine,NCT00676039,Comparison of the Pharmacokinetics of Two Generic Antidepressants and Their Respective Brand Preparations,COMPLETED,PHASE1,Healthy,2008-05-07
Venlafaxine,NCT01512459,Bioavailability Study of Venlafaxine MR Capsules 150 mg Under Fed Conditions,COMPLETED,PHASE1,Healthy,2012-01-10
Venlafaxine,NCT01282814,Venlafaxine Hydrochloride 150 mg Extended-Release Capsules Sprinkle Study,COMPLETED,PHASE1,Healthy,2011-01-24
Venlafaxine,NCT00362271,Aripiprazole and Effexor XR Drug Interaction Study,COMPLETED,PHASE1,Healthy,2006-08-07
Venlafaxine,NCT00727064,Study Evaluating the Pharmacokinetics of Venlafaxine Extended-Release (ER) and Desvenlafaxine Succinate Sustained-Release (DVS SR) 50 mg in Healthy Subjects,COMPLETED,PHASE1,Healthy,2008-07-29
Spironolactone,NCT01083290,"Pharmacokinetic Study of Spironolactone 25 mg, 50 mg and 100 mg Tablets",COMPLETED,PHASE1,Healthy,2010-03-08
Spironolactone,NCT06205407,A Study to Learn How the Body Processes Spironolactone and Hydrochlorothiazide Film Coated Tablets Manufactured at Two Sites: Viatris and Neolpharma,COMPLETED,PHASE1,Healthy Participants,2024-01-02
Spironolactone,NCT01314898,A Single Dose Study Of Antimineralocorticoid Activity Of PF-03882845 In Healthy Volunteers,COMPLETED,PHASE1,Healthy Volunteers,2011-03-03
Spironolactone,NCT01821703,A Study of LY3045697 After Multiple Oral Dosing in Healthy Participants,COMPLETED,PHASE1,Healthy Volunteers,2013-03-27
Ondansetron,NCT01220167,Three-way Crossover Study Comparing Ondansetron ODFS Administered With and Without Water to Zofran ODT Without Water,COMPLETED,PHASE1,Healthy Participants,2010-10-12
Ondansetron,NCT02652312,Dexmedetomidine and Desflurane Consumption,COMPLETED,,Anesthesia,2016-01-06
Ondansetron,NCT00649532,Fasting Study of Ondansetron Tablets 24 mg and Zofran® Tablets 24 mg,COMPLETED,PHASE1,Healthy,2008-03-30
Ondansetron,NCT00648804,Food Study of Ondansetron Orally Disintegrating Tablets 8 mg to Zofran ODT® Tablets 8 mg,COMPLETED,PHASE1,Healthy,2008-03-30
Ondansetron,NCT01511705,Bioequivalence Study for Ondansetron Hydrochloride Tablets 8 mg Under Fasting Condition,COMPLETED,PHASE1,Healthy,2012-01-13
Ondansetron,NCT00934921,Ondansetron HCl Orally Disintegrating Tablets Under Non-Fasting Conditions,COMPLETED,PHASE1,Healthy,2009-07-06
Ondansetron,NCT00659685,Bioavailability Study of Ondansetron 16 mg Orally Disintegrating Tablets Under Fasting Conditions,COMPLETED,PHASE1,Healthy,2008-04-10
Ondansetron,NCT01523093,Bioequivalence Study of Ondansetron Orally Disintegrating Tablets 8mg Under Fasting Conditions,COMPLETED,,Healthy,2012-01-27
Zolpidem,NCT00781482,Positron Emission Tomography Assessment of the Central Nervous System Effects of Eszopiclone and Zolpidem,WITHDRAWN,PHASE4,Healthy,2008-10-27
Zolpidem,NCT01071889,Safety and the Efficacy of a Sublingual Administration of Flumazenil to Reverse the Effect of Hypnotic Drugs in Healthy Adults,COMPLETED,PHASE1; PHASE2,Healthy,2010-02-17
Zolpidem,NCT00939536,Bioequivalence Study of Torrent Pharmaceutical Ltd.'s Zolpidem Tartrate Tablets Under Fasted Conditions,COMPLETED,PHASE1,Healthy,2009-07-13
Zolpidem,NCT00779441,Bioequivalence Study of Zolpidem 10 mg Tablets Under Fed Conditions,COMPLETED,,Healthy,2008-10-23
Zolpidem,NCT00833521,Zolpidem Tartrate 10 mg Tablets Under Fasting Conditions,COMPLETED,PHASE1,Healthy,2009-01-30
Zolpidem,NCT00684814,Bioequivalence Study of Zolpidem Tartrate Tablets and Ambien® Under Fasting Conditions,COMPLETED,PHASE1,Healthy,2008-05-24
Zolpidem,NCT00833937,Zolpidem Tartrate 10 mg Tablets Under Non-Fasting Conditions,COMPLETED,PHASE1,Healthy,2009-01-30
Zolpidem,NCT02817750,Pharmacokinetics Study of Zolpidem Hemitartarate Orodispersible Tablet 3.5 mg Formulation,COMPLETED,PHASE1,Healthy,2016-06-27
Zolpidem,NCT02578472,"Pilot Study to Evaluate the Duration of Effects on Simulated Car Driving and Cognitive Performance After a Single Dose of JNJ-42847922, Zolpidem and Placebo in Healthy Participants",COMPLETED,PHASE1,Healthy,2015-10-15
Zolpidem,NCT02607696,Pharmacokinetics of Zolpidem Orodispersible Tablet,WITHDRAWN,PHASE1,Healthy Volunteers,2015-11-16
Zolpidem,NCT06800378,Zolpidem's Effects on Road Cycling Performance,COMPLETED,PHASE4,Healthy,2024-12-23
Zolpidem,NCT00939367,Bioequivalence Study of Torrent Pharmaceutical Ltd.'s Zolpidem Tartrate Tablets Under Fed Conditions,COMPLETED,PHASE1,Healthy,2009-07-13
Zolpidem,NCT01243060,Effect of a Hypocretin/Orexin Antagonist on Neurocognitive Performance,COMPLETED,,Healthy Volunteers,2010-11-17
Zolpidem,NCT02814058,Pharmacokinetics Study of Zolpidem Hemitartarate Orodispersible Tablet 1.75 mg Formulation,COMPLETED,PHASE1,Healthy,2016-06-23
Zolpidem,NCT02033707,Effects of Hallucinogens and Other Drugs on Mood and Performance,COMPLETED,PHASE1,Healthy,2013-12-30
Zolpidem,NCT00779051,Bioequivalence Study of Zolpidem 10mg Tablets Under Fasting Conditions,COMPLETED,,Healthy,2008-10-23
Zolpidem,NCT02353299,"Assess the Effect of Zolpidem, Silenor & Placebo on Arousability, Ataxia/Balance & Cognition in Healthy Volunteers",COMPLETED,PHASE4,Healthy,2015-01-23
Zolpidem,NCT03008447,"Crossover Study to Evaluate the Effect of Lemborexant Versus Placebo and Zolpidem on Postural Stability, Auditory Awakening Threshold, and Cognitive Performance in Healthy Subjects 55 Years and Older",COMPLETED,PHASE1,Healthy Subjects,2016-12-29
Zolpidem,NCT00676026,Impact of GABA-Enhancing Agents on Cortical GABA Concentrations Across the Menstrual Cycle in Women,COMPLETED,,Healthy,2008-04-07
Cetirizine,NCT01064102,"Cetirizine Hydrochloride Tablets, 10 mg Bioequivalence Study of Dr.Reddy's Under Fasting Condition",COMPLETED,PHASE1,Healthy,2010-02-04
Cetirizine,NCT00776139,Bioequivalence Study of Cetirizine Hydrochloride 10mg Tablets Under Fasting Conditions,COMPLETED,,Healthy,2008-10-17
Cetirizine,NCT00776022,Bioequivalence Study of Cetirizine Hydrochloride 10mg Tablets Under Fed Conditions,COMPLETED,,Healthy,2008-10-17
Cetirizine,NCT00650065,Fasting Study of Cetirizine HCl Tablets 10 mg and Zyrtec® Tablets 10 mg,COMPLETED,PHASE1,Healthy,2008-03-30
Cetirizine,NCT00863902,A Relative Bioavailability Study of Cetirizine HCl 10 mg Tablets Under Non-fasting Conditions,COMPLETED,PHASE1,Healthy,2009-03-17
Cetirizine,NCT02173249,"A Single-Center, Open-Label, Study of the Plasma Pharmacokinetics and Safety of AC-170 0.24%",COMPLETED,PHASE1,Healthy,2014-06-13
Cetirizine,NCT01064115,"Cetirizine Hydrochloride Tablets, 10 mg Bioequivalence Study of Dr.Reddy's Under Fed Condition",COMPLETED,PHASE1,Healthy,2010-02-04
Cetirizine,NCT00864279,A Relative Bioavailability Study of Cetirizine HCl 10 mg Tablets Under Fasting Conditions,COMPLETED,PHASE1,Healthy,2009-03-17
Cetirizine,NCT00649857,Food Study of Cetirizine HCl Tablets 10 mg and Zyrtec® 10 mg,COMPLETED,PHASE1,Healthy,2008-03-30
Cetirizine,NCT01451996,The Efficacy of Claritin in Healthy Subjects,COMPLETED,PHASE4,Healthy,2011-10-10
Cetirizine,NCT02535416,A Study of ARC-520 at Varying Infusion Rates in Healthy Adult Volunteers,COMPLETED,PHASE1,Healthy,2015-08-24
Cetirizine,NCT02756624,"A Multi-Center, Vehicle-Controlled, Parallel-Group Study Evaluating the Safety of AC-170 Ophthalmic Solution",COMPLETED,PHASE3,Healthy Subjects,2016-04-20
Estradiol,NCT04756037,Study of the Safety and Contraceptive Efficacy of Relugolix Combination Therapy in Women With Uterine Fibroids or Endometriosis Who Are at Risk for Pregnancy,ACTIVE_NOT_RECRUITING,PHASE3,Contraception,2021-02-12
Estradiol,NCT00196352,"A Multicenter Study to Evaluate the Safety of Seasonique, an Oral Contraceptive.",COMPLETED,PHASE3,Contraception,2005-09-12
Estradiol,NCT03249402,A Study to Evaluate the Effect of Multiple Oral Doses of JNJ-42847922 on the Steady-state Pharmacokinetics of an Oral Contraceptive Containing Ethinyl Estradiol and Levonorgestrel in Healthy Female Adult Participants,COMPLETED,PHASE1,Healthy,2017-08-11
Estradiol,NCT00624130,Yasmin 20 Cycle Control - Yasmin 20 Versus Mercilon in Healthy Female Volunteers,COMPLETED,PHASE3,Contraception,2008-02-18
Estradiol,NCT01746732,A Study of Evacetrapib in Healthy Female Participants,COMPLETED,PHASE1,Healthy Volunteers,2012-12-07
Estradiol,NCT01257984,Study to Investigate Compliance With the Oral Contraceptive SH T00186D in a Flexible Extended Regimen Supported by a Dispenser With a Reminder Function,COMPLETED,PHASE3,Contraception,2010-12-09
Estradiol,NCT00367276,Study to Evaluate the Effect of Six Cycles of Treatment With a Combined Oral Contraceptive (EE 0.30 mg/DRSP 3 mg) on Quality of Life.,COMPLETED,PHASE3,Healthy,2006-08-11
Estradiol,NCT04714554,"A Study of the Effects of Erythromycin on the Pharmacokinetics of Relugolix, Estradiol, and Norethindrone in Healthy Postmenopausal Women and on the Pharmacokinetics of Relugolix in Healthy Adult Men",COMPLETED,PHASE1,Healthy,2021-01-08
Estradiol,NCT03359057,Trial Evaluating Folic Acid Supplementation by Concomitant Administration of Ethinyl Estradiol + Levonorgestrel,COMPLETED,PHASE3,Contraception,2017-11-27
Estradiol,NCT02577601,Impact of Combined Hormonal Contraceptives on UPA,COMPLETED,PHASE4,Contraception,2015-08-05
Estradiol,NCT00711607,"A Trial to Assess the Pharmacokinetic Profile (e.g., Uptake, Distribution and Excretion of a Substance in the Body) of Nomegestrol Acetate (NOMAC), Estradiol (E2) and Estrone (E1) After Multiple and Single Dose Administration of the Combined Oral Contraception NOMAC-E2 (COMPLETED)(P05822)",COMPLETED,PHASE1,Healthy,2008-07-03
Estradiol,NCT05985590,A Study to Investigate the Effects of BMS-986278 on Drospirenone and Ethinyl Estradiol Drug Levels in Healthy Female Participants,COMPLETED,PHASE1,Healthy Volunteers,2023-08-03
Estradiol,NCT01656434,Study of the Contraceptive Efficacy and Safety of a NOMAC-E2 Combined Oral Contraceptive (COC)(P06448),TERMINATED,PHASE3,Contraception,2012-07-31
Estradiol,NCT04718636,A Study to Evaluate Effects of CC-99677 on the Pharmacokinetics of an Oral Contraceptive in Healthy Female Participants,COMPLETED,PHASE1,Healthy Volunteers,2021-01-06
Estradiol,NCT01254292,LCS12 vs Combined Oral Contraceptive (COC) User Satisfaction Study,COMPLETED,PHASE3,Contraception,2010-11-22
Estradiol,NCT00163033,Study to Evaluate 3 Dosages of Estetrol After 28 Days Administration in Healthy Postmenopausal Women,COMPLETED,PHASE1,Healthy,2005-09-12
Estradiol,NCT01186796,Role of Endogenous Estrogen in Growth-Hormone Regulation in Postmenopausal Women,COMPLETED,PHASE1,Healthy,2010-08-16
Estradiol,NCT05116371,Control of Bleeding on Nexplanon in Latinx Patients,UNKNOWN,,Contraception,2021-11-01
Estradiol,NCT02550977,Russia/Ukraine Suppression of Ovarian Activity Study,COMPLETED,PHASE2,Contraception,2015-09-02
Estradiol,NCT00910637,Study Investigating the Efficacy and Safety of a Contraceptive Patch for 13 Cycles,COMPLETED,PHASE3,Contraception,2009-05-29
Estradiol,NCT00544882,A Study to Evaluate Hormone Patterns and Ovarian Follicular Activity With DR-1021,COMPLETED,PHASE3,Healthy,2007-10-12
Estradiol,NCT02874248,E4/DRSP Single and Multiple Dose PK and Early QT Study,COMPLETED,PHASE1,Contraception,2016-08-09
Estradiol,NCT06380205,A Study to Evaluate the Drug Interaction Between Povorcitinib and the Oral Contraceptive Levonorgestrel/Ethinyl Estradiol in Healthy Adult Females,COMPLETED,PHASE1,Healthy Participants,2024-04-03
Estradiol,NCT00307632,An Open-label Study to Evaluate Contraceptive Efficacy and Safety of the Transdermal Contraceptive System of Norelgestromine and Ethinyl Estradiol,COMPLETED,PHASE4,Contraception,2006-03-24
Estradiol,NCT01699022,Pharmacokinetic and Pharmacodynamic Study of Cyclofem,COMPLETED,PHASE1; PHASE2,Contraception,2012-09-28
Estradiol,NCT00117273,A Study to Evaluate Suppression of the Pituitary-Ovarian Axis With Three Different Oral Contraceptive Regimens,COMPLETED,PHASE3,Healthy,2005-06-30
Estradiol,NCT03749733,Bioequivalence of Two Fixed-dose Combination Tablets Containing Estradiol and Nomegestrol Acetate,WITHDRAWN,PHASE1,Bioequivalence,2018-11-09
Estradiol,NCT04713904,Bioavailability of Clormadinone/Ethinyl Estradiol Tablets 2 mg/0.02 mg With Regards to Reference Product,COMPLETED,PHASE1,Bioequivalence,2021-01-14
Estradiol,NCT01182207,Drospirenone/Ethinyl Estradiol (3 mg/0.02 mg) Tablets Under Non-Fasting Conditions,COMPLETED,PHASE1,Healthy,2010-08-12
Estradiol,NCT04934696,A Study to Characterize the Drug Levels of an Oral Contraceptive With and Without BMS-986166 in Healthy Female Participants of Childbearing Potential,COMPLETED,PHASE1,Healthy Participants,2021-06-17
Estradiol,NCT02352090,Synthetic vs Natural Estrogen in Combined Oral Contraception,COMPLETED,PHASE4,Contraception,2015-01-20
Estradiol,NCT01340625,Norethindrone/Ethinyl Estradiol 0.4 mg/35 Mcg Chewable Tablets Under Fasting Conditions,COMPLETED,PHASE1,Bioequivalence,2011-04-20
Pravastatin,NCT00834379,Bioavailability Study of Pravastatin Sodium 40 mg Tablets Under Fasting Conditions,COMPLETED,PHASE1,Healthy,2009-01-30
Pravastatin,NCT00830258,Pravastatin Sodium 80 mg Tablets Under Fasting Conditions,COMPLETED,PHASE1,Healthy,2009-01-26
Pravastatin,NCT01497483,Drug-Drug Interaction Study With Pravastatin and Cyclosporine,COMPLETED,PHASE1,Healthy,2011-12-07
Pravastatin,NCT01146093,Bioequivalence Study of Pravastatin Sodium Tablets 80 mg Under Fed Conditions,COMPLETED,PHASE1,Healthy,2010-02-10
Pravastatin,NCT01146106,Bioequivalence Study of Pravastatin Sodium Tablets 80 mg Under Fasting Conditions,COMPLETED,PHASE1,Healthy,2010-02-10
Pravastatin,NCT00834847,Pravastatin Sodium 40 mg Tablets Food Challenge Study,COMPLETED,PHASE1,Healthy,2009-01-30
Pravastatin,NCT01934569,Drug-Drug Interaction Study With PF-05089771,COMPLETED,PHASE1,Healthy,2013-08-29
Pravastatin,NCT01958489,A Study of Evacetrapib in Japanese and Non-Japanese Participants,COMPLETED,PHASE1,Healthy Volunteers,2013-10-07
Pravastatin,NCT02871687,Effect of Statin Use on Aldosterone Secretion,COMPLETED,PHASE1,Healthy Subjects,2016-08-15
Pravastatin,NCT05852769,A Study to Evaluate the Drug-drug Interaction Potential of BMS-986196 in Healthy Participants,COMPLETED,PHASE1,Healthy Volunteers,2023-05-01
Pravastatin,NCT04092751,Study to Evaluate the Effect of SCY-078 (Ibrexafungerp) on the PK of Pravastatin in Healthy Subjects,COMPLETED,PHASE1,Pharmacokinetics,2019-09-10
Pravastatin,NCT00829309,Pravastatin 80 mg Tablets Dosed in Healthy Subjects Under Non-Fasting Conditions,COMPLETED,PHASE1,Healthy,2009-01-26
Pravastatin,NCT02229773,"Pharmacodynamics, Preliminary Pharmacokinetics and Tolerability of BIBB 1464 (Tablet) in Hyperlipemic Healthy Male Subjects",COMPLETED,PHASE1,Healthy,2014-08-28
Pravastatin,NCT02266485,"Pharmacodynamics, Preliminary Pharmacokinetics and Tolerability of BIBB 515 BS or Pravastatin in Hyperlipemic Healthy Male Subjects",COMPLETED,PHASE1,Healthy,2014-10-16
Lamotrigine,NCT00650208,Fasting Study of Lamotrigine Tablets 25 mg to Lamictal® Tablets 25 mg,COMPLETED,PHASE1,Healthy,2008-03-30
Lamotrigine,NCT01513720,Bioequivalence Study for Lamotrigine Tablets 200 mg Under Fasting Condition,COMPLETED,PHASE1,Healthy,2012-01-17
Lamotrigine,NCT04938856,Bioequivalence of Lamnet (Lamotrigine)100mg Tablet With the Reference Product Lamictal 100mg (Lamotrigine) Tablet Under Fasting Conditions,COMPLETED,PHASE1,Bioequivalence,2021-06-12
Lamotrigine,NCT01131949,Bioequivalence Study of Lamotrigine 25 mg Chewable Tablets of Dr.Reddy's Under Fasting Condition,COMPLETED,PHASE1,Healthy,2010-05-26
Lamotrigine,NCT00939458,"Study of Lamotrigine 2 x 25 mg IR Tablets of Torrent Pharmaceuticals Pvt., Ltd., India and Lamictal ® (Lamotrigine) 2 x 25 mg Tablets of Glaxo-SmithKline, USA, in Healthy Human Adult Subjects, Under Fed Conditions",COMPLETED,PHASE1,Healthy,2009-07-13
Lamotrigine,NCT06729970,"A Study to Evaluate the Effects of Lithium, Valproic Acid, and Lamotrigine on the Pharmacokinetics of KarXT and Effects of KarXT on the Pharmacokinetics of Lithium, Valproic Acid, and Lamotrigine in Healthy Participants",RECRUITING,PHASE1,Healthy Volunteers,2024-12-09
Lamotrigine,NCT00838279,"Lamotrigine 25 mg Chewable Tablets, Fasting",COMPLETED,PHASE1,Healthy,2009-02-05
Lamotrigine,NCT04015687,A Study to Evaluate the Effect of AG-881 on the Pharmacokinetics of a Single Dose of Lamotrigine in Healthy Adults,COMPLETED,PHASE1,Healthy Participants,2019-07-03
Lamotrigine,NCT00647751,Food Study of Lamotrigine Tablets 25 mg to Lamictal® Tablets 25 mg,COMPLETED,PHASE1,Healthy,2008-03-30
Lamotrigine,NCT00835263,Bioequivalence Study of 200 mg Lamotrigine Tablet Under Non-Fasting Conditions,COMPLETED,PHASE1,Healthy,2009-01-30
Lamotrigine,NCT01513681,Bioequivalence Study for Lamotrigine Tablets 200 mg Under Fed Condition,COMPLETED,PHASE1,Healthy,2012-01-17
Lamotrigine,NCT04396938,The Effect of a Single Dose of Lamotrigine on Brain Function in Healthy Volunteers,COMPLETED,,Healthy,2019-09-18
Lamotrigine,NCT01888263,Bioequivalence Study of Lamotrigine Extended-Release Tablets 200mg Under Fed Condition,COMPLETED,PHASE1,Healthy,2013-06-25
Lamotrigine,NCT05145608,Comparative Bioavailability Study of Lamotrigine ER Tablets USP 50 mg,COMPLETED,PHASE1,Bioequivalence,2018-01-09
Lamotrigine,NCT01131975,Bioequivalence Study of Lamotrigine 25 mg Chewable Tablets of Dr.Reddy's Under Fed Condition,COMPLETED,PHASE1,Healthy,2010-05-26
Lamotrigine,NCT01888731,Bioequivalence Study of Lamotrigine Extended-Release Tablets 50 mg Under Fasting Condition,COMPLETED,PHASE1,Healthy,2013-06-26
Lamotrigine,NCT02303106,Interaction Between Paracetamol and Lamotrigine: A Clinical Interaction Study,COMPLETED,PHASE4,Healthy,2014-11-21
Lamotrigine,NCT03898011,A Bioequivalence Study of Two Formulations Lamotrigine 100 mg Tablets and Lamictal 100 mg Tablets in Healthy Adult Volunteers Under Fasting Conditions,COMPLETED,PHASE1,Healthy Adults,2019-03-29
Lamotrigine,NCT00838136,"Lamotrigine 25 mg Chewable Tablets, Non-Fasting",COMPLETED,PHASE1,Healthy,2009-02-05
Lamotrigine,NCT01888757,Lamotrigine Extended-Release Tablets 50 mg Under Fed Condition,COMPLETED,PHASE1,Healthy,2013-06-26
Lamotrigine,NCT01888250,Bioequivalence Study of Lamotrigine Extended-Release Tablets 200mg Under Fasting Condition,COMPLETED,PHASE1,Healthy,2013-06-25
Lamotrigine,NCT00834561,Bioequivalence Study of 200 mg Lamotrigine Tablet Under Fasting Conditions,COMPLETED,PHASE1,Healthy,2009-01-30
Lamotrigine,NCT00939614,"Study of Lamotrigine 2×25 mg IR Tablets of Torrent Pharmaceuticals Limited, India and Lamictal® (Lamotrigine) 2×25 mg Tablets of GlaxoSmithKline, USA, in Healthy Human Adult Subjects, Under Fasting Conditions.",COMPLETED,PHASE1,Healthy,2009-07-13
Lamotrigine,NCT04602221,"A Study in Healthy Men to Test Whether BI 409306, BI 425809 or Lamotrigine Can Reverse the Memory Problems Caused by Ketamine",COMPLETED,PHASE1,Healthy,2020-10-16
Lamotrigine,NCT02821338,A Bioavailability Crossover Study of Two Formulations of Lamotrigine Extended Release Tablets in Healthy Subjects,COMPLETED,PHASE1,Healthy,2016-06-29
Quetiapine,NCT01607762,A Study to Compare Capillary and Venous Whole Blood and Plasma Concentrations of Five Antipsychotics,COMPLETED,PHASE1,Healthy,2012-05-25
Quetiapine,NCT01400165,Comparison of the Pharmacokinetics of Three Generic Medications and Their Respective Brand Preparations,UNKNOWN,PHASE1,Healthy,2011-07-21
Quetiapine,NCT01871701,Clinical Trial to Investigate the Effect on Corrected QT Interval Prolongation by Psychotropic Drugs,COMPLETED,PHASE1,Healthy,2012-12-05
Quetiapine,NCT01634386,Bioequivalence Study of Torrent Pharmaceuticals Ltd's Bioequivalence Study of Torrent Pharmaceuticals Ltd's Quetiapine Tablets Under Fasting Conditions,COMPLETED,PHASE1,Healthy,2012-06-27
Quetiapine,NCT05235230,Partially Replicate Bioequivalence Study of Quetiapine 25 mg in Healthy Volunteers Under Fasting Condition,COMPLETED,PHASE1,Bioequivalence,2022-01-31
Quetiapine,NCT00702676,Quetiapine Fumarate Immediate Release (IR) Versus Extended Release (XR) Dose Escalation Comparison,COMPLETED,PHASE1,Healthy Volunteers,2008-06-19
Quetiapine,NCT03317236,Bioequivalence Study of Two Extended Release Formulations Containing 50 mg of Quetiapine.,COMPLETED,PHASE4,Healthy,2017-10-18
Quetiapine,NCT01566487,Bioequivalence Study of Quetiapine Fumarate Tablets 300 mg Under Fasting Condition,COMPLETED,PHASE1,Healthy,2012-03-28
Quetiapine,NCT01634399,Bioequivalence Study of Torrent Pharmaceuticals Ltd's Bioequivalence Study of Torrent Pharmaceuticals Ltd's Quetiapine Tablets Under Fed Conditions,COMPLETED,PHASE1,Healthy,2012-06-27
Fluticasone; Salmeterol,NCT03975166,A Bioequivalence Study Between Fluticasone Propionate 100 mcg and Salmeterol Xinafoate 50 mcg Inhalation Powder/Respirent Pharmaceuticals vs. ADVAIR DISKUS® 100/50 Inhalation Powder/GSK in Healthy Volunteers,COMPLETED,PHASE1,Bioequivalence,2019-06-03
Fluticasone; Salmeterol,NCT03894280,A Bioequivalence Study Between Fluticasone Salmeterol Xinafoate vs. SERETIDE DISKUS® in Healthy Volunteers With Charcoal Blockade (BREATH-PK250-CC),COMPLETED,PHASE1,Bioequivalence,2019-03-26
Fluticasone; Salmeterol,NCT04124094,A Bioequivalence Study Between Fluticasone and Salmeterol vs. SERETIDE DISKUS® in Healthy Volunteers With Charcoal Blockade,COMPLETED,PHASE1,Bioequivalence,2019-10-08
Fluticasone; Salmeterol,NCT03524066,Lung Pharmacokinetics (PK) in Epithelial Lining Fluid (ELF),COMPLETED,,Healthy,2018-04-25
Fluticasone; Salmeterol,NCT03751202,A Bioequivalence Study Between Fluticasone Salmeterol Xinafoate vs. ADVAIR DISKUS® in Healthy Volunteers,COMPLETED,PHASE1,Bioequivalence,2018-11-15
Fluticasone; Salmeterol,NCT05697003,Bioequivalence Study for Fluticasone Propionate 100 mcg/Salmeterol Xinafoate 50 mcg Inhalation Powder in Healthy Volunteers,UNKNOWN,PHASE1,Bioequivalence,2023-01-10
Fluticasone; Salmeterol,NCT04466176,A Pivotal Bioequivalence Study Between Fluticasone Propionate 250 mcg and Salmeterol Xinafoate 50 mcg Inhalation Powder/Respirent Pharmaceuticals vs. ADVAIR DISKUS® 250/50 Inhalation Powder/GSK in Healthy Volunteers,COMPLETED,PHASE1,Bioequivalence,2020-07-06
Fluticasone; Salmeterol,NCT02232087,Single Blind Cross-over Dose Response Study in Subjects of Two Inhalers of Salmeterol and Fluticasone Propionate,COMPLETED,PHASE1,Healthy,2014-09-02
Fluticasone; Salmeterol,NCT04546256,A Pilot Bioequivalence Study Between Fluticasone Propionate 500 mcg and Salmeterol Xinafoate 50 mcg Inhalation Powder/Respirent Pharmaceuticals vs. ADVAIR DISKUS® 500/50 Inhalation Powder/GSK in Healthy Volunteers,COMPLETED,PHASE1,Bioequivalence,2020-09-06
Fluticasone; Salmeterol,NCT04564456,A Pivotal Bioequivalence Study Between Fluticasone Propionate 500 mcg and Salmeterol Xinafoate 50 mcg Inhalation Powder/Respirent Pharmaceuticals vs. ADVAIR DISKUS® 500/50 Inhalation Powder/GSK in Healthy Volunteers,COMPLETED,PHASE1,Bioequivalence,2020-09-22
Fluticasone; Salmeterol,NCT03820180,A Bioequivalence Study Between Fluticasone Propionate 250 mcg and Salmeterol Xinafoate 50 mcg Inhalation Powder/Respirent Pharmaceuticals vs. ADVAIR DISKUS® 250/50 Inhalation Powder/GSK in Healthy Volunteers,COMPLETED,PHASE1,Bioequivalence,2019-01-25
Fluticasone; Salmeterol,NCT05982990,Bioequivalence Study for Fluticasone Propionate 250 mcg/Salmeterol Xinafoate 50 mcg Inhalation Powder in Healthy Volunteers,UNKNOWN,PHASE1,Bioequivalence,2023-08-01
Fluticasone; Salmeterol,NCT06025214,Bioequivalence Study for Fluticasone Propionate 500 mcg/Salmeterol Xinafoate 50 mcg Inhalation Powder in Healthy Volunteers,UNKNOWN,PHASE1,Bioequivalence,2023-08-29
Fluticasone; Salmeterol,NCT04462822,A Pilot Bioequivalence Study Between Fluticasone Propionate 250 mcg and Salmeterol Xinafoate 50 mcg Inhalation Powder/Respirent Pharmaceuticals vs. ADVAIR DISKUS® 250/50 Inhalation Powder/GSK in Healthy Volunteers,COMPLETED,PHASE1,Bioequivalence,2020-07-05
Clonazepam,NCT00810316,Evaluate Pharmacokinetics Of Two Different Pharmaceutical Oral Formulations Of Alprazolam And A Clonazepam Tablet In Mexican Healthy Population,COMPLETED,PHASE1,Pharmacokinetics,2008-12-16
Dulaglutide,NCT01250834,LY2189265 and Atorvastatin Interaction Study,COMPLETED,PHASE1,Healthy Volunteers,2010-11-29
Dulaglutide,NCT03363906,A Study of Dulaglutide in Healthy Participants,COMPLETED,PHASE1,Healthy,2017-12-01
Azithromycin,NCT00164112,"Comparative Effects of Azithromycin, Telithromycin and Levofloxacin on Drug Metabolizing Enzymes",COMPLETED,PHASE4,Healthy,2005-09-09
Azithromycin,NCT00354952,Selection of Antibiotic Resistance by Azithromycin and Clarithromycin in the Oral Flora,COMPLETED,,Healthy Volunteers,2006-07-19
Azithromycin,NCT00879983,"An Open Label, Randomized, Crossover Study To Estimate The Pharmacokinetics And Evaluate The Safety Following A Single Dose Of Azithromycin 2g Extended-Release Powder For Oral Suspension With A 3-Day Dosing Regimen Of Azithromycin 500mg Tablet In Chinese Healthy Male Subjects",COMPLETED,PHASE1,Healthy Volunteers,2009-04-10
Azithromycin,NCT03252067,Tear Concentrations and Pharmacokinetics of Azithromycin Eye Drops in Healthy Volunteers,UNKNOWN,PHASE1,Pharmacokinetics,2017-08-04
Azithromycin,NCT00644774,A Pediatric Taste Test Study of Omnicef Versus Zithromax Antibiotic Suspension Medications,COMPLETED,PHASE4,Healthy,2008-03-22
Azithromycin,NCT05966688,"A Study to Evaluate the Effect of Co-administration on the Pharmacokinetics of SPR720, Azithromycin, and Ethambutol in Healthy Participants",COMPLETED,PHASE1,Healthy Volunteers,2023-07-20
Azithromycin,NCT00649935,Fed Study of Azithromycin Tablets 600 mg to Zithromax® Tablets 600 mg,COMPLETED,PHASE1,Healthy,2008-03-30
Azithromycin,NCT00830336,A Relative Bioavailability Study of 200mg/5 mL Azithromycin Oral Suspension Under Non-Fasting Conditions,COMPLETED,PHASE1,Healthy,2009-01-26
Hydrochlorothiazide; Losartan,NCT01218711,"Bioequivalence Study of Losartan Potassium and Hydrochlorothiazide (100 mg / 25 mg Tablet) [Test Formulation, Torrent Pharmaceuticals Ltd., India] Versus Hyzaar® (100 mg / 25 mg Tablet) [Reference Formulation, Merck & Co., Inc., USA] in Healthy Human Volunteers Under Fasting Conditions.",COMPLETED,PHASE1,Healthy,2010-10-07
Hydrochlorothiazide; Losartan,NCT01149473,Losartan Potassium/Hydrochlorothiazide 100/25 mg Tablets in Healthy Subjects Under Non-Fasting Conditions,COMPLETED,PHASE1,Healthy,2010-06-21
Hydrochlorothiazide; Losartan,NCT01218724,"Bioequivalence Study of Losartan Potassium and Hydrochlorothiazide (100 mg / 25 mg Tablet) [Test Formulation, Torrent Pharmaceuticals Ltd., India] Versus Hyzaar® (100 mg / 25 mg Tablet) [Reference Formulation, Merck & Co., Inc., USA] in Healthy Human Volunteers Under Fed Conditions",COMPLETED,PHASE1,Healthy,2010-10-07
Hydrochlorothiazide; Losartan,NCT01149486,Losartan Potassium/Hydrochlorothiazide 100/25 mg Tablets in Healthy Subjects Under Fasting Conditions,COMPLETED,PHASE1,Healthy,2010-06-21
Hydrochlorothiazide; Losartan,NCT01692717,Clinical Assessment Of Association Pharmacokinetics Atorvastatin + Losartana + Hydrochlorothiazide,COMPLETED,PHASE1,Healthy Subjects,2012-09-21
Amoxicillin; Clavulanate,NCT00835705,Amoxicillin-Clavulanic Acid 400 Mg-57 mg Chewable Tablets Under Fasting Conditions,COMPLETED,PHASE1,Healthy,2009-02-02
Amoxicillin; Clavulanate,NCT00778284,Bioequivalence Study of Amoxicillin 400 mg/Clavulanic Acid 57 mg Chewable Tablets Under Fed Conditions,COMPLETED,,Healthy,2008-10-22
Amoxicillin; Clavulanate,NCT06277609,A Trial Investigating Lu AF28996 in Healthy Adult Participants,COMPLETED,PHASE1,Healthy Participants,2024-02-19
Amoxicillin; Clavulanate,NCT00778414,Bioequivalence Study of Amoxicillin-Clavulanic Acid 600 mg - 42.9 mg/ 5 mL Oral Suspension Under Fasting Conditions,COMPLETED,,Healthy,2008-10-22
Amoxicillin; Clavulanate,NCT00778661,Bioequivalence Study of Amoxicillin 400 mg/Clavulanic Acid 57 mg Chewable Tablets Under Fasting Conditions,COMPLETED,,Healthy,2008-10-22
Amoxicillin; Clavulanate,NCT02143323,A Clinical Study to Explore Biomarkers for Drug-induced Liver Injury (DILI),COMPLETED,PHASE1,Healthy,2014-01-18
Amoxicillin; Clavulanate,NCT00778544,Bioequivalence Study of Amoxicillin-Clavulanic Acid 600 mg-42.9 mg/ 5 mL Oral Suspension Under Fed Conditions,COMPLETED,,Healthy,2008-10-22
Amoxicillin; Clavulanate,NCT03616301,"Bioequivalence Study of Clavamox, Powder for Oral Suspension, 400 mg + 57 mg / 5 ml (Pharmtechnology LLC, Belarus), and Augmentin®, Powder for Oral Suspension, 400 mg + 57 mg / 5 ml (GlaxoSmithKline Trading CJSC, Russia), in Healthy Volunteers Under Fasting Conditions",COMPLETED,PHASE1,Bioequivalence,2018-07-31
Amoxicillin; Clavulanate,NCT00840840,600 mg Amoxicillin/42.9 mg Clavulanate Postassium /5 mL Suspension Under Fed Conditions,COMPLETED,PHASE1,Healthy,2009-02-06
Amoxicillin; Clavulanate,NCT01473368,Effects of S. Boulardii and Amoxicillin/Clavulanate on Gut Microbiota,COMPLETED,,Healthy Volunteers,2011-11-15
Amoxicillin; Clavulanate,NCT04376554,Effect of Tebipenem on Normal Human Intestinal Microbiota,COMPLETED,PHASE1,Healthy Volunteers,2020-03-16
Amoxicillin; Clavulanate,NCT00840099,600 mg Amoxicillin/42.9 mg Clavulanate Postassium /5 mL Suspension Under Fasting Conditions,COMPLETED,PHASE1,Healthy,2009-02-06
Amoxicillin; Clavulanate,NCT03702894,"Bioequivalence Study of Clavamox, Film-coated Tablets, 875 mg + 125 mg Pharmtechnology LLC, Belarus), and Augmentin®, Film-coated Tablets, 875 mg + 125 mg (GlaxoSmithKline Trading CJSC, Russia), in Healthy Volunteers Under Fasting Conditions",COMPLETED,PHASE1,Bioequivalence,2018-10-08
Amoxicillin; Clavulanate,NCT00836901,Amoxicillin-Clavulanic Acid 400 Mg-57 mg Chewable Tablets Under Non-Fasting Conditions,COMPLETED,PHASE1,Healthy,2009-02-02
Amoxicillin; Clavulanate,NCT02431832,Exploration of microRNA and Metabolomics Biomarkers Predicting Drug Induced Liver Injury in Elderly People,COMPLETED,PHASE1,Healthy,2015-04-20
Cholecalciferol,NCT03321318,AK-R215 Pharmacokinetic Study Phase I,UNKNOWN,PHASE1,Healthy,2017-07-19
Cholecalciferol,NCT02308930,Effect of DHA Supplementation on Cognitive Performance and Growth in Chinese Children,UNKNOWN,,Healthy,2014-11-30
Cholecalciferol,NCT00732758,Defining Vitamin D Insufficiency in School Age Children: A Randomized Placebo Controlled Trial of Vitamin D3,COMPLETED,PHASE1,Healthy,2008-08-07
Cholecalciferol,NCT06429410,Effects of Milk Powder Intervention on Body Composition and Physical Performance in Middle-aged and Older Adults,NOT_YET_RECRUITING,,Healthy,2024-05-16
Cholecalciferol,NCT03962673,UVB: Skin to Gut Study,COMPLETED,,Healthy,2019-05-22
Cholecalciferol,NCT05281107,Vitamin D Supplementation and PTH Response Among Malaysian Adults,COMPLETED,EARLY_PHASE1,Healthy,2022-02-28
Propranolol,NCT00251602,Analysis of Atropine and Propranolol Induced Changes,COMPLETED,PHASE1,Healthy,2005-11-08
Propranolol,NCT05692869,A Study of Continuous Blood Pressure Monitoring in Healthy Participants,COMPLETED,,Healthy,2023-01-12
Propranolol,NCT04682184,A Study of Continuous Heart Rate Monitoring in Healthy Participants,COMPLETED,,Healthy,2020-12-10
Propranolol,NCT03270644,A Study of Lasmiditan and Propranolol in Healthy Participants,COMPLETED,PHASE1,Healthy,2017-08-31
Propranolol,NCT03882255,A Study of Ponesimod in Healthy Adult Participants Receiving Propranolol at Steady State,COMPLETED,PHASE1,Healthy,2019-03-18
Propranolol,NCT03524066,Lung Pharmacokinetics (PK) in Epithelial Lining Fluid (ELF),COMPLETED,,Healthy,2018-04-25
Propranolol,NCT00916721,Memory Reconsolidation Blockade as a Novel Intervention for Nicotine Dependence,COMPLETED,PHASE3,Smoking Cessation,2009-06-05
Propranolol,NCT02808611,Influence of Propranolol on Conditioned Pain Modulation,COMPLETED,,Healthy Subjects,2016-06-15
Propranolol,NCT01950520,Study of Human Non-Shivering Thermogenesis and Basal Metabolic Rate,COMPLETED,PHASE2,Healthy Volunteers,2013-09-21
Propranolol,NCT00647608,Food Study of Propranolol Hydrochloride Extended-Release Capsules 160 mg and Inderal® LA Capsules 160 mg,COMPLETED,PHASE1,Healthy,2008-03-30
Propranolol,NCT00647816,Fasting Study of Propranolol Hydrochloride Extended-Release Capsules 160 mg and Inderal® LA Capsules 160 mg,COMPLETED,PHASE1,Healthy,2008-03-30
Propranolol,NCT02264093,Effects on the Airway Lumen of Talsaclidine in Combination With Propranolol in Comparison to the Effects of the Monosubstances in Healthy Elderly Male Volunteers,COMPLETED,PHASE1,Healthy,2014-10-13
Propranolol,NCT06034158,Molecular Basis of Loss Aversion,UNKNOWN,,Healthy,2023-09-05
Ezetimibe,NCT00681525,"A Multiple-Dose Pharmacokinetic Interaction Study Between ABT-335, Atorvastatin and Ezetimibe",COMPLETED,PHASE1,Pharmacokinetics,2008-05-19
Ezetimibe,NCT02730689,A Study to Compare the Pharmacokinetics of DP-R207 in Comparison to Each Component Administered Alone,COMPLETED,PHASE1,Healthy Volunteers,2016-03-16
Ezetimibe,NCT02501200,CKD-391 Pharmacokinetic Study Phase I,COMPLETED,PHASE1,Healthy,2015-07-16
Ezetimibe,NCT04322266,"A Study to Compare the Pharmacokinetics, Safety and Tolerability Between Fixed-Dose Combination and Co-Administration of HGP0904, HGP0608 and HCP1306 Tablets in Healthy Male Subjects.",COMPLETED,PHASE1,Healthy,2019-09-09
Ezetimibe,NCT07182383,"Evaluating Bioequivalence of a Fixed Dose Combination Versus Individual Tablets of Bempedoic Acid, Ezetimibe, and Rosuvastatin",RECRUITING,PHASE1,Healthy Subjects,2025-09-11
Ezetimibe,NCT02461004,CKD-391 Pharmacokinetic Study,COMPLETED,PHASE1,Healthy,2015-06-01
Ezetimibe,NCT00359281,Pharmacokinetic Drug Interactions of AEGR-733 on Lipid-lowering Agents,COMPLETED,PHASE2,Healthy,2006-07-31
Ezetimibe,NCT07201545,Evaluating Bioequivalence of a Fixed Dose Combination Versus Tablets of Bempedoic Acid / Ezetimibe and Rosuvastatin,RECRUITING,PHASE1,Healthy Subjects,2025-09-23
Ezetimibe,NCT06547359,A Study to Evaluate Drug-Drug Interactions of Obicetrapib Tablets and Ezetimibe Tablets in Healthy Adult Subjects,COMPLETED,PHASE1,Healthy Volunteers,2024-08-01
Ezetimibe,NCT04081844,"A Study to Evaluate the Pharmacokinetic and Pharmacodynamic Interactions Between HGP0904, HGP0608, and HCP1306 in Healthy Male Subjects.",COMPLETED,PHASE1,Healthy,2019-09-02
Topiramate,NCT00905346,Topiramate 25 mg Capsule Mixed With Applesauce Under Fasting Conditions,COMPLETED,PHASE1,Healthy,2009-05-18
Topiramate,NCT00901784,Bioequivalence Study of Topiramate Tablets 25mg Under Fasting Conditions,COMPLETED,,Healthy,2009-05-13
Topiramate,NCT00902473,Bioequivalence Study of Topiramate Tablets 25mg Under Fed Conditions,COMPLETED,,Healthy,2009-05-13
Topiramate,NCT00939692,Bioequivalence Study of Torrent Pharmaceutical Ltd.'s Topiramate Tablets Under Fasted Conditions,COMPLETED,PHASE1,Healthy,2009-07-13
Topiramate,NCT00904943,Topiramate 25 mg Capsules Under Fed Conditions,COMPLETED,PHASE1,Healthy,2009-05-18
Topiramate,NCT00648934,Fed Study of Topiramate Sprinkle Capsules 25 mg and Topamax® Sprinkle Capsules 25 mg,COMPLETED,PHASE1,Healthy,2008-03-30
Topiramate,NCT01950520,Study of Human Non-Shivering Thermogenesis and Basal Metabolic Rate,COMPLETED,PHASE2,Healthy Volunteers,2013-09-21
Topiramate,NCT00649467,Applesauce Study of Topiramate Sprinkle Capsules 25 mg and Topamax® Sprinkle Capsules 25 mg,COMPLETED,PHASE1,Healthy,2008-03-30
Topiramate,NCT00905164,Topiramate 25 mg Capsules Under Fasting Conditions,COMPLETED,PHASE1,Healthy,2009-05-18
Topiramate,NCT00280839,Safety and Efficacy Study of Topiramate to Aid in Smoking Cessation,COMPLETED,PHASE3,Smoking Cessation,2005-09-13
Topiramate,NCT00649740,Fasting Study of Topiramate Sprinkle Capsules 25 mg and Topamax® Sprinkle Capsules 25 mg,COMPLETED,PHASE1,Healthy,2008-03-30
Topiramate,NCT00905567,Topiramate 25 mg Tablets Under Fed Conditions,COMPLETED,PHASE1,Healthy,2009-05-18
Topiramate,NCT00939705,Bioequivalence Study of Torrent Pharmaceutical Ltd.'s Topiramate Tablets Under Fed Conditions,COMPLETED,PHASE1,Healthy,2009-07-13
Topiramate,NCT03308669,A Study of Lasmiditan in Healthy Participants When Co-administered With Topiramate,COMPLETED,PHASE1,Healthy,2017-10-09
Paroxetine,NCT00648193,Fasting Study of Paroxetine Hydrochloride Tablets 40 mg and Paxil® Tablets 40 mg,COMPLETED,EARLY_PHASE1,Healthy,2008-03-30
Paroxetine,NCT00647881,Food Study of Paroxetine Hydrochloride Controlled-Release Tablets 25 mg to Paxil CR™ Tablets 25 mg,COMPLETED,PHASE1,Healthy,2008-03-30
Paroxetine,NCT02264184,Study to Investigate the Effect of Paroxetine Mediated CYP2D6 Inhibition on the Pharmacokinetics of Tamsulosin in Healthy Male Volunteers,COMPLETED,PHASE1,Healthy,2014-10-14
Paroxetine,NCT05175430,Effects of SERT Inhibition on the Subjective Response to LSD in Healthy Subjects,COMPLETED,PHASE1,Healthy,2021-12-14
Paroxetine,NCT03054220,Impact of Genetic Polymorphism on Drug-Drug Interactions Involving CYP2D6,COMPLETED,,Healthy,2017-02-06
Paroxetine,NCT00648427,Fasting Study of Paroxetine Hydrochloride Controlled-Release Tablets 25 mg to Paxil CR™ Tablets 25 mg,COMPLETED,PHASE1,Healthy,2008-03-30
Paroxetine,NCT01367535,Effects of MNTX on CYP450 2D6 in Metabolizers of Dextromethorphan,COMPLETED,PHASE1,Healthy Adults,2011-05-27
Paroxetine,NCT05992428,Drug Interactions When DA-8010 is Co-administered With Paroxetine or Mirabegron in Healthy Adults,COMPLETED,PHASE1,Healthy,2023-07-27
Paroxetine,NCT00841698,Paroxetine Hydrochloride 40 mg Tablets Under Fasting Conditions,COMPLETED,PHASE1,Healthy,2009-02-09
Paroxetine,NCT00456560,AV650 Drug-Drug Interaction Study,COMPLETED,PHASE1,Healthy,2007-04-03
Paroxetine,NCT02097147,"Study to Evaluate the Sexual Functioning of Healthy Adults After Receiving Vilazodone, Paroxetine or Placebo",COMPLETED,PHASE1,Healthy,2014-03-24
Paroxetine,NCT00650403,Food Study of Paroxetine Hydrochloride Tablets 40 mg and Paxil® Tablets 40 mg,COMPLETED,PHASE1,Healthy,2008-03-30
Paroxetine,NCT04981704,"A Study to Evaluate the Effect of Multiple Doses of Itraconazole, Phenytoin, and Paroxetine on the Single-Dose Pharmacokinetics of Poziotinib in Healthy Adult Participants",COMPLETED,PHASE1,Healthy,2021-06-23
Paroxetine,NCT01159821,A Drug Interaction Study of 31001074 and Paroxetine in Healthy Volunteers,COMPLETED,PHASE1,Healthy,2010-07-08
Paroxetine,NCT02681198,Lofexidine Pharmacokinetics in the Presence of Paroxetine in Healthy Volunteers,COMPLETED,PHASE1,Healthy,2016-02-01
Paroxetine,NCT00841659,Paroxetine Hydrochloride 40 mg Tablets Under Fed Conditions,COMPLETED,PHASE1,Healthy,2009-02-09
Paroxetine,NCT00385762,SSRI Effects on Semen Parameters in Men,COMPLETED,,Healthy,2006-10-09
Paroxetine,NCT01318031,Study To Investigate The Potential Drug Drug Interaction (DDI) Between PF-00299804 And Paroxetine In Healthy Subjects,COMPLETED,PHASE1,Healthy Volunteers,2011-02-17
Paroxetine,NCT04188028,Endobiotics for Phenotyping of Human Cytochrome P450 Enzymes,COMPLETED,,Healthy,2019-04-18
Paroxetine,NCT02932904,"Effect of Vortioxetine, Paroxetine, and Placebo on Sexual Functioning in Healthy Volunteers",COMPLETED,PHASE4,Healthy Volunteers,2016-10-12
Diclofenac,NCT01649492,In Vivo Inhibition Profile of CYP2C9 by Pineapple Juice,UNKNOWN,PHASE4,Healthy Volunteers,2012-07-20
Diclofenac,NCT06954181,Quantification of Diclofenac 2.32% (Voltaren) in Rinse Water After Different Application Methods,COMPLETED,,Healthy Participants,2025-04-24
Diclofenac,NCT02652312,Dexmedetomidine and Desflurane Consumption,COMPLETED,,Anesthesia,2016-01-06
Diclofenac,NCT03074162,"Comparison of the Bioavailability of Diclofenac in a Combination Product (Diclofenac 2% + Capsaicin 0.075% Topical Gel) With Two Diclofenac Only Products, Diclofenac Mono Gel 2% and Voltarol® 12 Hour Emulgel 2.32% Gel, in Healthy Volunteers",COMPLETED,PHASE1,Healthy,2017-03-03
Diclofenac,NCT00548678,"Platelet Function and Safety After IV and Oral Diclofenac, IV Ketorolac and Oral Aspirin in Adult Volunteers",COMPLETED,PHASE1,Healthy,2007-10-22
Diclofenac,NCT02882035,Opioid Free Anesthesia: What About Patient Comfort?,COMPLETED,PHASE4,Anesthesia,2016-08-24
Diclofenac,NCT02361619,Dabigatran in an Interaction Probe Drug Cocktail,COMPLETED,PHASE1,Healthy Volunteers,2015-01-30
Diclofenac,NCT04132583,Deflox Tablets Bioequivalence (BE) Trial,COMPLETED,PHASE1,Healthy,2019-10-17
Diclofenac,NCT01734954,Comparison of Two Techniques of Sciatic Nerve Block With Levobupivacaine 0.5% in Orthopedic Surgery,UNKNOWN,,Anesthesia,2012-11-10
Diclofenac,NCT06729073,Comparison of Diclofenac Systemic Exposure From Two Different Products (AMZ001 and Diclofenac Diethylammonium 1.16% Gel) in Healthy Participants After Repeated Topical Administrations for 7 Days.,ACTIVE_NOT_RECRUITING,PHASE1,Healthy Volunteer,2024-12-06
Diclofenac,NCT04592016,Evaluate the Ability of dOFM for BE Testing of Topically Applied Diclofenac Sodium Products in Healthy Subjects,COMPLETED,,Healthy,2020-10-12
Diclofenac,NCT02495831,"Drug Interaction Study of Safinamide and a BCRP Substrate, Diclofenac, Concomitantly Administered to Healthy Volunteers",COMPLETED,PHASE1,Healthy,2015-07-03
Diclofenac,NCT01592019,Clinical Study to Evaluate the Role of Microdialysis for the Comparison of Topical Products,COMPLETED,EARLY_PHASE1,Bioequivalence,2012-04-30
Diclofenac,NCT01306318,A Clinical Study in Healthy Male Volunteers to Compare the Bioequivalence of Fixed Dose Combination of Eperisone Hydrochloride 50mg Plus Diclofenac Sodium 50mg as Capsule With Eperisone Hydrochloride 50mg and Diclofenac Sodium 50mg Tablets Under Fasting Conditions (Study 013-10),COMPLETED,,Healthy Volunteers,2011-02-24
Budesonide; Formoterol,NCT06340581,"A Study to Assess the Lung Exposure Bioequivalence of Budesonide, Glycopyrronium, & Formoterol (BGF) Metered Dose Inhaler (MDI) With a Next-generation Propellant (NGP) With a Spacer, BGF MDI Hydrofluoroalkane (HFA) With a Spacer, as Well as BGF MDI NGP Without a Spacer",WITHDRAWN,PHASE1,Healthy,2024-03-25
Budesonide; Formoterol,NCT00868426,Pharmacokinetic Pilot Study on Budesonide/Formoterol Device-metered Dry Powder Inhaler,COMPLETED,PHASE1,Healthy,2009-03-24
Budesonide; Formoterol,NCT01457716,Pharmacokinetic Pilot Study on Budesonide/Formoterol,COMPLETED,,Healthy,2011-09-28
Budesonide; Formoterol,NCT06027606,Cardiovascular Consequences of Inhaled Short-acting Beta-agonist Use,COMPLETED,PHASE1,Healthy,2023-08-09
Budesonide; Formoterol,NCT06723756,"A Study to Investigate the Exposure of Budesonide, Glycopyrronium, and Formoterol (BGF) Delivered by Hydrofluoroolefin (HFO) Propellant Metered Dose Inhaler (MDI) Compared to a Hydrofluoroalkane (HFA) Propellant MDI in Healthy Adults",COMPLETED,PHASE1,Healthy Participants,2024-12-04
Budesonide; Formoterol,NCT01980615,"Phase I Study Evaluating the Safety and Pharmacokinetics of Budesonide, Glycopyrronium, and Formoterol Fumarate Inhalation Aerosol (BGF MDI) in Healthy Volunteers",COMPLETED,PHASE1,Healthy Volunteers,2013-10-21
Atenolol,NCT00837902,Genetic Determinants of Response to Beta Blockade,COMPLETED,,Healthy,2009-02-04
Atenolol,NCT04905277,Atenolol for the Prevention of Osteoporosis (APO),ACTIVE_NOT_RECRUITING,PHASE2,Healthy,2021-05-24
Atenolol,NCT01445964,Effect of SLCO2B1 Genotype and Apple Juice on Pharmacokinetics of Atenolol After Oral Administration in Healthy Male Korean,COMPLETED,PHASE4,Healthy,2011-04-29
Atenolol,NCT00310778,Effects of Sodium Intake on (PK/PD) Relationship of a Single Dose of a Renin Angiotensin System-Blocker,COMPLETED,PHASE1,Healthy,2006-04-03
Atenolol,NCT02479204,"Clinical Study to Investigate Safety and Effects on Heart Rate, Blood Pressure, and Pharmacokinetic Interactions of ACT-334441",TERMINATED,PHASE1,Healthy Subjects,2015-06-17
Atenolol,NCT01795235,"Study of Glucagon, Ghrelin and Growth Hormone as Counterregulatory Hormones",UNKNOWN,,Healthy,2013-02-12
Atenolol,NCT00775580,Bioequivalence Study of Atenolol 100mg Tablets Under Fasting Conditions,COMPLETED,,Healthy,2008-10-16
Lisdexamfetamine,NCT01235338,Co-Administration of LDX (SPD489) and Venlafaxine XR (EFFEXOR XR) in Healthy Volunteers,COMPLETED,PHASE1,Healthy,2010-11-02
Lisdexamfetamine,NCT00776555,Compare Subjective Drug Liking & Pharmacokinetics of Vyvanse™ and ADDERALL XR® When Administered as an Oral Solution,TERMINATED,PHASE1,Healthy,2008-10-20
Lisdexamfetamine,NCT01890785,Bioavailability Study of SPD489 Administered With Two Different Means of Administration in Healthy Adult Volunteers,COMPLETED,PHASE1,Healthy Volunteers,2013-06-27
Lisdexamfetamine,NCT00919867,A Drug Interaction Study of SPD503 and Vyvanse Administered Alone and In Combination in Normal Healthy Volunteers,COMPLETED,PHASE1,Healthy,2009-06-10
Lisdexamfetamine,NCT00746733,Vyvanse and Adderall XR Given Alone and in Combination With Prilosec OTC,COMPLETED,PHASE1,Healthy Volunteers,2008-09-02
Lisdexamfetamine,NCT02668926,Endocrine and Emotional Effects of Lisdexamfetamine and d-Amphetamine.,COMPLETED,PHASE1,Healthy,2016-01-21
Doxycycline,NCT00649571,Fasting Study of Doxycycline Monohydrate Tablets 100 mg and Adoxa Tablets 100 mg,COMPLETED,PHASE1,Healthy,2008-03-30
Doxycycline,NCT00829764,Doxycycline Monohydrate 25 mg (5mL) Oral Suspension Under Fasting Conditions,COMPLETED,PHASE1,Healthy,2009-01-26
Doxycycline,NCT00647959,Fasting Study of Doxycycline Monohydrate Tablets 150 mg and Adoxa Tablets 150 mg,COMPLETED,PHASE1,Healthy,2008-03-30
Doxycycline,NCT00775918,Bioequivaelnce Study of Doxycycline Monohydrate 100mg Tablets Under Fed Conditions,COMPLETED,,Healthy,2008-10-17
Doxycycline,NCT00775177,Bioequivalence Study of Doxycycline Monohydrate 100mg Tablets Under Fasting Conditions,COMPLETED,,Healthy,2008-10-17
Pregabalin,NCT01270815,An Investigation Of The Absorption And Pharmacokinetics Of A Single Dose Of A Controlled Release (CR) Pregabalin Tablet Following Various Sized Lunches As Compared To A Single Dose Of The Immediate Release (IR) Pregabalin Capsule In Healthy Volunteers,COMPLETED,PHASE1,Healthy,2011-01-04
Pregabalin,NCT02349607,Assessment of the Analgesic Effects of PF-05089771 and Pregabalin in Healthy Volunteers Using Evoked Pain Endpoints,COMPLETED,PHASE1,Healthy,2015-01-23
Pregabalin,NCT01443169,"A 5-treatment, Study in Healthy Volunteers to Assess The Safety, Tolerability, and Pharmacokinetics of Four Controlled Release (CR) Pregabalin Tablet Formulations and the Immediate Release (IR) Formulation Administered Fasted",COMPLETED,PHASE1,Healthy,2011-09-27
Pregabalin,NCT01342198,An Investigation of the Effects of Erythromycin on the Pharmacokinetics of the Pregabalin Controlled Release Tablet,COMPLETED,PHASE1,Healthy,2011-04-21
Pregabalin,NCT02260947,Assessment of the Analgesic Effects of PF-06273340 in Healthy Volunteers Using Evoked Pain Endpoints,COMPLETED,PHASE1,Healthy,2014-10-06
Pregabalin,NCT06077786,A Trial Investigating the Pain-relieving Properties of Lu AG06474 in Healthy Adult Participants,COMPLETED,PHASE1,Healthy Participants,2023-10-05
Pregabalin,NCT02952937,Bioequivalence Study of Two Formulations of Pregabalin CR(Controlled-release) Table 300 mg,COMPLETED,PHASE1,Healthy,2016-10-31
Pregabalin,NCT01080612,"A Study To Assess The Pharmacokinetics, Safety, And Tolerability Of A Pregabalin Controlled Release Formulation Administered Following Various Sized Caloric Meals As Compared To The Pregabalin Immediate Release Formulation",COMPLETED,PHASE1,Healthy,2010-02-26
Pregabalin,NCT01291524,Investigation Of Absorption And Pharmacokinetics Of A Single Dose Of Controlled Release Pregabalin Tablet Administered Fasted At Bedtime Or Immediately Following A 400-500 or 600-750 Calorie Evening Meal As Compared To Single Dose Of Immediate Release Pregabalin Capsule In Healthy Volunteers,COMPLETED,PHASE1,Healthy,2011-02-07
Pregabalin,NCT01202422,An Investigation Of The Absorption And Pharmacokinetics Of Multiple Doses Of Two Controlled Release Pregabalin Tablets As Compared To Multiple Doses Of The Immediate Release Pregabalin Capsule,COMPLETED,PHASE1,Healthy,2010-09-14
Pregabalin,NCT01321671,Investigation Of Absorption And Pharmacokinetics Of A Single Dose Of Controlled Release Pregabalin Tablet Administered Fasted In The Evening or Immediately Following A 600-750 Calorie Evening Meal As Compared To Single Dose Of Immediate Release Pregabalin Capsule In Healthy Volunteers,COMPLETED,PHASE1,Healthy,2011-03-22
Pregabalin,NCT01257529,"An Investigation Of The Absorption And Pharmacokinetics Of A Single Dose Of A Controlled Release (CR) Pregabalin Tablet Following A Low, Medium, And High-Fat Evening Meal As Compared To A Single Dose Of The Immediate Release (IR) Pregabalin Capsule In Healthy Volunteers",COMPLETED,PHASE1,Healthy,2010-12-08
Pregabalin,NCT05071118,The Efficacy of Pregabalin on the Duration of the Spinal Anesthesia and the Early Postoperative Pain After Total Knee Arthroplasty,COMPLETED,PHASE4,Anesthesia,2021-09-20
Pregabalin,NCT02725112,Bioavailability Study of Pregabalin Extended Release Formulation With Various Release Rates in Healthy Volunteers,COMPLETED,PHASE1,Healthy,2016-02-10
Pregabalin,NCT02103686,Study for Comparing The Pharmacokinetics of A Pregabalin Controlled Release Tablet 300mg With Immediate Release Formulation and to Assess the Effect of High Fat Diet in Healthy Male Subjects,COMPLETED,PHASE1,Healthy,2014-03-18
Pregabalin,NCT05389813,Comparison Between Oxycodone and Pregabalin as Preemptive Analgesia,UNKNOWN,PHASE2; PHASE3,Anesthesia,2022-02-15
Pregabalin,NCT01202435,An Investigation Of The Absorption And Pharmacokinetics Of Multiple Doses Of A Controlled Release Pregabalin Tablet As Compared To Multiple Doses Of The Immediate Release Pregabalin Capsule,COMPLETED,PHASE1,Healthy,2010-09-14
Ethinyl Estradiol; Norethindrone,NCT01656434,Study of the Contraceptive Efficacy and Safety of a NOMAC-E2 Combined Oral Contraceptive (COC)(P06448),TERMINATED,PHASE3,Contraception,2012-07-31
Ethinyl Estradiol; Norethindrone,NCT04934696,A Study to Characterize the Drug Levels of an Oral Contraceptive With and Without BMS-986166 in Healthy Female Participants of Childbearing Potential,COMPLETED,PHASE1,Healthy Participants,2021-06-17
Ethinyl Estradiol; Norethindrone,NCT01340625,Norethindrone/Ethinyl Estradiol 0.4 mg/35 Mcg Chewable Tablets Under Fasting Conditions,COMPLETED,PHASE1,Bioequivalence,2011-04-20
Ethinyl Estradiol; Norethindrone,NCT03451110,"Study to Assess the Pharmacokinetic Drug-Drug Interactions of Lemborexant When Coadministered With an Oral Contraceptive, Famotidine, or Fluconazole in Healthy Subjects",COMPLETED,PHASE1,Healthy Subjects,2018-02-23
Ethinyl Estradiol; Norethindrone,NCT01246791,Pharmacokinetics of NPC-01 After Single Oral Administration in Healthy Female Volunteers,COMPLETED,PHASE3,Healthy,2010-11-18
Ethinyl Estradiol; Norethindrone,NCT03856970,"Study to Evaluate the Effect of IW-3718 on the Pharmacokinetics of Oral Contraceptive, Levothyroxine, Glyburide, and Digoxin in Healthy Adult Volunteers",COMPLETED,PHASE1,Healthy Volunteers,2019-02-26
Ethinyl Estradiol; Norethindrone,NCT00477633,Study of Safety and Efficacy of an Oral Contraceptive,COMPLETED,PHASE3,Contraception,2007-05-22
Ethinyl Estradiol; Norethindrone,NCT01040845,A Pharmacokinetic Study of Colchicine With an Oral Contraceptive,COMPLETED,PHASE1,Pharmacokinetics,2009-08-13
Ethinyl Estradiol; Norethindrone,NCT04016753,A Study Measuring the Effectiveness of BMS-986256 Combined With Oral Contraceptive in Healthy Female Participants,COMPLETED,PHASE1,Healthy Participants,2019-06-26
Ethinyl Estradiol; Norethindrone,NCT04709094,A Drug Interaction Study of Danicopan,COMPLETED,PHASE1,Healthy,2021-01-12
Ethinyl Estradiol; Norethindrone,NCT00391807,Study of Safety and Efficacy of an Oral Contraceptive,COMPLETED,PHASE3,Contraception,2006-10-20
Ethinyl Estradiol; Norethindrone,NCT07215806,Effect of Evobrutinib on Pharmacokinetics of a Combined Oral Contraceptive,COMPLETED,PHASE1,Healthy,2025-10-08
Ethinyl Estradiol; Norethindrone,NCT01253824,Pharmacodynamics of NPC-01/IKH-01; Effect of NPC-01/IKH-01 on Sexual Hormone Concentrations in Healthy Female Volunteers,COMPLETED,PHASE3,Healthy,2010-12-02
Ethinyl Estradiol; Norethindrone,NCT05579574,A Study to Investigate the Interaction of BMS-986322 and a Combined Oral Hormonal Contraceptive (Ethinyl Estradiol [EE]/Norethindrone [NET]) in Healthy Female Participants,COMPLETED,PHASE1,Healthy Participants,2022-10-11
Ethinyl Estradiol; Norethindrone,NCT01344369,Norethindrone/Ethinyl Estradiol 0.4 mg/35 Mcg Chewable Tablets Under Non-Fasted Conditions,COMPLETED,PHASE1,Healthy,2011-04-27
Ethinyl Estradiol; Norethindrone,NCT06186271,International Active Surveillance Study: Safety of Estrogen Estetrol (E4) Contraceptive Study (INAS-SEECS),RECRUITING,,Contraception,2023-12-15
Ethinyl Estradiol; Norethindrone,NCT02652650,A Study to Investigate the Effect of JNJ-63623872 at Steady-state on the Steady-state Pharmacokinetics of Ethinylestradiol and Norethindrone,COMPLETED,PHASE1,Healthy,2016-01-08
Ethinyl Estradiol; Norethindrone,NCT00338052,Study of Bleeding With Extended Administration of an Oral Contraceptive,COMPLETED,PHASE2,Contraception,2006-06-16
Ethinyl Estradiol; Norethindrone,NCT02245438,Effect of Tipranavir and Ritonavir on the Pharmacokinetic Characteristics of Norethindrone-Ethinyl Estradiol in Healthy Female Adult Volunteers,TERMINATED,PHASE1,Healthy,2014-09-18
Ethinyl Estradiol; Norethindrone,NCT00656318,Impact of Oral Contraceptives on GABA and Neurosteroids,TERMINATED,,Healthy,2008-04-07
Ethinyl Estradiol; Norethindrone,NCT00821496,Evaluate the Effect of VI-0521 on the Pharmacokinetics of Oral Contraceptive in Healthy Female Subjects,COMPLETED,PHASE1,Healthy,2009-01-06
Glimepiride,NCT00776620,Bioequivalence Study of Glimepiride 1mg Tablets Under Fed Conditions,COMPLETED,,Healthy,2008-10-20
Glimepiride,NCT00934817,Dose Proportionality Study Comparing Amaryl-M 1/500 mg and Amaryl-M 2/500 mg,COMPLETED,PHASE1,Healthy,2009-07-06
Glimepiride,NCT00934323,Dose Proportionality Study About Amaryl M Slow Release (SR) 1/500 mg,COMPLETED,PHASE1,Healthy,2009-07-06
Glimepiride,NCT01052909,"Bioequivalence Study of Dr.Reddy's Laboratories Limited, Glimepiride Tablets 1 mg Under Fasting Condition",COMPLETED,PHASE1,Healthy,2010-01-19
Glimepiride,NCT01053689,"Bioequivalence Study of Dr.Reddys Laboratories Limited, Glimepiride 1 mg Tablets in Healthy Subjects Under Fed Condition",COMPLETED,PHASE1,Healthy,2010-01-19
Glimepiride,NCT00834340,Glimepiride 4 mg Tablets Under Fasting Conditions,COMPLETED,PHASE1,Healthy,2009-01-30
Glimepiride,NCT01302158,Drug-drug Interaction Study With ASP1941 and Glimepiride,COMPLETED,PHASE1,Healthy Subjects,2011-02-21
Glimepiride,NCT06644404,"Phase 1 Study of Drug-Drug Interactions Between DWP16001, DWC202407, and DWC202408 in Healthy Adults",NOT_YET_RECRUITING,PHASE1,Healthy,2024-10-11
Glimepiride,NCT01496443,TAK-875 Glimepiride Drug-Interaction Study,COMPLETED,PHASE1,Pharmacokinetics,2011-12-18
Glimepiride,NCT00776490,Bioequivalence Study of Glimepiride 1mg Tablets Under Fasting Conditions,COMPLETED,,Healthy,2008-10-20
Glimepiride,NCT01934816,Incretin and KATP Channels,TERMINATED,,Healthy Subjects,2013-08-19
Glimepiride,NCT02395237,COMPOUND (INN): HOE490O - GLIMEPIRIDE / METFORMIN HCl (Amaryl® M)0 (Glimepiride/Metformin Hydrochloride Immediate Release Combination Tablet) in Fed Conditions in Healthy Male and/or Female Subjects.,WITHDRAWN,PHASE1,Healthy,2015-03-17
Glimepiride,NCT00648362,Fasting Study of Glimepiride Tablets 1 mg to Amaryl® Tablets 1 mg,COMPLETED,PHASE1,Healthy,2008-03-30
Glimepiride,NCT00549263,Bioequivalence Study of SB797620 in Healthy Japanese Volunteers,WITHDRAWN,PHASE1,Healthy Subjects,2007-10-23
Glimepiride,NCT00835172,Glimepiride 4 mg Tablets Under Non-Fasting Conditions,COMPLETED,PHASE1,Healthy,2009-01-30
Glimepiride,NCT01437800,BIOAVAILABILITY OF GLI/METXR (4/850 mg),COMPLETED,PHASE1,Healthy,2011-09-19
Glimepiride,NCT00650533,Food Study of Glimepiride Tablets 1 mg to Amaryl® Tablets 1 mg,COMPLETED,PHASE1,Healthy,2008-03-30
Glimepiride,NCT02172261,Relative Bioavailability of BI 10773 and Glimepiride in Healthy Male Volunteers,COMPLETED,PHASE1,Healthy,2014-06-20
Glimepiride,NCT01768455,Pharmacokinetic Drug Interaction Study Between Gemigliptin and Glimepiride in Healthy Male Subjects,COMPLETED,PHASE1,Healthy,2013-01-13
Glimepiride,NCT01437813,BIOAVAILABILITY OF Glimepiride/Extended Release Metformin (GLI/METXR): High Fat Diet Study,COMPLETED,PHASE1,Healthy,2011-09-19
Tizanidine,NCT01146028,Bioequivalence Study of Tizanidine HCl Tablets 4 mg of Dr.Reddys Under Fasting Conditions,COMPLETED,PHASE1,Healthy,2010-02-10
Tizanidine,NCT01065987,Bioequivalence Study of Tizanidine HCl 4mg Tablets of Dr.Reddy's Under Fed Conditions,COMPLETED,PHASE1,Healthy,2010-02-08
Clonidine,NCT02882035,Opioid Free Anesthesia: What About Patient Comfort?,COMPLETED,PHASE4,Anesthesia,2016-08-24
Clonidine,NCT00029627,Brain Receptors in Sympathetic Nervous System Regulation,COMPLETED,,Healthy,2002-01-16
Clonidine,NCT03124680,Opioid Free Anesthesia and Continuous Post-operative Pulse Oximetry Monitoring in the Obese Patient,COMPLETED,,Anesthesia,2017-03-31
Clonidine,NCT02444559,Does Perineural Clonidine Prolong Duration of a Nerve Block?,COMPLETED,PHASE2,Healthy,2015-05-12
Clonidine,NCT02548806,"Phase 1 PK, Bioavailability, Safety Study of Clonidine MBT w Catapres in Healthy Volunteers",COMPLETED,PHASE1,Healthy,2015-09-02
Clonidine,NCT02096744,Bioequivalence of Two Transdermal Clonidine Administrations in Healthy Volunteers,COMPLETED,PHASE1,Healthy,2014-03-24
Clonidine,NCT04032691,PET Study of a2a Agonist Effects on the Ventricular CSF Clearance of [11C]Butanol,WITHDRAWN,EARLY_PHASE1,Healthy Volunteers,2019-07-19
Fenofibrate,NCT00775359,Bioequivalence Study of Fenofibrate 160mg Tablets Under Fed Conditions,COMPLETED,,Healthy,2008-10-17
Fenofibrate,NCT00961116,Bioequivalence Study of Fenofibric Acid Versus Tricor® (Fenofibrate),COMPLETED,PHASE1,Healthy,2009-08-14
Fenofibrate,NCT00359281,Pharmacokinetic Drug Interactions of AEGR-733 on Lipid-lowering Agents,COMPLETED,PHASE2,Healthy,2006-07-31
Fenofibrate,NCT02422030,CKD-337(2) Drug-drug Interaction Study,COMPLETED,PHASE1,Healthy,2015-03-25
Fenofibrate,NCT00839293,Comparison of Fenofibric Acid Bioavailability From ABT-335 Capsules,COMPLETED,PHASE1,Healthy,2009-02-06
Fenofibrate,NCT01472380,A Drug-Drug Interaction Study Between Fenofibric Acid and Efavirenz,COMPLETED,PHASE1,Healthy,2011-11-11
Fenofibrate,NCT01109758,Effects of Fenofibrate on Gene Expression in Healthy Volunteers,COMPLETED,PHASE1,Healthy,2010-04-12
Fenofibrate,NCT00543647,Effect of Fenofibrate on Kidney Function: a Six-week Randomized Cross-over Trial in Healthy People,COMPLETED,PHASE1,Healthy Volunteers,2007-10-12
Fenofibrate,NCT02306889,"Bioequivalence Study of Fenofibrate Capsules, 130 mg Under Fasting Conditions",COMPLETED,,Healthy,2014-11-24
Fenofibrate,NCT01501435,To Compare Safety and Pharmacokinetic Properties of CJ-30039 and Lipidil Supra,COMPLETED,PHASE1,Healthy,2011-12-24
Fenofibrate,NCT00775827,Bioequivalency Study of Fenofibrate 160mg Tablets Under Fasting Conditions,COMPLETED,,Healthy,2008-10-17
Fenofibrate,NCT00487136,"Interaction Between ABT-335, Rosuvastatin and Warfarin",COMPLETED,PHASE1,Healthy,2007-06-13
Fenofibrate,NCT02306902,"Bioequivalence Study of Fenofibrate Capsules, 130 mg Under Fed Conditions",COMPLETED,,Healthy,2014-11-24
Fenofibrate,NCT01509196,A Bioequivalence Study Comparing HIP0901 Capsule With Lipidilsupra Tablet,COMPLETED,PHASE1,Healthy,2012-01-10
Fenofibrate,NCT00960687,Fed Bioequivalence Study of Fenofibric Acid Versus TriCor® (Fenofibrate),COMPLETED,PHASE1,Healthy,2009-08-14
Fenofibrate,NCT00644592,LXRA Gene Polymorphisms and Response to Fenofibrate,TERMINATED,,Healthy,2008-03-21
Insulin Lispro,NCT02317575,A Study of LY900014 Formulations in Healthy Participants,COMPLETED,PHASE1,Healthy Volunteers,2014-12-11
Insulin Lispro,NCT02660502,An Euglycemic Clamp Trial to Evaluate Pharmacokinetics of Single Doses of BioChaperone Insulin Lispro in Healthy Japanese Subjects,COMPLETED,PHASE1,Healthy,2016-01-18
Insulin Lispro,NCT00803972,"Dose-Ranging, Pharmacokinetic (PK), Glucodynamic (GD), Safety and Tolerability Study of Subcutaneously (SC) Administered Humulin R and Humalog With or Without rHuPH20",COMPLETED,PHASE1,Healthy Volunteers,2008-12-04
Insulin Lispro,NCT02942654,A Study of LY900014 Formulation in Healthy Participants,COMPLETED,PHASE1,Healthy,2016-10-21
Insulin Lispro,NCT00979875,A Pharmacokinetic and Glucodynamic Study of Subcutaneously Administered Insulin Analogs With rHuPH20 Compared to Insulin Analogs Alone,COMPLETED,PHASE1,Healthy,2009-09-17
Insulin Lispro,NCT04049123,A Study of LY900014 in Healthy Chinese Participants,COMPLETED,PHASE1,Healthy,2019-08-06
Insulin Lispro,NCT02529293,A Clinical Trial Investigating the Intra-subject Variability of Pharmacokinetics and Glucodynamics of BioChaperone Insulin Lispro U-100 Product and U-200 Product in Healthy Volunteers,COMPLETED,PHASE1,Healthy,2015-08-18
Insulin Lispro,NCT01871493,A Study of LY2605541 and Insulin Lispro Mixture in Healthy Participants,COMPLETED,PHASE1,Healthy Volunteers,2013-06-04
Insulin Lispro,NCT02525744,A Study of a New LY900014 Formulation in Healthy Participants,COMPLETED,PHASE1,Healthy,2015-08-14
Insulin Lispro,NCT05373186,A Trial Investigating the Pharmacodynamics of BC Combo THDB0207 Compared With Humalog® Mix25 and Simultaneous Injections of Humalog® and Lantus® in Healthy Chinese Volunteers,COMPLETED,PHASE1,Healthy,2022-05-04
Insulin Lispro,NCT06153329,A Trial to Evaluate the Pharmacokinetics and Pharmacodynamics of THDB0206 Injection in Healthy Chinese Subjects,COMPLETED,PHASE1,Healthy,2023-11-17
Insulin Lispro,NCT02111083,A Study of 2 Different Formulations of Insulin Lispro in Healthy Participants,COMPLETED,PHASE1,Healthy Volunteers,2014-04-08
Insulin Lispro,NCT02770521,A Study of Treprostinil and a New Formulation of LY900014 in Healthy Japanese Participants,COMPLETED,PHASE1,Healthy,2016-05-11
Insulin Lispro,NCT01133392,Bioequivalence of Two Lispro Formulations,COMPLETED,PHASE1,Healthy Volunteers,2010-05-27
Insulin Lispro,NCT01638325,A Study of Insulin Lispro With BioChaperone Excipient in Healthy Participants,COMPLETED,PHASE1,Healthy Participants,2012-07-09
Insulin Lispro,NCT02293551,A Study of Lispro Formulations in Healthy Participants,COMPLETED,PHASE1,Healthy Volunteers,2014-11-13
Insulin Lispro,NCT02752087,A Study to Compare the Effects of a Test and Reference Formulation of LY900014 in Healthy Participants,COMPLETED,PHASE1,Healthy,2016-04-22
Insulin Lispro,NCT02432976,Impact of Perioperative Exenatide Infusion on Quality of Life in Cardiac Surgery Patients,COMPLETED,PHASE2; PHASE3,Quality of Life,2015-04-29
Valsartan,NCT04859452,"A Study to Evaluate the DDI of DBPR108 With Metformin,Glibenclamide,Valsartan, or Simvastatin in Healthy Subjects",COMPLETED,PHASE1,Healthy Subjects,2021-04-21
Valsartan,NCT02197442,Bioequivalence Study of Valsartan 320mg Tablets Under Fasting Conditions,COMPLETED,,Healthy,2014-07-21
Valsartan,NCT01232049,Drug Interaction and Safety Between Pitavastatin and Valsartan (CWP-PTV-101),COMPLETED,PHASE1,Healthy,2010-11-01
Valsartan,NCT01823913,Safety and Pharmacokinetic Comparison of Exforge® and G-0081 in Healthy Male Volunteers,COMPLETED,PHASE1,Healthy,2013-03-24
Valsartan,NCT00416468,Bioavailability of Aliskiren and Valsartan Combined as a Single Tablet vs. the Same Medications Given Separately to Healthy Subjects.,COMPLETED,PHASE1,Healthy,2006-12-27
Valsartan,NCT02088008,A Bioequivalence Study Comparing Cilnidipine/Valsartan Combination Tablet With Coadministration of Cilnidipine and Valsartan,UNKNOWN,PHASE1,Healthy Volunteers,2014-03-10
Valsartan,NCT00185055,"The Relative Effects of Olmesartan Medoxomil, Irbesartan and Valsartan on the Activity of the Blood Pressure Control System in Healthy Subjects",COMPLETED,PHASE4,Healthy,2005-09-09
Valsartan,NCT02197494,Bioequivalence Study of Valsartan 320mg Tablets Under Fed Conditions,COMPLETED,,Healthy,2014-07-21
Valsartan,NCT01494727,"Phase I Study to Compare the Safety, Pharmacokinetic Profiles of CJ Amlodipine/Valsartan 10/160mg and Novartis Exforge 10/160mg",COMPLETED,PHASE1,Healthy,2011-12-15
Valsartan,NCT06193187,A Bioequivalence Study of Sacubitril/Valsartan Film-coated Tablets Under Fasting Conditions,NOT_YET_RECRUITING,PHASE1,Healthy Volunteers,2023-12-12
Cephalexin,NCT02479867,A Bioequivalence Study of Cefadroxil From Duricef 1 gm F.C.T (GSK) and Biodroxil 1 gm F.C.T (Novartis Pharma),COMPLETED,PHASE1,Healthy,2015-06-15
Cephalexin,NCT02123472,A Study of Cephalexin Liquid for Pediatrics in Healthy Adults Participants,COMPLETED,PHASE1,Healthy Volunteers,2014-04-23
Cephalexin,NCT02490670,A Study of Cephalexin Liquid in Healthy Participants,COMPLETED,PHASE1,Healthy,2015-07-02
Cephalexin,NCT00834275,Cefadroxil 500 mg Capsules Under Fasting Conditions,COMPLETED,PHASE1,Healthy,2009-01-30
Cephalexin,NCT02123459,A Study of Cephalexin Suspension in Healthy Participants,COMPLETED,PHASE1,Healthy Volunteers,2014-04-23
Cephalexin,NCT02123446,A Study of Cephalexin Capsules in Healthy Participants,COMPLETED,PHASE1,Healthy Volunteers,2014-04-23
Cephalexin,NCT02140281,To Assess the Effect of AZD1722 on the Pharmacokinetics of Cefadroxil in Healthy Volunteers,COMPLETED,PHASE1,Healthy Volunteers,2014-05-14
Cephalexin,NCT02100826,A Study of Cephalexin in Healthy Participants,COMPLETED,PHASE1,Healthy Volunteers,2014-03-27
Cephalexin,NCT00835081,Cefadroxil 500 mg Capsules in Normal Healthy Non-Smoking Male and Female Subjects.,COMPLETED,PHASE1,Healthy,2009-01-30
Baclofen,NCT00647738,Comparative Bioavailability Study of Baclofen 20 mg Tablets in Healthy Male Volunteers / Fasting State,COMPLETED,PHASE1,Healthy,2008-03-30
Baclofen,NCT00676039,Comparison of the Pharmacokinetics of Two Generic Antidepressants and Their Respective Brand Preparations,COMPLETED,PHASE1,Healthy,2008-05-07
Baclofen,NCT05257447,Pharmacokinetic and Bioequivalence Comparison of Baclofen and Chlorzoxazone Administered Individually or Concurrently,COMPLETED,PHASE1,Pharmacokinetics,2022-02-15
Rivaroxaban,NCT04727021,A Trial to Learn How Much Rivaroxaban Gets Into the Blood When Taken in Different Forms and How Safe They Are in Healthy Men,COMPLETED,PHASE1,Healthy Volunteers,2021-01-19
Rivaroxaban,NCT03071380,"Bioequivalence Study of Rivaroxaban From Repatoxaban 10 mg Tablets (Horus for Pharmaceutical Industries, Egypt) and Xarelto® 10 mg Tablets (Janssen Pharm., Licensed From: Bayer Healthcare, Germany)",COMPLETED,PHASE1,Healthy,2017-03-01
Rivaroxaban,NCT03172910,Phase 2 Study of Rivaroxaban Reversal by Ciraparantag as Measured by WBCT,COMPLETED,PHASE2,Healthy,2017-05-19
Rivaroxaban,NCT04767776,Non Inferiority Study of a Reduced Dose of Activated Charcoal on Rivaroxaban Pharmacokinetics.,COMPLETED,PHASE1,Healthy,2021-02-19
Rivaroxaban,NCT04689919,Bioequivalence of Xaroban 20mg (Rivaroxaban) Tablet and Xarelto 20mg (Rivaroxaban) Tablet Under Fed Conditions,COMPLETED,PHASE1,Bioequivalence,2020-12-17
Rivaroxaban,NCT01710267,Rivaroxaban Laboratory Monitoring in Switzerland 2: Therapeutic Dose (RivaMoS 2),COMPLETED,,Healthy,2012-10-17
Rivaroxaban,NCT06558045,Bioequivalence Study of Rivaroxaban 20 mg Film-coated Tablets,COMPLETED,PHASE1,Healthy,2024-08-14
Rivaroxaban,NCT03578146,Phase 2 Healthy Volunteer Study to Evaluate the Ability of PRT064445 to Reverse the Effects of Several Blood Thinner Drugs on Laboratory Tests (Module 2 of 4),COMPLETED,PHASE2,Healthy Volunteers,2018-05-15
Rivaroxaban,NCT03864406,"Impact of Steady State Cobicistat and Darunavir/Cobicistat on the Pharmacokinetics and Pharmacodynamics of Oral Anticoagulants (Rivaroxaban, Apixaban) in Health Volunteers",COMPLETED,PHASE1,Healthy Volunteers,2019-03-05
Ferrous Sulfate,NCT03850652,Can Prebiotics Support the Treatment of Mild Iron Deficiency by Iron Supplementation,UNKNOWN,,Healthy,2019-02-13
Ferrous Sulfate,NCT03645863,Effects of Iron Supplements on the Pharmacokinetics of MT-6548,COMPLETED,PHASE3,Healthy,2018-08-22
Ferrous Sulfate,NCT05642689,Evaluation of Fe Absorption From Iron Salt in Milk,COMPLETED,,Healthy,2022-03-29
Ferrous Sulfate,NCT02412449,Relative Bioavailability of Two Formulations of AKB-6548 and the Food Effect of a New Tablet in Healthy Adult Subjects,COMPLETED,PHASE1,Healthy,2015-04-01
Ferrous Sulfate,NCT02327546,Effects of Ferrous Sulfate on the Pharmacokinetics of AKB-6548,COMPLETED,PHASE1,Healthy Volunteers,2014-12-23
Amitriptyline,NCT02256878,Study to Evaluate the Effect Single and Multiple Oral Doses of BIRT 2584 XX Tablets on the Pharmacokinetic Parameters of Amitriptyline and Nortriptyline in Healthy Male and Female Subjects,COMPLETED,PHASE1,Healthy,2014-10-02
Amitriptyline,NCT00355277,Local Anaesthetic Effects of Transcutaneous Amitriptyline,COMPLETED,PHASE1,Healthy Volunteers,2006-07-20
Amitriptyline,NCT01566825,The Influence of Amitriptyline on Learning in a Visual Discrimination Task,COMPLETED,,Healthy Subjects,2012-03-27
Amitriptyline,NCT02127736,Pharmacological Conditioning of Sleep Patterns in Healthy Participants Using Amitriptylin,COMPLETED,,Healthy Participants,2014-04-29
Finasteride,NCT01264302,Bioequivalence Study of Two Finasteride 5 mg Tablet Formulations Under Non-Fasting Conditions,COMPLETED,PHASE1,Healthy,2010-12-20
Finasteride,NCT00648791,Fasting Study of Finasteride Tablets 5 mg and Proscar Tablets 5 mg,COMPLETED,PHASE1,Healthy,2008-03-30
Finasteride,NCT00871247,A Relative Bioavailability Study of Finasteride 5 mg Tablets Under Fed Conditions,COMPLETED,PHASE1,Healthy,2009-03-26
Finasteride,NCT00835796,"Finasteride 5 mg Tablets, Non-fasting",COMPLETED,PHASE1,Healthy,2009-02-03
Finasteride,NCT01264289,Bioequivalence Study of Finasteride 5 mg Tablet Formulations Under Fasting Conditions,COMPLETED,PHASE1,Healthy,2010-12-20
Finasteride,NCT01133457,Bioequivalence Study of Dr.Reddy's Laboratories Limited Finasteride Tablets 1 mg Under Fed Condition,COMPLETED,PHASE1,Healthy,2010-05-27
Finasteride,NCT00835666,Finasteride 5 mg Tablets Under Fasting Conditions,COMPLETED,PHASE1,Healthy,2009-02-03
Finasteride,NCT01923090,"Finasteride, Dutasteride and Insulin Action",UNKNOWN,PHASE2,Healthy Volunteers,2013-08-09
Finasteride,NCT01133444,"Bioequivalence Study of Dr. Reddy's Laboratories Limited, Finasteride Tablets 1 mg Under Fasting Condition",COMPLETED,PHASE1,Healthy,2010-05-27
Finasteride,NCT00650377,Fed Study of Finasteride Tablets 5 mg and Proscar® Tablets 5 mg,COMPLETED,PHASE1,Healthy,2008-03-30
Finasteride,NCT00870480,A Relative Bioavailability Study of Finasteride 5 mg Tablets Under Fasting Conditions,COMPLETED,PHASE1,Healthy,2009-03-26
Dapagliflozin,NCT05105698,Food-effect Bioavailability of Gemigliptin and Dapagliflozin 50/10 mg,UNKNOWN,PHASE1,Healthy Volunteers,2021-10-13
Dapagliflozin,NCT03826641,"A Study to Evaluate the Pharmacokinetics, Safety and Tolerability of HCP1801 in Healthy Subjects",COMPLETED,PHASE1,Healthy,2019-01-28
Dapagliflozin,NCT01156246,Study to Assess the Effect of Food on Combination Dapagliflozin/Metformin Tablet in Healthy Volunteers,COMPLETED,PHASE1,Healthy,2010-06-28
Dapagliflozin,NCT03364985,"Safety, Tolerability, Pharmacokinetics and Pharmacodynamics of DWP16001 After Oral Administration in Healthy Male Volunteers",COMPLETED,PHASE1,Healthy,2017-11-29
Dapagliflozin,NCT04473417,Pharmacokinetics and Safety/Tolerability Profiles of DA-2811 in Healthy Subjects,COMPLETED,PHASE1,Healthy,2020-07-13
Acetaminophen; Oxycodone,NCT01456520,Pharmacokinetics and Bioequivalence of Vycavert (10 mg Hydrocodone Bitartrate/325 mg Acetaminophen) Compared to the Reference Drug Norco,COMPLETED,PHASE1,Healthy,2011-10-14
Acetaminophen; Oxycodone,NCT02991222,Bioavailability Study of SPARC001(Study 1) in Healthy Adult Volunteers,COMPLETED,PHASE1,Healthy,2016-12-08
Acetaminophen; Oxycodone,NCT02618395,Bioavailability Study of SPARC001 in Healthy Adult Volunteers,COMPLETED,PHASE1,Healthy,2015-11-23
Acetaminophen; Oxycodone,NCT03567941,To Evaluate the Relative Abuse Potential of Hydrocodone Bitartrate and Acetaminophen,COMPLETED,PHASE1,Healthy,2018-03-20
Acetaminophen; Oxycodone,NCT02991261,Bioavailability Study of SPARC001 (Study 2) in Healthy Adult Volunteers,COMPLETED,PHASE1,Healthy,2016-12-08
Acetaminophen; Oxycodone,NCT02966860,Single-Dose PK Study of an Oxycodone/Acetaminophen Solution in Healthy Subjects,COMPLETED,PHASE1,Healthy Volunteers,2016-11-06
Acetaminophen; Oxycodone,NCT02826551,Pain Outcomes After Anterior Cruciate Ligament Reconstruction With Posterior Capsular Marcaine Injection,TERMINATED,,Anesthesia,2016-05-24
Folic Acid,NCT00353353,The Bread Trial: Effects of Bread Fortified With Folic Acid and Vitamin B12,COMPLETED,,Healthy,2006-07-17
Folic Acid,NCT05445440,A Study to Assess the Effects of BMS-986371 on the Drug Levels of Methotrexate in the Presence and Absence of Sulfasalazine,COMPLETED,PHASE1,Healthy Participants,2022-06-30
Folic Acid,NCT03359057,Trial Evaluating Folic Acid Supplementation by Concomitant Administration of Ethinyl Estradiol + Levonorgestrel,COMPLETED,PHASE3,Contraception,2017-11-27
Folic Acid,NCT00709267,Bioavailability Study of Folic Acid in Healthy Women,COMPLETED,PHASE1,Healthy; Pharmacokinetics,2008-06-30
Aripiprazole,NCT01607762,A Study to Compare Capillary and Venous Whole Blood and Plasma Concentrations of Five Antipsychotics,COMPLETED,PHASE1,Healthy,2012-05-25
Aripiprazole,NCT05804721,"Bioequivalence Study of Aripiprazole From Apipe 10 mg Orally Disintegrating Tablets (Man. by: P&C Labs (Pellets & CR Products), Egypt) Versus Abilify 10 mg Orodispersible Tablets (Otsuka Pharmaceutical Netherlands B.V., Netherlands)",COMPLETED,PHASE1,Healthy,2023-03-27
Aripiprazole,NCT02088697,A Bioequivalence Study of ASC-01 Placebo (Aripiprazole 0 mg/Sertraline 100 mg) and Sertraline Tablet in Healthy Male Subjects,COMPLETED,PHASE1,Healthy Volunteers,2014-03-12
Aripiprazole,NCT00361790,Aripiprazole and Lexapro Drug Interaction Study,COMPLETED,PHASE1,Healthy,2006-08-07
Olmesartan,NCT02089399,"Pharmacokinetics and Drug Interaction Study Between Amlodipine,Olmesartan and Rosuvastatin in Healthy Adult Volunteers",COMPLETED,PHASE1,Healthy,2014-03-14
Olmesartan,NCT01415466,Pharmacokinetics and Drug Interaction Study Between Rosuvastatin and CS-866 in Healthy Male Volunteers,COMPLETED,PHASE1,Healthy,2011-08-09
Olmesartan,NCT00649623,Fasting Study of Olmesartan Medoxomil Tablets 40 mg and Benicar® Tablets 40 mg,COMPLETED,PHASE1,Healthy,2008-03-30
Olmesartan,NCT00648219,Fed Study of Olmesartan Medoxomil Tablets 40 mg and Benicar® Tablets 40 mg,COMPLETED,PHASE1,Healthy,2008-03-30
Olmesartan,NCT01020214,Fasting Study of Olmesartan Medoxomil and Hydrochlorothiazide Tablets 40 mg/25 mg and Benicar HCT® Tablets 40 mg/25 mg,COMPLETED,PHASE1,Healthy,2009-11-11
Olmesartan,NCT03319706,Bioequivalence Study of Torrent Pharmaceuticals Ltd.'s Olmesartan Medoxomil Tablets Under Fed Conditions,COMPLETED,PHASE1,Healthy Subjects,2017-10-19
Olmesartan,NCT01831479,Investigation of Pharmacokinetic Interaction Between Rosuvastatin and Olmesartan in Healthy Male Volunteers,COMPLETED,PHASE1,Healthy,2013-03-24
Olmesartan,NCT02962258,"BE Study of Torrent's Olmesartan Medoxomil, Amlodipine and Hydrochlorothiazide Tab - Fed Conditions",COMPLETED,PHASE1,Healthy Subjects,2016-11-09
Olmesartan,NCT00185055,"The Relative Effects of Olmesartan Medoxomil, Irbesartan and Valsartan on the Activity of the Blood Pressure Control System in Healthy Subjects",COMPLETED,PHASE4,Healthy,2005-09-09
Olmesartan,NCT02962336,"Bioequivalence Study of Torrent's Olmesartan Medoxomil, Amlodipine and Hydrochloride Tablets Under Fasting Conditions.",COMPLETED,PHASE1,Healthy Subjects,2016-11-09
Olmesartan,NCT03318354,Bioequivalence Study of Torrent Pharmaceuticals Ltd.'s Olmesartan Medoxomil Tablet Under Fasting Conditions,COMPLETED,PHASE1,Healthy Subjects,2017-10-19
Olmesartan,NCT04138888,A Bioequivalence Study of Two Different Formulations of Olmesartan Medoxomil/ Hydrochlorothiazide After a Single Oral Dose Administration Under Fasting Conditions,UNKNOWN,PHASE1,Bioequivalence,2019-10-23
Olmesartan,NCT01823900,Safety and Pharmacokinetic Comparison of Co-administration and a Combination Drug of Rosuvastatin and Olmesartan in Healthy Male Volunteers,COMPLETED,PHASE1,Healthy,2013-03-24
Olmesartan,NCT02561884,"A Single-dose, Randomized, Two-period, Two-treatment, Two-sequence, Crossover Bioequivalence Study on a Olostar Tab Versus Two Co-administered Reference Products Olmesartan Medoxomil and Rosuvastatin Calcium in Healthy Volunteers",UNKNOWN,PHASE1,Healthy,2015-09-24
Olmesartan,NCT02665832,Study of DWJ1351 in Healthy Male Volunteers,UNKNOWN,PHASE1,Healthy,2016-01-20
Olmesartan,NCT03753477,Clinical Trial to Investigate the Efficacy and Safety of DWJ1351,COMPLETED,PHASE1,Healthy,2018-02-14
Olmesartan,NCT01493856,A Clinical Trial to Compare the Safety and Pharmacokinetic Characteristics of Combination of Rosuvastatin and CS-866 and DWJ1276,COMPLETED,PHASE1,Healthy Volunteers,2011-12-13
Olmesartan,NCT03951051,The Bioequivalence Study of Two Different Formulations of Olmesartan Medoxomil After a Single Oral Dose Administration Under Fasting Conditions.,COMPLETED,PHASE1,Bioequivalence,2019-05-13
Olmesartan,NCT01019590,Fed Study of Olmesartan Medoxomil and Hydrochlorothiazide Tablets 40 mg/25 mg and Benicar HCT® Tablets 40 mg/25 mg,COMPLETED,PHASE1,Healthy,2009-11-11
Ethinyl Estradiol; Norgestimate,NCT00890565,Safety Study of Electrocardiogram (ECG) Effects of Sancuso® (Granisetron TDS),COMPLETED,PHASE1,Healthy,2009-04-29
Ethinyl Estradiol; Norgestimate,NCT00779532,Thorough QT/QTc Study of Multiple Oral Doses of NOMAC-E2 (Org 10486 0 + Org 2317) in Healthy Women (Study 292011)(P05802),COMPLETED,PHASE1,Contraception,2008-10-23
Ethinyl Estradiol; Norgestimate,NCT00721344,A Study to Determine if Technosphere® Inhalation Powder (FDKP) Causes ECG Changes (QTc) Following the Medication's Inhaled Administration.,COMPLETED,PHASE1,Healthy Subjects,2008-07-22
Ethinyl Estradiol; Norgestimate,NCT05293171,Study to Investigate the Effect of BL-8040 (Motixafortide) on the QTc Interval in Healthy Subjects,COMPLETED,PHASE1,Healthy Subjects,2022-02-02
Ethinyl Estradiol; Norgestimate,NCT01876316,The Effect of Ethnic on Moxifloxacin Induced QT Interval Prolongation in Korean and Japanese Healthy Subjects,COMPLETED,,Healthy,2013-06-09
Ethinyl Estradiol; Norgestimate,NCT03162900,A Phase 1 Study To Evaluate The Effect Of Glasdegib On The Cardiac Repolarization In Healthy Subjects,COMPLETED,PHASE1,Healthy Volunteers,2017-05-18
Ethinyl Estradiol; Norgestimate,NCT02172144,Via Respimat® Inhaled BI 1744 CL Compared to Moxifloxacin and Placebo in Healthy Male and Female Volunteers,COMPLETED,PHASE1,Healthy,2014-06-20
Ethinyl Estradiol; Norgestimate,NCT01746732,A Study of Evacetrapib in Healthy Female Participants,COMPLETED,PHASE1,Healthy Volunteers,2012-12-07
Ethinyl Estradiol; Norgestimate,NCT02256735,Study to Investigate the Effect of KUC 7483 CL on the QT/QTc Interval of the ECG in Comparison to Placebo and Moxifloxacin in Healthy Male and Female Volunteers,COMPLETED,PHASE1,Healthy,2014-10-02
Ethinyl Estradiol; Norgestimate,NCT03657446,A Study in Healthy Subjects to Investigate Whether Administration of Clazosentan Can Affect Normal Heart Function,COMPLETED,PHASE1,Healthy Subjects,2018-08-31
Ethinyl Estradiol; Norgestimate,NCT02537288,A Study in Healthy Volunteers to Assess the Effect of Fedovapagon on the QT/QTC Interval,COMPLETED,PHASE1,Healthy,2015-08-05
Ethinyl Estradiol; Norgestimate,NCT06352541,Study Evaluating PRO-232 an Ophthalmic Solution Compared to Placebo.,NOT_YET_RECRUITING,PHASE1,Healthy,2024-04-02
Ethinyl Estradiol; Norgestimate,NCT01613040,A Study of the Effect of RO4917838 on the QTcF Interval in Healthy Volunteers,COMPLETED,PHASE1,Healthy Volunteer,2012-05-23
Ethinyl Estradiol; Norgestimate,NCT01297062,A Safety Study to Assess the Effects of Therapeutic and Supratherapeutic Exenatide Concentrations on QT Interval in Healthy Subjects,COMPLETED,PHASE1,Healthy Subjects,2011-02-09
Ethinyl Estradiol; Norgestimate,NCT02637193,A Study to Assess The Effects Of Effexor XR On Cardiac Repolarization In Healthy Adult Subjects,COMPLETED,PHASE1,Healthy Subjects,2015-11-24
Ethinyl Estradiol; Norgestimate,NCT06379867,A Study to Evaluate the Effects of HSK3486 Administration on Cardiac Repolarization in Healthy Subjects,RECRUITING,PHASE1,Anesthesia,2024-04-18
Ethinyl Estradiol; Norgestimate,NCT01140425,Study To Evaluate The Effect Of A Multiple Oral Dose Of PF-00232798 On QT Intervals In Healthy Subjects,COMPLETED,PHASE1,Healthy,2010-06-07
Ethinyl Estradiol; Norgestimate,NCT03656952,A Study to Evaluate the PF-06700841 Effect on QTc Interval in Healthy Volunteers,COMPLETED,PHASE1,Healthy,2018-08-30
Ethinyl Estradiol; Norgestimate,NCT04718636,A Study to Evaluate Effects of CC-99677 on the Pharmacokinetics of an Oral Contraceptive in Healthy Female Participants,COMPLETED,PHASE1,Healthy Volunteers,2021-01-06
Ethinyl Estradiol; Norgestimate,NCT03606057,"A Study to Investigate the Effect of JNJ-64565111 on Cardiac Repolarization (Corrected QT Interval) Compared With Placebo in Healthy Adults: a Thorough ECG Study Employing Placebo, JNJ-64565111, and a Positive Control (Moxifloxacin)",COMPLETED,PHASE1,Healthy,2018-07-10
Ethinyl Estradiol; Norgestimate,NCT04019574,Study to Investigate the Effects of Single Intravenous Doses of Difelikefalin (CR845) on the QTc Interval in Healthy Subjects,COMPLETED,PHASE1,Healthy,2019-07-08
Ethinyl Estradiol; Norgestimate,NCT00914121,Study Evaluating The Effect of Bosutinib (SKI-606) On Cardiac Repolarization (Rhythms Of The Heart),COMPLETED,PHASE1,Healthy Subjects,2009-05-28
Ethinyl Estradiol; Norgestimate,NCT06746402,"A Study to Investigate the Safety, Tolerability, and Pharmacokinetics of BMS-986278 and the Effects of BMS-986278 on Cardiac Repolarization in Healthy Participants",COMPLETED,PHASE1,Healthy Volunteers,2024-12-18
Ethinyl Estradiol; Norgestimate,NCT06215521,A Study to Evaluate the Effect of Pirtobrutinib (LOXO-305) on QTc Interval in Healthy Participants,COMPLETED,PHASE1,Healthy,2023-12-15
Ethinyl Estradiol; Norgestimate,NCT02807207,To Evaluate the Cardiac Safety and PK Following a Single Oral Dose Administration of Pacritinib in Healthy Subjects,COMPLETED,PHASE1,Healthy Subjects,2016-05-03
Ethinyl Estradiol; Norgestimate,NCT01028924,Effects of Teduglutide on Cardiac Repolarisation and Conduction in Healthy Male and Female Volunteers,COMPLETED,PHASE1,Healthy,2009-12-08
Ethinyl Estradiol; Norgestimate,NCT01363323,Effect of Methylnaltrexone (MNTX) on Electrocardiogram (ECG) Parameters and Cardiac Repolarization,COMPLETED,PHASE1,Healthy Volunteers,2011-05-27
Ethinyl Estradiol; Norgestimate,NCT06258265,A Study of TAK-279 in Healthy Adults on the Effect on ECG Measurements,COMPLETED,PHASE1,Healthy Volunteers,2024-02-06
Ethinyl Estradiol; Norgestimate,NCT03494907,A Study to Evaluate the Effects of Single-dose Seltorexant on Electrocardiogram Intervals in Healthy Adult Participants,COMPLETED,PHASE1,Healthy,2018-04-05
Ethinyl Estradiol; Norgestimate,NCT06441318,A Study to Evaluate the Effect of Povorcitinib on the QT/QTc Interval in Healthy Participants,COMPLETED,PHASE1,Healthy Participants,2024-05-29
Ethinyl Estradiol; Norgestimate,NCT02737605,A Study to Evaluate the Effects of Esketamine on Cardiac Repolarization in Healthy Participants,COMPLETED,PHASE1,Healthy,2016-04-08
Ethinyl Estradiol; Norgestimate,NCT00926263,"A Pharmacokinetic And QT Study Of CP-751,871 In Healthy Subjects",TERMINATED,PHASE1,Healthy Volunteers,2009-06-21
Ethinyl Estradiol; Norgestimate,NCT03465436,A Study of Lasmiditan on the Heart in Healthy Participants,COMPLETED,PHASE1,Healthy,2018-02-05
Ethinyl Estradiol; Norgestimate,NCT01416259,"A Phase I Study of the Effects of APF530 Exposure, Granisetron and Moxifloxacin",COMPLETED,,Healthy,2011-08-10
Ethinyl Estradiol; Norgestimate,NCT02344303,"Study of the Effects of TRV130, at Therapeutic and Supra Therapeutic Doses, on QTc Intervals",COMPLETED,PHASE1,Healthy,2015-01-09
Ethinyl Estradiol; Norgestimate,NCT01594255,CAEB071 Thorough QTc Study in Healthy Volunteers,COMPLETED,PHASE1,Healthy,2012-05-03
Ethinyl Estradiol; Norgestimate,NCT00699504,Assess the Effect of Cangrelor at the Therapeutic Dose and a Supratherapeutic Dose Level on the QT/QTc Interval in Healthy Volunteers,COMPLETED,PHASE1,Healthy,2008-06-13
Ethinyl Estradiol; Norgestimate,NCT05630274,A Study of Effect of Selpercatinib (LY3527723) on Corrected QT (QTc) Interval in Healthy Participants,COMPLETED,PHASE1,Healthy,2022-11-21
Ethinyl Estradiol; Norgestimate,NCT06462326,A Study to Compare the Effect of Omadacycline Versus Moxifloxacin in Healthy Adult Volunteers,COMPLETED,PHASE1,Healthy Volunteer,2024-04-29
Ethinyl Estradiol; Norgestimate,NCT04560816,A Study of the Cardiac Effects of ALXN1840 in Healthy Adults,COMPLETED,PHASE1,Healthy,2020-09-18
Ethinyl Estradiol; Norgestimate,NCT03696459,A Study to Evaluate the Effect of JNJ-53718678 on the Cardiac Repolarization Interval in Healthy Adult Participants,COMPLETED,PHASE1,Healthy,2018-10-03
Ethinyl Estradiol; Norgestimate,NCT03777761,Effects of Tucatinib on Cardiac Repolarization in Healthy Participants,COMPLETED,PHASE1,Healthy,2018-12-10
Ethinyl Estradiol; Norgestimate,NCT02136888,Study of the Electrocardiographic Effects of Ponesimod in Healthy Male and Female Subjects,COMPLETED,PHASE1,Healthy,2014-05-09
Ethinyl Estradiol; Norgestimate,NCT02176005,Safety and Efficacy Study of DAV132 in Healthy Volunteers,COMPLETED,PHASE1,Healthy,2014-06-25
Ethinyl Estradiol; Norgestimate,NCT01398293,A Study of Danoprevir in Combination With Low-Dose Ritonavir in Healthy Subjects,COMPLETED,PHASE1,Healthy Volunteer,2011-07-19
Ethinyl Estradiol; Norgestimate,NCT00672399,Electrophysiological Effects of a Single 10 μg Dose of Exenatide on the 12-Lead Electrocardiogram QT Interval in Healthy Subjects,COMPLETED,PHASE1,Healthy Subjects,2008-05-01
Ethinyl Estradiol; Norgestimate,NCT02207699,Evaluation of the Effect of Benzonatate on QT Intervals Following Single Dose Administration of Benzonatate to Healthy Volunteers,COMPLETED,PHASE1,Healthy Volunteers,2014-06-16
Ethinyl Estradiol; Norgestimate,NCT01965431,Thorough QT Study to Evaluate the Effects of BI 207127 (Deleobuvir) Combined With Faldaprevir on Cardiac Safety Parameters in Healthy Subjects.,COMPLETED,PHASE1,Healthy,2013-10-16
Ethinyl Estradiol; Norgestimate,NCT00549666,"A Randomized, Placebo-Controlled, Two-Period, Crossover Study to Evaluate the Effect of Lurasidone HCl on Oral Contraceptive Pharmacokinetics in Healthy Female Subjects",COMPLETED,PHASE1,Pharmacokinetics,2007-10-24
Ethinyl Estradiol; Norgestimate,NCT02661594,Thorough QT Study of Intravenous Amisulpride,COMPLETED,PHASE1,Healthy,2016-01-14
Ethinyl Estradiol; Norgestimate,NCT02062203,Effect of AKB-6548 on Cardiac Repolarization Intervals in Healthy Volunteers,COMPLETED,PHASE1,Healthy Volunteers,2014-02-11
Ethinyl Estradiol; Norgestimate,NCT01871701,Clinical Trial to Investigate the Effect on Corrected QT Interval Prolongation by Psychotropic Drugs,COMPLETED,PHASE1,Healthy,2012-12-05
Ethinyl Estradiol; Norgestimate,NCT01018420,Pharmacokinetic and Exploratory Electrocardiogram (ECG) Study,COMPLETED,PHASE1,Pharmacokinetics,2009-08-12
Ethinyl Estradiol; Norgestimate,NCT02091310,Phase I Study to Evaluate the Effect of GFT505 on QT/QTc Interval in Healthy Volunteers,COMPLETED,PHASE1,Healthy Volunteers,2014-03-14
Ethinyl Estradiol; Norgestimate,NCT00713336,Four-period Crossover Study to Assess the Effects of Single Oral Doses of ZD4054 (Zibotentan) (10mg and 30mg) on QTc Interval,COMPLETED,PHASE1,Healthy,2008-07-09
Ethinyl Estradiol; Norgestimate,NCT01941511,A Study to Evaluate the Effect of IV Doses of GMI-1070 on Qtc Intervals in Healthy African-American Adult Subjects,COMPLETED,PHASE1,Healthy,2013-08-27
Ethinyl Estradiol; Norgestimate,NCT06589726,A TQT Study to Investigate the Effect of Enpatoran on Cardiac Repolarization in Healthy Participants,COMPLETED,PHASE1,Healthy,2024-09-06
Ethinyl Estradiol; Norgestimate,NCT02494609,Oral Contraceptive DDI Study,UNKNOWN,PHASE1,Healthy,2015-07-08
Ethinyl Estradiol; Norgestimate,NCT05995444,A Study to Assess the Effects of Epetraborole on the QT Interval in Healthy Adult Subjects,COMPLETED,PHASE1,Healthy Volunteers,2023-06-27
Ethinyl Estradiol; Norgestimate,NCT06070597,A Study in Healthy People to Test Whether Iclepertin Has an Effect on Cardiac Safety,COMPLETED,PHASE1,Healthy,2023-10-02
Ethinyl Estradiol; Norgestimate,NCT05878522,A Study to Investigate the Effects of Sisunatovir on QTc Interval in Healthy Adult Participants.,COMPLETED,PHASE1,Healthy,2023-05-09
Ethinyl Estradiol; Norgestimate,NCT04255277,"To Study the Effect of Cenerimod on the Electrical Activity of the Heart, in Men and Women. To Study the Effect of Cenerimod on the Use of Oral Contraceptives in Women. To Study the Effect That Charcoal Has on the Elimination of Cenerimod From the Body, in Women and Men.",COMPLETED,PHASE1,Healthy Subjects,2020-01-29
Ethinyl Estradiol; Norgestimate,NCT03516630,Effects of Three Single Oral Doses of Trazodone on the QTc Interval Duration in Healthy Volunteers,COMPLETED,PHASE1,Healthy,2018-04-24
Ethinyl Estradiol; Norgestimate,NCT01743677,"CP-690,550 Thorough QTc Study",COMPLETED,PHASE1,Healthy,2012-10-25
Ethinyl Estradiol; Norgestimate,NCT05016206,A Study of the Cardiac Effects of Danicopan in Healthy Adults,COMPLETED,PHASE1,Healthy,2021-08-16
Ethinyl Estradiol; Norgestimate,NCT06591845,Thorough QT/QTc (TQT) Clinical Study to Evaluate the Effects of Ziresovir on Cardiac Repolarization in Healthy Subjects,NOT_YET_RECRUITING,PHASE1,Healthy Volunteers,2024-09-04
Ethinyl Estradiol; Norgestimate,NCT03362853,A Study Evaluating the Effect of a Single-dose Oral Administration of Nemonoxacin Capsule on QTc Intervals and Heart Rhythms of Healthy Subjects and the Influence of Food Intake on QTc Intervals and Pharmacokinetic Characteristics,COMPLETED,PHASE1,Healthy Volunteers,2017-11-23
Ethinyl Estradiol; Norgestimate,NCT00996021,Study to Assess Cardiac Conduction of GSK1349572,COMPLETED,PHASE1,Healthy Subjects,2009-10-08
Ethinyl Estradiol; Norgestimate,NCT05671029,Thorough QT/QTc of Pritelivir in Healthy Subjects,COMPLETED,PHASE1,Healthy Subjects,2022-12-12
Ethinyl Estradiol; Norgestimate,NCT05192369,A Randomized Study to Evaluate the Effects of CTP-543 on the QT/QTc Intervals in Health Volunteers,COMPLETED,PHASE1,Healthy Volunteers,2022-01-05
Ethinyl Estradiol; Norgestimate,NCT07214935,A TQT Study of Effect of M2951 on Cardiac Repolarization,COMPLETED,PHASE1,Healthy,2025-10-08
Ethinyl Estradiol; Norgestimate,NCT04660890,A Study of the Cardiac Effects of ALXN2050 in Healthy Adults,COMPLETED,PHASE1,Healthy,2020-11-12
Ethinyl Estradiol; Norgestimate,NCT00905762,"Concentration of Besifloxacin, Gatifloxacin, and Moxifloxacin in Human Conjunctiva After Topical Instillation",COMPLETED,PHASE1,Healthy,2009-04-03
Ethinyl Estradiol; Norgestimate,NCT05580003,A Study to Learn Safety and Blood Levels of PF-07817883 in Healthy People,COMPLETED,PHASE1,Healthy,2022-10-11
Ethinyl Estradiol; Norgestimate,NCT02262546,Influence of Pramipexole on the QT Interval of the ECG in Healthy Male and Female Volunteers,COMPLETED,PHASE1,Healthy,2014-10-09
Ethinyl Estradiol; Norgestimate,NCT05241535,Study to Evaluate the Effect of a Single Oral Dose of MT-7117 on the QT/QTc Interval in Healthy Subjects,COMPLETED,PHASE1,Healthy Subjects,2022-01-06
Ethinyl Estradiol; Norgestimate,NCT01073891,"Bioavailability, Food Effect and Safety, Tolerability of a New Oral Suspension in Comparison to the Marketed Moxifloxacin Tablet in Healthy Adults",COMPLETED,PHASE1,Healthy,2010-02-22
Ethinyl Estradiol; Norgestimate,NCT06107036,A Study in Healthy People to Test Whether Different Doses of BI 1015550 Have Potential to Induce Heart Rhythm Abnormalities,COMPLETED,PHASE1,Healthy,2023-10-24
Ethinyl Estradiol; Norgestimate,NCT00672984,Guanfacine Immediate-release Electrocardiogram Results (QTc) Study,COMPLETED,PHASE1,Healthy Volunteers,2008-05-02
Valacyclovir,NCT01222897,A Relative Bioavailability Study of Valacyclovir Hydrochloride Tablets 1gm Under Fed Condition,COMPLETED,,Healthy,2010-10-15
Valacyclovir,NCT01136525,"Bioavailability Study of Valacyclovir HCl Tablets, 1000 mg of Dr. Reddy's Under Fasting Conditions",COMPLETED,PHASE1,Healthy,2010-06-02
Valacyclovir,NCT01136538,"Bioavailability Study of Valacycovir HCl Tablets, 1000 mg of Dr. Reddy's Under Fed Condition",COMPLETED,PHASE1,Healthy,2010-06-02
Valacyclovir,NCT01149499,Valacyclovir 1000 mg Tablet Under Fasting Conditions,COMPLETED,PHASE1,Healthy,2010-06-21
Valacyclovir,NCT00650494,Fed Study of Valacyclovir Hydrochloride Tablets 1000 mg and Valtrex® Tablets 1000 mg,COMPLETED,PHASE1,Healthy,2008-03-30
Valacyclovir,NCT01149460,Valacyclovir 1000 mg Tablet Under Fed Conditions,COMPLETED,PHASE1,Healthy,2010-06-21
Valacyclovir,NCT02226978,Pharmacokinetic Interaction Study of Steady-state Tipranavir/Ritonavir (TPV/r) With Single-dose Valaciclovir (VAL) in Healthy Volunteers,COMPLETED,PHASE1,Healthy,2014-08-26
Valacyclovir,NCT01222910,A Relative Bioavailability Study of Valacyclovir Hydrochloride Tablets 1gm Under Fasting Condition,COMPLETED,,Healthy,2010-10-15
Valacyclovir,NCT00649870,Food Study of Valacyclovir Hydrochloride Tablets 1000 mg to Valtrex® Tablets 1000 mg,COMPLETED,PHASE1,Healthy,2008-03-30
Valacyclovir,NCT00649974,Fasting Study of Valacyclovir Hydrochloride Tablets 1000 mg and Valtrex® Tablets 1000 mg,COMPLETED,PHASE1,Healthy,2008-03-30
Mirtazapine,NCT00834197,"15 mg Mirtazapine Orally Disintegrating Tablets, Non-Fasting",COMPLETED,PHASE1,Healthy,2009-01-30
Mirtazapine,NCT00835575,"15 mg Mirtazapine Orally Disintegrating Tablets, Fasting",COMPLETED,PHASE1,Healthy,2009-01-30
Mirtazapine,NCT00878540,Short-term Metabolic Effects of Mirtazapine in Healthy Subjects,COMPLETED,PHASE1,Healthy,2009-04-08
Mirtazapine,NCT00865384,A Relative Bioavailability Study of Mirtazapine 15 mg Tablets Under Non-fasting Conditions,COMPLETED,PHASE1,Healthy,2009-03-17
Mirtazapine,NCT02228239,Study to Assess the Effects of Esketamine on Safety of On-road Driving in Healthy Participants,COMPLETED,PHASE1,Healthy,2014-08-27
Mirtazapine,NCT00865696,A Relative Bioavailability Study of Mirtazapine 15 mg Tablets Under Fasting Conditions,COMPLETED,PHASE1,Healthy,2009-03-17
Lorazepam,NCT00720421,A Sedation/Cognition/Electroencephalogram (EEG) Study Using AZD7325 and Comparator.,COMPLETED,PHASE1,Healthy Volunteer,2008-07-18
Lorazepam,NCT00696033,Exploring the Effects of Diazepam and Lorazepam,COMPLETED,,Healthy Subjects,2008-06-09
Lorazepam,NCT01877642,ADASUVE-Lorazepam Drug-Drug Interaction,COMPLETED,PHASE4,Healthy Volunteers,2013-06-12
Lorazepam,NCT00424697,A Study to Investigate the Effects of GW876008 on Brain Activation During Emotional Processing in Healthy Subjects.,COMPLETED,PHASE1,Healthy Subjects,2007-01-17
Lorazepam,NCT01994668,Phase 1 Study to Characterize the Safety and Pharmacokinetics of Single Intravenous Dose of Lorazepam in Healthy Japanese Adult Subjects,COMPLETED,PHASE1,Healthy,2013-11-20
Lorazepam,NCT01272778,Acute Effect of Lorazepam on Brain Activity Measured by Magnetoencephalograpy (MEG) and Electroencephalography (EEG),UNKNOWN,,Healthy Subjects,2011-01-05
Lorazepam,NCT05964647,"Effect of Ketanserin, Olanzapine, and Lorazepam After LSD Administration on the Acute Response to LSD in Healthy Subjects",COMPLETED,PHASE1,Healthy,2023-07-19
Lorazepam,NCT02147548,Evaluation of the Effects of Etifoxine 100 mg and Lorazepam 2 mg on Vigilance and Cognitive Functions in the Elderly,COMPLETED,PHASE3,Healthy Volunteers,2014-05-22
Lorazepam,NCT00750802,A Sedation/Cognition/EEG Study Using AZD6280 and Comparator,COMPLETED,PHASE1,Healthy Volunteer,2008-09-10
Lorazepam,NCT00649818,Fasting Study of Lorazepam Tablets 2 mg and Ativan Tablets 2 mg,COMPLETED,PHASE1,Healthy,2008-03-30
Lorazepam,NCT01204255,"Lorazepam, Diphenhydramine Hydrochloride, and Haloperidol Gel in Healthy Volunteers",COMPLETED,,Healthy,2010-09-15
Lorazepam,NCT00972985,"Acute Effect of Three Neuroactive Drugs Measured by Magnetoencephalography (MEG), Electroencephalography (EEG) and the Synchronous Neural Interaction Test",COMPLETED,,Healthy,2009-09-04
Lorazepam,NCT01951144,"A First In Human Study In Healthy People To Evaluate Safety, Toleration, Pharmacokinetics and Pharmacodynamics of Single Oral Doses Of PF-06372865",COMPLETED,PHASE1,Healthy,2013-09-13
Lorazepam,NCT02033707,Effects of Hallucinogens and Other Drugs on Mood and Performance,COMPLETED,PHASE1,Healthy,2013-12-30
Lorazepam,NCT01566539,Biological Basis of Individual Variation in Social Cooperation,COMPLETED,,Healthy,2012-03-26
Levetiracetam,NCT00985348,Human Pharmacology Study (Keppra Dry Syrup Bioequivalence Study),COMPLETED,PHASE1,Healthy,2009-09-18
Levetiracetam,NCT01131897,"Bioavailability Study of Levetiracetam Tablets, 750 mg of Dr. Reddy's Under Fasting Conditions.",COMPLETED,PHASE1,Healthy,2010-05-26
Levetiracetam,NCT00849485,Levetiracetam 750 mg Tablets Under Non-Fasting Conditions,COMPLETED,PHASE1,Healthy,2009-02-20
Levetiracetam,NCT00849862,Levetiracetam 750 mg Tablets Under Fasting Conditions,COMPLETED,PHASE1,Healthy,2009-02-20
Levetiracetam,NCT00859430,Levetiracetam 1000 mg Under Non-Fasting Conditions,COMPLETED,PHASE1,Healthy,2009-03-09
Levetiracetam,NCT01132352,"Bioequivalence Study of Levetiracetam Tablets, 750 mg of Dr. Reddy's Under Fed Conditions",COMPLETED,PHASE1,Healthy,2010-05-26
Levetiracetam,NCT00926302,A Bioequivalence Study of Levetiracetam Versus Keppra,COMPLETED,,Healthy,2009-06-18
Levetiracetam,NCT02602860,A Brain Imaging Study With Positron Emission Tomography and the Radiotracer [11C]UCB-J to Estimate How Fast Brivaracetam and Levetiracetam Enter the Brain in Healthy Volunteers,COMPLETED,PHASE1,Healthy Volunteers,2015-11-06
Levetiracetam,NCT01394224,Bioequivalence Study of Levetiracetam Tablet and Intravenous Infusion in Healthy Japanese Subjects,COMPLETED,PHASE1,Healthy Volunteers,2011-07-12
Levetiracetam,NCT00859521,Levetiracetam 1000 mg Under Fasting Conditions,COMPLETED,PHASE1,Healthy,2009-03-09
Levetiracetam,NCT01725009,Multiple-dose Study of Levetiracetam Injection in Japanese and Caucasian Healthy Males,COMPLETED,PHASE1,Healthy Volunteers,2012-11-07
Insulin Aspart,NCT00979875,A Pharmacokinetic and Glucodynamic Study of Subcutaneously Administered Insulin Analogs With rHuPH20 Compared to Insulin Analogs Alone,COMPLETED,PHASE1,Healthy,2009-09-17
Naproxen,NCT02351024,Phase I Study PK Study With OXP005 and Naprosyn,COMPLETED,PHASE1,Pharmacokinetics,2015-01-21
Naproxen,NCT00780325,Effects of Dual Cyclooxygenase-2 and Carbonic Anhydrase Inhibition,TERMINATED,PHASE1,Healthy Volunteers,2008-10-24
Naproxen,NCT01154790,Phase I Study on Multiple Oral Dosing of CG100649,COMPLETED,PHASE1,Healthy,2010-06-16
Naproxen,NCT00350155,Video Capsule Endoscopy to Investigate the Safety and Tolerability of Lumiracoxib in the Small Bowel,COMPLETED,PHASE4,Healthy Volunteers,2006-07-05
Naproxen,NCT03167541,Naproxen Sodium (2 x 220 mg) Fasted Comparative Bioavailability Study,COMPLETED,PHASE1,Healthy,2017-05-17
Naproxen,NCT01052129,Bioequivalence Study of Naproxen Sodium 550 mg Tablets Under Fasting Condition,COMPLETED,PHASE1,Healthy,2010-01-08
Naproxen,NCT01107236,Study to Evaluate Efficacy and Safety of IW-6118 in Patients Undergoing Third Molar Extraction,COMPLETED,PHASE2,Healthy,2010-04-19
Naproxen,NCT00750243,Comparator Study of LT-NS001 in Healthy Subjects With Endoscopic Evaluation,COMPLETED,PHASE1,Healthy,2008-09-08
Naproxen,NCT03697889,A Study to Assess Bioquivalence Between a Novel Naproxen Sodium 275 mg Film-coated Tablet and Nalgesin Naproxen Sodium 275 mg Film-coated Tablet in Healthy Adult Volunteers,COMPLETED,PHASE1,Healthy,2018-10-04
Naproxen,NCT00366262,Study Evaluating the Gastrointestinal Safety of PLA-695 Compared to Placebo and Naproxen,COMPLETED,PHASE1,Healthy,2006-08-17
Naproxen,NCT01404598,Pharmacokinetics Study: Determination of Naproxcinod and Its Metabolites After Oral Administration in Male,COMPLETED,PHASE1,Pharmacokinetics,2011-06-16
Naproxen,NCT00992381,Comparison Study of a New Combination of 2 Marketed Medications (Esomeprazole and Naprosyn) Versus Naprosyn Alone,COMPLETED,PHASE1,Healthy,2009-10-08
Naproxen,NCT00410995,Effects of Naproxen on Physical Performance,TERMINATED,PHASE4,Healthy,2006-12-12
Naproxen,NCT01131728,Bioequivalence Study of Naproxen Sodium 220 mg & Pseudoephedrine HCl 120 mg ER Tablets of Dr. Reddy's Under Fasting Conditions,COMPLETED,PHASE1,Healthy,2010-05-26
Naproxen,NCT00599404,PK Study to Evaluate Esomeprazole Plasma Levels Following Administration of PN 400,COMPLETED,PHASE1,Healthy,2008-01-11
Naproxen,NCT02502006,Variability in Response to Non-steroidal Anti-inflammatory Drugs,TERMINATED,PHASE1,Healthy,2015-07-16
Naproxen,NCT00442208,"An Open-Label, Randomized, Comparative 3-Way Cross-Over Study to Evaluate the Effect of Food on the 24-Hour Intragastric pH at Day 5 After Twice Daily Oral Administration of PN 200 (Omeprazole/Naproxen) in Healthy Volunteers",COMPLETED,PHASE1,Healthy,2007-02-28
Naproxen,NCT01052792,Bioequivalence Study of Naproxen Sodium 550 mg Tablets Under Fed Conditions,COMPLETED,PHASE1,Healthy,2010-01-08
Naproxen,NCT00945178,"Double-blind Placebo-controlled 2-part Study Assessing the Safety, Tolerability and PK of AZD1386 in Healthy Volunteers",TERMINATED,PHASE1,Healthy Volunteers,2009-07-17
Naproxen,NCT00751556,Single/Multiple Dose Bioavailability Trial,COMPLETED,PHASE1,Healthy,2008-09-11
Naproxen,NCT06435442,"PK,PD and DDI of Epaminurad and Naproxen in Healthy Volunteers",ENROLLING_BY_INVITATION,PHASE1,Healthy,2024-05-24
Naproxen,NCT01090596,Changes in mRNA Expression Following Exposure to Naproxen,COMPLETED,,Healthy,2010-03-17
Naproxen,NCT00969449,Pharmacokinetics Study Comparing Naproxen Sodium Extended Release and Naprelan,COMPLETED,PHASE1,Pharmacokinetics,2009-08-31
Naproxen,NCT00761501,Phase I Study to Evaluate Bioavailability of Naproxen as PN400 Compared to Naproxen as Proxen S and Naprosyn E,COMPLETED,PHASE1,Healthy Volunteer,2008-09-26
Naproxen,NCT04639804,Pharmacokinetic Interaction Between Tegoprazan and NSAIDs After Multiple Oral Dosing in Healthy Male Volunteers,COMPLETED,PHASE1,Healthy,2020-11-16
Naproxen,NCT02202512,Effect of Repeated Doses of BI 1060469 and BI 1021958 on Glomerular Filtration Rate (GFR) in Healthy Volunteers,COMPLETED,PHASE1,Healthy,2014-07-28
Naproxen,NCT01131767,Bioequivalence Study of Naproxen Sodium 220 mg & Pseudoephedrine HCl 120 mg ER Tablets of Dr. Reddy's Under Fed Conditions,COMPLETED,PHASE1,Healthy,2010-05-26
Naproxen,NCT02388191,Naproxen for Pain Control With Intrauterine Device Insertion,COMPLETED,,Contraception,2015-03-09
Cyanocobalamin,NCT00353353,The Bread Trial: Effects of Bread Fortified With Folic Acid and Vitamin B12,COMPLETED,,Healthy,2006-07-17
Cyanocobalamin,NCT00467909,Nutrition and Cognition in Indian Children,COMPLETED,,Healthy,2007-04-30
Cyanocobalamin,NCT03965819,A Study to Investigate the Efficacy of Pain Bloc-R in Healthy Participants With Non-pathological Aches and Discomfort,COMPLETED,,Healthy,2019-05-24
Cyanocobalamin,NCT02184325,Safety and Tolerability of Kiddi® Pharmaton Fizz Effervescent Tablets in Children,COMPLETED,PHASE2,Healthy,2014-07-08
Cyanocobalamin,NCT01311739,Oral Cyanocobalamin (Eligen B12) Bioavailability Study,COMPLETED,,Healthy,2011-03-08
Loratadine,NCT03196531,A Study to Assess the Bioequivalence of Xisimin (Loratadine) Tablets Under Fasting and Fed Conditions in Healthy Participants Compared With Clarityne Tablets,COMPLETED,PHASE1,Healthy,2017-06-21
Loratadine,NCT03151720,A Study to Assess the Relative Bioavailability of Xisimin (Loratadine) Tablets Under Fasting and Fed Conditions in Healthy Participants Compared to Clarityne Tablets,COMPLETED,PHASE1,Healthy,2017-04-28
Loratadine,NCT00845546,Bioequivalence Study of Loratadine / Pseudoephedrine Sulfate 10/ 240 mg Extended-Release Tablets Under Fed Conditions,COMPLETED,,Healthy,2009-01-08
Loratadine,NCT00837915,Bioequivalnce Study of Loratadine / Pseudoephedrine Sulfate 10/ 240 mg Extended-Release Tablets Under Fasting Conditions,COMPLETED,,Healthy,2009-01-08
Loratadine,NCT01451996,The Efficacy of Claritin in Healthy Subjects,COMPLETED,PHASE4,Healthy,2011-10-10
Loratadine,NCT06955741,"A Study to Assess Drug Levels, Tolerability and Absolute Biological Availability of Single-dose of BMS-986446 in Healthy Participants",COMPLETED,PHASE1,Healthy Volunteer,2025-04-25
Loratadine,NCT00776282,Bioequivalence Study of Loratadine Orally Disintegrating Tablets 10 mg Under Fed Conditions,COMPLETED,,Healthy,2008-10-20
Loratadine,NCT00776217,Bioequivalence Study on Loratadine Orally Disintegrating Tablets 10 mg Under Fasting Conditions,COMPLETED,,Healthy,2008-10-20
Diltiazem,NCT02947711,Study to Evaluate the Effect of Diltiazem Extended Release on the Pharmacokinetics of E2027 in Healthy Subjects,COMPLETED,PHASE1,Healthy Subjects,2016-10-26
Diltiazem,NCT02319148,"A Study to Estimate the Effect of CYP3A4 Inhibitors (Itraconazole, Diltiazem or Verapamil) on the Pharmacokinetics of Single Dose PF- 00489791 in Healthy Volunteers",COMPLETED,PHASE1,Healthy Volunteers,2014-09-17
Diltiazem,NCT01124760,"Open Label Study, Assessing the Effect of Diltiazem or Ketoconazole on the Pharmacokinetics of AZD9742 in Healthy Volunteers",COMPLETED,PHASE1,Pharmacokinetics,2010-05-13
Diltiazem,NCT02526888,Pharmacokinetic Interaction Between Diltiazem and ACT-541468 in Healthy Subjects,COMPLETED,PHASE1,Healthy Subjects,2015-08-14
Diltiazem,NCT01151345,"Bioequivalence Study Of Diltiazem In 60 Mg Tablets As Tilazem 60® Made by Pfizer, S.A. De C.V., Versus Angiotrofin® 60 Mg Made by Amstrong Laboratorios De Mexico, S.A. De C.V.",COMPLETED,PHASE1,Healthy,2010-06-24
Diltiazem,NCT01422382,Drug-Drug Interaction of Cardizem LA (Diltiazem Hydrochloride) on Pitavastatin,COMPLETED,PHASE4,Healthy,2011-08-22
Diltiazem,NCT00318201,The Effect of Concomitant Administration of Erythromycin and Diltiazem on CYP3A Activity in Healthy Volunteers,COMPLETED,PHASE4,Healthy,2006-04-21
Diltiazem,NCT02653872,"A Phase I Study to Assess PK of AZD7986 Alone & With Verapamil, Itraconazole or Diltiazem in Healthy Subjects",COMPLETED,PHASE1,Healthy Subjects,2016-01-11
Diltiazem,NCT05162222,A Study to Evaluate the Effect of Co-administration of Itraconazole or Diltiazem on the Single-dose of Danicamtiv in Healthy Participants,COMPLETED,PHASE1,Healthy Participants,2021-12-09
Diltiazem,NCT02300259,A Study of LY2623091 in Healthy Participants,COMPLETED,PHASE1,Healthy Volunteers,2014-11-20
Diltiazem,NCT06703463,A Drug-Drug Interaction Study of Diltiazem and MK-1167 in Healthy Adult Participants (MK-1167-006),COMPLETED,PHASE1,Healthy,2024-11-21
Diltiazem,NCT06662396,A Study of Diltiazem With a Single Dose of MK-6552 in Healthy Adult Participants (MK-6552-007),COMPLETED,PHASE1,Healthy,2024-10-25
Diltiazem,NCT02479204,"Clinical Study to Investigate Safety and Effects on Heart Rate, Blood Pressure, and Pharmacokinetic Interactions of ACT-334441",TERMINATED,PHASE1,Healthy Subjects,2015-06-17
Diltiazem,NCT01261156,"A Study to Evaluate the Effects of Diltiazem, a Moderate CYP3A4/A5 Inhibitor, on the Pharmacokinetics and Pharmacodynamics of E5555 and Its Metabolites in Healthy Subjects",COMPLETED,PHASE1,Healthy Subjects,2010-11-16
Diltiazem,NCT06818968,A Study of the Effect of Multiple Doses of Diltiazem on the Plasma Levels of MK-6916 in Healthy Participants (MK-6916-005),COMPLETED,PHASE1,Healthy,2025-02-05
Diltiazem,NCT07232589,A Study of the Effect of Diltiazem on the Plasma Levels of Nemtabrutinib (MK-1026-022),NOT_YET_RECRUITING,PHASE1,Healthy,2025-11-14
Sumatriptan,NCT00847405,Sumatriptan Succinate 100 mg Tablets Under Fasting Conditions,COMPLETED,PHASE1,Healthy,2009-02-17
Sumatriptan,NCT00872274,Bioequivalence Study of Sumatriptan 100mg Tablets Under Fed Conditions,COMPLETED,,Healthy,2009-03-27
Sumatriptan,NCT00614029,A Study to Evaluate the Pharmacokinetics and Bioequivalence of Sumatriptan Delivered Via the Intraject System,COMPLETED,PHASE1,Pharmacokinetics; Bioequivalence,2008-01-07
Sumatriptan,NCT01269281,Bioequivalence Study of Sumatriptan Succinate Tablets 100 mg in Fed Conditions,COMPLETED,PHASE1,Healthy,2011-01-03
Sumatriptan,NCT04355845,A STUDY TO EVALUATE THE EFFECT OF PF-06651600 ON PHARMACOKINETICS OF SINGLE DOSE SUMATRIPTAN IN HEALTHY PARTICIPANTS.,COMPLETED,PHASE1,Healthy Volunteers,2020-04-06
Sumatriptan,NCT02932488,Cerebral Pharmacodynamic Effects of 5-HT1B Receptor Stimulation,TERMINATED,PHASE1,Healthy Volunteers,2016-10-07
Sumatriptan,NCT00546650,Phase I Study to Compare NP101(Sumatriptan Iontophoretic Transdermal Patch) With Three Formulations of Imitrex®,COMPLETED,PHASE1,Healthy,2007-10-17
Sumatriptan,NCT00648466,Fasting Study of Sumatriptan Succinate Tablets 100 mg to Imitrex® Tablets 100 mg,COMPLETED,PHASE1,Healthy,2008-03-30
Sumatriptan,NCT02741310,Study to Evaluate the Effect of Erenumab on Blood Pressure When Given Concomitantly With Subcutaneous Sumatriptan,COMPLETED,PHASE1,Healthy Subjects,2016-02-19
Sumatriptan,NCT00846885,Sumatriptan Succinate 100 mg Tablets Under Non-Fasting Conditions,COMPLETED,PHASE1,Healthy,2009-02-17
Sumatriptan,NCT00620425,A Study on the Effects of Repeat Doses of Intraject® Sumatriptan on Local Site Signs,COMPLETED,PHASE1,Healthy,2008-01-02
Sumatriptan,NCT00872924,Bioequivalence Study of Sumatriptan 100mg Tablets Under Fasting Conditions,COMPLETED,,Healthy,2009-03-27
Sumatriptan,NCT03310411,A Study of Lasmiditan When Given With Sumatriptan in Healthy Participants,COMPLETED,PHASE1,Healthy,2017-10-11
Sumatriptan,NCT00650247,Food Study of Sumatriptan Succinate Tablets 100 mg to Imitrex® Tablets 100 mg,COMPLETED,PHASE1,Healthy,2008-03-30
Sumatriptan,NCT05064488,Drug-Drug Interaction Study of Evobrutinib and Transporter Substrates,COMPLETED,PHASE1,Healthy,2021-09-23
Triamcinolone,NCT00975728,High Total Antioxidant Capacity Products Added to Diet,COMPLETED,PHASE3,Healthy,2009-09-10
Triamcinolone,NCT03384771,Predictors of Outcomes in MBSR Participants From Teacher Factors,COMPLETED,,Healthy,2017-06-11
Hydralazine,NCT01587313,A Comparison of Various Combinations of BiDil Capsules and BiDil Tablets in Healthy Human Volunteers,COMPLETED,PHASE1,Healthy,2012-04-26
Hydralazine,NCT00311974,The Effect of Dihydralazine on Kidney Function and Hormones in Healthy Individuals,COMPLETED,PHASE4,Healthy,2006-04-05
Tirzepatide,NCT05810597,A Research Study Looking at Similarity Between Tirzepatide Versions for Different Injection Devices,COMPLETED,PHASE1,Healthy,2023-03-31
Tirzepatide,NCT04311424,Study of Tirzepatide in Healthy Participants,COMPLETED,PHASE1,Healthy,2020-03-16
Tirzepatide,NCT03375463,A Study of Tirzepatide (LY3298176) in Healthy Participants,COMPLETED,PHASE1,Healthy,2017-12-13
Tirzepatide,NCT06890611,A Study of Bimagrumab Alone (LY3985863) and Bimagrumab With Tirzepatide (LY900042) in Healthy Participants,COMPLETED,PHASE1,Healthy,2025-03-18
Tirzepatide,NCT04050670,A Study of Tirzepatide at Different Injection Sites in Participants With Different Body Sizes,COMPLETED,PHASE1,Healthy,2019-08-07
Tirzepatide,NCT04004988,A Study of Tirzepatide Administered by Two Different Devices in Healthy Participants,COMPLETED,PHASE1,Healthy,2019-06-28
Tirzepatide,NCT04172987,A Study of the Effect of Tirzepatide on How the Body Handles Birth Control Pills in Healthy Female Participants,COMPLETED,PHASE1,Healthy,2019-11-20
Tirzepatide,NCT05978713,A Study of Tirzepatide (LY3298176) in Healthy Lactating Females,COMPLETED,PHASE1,Healthy,2023-07-31
Celecoxib,NCT01632566,A Multiple-dose Study of LY3031207 in Healthy Participants,TERMINATED,PHASE1,Healthy Volunteers,2012-06-25
Celecoxib,NCT00813241,A Pilot Open-Label Crossover Bioavailability Study of Celecoxib in Healthy Volunteers,COMPLETED,PHASE1,Healthy Volunteers,2008-12-22
Celecoxib,NCT06916000,Assessment of PENG Block as a Part of Multimodal Analgesia Following Hip Surgeries.,ACTIVE_NOT_RECRUITING,,Anesthesia,2024-11-28
Celecoxib,NCT03590821,Timed Aspirin Chronobiome Study,NOT_YET_RECRUITING,EARLY_PHASE1,Healthy,2018-05-03
Celecoxib,NCT00780325,Effects of Dual Cyclooxygenase-2 and Carbonic Anhydrase Inhibition,TERMINATED,PHASE1,Healthy Volunteers,2008-10-24
Celecoxib,NCT01304069,Effect of Celecoxib and Etoricoxib on the Pharmacokinetics and Pharmacodynamics of Oral Tramadol,COMPLETED,PHASE1,Healthy,2011-02-24
Celecoxib,NCT07171034,A Phase I Study of KLA318-2 Nanocrystal Injection,RECRUITING,PHASE1,Healthy Participants,2025-08-28
Celecoxib,NCT01849055,A Multiple Dose Study of LY3023703 in Healthy Participants,COMPLETED,PHASE1,Healthy Volunteers,2013-05-06
Celecoxib,NCT06337422,Bioequivalence Study of Generic Celecoxib 200 mg Capsules,NOT_YET_RECRUITING,PHASE1,Healthy Volunteer,2024-03-21
Celecoxib,NCT05232461,A Pilot Study to Evaluate the PK Profile of PrimeC-ER Tablets in Healthy Adult Subjects,COMPLETED,PHASE1,Pharmacokinetics,2022-01-19
Celecoxib,NCT05438303,"Study to Assess the Effect of Co-Administration of AZD9833 on the Pharmacokinetics of Midazolam, of Omeprazole, of Celecoxib and of Dabigatran Etexilate in Healthy Postmenopausal Female Volunteers",COMPLETED,PHASE1,Healthy Volunteers,2022-05-19
Celecoxib,NCT02179645,"GRC 27864 First in Man, Single Ascending Dose Study in Healthy Volunteers",COMPLETED,PHASE1,Healthy,2014-06-26
Celecoxib,NCT01632579,A Single Dose Study of LY3023703 in Healthy Participants,COMPLETED,PHASE1,Healthy Volunteers,2012-06-25
Celecoxib,NCT00729495,Phase I Study to Evaluate Bioavailability of Overencapsulated Celecoxib,COMPLETED,PHASE1,Healthy Volunteer,2008-08-05
Celecoxib,NCT00882388,The Effect of Celecoxib on the Antiplatelet Effect of Aspirin and Clopidogrel in Normal Volunteers,COMPLETED,PHASE4,Healthy,2009-04-15
Celecoxib,NCT05555823,"Safety, Tolerability, Pharmacokinetics, Pharmacodynamics, Food Effect and DDI of Ascending Doses of the MEK Inhibitor Zapnometinib",COMPLETED,PHASE1,Healthy,2022-09-13
Celecoxib,NCT00296127,Study of Celecoxib Bioavailability in Healthy Subjects,COMPLETED,PHASE1,Healthy Volunteers,2006-02-22
Celecoxib,NCT02502006,Variability in Response to Non-steroidal Anti-inflammatory Drugs,TERMINATED,PHASE1,Healthy,2015-07-16
Acetaminophen,NCT01053650,Placebo Effect of Paracetamol in Healthy Volunteers,COMPLETED,PHASE1,Healthy Volunteers,2010-01-19
Acetaminophen,NCT00855049,A Randomized Crossover Study to Determine the Pharmacokinetics of Intranasally Administered Acetaminophen in Healthy Adults,WITHDRAWN,,Pharmacokinetics,2009-02-27
Acetaminophen,NCT01456520,Pharmacokinetics and Bioequivalence of Vycavert (10 mg Hydrocodone Bitartrate/325 mg Acetaminophen) Compared to the Reference Drug Norco,COMPLETED,PHASE1,Healthy,2011-10-14
Acetaminophen,NCT01170637,Bioequivalence of a Fixed Dose Combination Tablet Containing 200 mg Ibuprofen and 30 mg Pseudoephedrine-HCl Compared to RhinAdvil(R)(200 mg Ibuprofen and 30 mg Pseudoephedrine-HCl) as a Fixed Dose Combination Tablet Administered in Healthy Volunteers.,COMPLETED,PHASE1,Healthy,2010-07-26
Acetaminophen,NCT02205983,The Effects of Hydromorphone on Responses to Verbal Tasks,COMPLETED,,Healthy,2014-07-28
Acetaminophen,NCT03562780,Clinical Bioequivalence Study on Two Paracetamol Tablet Formulations,COMPLETED,PHASE1,Healthy,2018-06-08
Alendronate,NCT01012934,Fasting Study of Alendronate Sodium Tablets (70 mg) and Fosamax Tablets (70 mg),COMPLETED,PHASE1,Healthy,2009-09-21
Alendronate,NCT06772792,A Study to Evaluate the Drug-Drug Interaction Between Enlicitide Decanoate (MK-0616) and Alendronate in Healthy Adult Participants (MK-0616-027),COMPLETED,PHASE1,Healthy,2025-01-09
Alendronate,NCT00983996,Fasting Study of Alendronate Sodium Tablets (10 mg) and Fosamax Tablets (10 mg),COMPLETED,PHASE1,Healthy,2009-09-21
Alendronate,NCT01133496,Bioequivalence Study of Alendronate Sodium Tablets 70 mg of Dr. Reddy's Under Fasting Conditions,COMPLETED,PHASE1,Healthy,2010-05-27
Alendronate,NCT00835406,Alendronate Sodium 70 mg Tablet Versus Fosamax® Under Fasting Conditions.,COMPLETED,PHASE1,Healthy,2009-01-30
Oxybutynin,NCT00649129,Fasting Study of Oxybutynin Chloride ER Tablets 10 mg and Ditropan XL® Tablets 10 mg,COMPLETED,PHASE1,Healthy,2008-03-30
Oxybutynin,NCT00650481,Fasting Study of Oxybutynin Chloride Extended-release Tablets 5 mg and Ditropan XL® Tablets 5 mg,COMPLETED,PHASE1,Healthy,2008-03-30
Oxybutynin,NCT00649259,Food Study of Oxybutynin Chloride ER Tablets 10 mg and Ditropan XL® Tablets 10 mg,COMPLETED,PHASE1,Healthy,2008-03-30
Oxybutynin,NCT00649272,Fasting Study of Oxybutynin Chloride Extended-Release Tablets 15 mg and Ditropan XL® Tablets 15 mg,COMPLETED,PHASE1,Healthy,2008-03-30
Oxybutynin,NCT00170768,Cognitive Effects of Darifenacin and Oxybutynin Extended Release in Volunteers Aged 60 and Over,COMPLETED,PHASE2,Healthy Volunteers,2005-09-09
Oxybutynin,NCT00752141,Cognitive Effects of Oral Oxybutynin and Oxybutynin Chloride Topical Gel in Older Volunteers,COMPLETED,PHASE1,Healthy Volunteers,2008-09-11
Oxybutynin,NCT00648843,Food Study of Oxybutynin Chloride Extended-release Tablets 5 mg and Ditropan XL® Tablets 5 mg,COMPLETED,PHASE1,Healthy,2008-03-30
Oxybutynin,NCT00926926,Effects of Oxybutynin Topical Gel on Gastric Emptying,COMPLETED,PHASE1,Healthy,2009-06-22
Oxybutynin,NCT00649727,Fed Study of Oxybutynin Chloride Extended-release Tablets 10 mg and Ditropan XL® Tablets 10 mg,COMPLETED,PHASE1,Healthy,2008-03-30
Warfarin,NCT04679948,"A Study in Healthy People to Test Whether BI 730357 Influences the Amount of Caffeine, Warfarin, Omeprazole, and Midazolam in the Blood",COMPLETED,PHASE1,Healthy,2020-12-17
Warfarin,NCT02340988,Drug-Drug Interaction Potential of Orbactiv (Oritavancin) Co-Administered With Warfarin in Healthy Subjects,COMPLETED,PHASE1,Healthy,2014-12-18
Warfarin,NCT02783040,"Interaction of BI 425809 With Midazolam, Warfarin, Omeprazole and Digoxin",COMPLETED,PHASE1,Healthy,2016-03-23
Warfarin,NCT06335134,"A Drug-Drug Interaction Study Between XW003 and Metformin, Warfarin, Rosuvastatin or Digoxin",COMPLETED,PHASE1,Healthy Volunteers,2023-07-29
Warfarin,NCT01526083,Effect of Lacosamide 200 mg Twice a Day (Bid) on Single Dose Warfarin 25 mg in Healthy Males,COMPLETED,PHASE1,Healthy Volunteers,2012-01-31
Warfarin,NCT01388075,Genetic Variability in the Response to Warfarin at Baseline and During Induction of CYP2C9,UNKNOWN,,Healthy Subjects,2011-07-03
Warfarin,NCT00618579,Effects of LMWH in Healthy Subjects Treated With TB-402 and Effects of TB-402 in Healthy Subjects Treated With Warfarin,COMPLETED,PHASE1,Healthy,2008-01-28
Warfarin,NCT00777855,Drug Interaction Study of Rifampin and Warfarin in Healthy Volunteers.,COMPLETED,,Healthy,2008-10-20
Warfarin,NCT02719431,Drug-Drug Interaction Study to Assess the Effects of Multiple-Dose Administration of K-877 on the Pharmacodynamics and the Pharmacokinetics of Multiple-Dose Administration of Warfarin in Healthy Adult Volunteers,COMPLETED,PHASE1,Healthy,2016-01-29
Warfarin,NCT03058419,"A Study to Evaluate the Effect of Oral Doses of JNJ-54175446 on the Inhibition of Cytochrome P450 CYP3A4, CYP2C9, CYP1A2 and CYP2D6 Activity and the Induction of CYP2B6 and CYP2C19 Activity Using a Multiple Probe Substrate Cocktail in Healthy Subjects",COMPLETED,PHASE1,Healthy,2017-02-16
Warfarin,NCT03347968,Study to Compare Pharmacokinetics & Pharmacodynamics of Warfarin & Esmolol in the Absence & Presence of MEDI0382,COMPLETED,PHASE1,Healthy Volunteers,2017-10-16
Warfarin,NCT02161731,Study of Evacetrapib (LY2484595) and Warfarin in Healthy Participants,COMPLETED,PHASE1,Healthy Volunteers,2014-06-10
Warfarin,NCT02243553,Effects of Tipranavir (With Ritonavir) Capsule and Liquid Formulation on Cytochrome P450 and P-glycoprotein Activity in Healthy Volunteers,COMPLETED,PHASE1,Healthy,2014-09-01
Warfarin,NCT02540668,A Drug Interaction Study of Lanabecestat (LY3314814) and Warfarin in Healthy Participants,COMPLETED,PHASE1,Healthy,2015-09-02
Warfarin,NCT01447511,Pharmacogenetics of Warfarin Induction and Inhibition,COMPLETED,,Healthy,2010-01-29
Warfarin,NCT00162474,Determinants of Warfarin Metabolism,UNKNOWN,,Healthy,2005-09-11
Warfarin,NCT01597310,Dexpramipexole and Warfarin Drug Drug Interaction (DDI) Study,COMPLETED,PHASE1,Healthy Volunteers,2012-05-10
Warfarin,NCT01520402,Genetic Response to Warfarin in Healthy Subjects,COMPLETED,,Healthy,2012-01-18
Progesterone,NCT01978262,Immune and Hormone Response to Influenza Vaccine,COMPLETED,PHASE4,Healthy,2013-10-24
Progesterone,NCT02456584,Pharmacodynamics and Pharmacokinetics Study of Existing DMPA Contraceptive Methods,COMPLETED,PHASE1,Contraception,2015-05-11
Progesterone,NCT05125640,Fasting Bioequivalence Study of 2 Oral Progesterone Soft Capsules 200 mg in 48 Healthy Female Subjects,COMPLETED,PHASE1,Pharmacokinetics,2021-11-08
Progesterone,NCT00490555,PROS-1-Male Hormonal Contraceptive Regimens on Prostate Tissue,COMPLETED,PHASE2; PHASE3,Healthy,2007-06-20
Progesterone,NCT04682353,A Study to Evaluate the Pharmacokinetics (PK) of Medroxyprogesterone Acetate Following an Injection of TV-46046 in Healthy Women of Reproductive Age,COMPLETED,PHASE1,Contraception,2020-12-04
Progesterone,NCT02509767,Depo Provera Self-Administration Study: Putting a Patient-Centered Practice to the Test at Planned Parenthood,COMPLETED,PHASE4,Contraception,2015-07-25
Progesterone,NCT05125627,Fasting Bioequivalence Study of 2 Progesterone Soft Capsules 200 mg in 66 Healthy Female Subjects Under Vaginal Route,COMPLETED,PHASE1,Pharmacokinetics,2021-11-08
Progesterone,NCT00563472,Feasibility Study Into the Contraceptive Effect of Estetrol,COMPLETED,PHASE2,Healthy,2007-11-22
Progesterone,NCT05505435,Continuation of Subcutaneous and Intramuscular Depot Medroxyprogesterone Acetate in Post-abortion Patients,RECRUITING,PHASE4,Contraception,2022-08-15
Progesterone,NCT05760144,Endometrial Biopsy in Progestin Contraceptive Users,RECRUITING,EARLY_PHASE1,Contraception,2023-02-25
Progesterone,NCT02732418,Lower Dose Depo Provera® Contraceptive Injection,COMPLETED,PHASE1,Contraception,2016-03-30
Testosterone,NCT04757532,Study of Exposure to Substances Prohibited by the World Anti-Doping Agency in Healthy Volunteers.,COMPLETED,PHASE1,Healthy Volunteers,2021-02-14
Testosterone,NCT00668252,Circulating Endothelium Progenitor Cells and Endogenous Oestrogen in Healthy Subjects,COMPLETED,,Healthy,2008-04-09
Testosterone,NCT00490555,PROS-1-Male Hormonal Contraceptive Regimens on Prostate Tissue,COMPLETED,PHASE2; PHASE3,Healthy,2007-06-20
Testosterone,NCT01725451,A Study of Effect of Deodorant and Axillary Hair on Testosterone Absorption in Healthy Participants,COMPLETED,PHASE1,Healthy Participants,2012-11-08
Testosterone,NCT01167829,ORAL T-8 Oral Testosterone for Male Hormonal Contraception,COMPLETED,PHASE1,Healthy,2010-07-20
Testosterone,NCT01071005,Pharmacodynamics of Lorelin Depot (Leuprorelin Acetate - Bergamo) Compared to Lupron Depot ® (Leuprorelin Acetate - Abbot),COMPLETED,PHASE1,Healthy,2009-06-04
Testosterone,NCT00112151,TEAM: Testosterone Supplementation and Exercise in Elderly Men,COMPLETED,PHASE2,Healthy,2005-05-27
Nifedipine,NCT01346657,The Effect of LipoCol Forte® Capsules on the Pharmacokinetics of Nifedipine After Administering Single-dose Combination to Healthy Subjects,COMPLETED,PHASE4,Healthy Volunteers,2011-04-27
Nifedipine,NCT00865891,A Relative Bioavailability Study of 60 mg Nifedipine Extended Release Tablets Under Fasting Conditions,COMPLETED,PHASE1,Healthy,2009-03-18
Nifedipine,NCT00864617,A Relative Bioavailability Study of 60 mg Nifedipine ER Tablets Under Non-fasting Conditions,COMPLETED,PHASE1,Healthy,2009-03-18
Nifedipine,NCT03100838,Drug Interaction With Proton Pump Inhibitors for Nifedipine ER Tablets,COMPLETED,PHASE1,Healthy Volunteers,2017-03-29
Nifedipine,NCT02071589,Bioavailability Of A Single Dose Of Nifedipine Oral Solution Compared To Adalat Capsules In Healthy Female Volunteers,COMPLETED,PHASE1,Bioequivalence,2013-12-03
Benzonatate,NCT02207699,Evaluation of the Effect of Benzonatate on QT Intervals Following Single Dose Administration of Benzonatate to Healthy Volunteers,COMPLETED,PHASE1,Healthy Volunteers,2014-06-16
Sitagliptin,NCT01820104,Effects of Lansoprazole on Sitagliptin Glucose-lowering Ability in Healthy Males: a Randomised Crossover Study,COMPLETED,PHASE1,Healthy,2013-03-17
Sitagliptin,NCT02406950,Sitagliptin and Endothelial Dysfunction,UNKNOWN,PHASE3,Healthy,2015-03-14
Sitagliptin,NCT02363335,The Role of Phosphodiesterase Inhibitors in Incretin Secretion,COMPLETED,PHASE1,Healthy Volunteers,2015-02-13
Sitagliptin,NCT05798715,"Bioequivalence Study of of Metformin HCl From Gleptomet 50/1000 mg F.C.Tablets (EVA Pharma, Egypt) and Janumet 50/1000 mg F.C.Tablets (Merck Sharp & Dohme, The Netherlands)",COMPLETED,PHASE1,Healthy,2023-03-22
Sitagliptin,NCT02683187,DPP4 Inhibition & Beta Cell Function,COMPLETED,PHASE1,Healthy,2016-02-11
Sitagliptin,NCT02743260,Drug Transporter Interaction Study PHENTRA_2015_KPUK,COMPLETED,PHASE4,Healthy,2016-04-11
Sitagliptin,NCT02493959,Degradation of the Anorexic Hormone Peptide YY,COMPLETED,EARLY_PHASE1,Healthy,2015-07-02
Sitagliptin,NCT06233201,Sitagliptin and Metformin Hydrochloride Tablets 50 mg/500 mg Relative to Originator,NOT_YET_RECRUITING,PHASE1,Healthy Subjects,2023-12-15
Sitagliptin,NCT02172196,Bioavailability of BI 10773 and Sitagliptin in Healthy Male Volunteers,COMPLETED,PHASE1,Healthy,2014-06-20
Sitagliptin,NCT03927170,Pharmacokinetic Characteristics of GLH1SM Extended Release Tablets in Healthy Volunteers(Fed),COMPLETED,PHASE1,Healthy,2019-04-23
Chlorthalidone,NCT04757532,Study of Exposure to Substances Prohibited by the World Anti-Doping Agency in Healthy Volunteers.,COMPLETED,PHASE1,Healthy Volunteers,2021-02-14
Chlorthalidone,NCT05090449,"Non-interaction Study of Chlorthalidone and Losartan in Fixed Combination, in Healthy Subjects, Under Fasting Conditions",COMPLETED,PHASE1,Healthy,2021-10-08
Isosorbide,NCT01418534,Bioequivalence Study of Torrent Pharmaceutical Limited's ISMN 120 mg ER Tablets Under Fasting Condition,COMPLETED,PHASE1,Healthy,2011-08-11
Isosorbide,NCT01418547,Bioequivalence Study of Torrent Pharmaceutical Limited's Isosorbide Mononitrate 120 mg ER Tablets Under Fed Conditions,COMPLETED,PHASE1,Healthy,2011-08-11
Isosorbide,NCT04311658,Safety and Efficacy of the Effect of Isosorbide Mononitrate in Reducing Pain During Levonorgestrel-releasing Intrauterine Device Insertion,UNKNOWN,PHASE3,Contraception,2020-03-14
Isosorbide,NCT01587313,A Comparison of Various Combinations of BiDil Capsules and BiDil Tablets in Healthy Human Volunteers,COMPLETED,PHASE1,Healthy,2012-04-26
Isosorbide,NCT04729088,Pharmacokinetics Trial of Isosorbide Mononitrate 0.5% Gel for Intra Anal Application in Healthy Subjects,WITHDRAWN,PHASE1,Pharmacokinetics; Healthy Subjects,2021-01-25
Isosorbide,NCT02101710,Pharmacokinetic Properties of Isosorbide-5-mononitrate Under Fasting and Fed Condition in Healthy Male Subjects,COMPLETED,PHASE1,Healthy,2014-03-28
Isosorbide,NCT03557580,A Bioequivalence Study of Isosorbide-5-Mononitrate Extended-Release Tablets Under Fed Conditions in Healthy Subjects,COMPLETED,PHASE1,Bioequivalence,2018-06-04
Donepezil,NCT05127746,Phase 1 Clinical Trial of DA-5207 in Healthy Adults,COMPLETED,PHASE1,Healthy,2021-11-05
Donepezil,NCT01506752,A Bioequivalence Study Comparing Improved Versus Current Orally Disintegrating E2020 10 mg Tablet in Healthy Japanese Adult Males,COMPLETED,PHASE1,Healthy Adult,2012-01-06
Donepezil,NCT01461174,Effects of Donepezil and Memantine on Cognitive Functions After a Sleep Deprivation Challenge in Healthy Volunteers,COMPLETED,PHASE1,Healthy,2011-10-17
Donepezil,NCT04479865,"Phase 1 Clinical Trial to Evaluate the Safety, PK and PD of DA-5207 TDS in Healthy Adults",UNKNOWN,PHASE1,Healthy,2020-07-12
Donepezil,NCT01450839,E2022 Patch Formulation Multiple Dose Study,COMPLETED,PHASE1,Healthy,2011-10-04
Donepezil,NCT01276080,Bioequivalence Study of Donepezil Hydrochloride 10 mg Tablets Under Fed Conditions,COMPLETED,PHASE1,Healthy,2011-01-11
Donepezil,NCT01439230,Donepezil 10 mg Tablets Under Fasting Conditions,COMPLETED,PHASE1,Healthy,2011-09-20
Donepezil,NCT02635750,Investigation of Pharmacokinetic Drug-drug Interaction of BI 409306 and Donepezil in Healthy Male and Female Subjects,COMPLETED,PHASE1,Healthy,2015-12-17
Donepezil,NCT00959881,Study Evaluating The Coadministration of Begacestat And Donepezil,COMPLETED,PHASE1,Healthy Subjects,2009-08-14
Donepezil,NCT01276067,Bioequivalence Study of Donepezil Hydrochloride 10 mg Tablets Under Fasting Conditions,COMPLETED,PHASE1,Healthy,2011-01-11
Donepezil,NCT04617782,Pharmacokinetic Study of 5 and 10 mg Corplex™ Donepezil TDS Compared to 10 mg Aricept® in Healthy Volunteers,COMPLETED,PHASE1,Healthy Subjects,2020-11-01
Donepezil,NCT01923259,Bioavailability Study of Donepezil Hydrochloride Tablets 23 mg Under Fed Condition,COMPLETED,PHASE1,Healthy,2013-08-13
Donepezil,NCT02570581,MELA Study - Hedonic Study on the Taste of Drugs Crushed in Food: Observational Study Involving 16 Healthy Volunteers,COMPLETED,PHASE1,Healthy,2015-09-29
Donepezil,NCT04013477,Single-ascending Dose Phase 1 Clinical Trial to Evaluate the Safety and PK of DA-5207 TDS in Healthy Adults,COMPLETED,PHASE1,Healthy,2019-06-26
Donepezil,NCT01419340,Bioequivalence Study of Torrent Pharmaceutical Limited's Donepezil Hydrochloride Tablets Under Fasting Conditions,COMPLETED,PHASE1,Healthy,2011-08-16
Donepezil,NCT01439243,Donepezil 10 mg Tablets Under Fed Conditions,COMPLETED,PHASE1,Healthy,2011-09-20
Donepezil,NCT01419366,Bioequivalence Study of Torrent Pharmaceutical Limited's Donepezil Hydrochloride Tablets Under Fed Conditions,COMPLETED,PHASE1,Healthy,2011-08-16
Donepezil,NCT05804279,Pharmacokinetics of BPDO-1603 or BPDO-16031 and BPDO-16033 Administration in Healthy Adults,COMPLETED,PHASE1,Healthy,2023-03-15
Donepezil,NCT01506739,A Bioequivalence Study of Film-coated Tablet and Dry Syrup 1% Form for E2020 in Healthy Japanese Adult Males,COMPLETED,PHASE1,Healthy Adult,2012-01-06
Donepezil,NCT02055703,"A 3-Part, Open-Label, Drug-Drug Interaction Study of Concomitant Administration of E2609 With Itraconazole, Rifampin, Digoxin, or Donepezil",COMPLETED,PHASE1,Healthy Subjects,2014-01-23
Donepezil,NCT02918266,TAK-071 Scopolamine-Induced Cognitive Impairment Study,TERMINATED,PHASE1,Healthy Volunteers,2016-09-27
Donepezil,NCT01345864,"Assessment Of The Effects Of Single Doses Of An Investigational Drug, Given Alone Or With Donepezil, On Scopolamine-Induced Changes In Memory And Learning In Healthy Adults",TERMINATED,PHASE1,Healthy,2011-04-28
Donepezil,NCT01213355,Scopolamine Challenge Study,COMPLETED,PHASE1,Healthy,2010-09-16
Donepezil,NCT01260948,10 mg Donepezil Hydrochloride Orally Disintegrating Tablets Under Non-Fasting Conditions,COMPLETED,PHASE1,Healthy,2010-12-14
Donepezil,NCT02406261,A Drug-Drug Interaction Study of Lanabecestat (LY3314814) in Healthy Participants,COMPLETED,PHASE1,Healthy,2015-03-02
Dexmethylphenidate,NCT00829673,Dexmethylphenidate Hydrochloride Tablets Under Non-Fasting Conditions,COMPLETED,PHASE1,Healthy,2009-01-26
Dexmethylphenidate,NCT00829712,Dexmethylphenidate Hydrochloride Tablets Under Fasting Conditions,COMPLETED,PHASE1,Healthy,2009-01-26
Sulfamethoxazole; Trimethoprim,NCT01469637,Sulfamethoxazole Drug Interaction Study With MMX® Mesalazine/Mesalamine,COMPLETED,PHASE1,Healthy,2011-11-04
Sulfamethoxazole; Trimethoprim,NCT03395249,"Phase 1 Study of Safety, Tolerability and Pharmacokinetics of SPR994",COMPLETED,PHASE1,Healthy Volunteers,2017-10-19
Clobetasol,NCT00803439,Randomized Study to Compare the Bioavailability of Two Clobetasol Propionate 0.05% Topical Foams,COMPLETED,,Healthy,2008-12-02
Clobetasol,NCT00864500,Pivotal Bioequivalence Study of Topically Delivered Clobetasol Propionate Lotion in Healthy Adult Subjects,COMPLETED,PHASE1,Healthy,2009-03-17
Clobetasol,NCT00864240,"The Dose-response ""Pilot"" Study of Topically Delivered Clobetasol Propionate Lotion in Healthy Adult Subjects",COMPLETED,PHASE1,Healthy,2009-03-17
Methotrexate,NCT05445440,A Study to Assess the Effects of BMS-986371 on the Drug Levels of Methotrexate in the Presence and Absence of Sulfasalazine,COMPLETED,PHASE1,Healthy Participants,2022-06-30
Hydroxychloroquine,NCT04973566,A Study of Nipocalimab With Co-administration of Etanercept or Hydroxychloroquine in Healthy Participants,COMPLETED,PHASE1,Healthy,2021-07-13
Lovastatin,NCT01632566,A Multiple-dose Study of LY3031207 in Healthy Participants,TERMINATED,PHASE1,Healthy Volunteers,2012-06-25
Lovastatin,NCT04859452,"A Study to Evaluate the DDI of DBPR108 With Metformin,Glibenclamide,Valsartan, or Simvastatin in Healthy Subjects",COMPLETED,PHASE1,Healthy Subjects,2021-04-21
Lovastatin,NCT01346670,Lovastatin and Its ß-hydroxy Acid From Four 600 mg LipoCol Forte® Capsules Compared to That of One 20 mg Mevacor® Tablet in Healthy Subjects,COMPLETED,PHASE4,Healthy Volunteer,2011-04-27
Lovastatin,NCT02542969,Drug Interaction Study of MGL-3196 With Rosuvastatin and Simvastatin,COMPLETED,PHASE1,Healthy,2015-09-04
Lovastatin,NCT01304329,Drug-drug Interaction of Empagliflozin (BI 10773) and Simvastatin,COMPLETED,PHASE1,Healthy,2011-02-21
Lovastatin,NCT01527669,The Pharmacokinetic Study of Red Yeast Rice Capsule Compared to Lovastatin Tablet in Healthy Subjects,COMPLETED,PHASE4,Healthy Subjects,2012-01-12
Lovastatin,NCT03174041,"A Drug-Drug Interaction Study Between GDC-0853 and Midazolam, Itraconazole, Rosuvastatin, and Simvastatin",COMPLETED,PHASE1,Healthy Participants,2017-05-04
Lovastatin,NCT01960140,A Study of Baricitinib and Simvastatin in Healthy Participants,COMPLETED,PHASE1,Healthy Volunteers,2013-10-08
Lovastatin,NCT06379958,Drug-Drug Interaction (DDI) Study of Leramistat in Healthy Adult Subjects,RECRUITING,PHASE1,Pharmacokinetics,2024-04-08
Lovastatin,NCT01979185,Effect of SSP-004184 (SPD602) on the Pharmacokinetics of Simvastatin in Healthy Adult Subjects,COMPLETED,PHASE1,Healthy,2013-11-01
Lovastatin,NCT02533141,Effect of Simvastatin Withdrawal on Ocular Endothelial Function,WITHDRAWN,PHASE4,Healthy,2015-08-24
Lovastatin,NCT00359281,Pharmacokinetic Drug Interactions of AEGR-733 on Lipid-lowering Agents,COMPLETED,PHASE2,Healthy,2006-07-31
Lovastatin,NCT05580250,A Study of LY3526318 in Healthy Male Japanese Participants,WITHDRAWN,PHASE1,Healthy,2022-10-12
Lovastatin,NCT01167894,Bioequivalence Study of Simvastatin Tablets 80 mg of Dr. Reddy's Under Fasting Condition,COMPLETED,PHASE1,Healthy,2010-07-21
Lovastatin,NCT00685685,Fasting Bioavailability Study of Lovastatin Tablets and Mevacor Tablets,COMPLETED,PHASE1,Healthy,2008-05-24
Lovastatin,NCT01689623,"A Pharmacokinetic Interaction Study Between TMC435, Atorvastatin and Simvastatin in Healthy Participants",COMPLETED,PHASE1,Healthy Participants,2012-07-30
Lovastatin,NCT01383395,Effect of Cilostazol on the Pharmacokinetics of Simvastatin,COMPLETED,PHASE1,Healthy,2011-06-27
Lovastatin,NCT06178640,Bioequivalence Study of Simvastatin 40 mg Film-coated Tablets in Healthy Thai Volunteers,NOT_YET_RECRUITING,PHASE1,Healthy Volunteer,2023-12-08
Pioglitazone,NCT01798940,Bioequivalence Study of Torrent Pharmaceuticals Ltd's Pioglitazone Hydrochloride Tablets Under Fed Conditions,COMPLETED,PHASE1,Healthy,2013-02-22
Pioglitazone,NCT00154037,Investigation of Vascular Relaxing Effects of Candesartan and Pioglitazone.,COMPLETED,,Healthy Subjects,2005-09-08
Pioglitazone,NCT02183636,Relative Bioavailability of Two Fixed Dose Combination Tablets of Linagliptin/Pioglitazone Compared With Single Linagliptin and Pioglitazone Tablets Administered Together to Healthy Male and Female Subjects,COMPLETED,PHASE1,Healthy,2014-07-07
Pioglitazone,NCT03457597,Study in Healthy Subjects to Determine the Effect of Relacorilant on Exposure to Probe Substrates for Cytochrome P450s,COMPLETED,PHASE1,Healthy,2018-03-01
Pioglitazone,NCT01797666,Bioequivalence Study of Torrent Pharmaceuticals Ltd's Pioglitazone Hydrochloride Tablets Under Fasting Conditions,COMPLETED,PHASE1,Healthy,2013-02-20
Pioglitazone,NCT02222441,Effect Of Modafinil And Pioglitazone On The Pharmacokinetics Of Palbociclib (PD-0332991),COMPLETED,PHASE1,Healthy,2014-08-19
Pioglitazone,NCT02473627,"A PHASE 1, OPEN-LABEL, CROSS-OVER, FIXED SEQUENCE STUDY TO EVALUATE THE EFFECT OF MULTIPLE DOSES OF DS-1971A ON THE SINGLE DOSE PHARMACOKINETICS OF PROBE SUBSTRATES FOR CYP2B6, CYP2C8, CYP2C9, CYP2C19 AND CYP3A4 ENZYMES IN HEALTHY MALE AND FEMALE SUBJECTS",COMPLETED,PHASE1,Healthy,2015-06-12
Pioglitazone,NCT00649558,Fasting Study of Pioglitazone HCl Tablets 45 mg and Actos® Tablets 45 mg,COMPLETED,PHASE1,Healthy,2008-03-30
Pioglitazone,NCT02276365,Bioavailability of BI 10773 and Pioglitazone in Healthy Male Volunteers,COMPLETED,PHASE1,Healthy,2014-10-27
Pioglitazone,NCT03335956,CORT125281 Single Ascending Dose (SAD) and Multiple Ascending Dose (MAD),COMPLETED,PHASE1,Healthy,2017-10-31
Pioglitazone,NCT01800227,Bioequivalence Study of Torrent Pharmaceuticals Ltd's Pioglitazone Hydrochloride and Metformin Hydrochloride Tablets Under Fasting Conditions,COMPLETED,PHASE1,Healthy,2013-02-25
Pioglitazone,NCT00649012,Food Study of Pioglitazone HCl Tablets 45 mg to Actos® Tablets 45 mg,COMPLETED,PHASE1,Healthy,2008-03-30
Pioglitazone,NCT01276327,Bioequivalence of a Fixed Dose Combination Tablet Linagliptin/Pioglitazone Compared With Its Mono-components,COMPLETED,PHASE1,Healthy,2011-01-12
Pioglitazone,NCT02172235,Relative Bioavailability of Pioglitazone After Co-administration With Different Doses of BI 10773 in Healthy Volunteers,COMPLETED,PHASE1,Healthy,2014-06-20
Irbesartan,NCT05688098,Pharmacokinetics of Irbesartan/Amlodipine High FDC and Co-administration of Irbesartan and Amlodipine High in Healthy Volunteers,COMPLETED,PHASE1,Healthy Volunteers,2023-01-08
Irbesartan,NCT05688085,Pharmacokinetics of Irbesartan High/Amlodipine FDC and Co-administration of Irbesartan High and Amlodipine in Healthy Volunteers,COMPLETED,PHASE1,Healthy Volunteers,2023-01-08
Irbesartan,NCT01825850,Pharmacokinetic Drug Interaction Study Between Gemigliptin and Irbesartan After Oral Administration in Healthy Male Subjects,COMPLETED,PHASE1,Healthy,2013-04-03
Irbesartan,NCT00185055,"The Relative Effects of Olmesartan Medoxomil, Irbesartan and Valsartan on the Activity of the Blood Pressure Control System in Healthy Subjects",COMPLETED,PHASE4,Healthy,2005-09-09
Irbesartan,NCT00154024,Comparison of Vascular Effects After Therapy With Irbesartan and Atorvastatin.,COMPLETED,,Healthy Subjects,2005-09-08
Irbesartan,NCT05663073,Pharmacokinetics of Irbesartan/Amlodipine FDC and Co-administration of Irbesartan and Amlodipine in Healthy Volunteers,COMPLETED,PHASE1,Healthy Volunteers,2022-12-14
Irbesartan,NCT01447797,A Bioequivalence Study Comparing Irbesartan/Atorvastatin Combination Tablet With Coadministration of Irbesartan and Atorvastatin,COMPLETED,PHASE1,Healthy,2011-09-28
Irbesartan,NCT00180024,Characterization of Vascular Effects of Angiotensin II in Dorsal Human Hand Veins.,COMPLETED,,Healthy Subjects,2005-09-09
Irbesartan,NCT01858610,Drug Interaction Between Irbesartan and Hydrochlorothiazide,COMPLETED,,Healthy,2013-05-12
Methylprednisolone,NCT00134992,A Study to Compare Ocular Safety and Tolerability of Prednisolone Acetate 0.5% Eye Drops Versus Vehicle in Healthy Volunteers,COMPLETED,PHASE4,Healthy,2005-08-24
Methylprednisolone,NCT04791345,Study of the Excretion of Orally Administered Corticosteroids for the Improval of the Detection of Said Substances in Anti-doping Controls,UNKNOWN,PHASE1,Healthy Volunteers,2021-03-05
Norethindrone,NCT04756037,Study of the Safety and Contraceptive Efficacy of Relugolix Combination Therapy in Women With Uterine Fibroids or Endometriosis Who Are at Risk for Pregnancy,ACTIVE_NOT_RECRUITING,PHASE3,Contraception,2021-02-12
Norethindrone,NCT04714554,"A Study of the Effects of Erythromycin on the Pharmacokinetics of Relugolix, Estradiol, and Norethindrone in Healthy Postmenopausal Women and on the Pharmacokinetics of Relugolix in Healthy Adult Men",COMPLETED,PHASE1,Healthy,2021-01-08
Norethindrone,NCT01656434,Study of the Contraceptive Efficacy and Safety of a NOMAC-E2 Combined Oral Contraceptive (COC)(P06448),TERMINATED,PHASE3,Contraception,2012-07-31
Norethindrone,NCT04934696,A Study to Characterize the Drug Levels of an Oral Contraceptive With and Without BMS-986166 in Healthy Female Participants of Childbearing Potential,COMPLETED,PHASE1,Healthy Participants,2021-06-17
Norethindrone,NCT01340625,Norethindrone/Ethinyl Estradiol 0.4 mg/35 Mcg Chewable Tablets Under Fasting Conditions,COMPLETED,PHASE1,Bioequivalence,2011-04-20
Norethindrone,NCT03451110,"Study to Assess the Pharmacokinetic Drug-Drug Interactions of Lemborexant When Coadministered With an Oral Contraceptive, Famotidine, or Fluconazole in Healthy Subjects",COMPLETED,PHASE1,Healthy Subjects,2018-02-23
Norethindrone,NCT01246791,Pharmacokinetics of NPC-01 After Single Oral Administration in Healthy Female Volunteers,COMPLETED,PHASE3,Healthy,2010-11-18
Norethindrone,NCT03856970,"Study to Evaluate the Effect of IW-3718 on the Pharmacokinetics of Oral Contraceptive, Levothyroxine, Glyburide, and Digoxin in Healthy Adult Volunteers",COMPLETED,PHASE1,Healthy Volunteers,2019-02-26
Norethindrone,NCT00477633,Study of Safety and Efficacy of an Oral Contraceptive,COMPLETED,PHASE3,Contraception,2007-05-22
Norethindrone,NCT01040845,A Pharmacokinetic Study of Colchicine With an Oral Contraceptive,COMPLETED,PHASE1,Pharmacokinetics,2009-08-13
Norethindrone,NCT04016753,A Study Measuring the Effectiveness of BMS-986256 Combined With Oral Contraceptive in Healthy Female Participants,COMPLETED,PHASE1,Healthy Participants,2019-06-26
Norethindrone,NCT05294341,Metabolism of 0.35mg Norethindrone vs 5mg Norethindrone Acetate,COMPLETED,PHASE4,Contraception,2022-03-01
Norethindrone,NCT04709094,A Drug Interaction Study of Danicopan,COMPLETED,PHASE1,Healthy,2021-01-12
Norethindrone,NCT00391807,Study of Safety and Efficacy of an Oral Contraceptive,COMPLETED,PHASE3,Contraception,2006-10-20
Norethindrone,NCT07215806,Effect of Evobrutinib on Pharmacokinetics of a Combined Oral Contraceptive,COMPLETED,PHASE1,Healthy,2025-10-08
Norethindrone,NCT01253824,Pharmacodynamics of NPC-01/IKH-01; Effect of NPC-01/IKH-01 on Sexual Hormone Concentrations in Healthy Female Volunteers,COMPLETED,PHASE3,Healthy,2010-12-02
Norethindrone,NCT05579574,A Study to Investigate the Interaction of BMS-986322 and a Combined Oral Hormonal Contraceptive (Ethinyl Estradiol [EE]/Norethindrone [NET]) in Healthy Female Participants,COMPLETED,PHASE1,Healthy Participants,2022-10-11
Norethindrone,NCT01344369,Norethindrone/Ethinyl Estradiol 0.4 mg/35 Mcg Chewable Tablets Under Non-Fasted Conditions,COMPLETED,PHASE1,Healthy,2011-04-27
Norethindrone,NCT06186271,International Active Surveillance Study: Safety of Estrogen Estetrol (E4) Contraceptive Study (INAS-SEECS),RECRUITING,,Contraception,2023-12-15
Norethindrone,NCT02652650,A Study to Investigate the Effect of JNJ-63623872 at Steady-state on the Steady-state Pharmacokinetics of Ethinylestradiol and Norethindrone,COMPLETED,PHASE1,Healthy,2016-01-08
Norethindrone,NCT00338052,Study of Bleeding With Extended Administration of an Oral Contraceptive,COMPLETED,PHASE2,Contraception,2006-06-16
Norethindrone,NCT02245438,Effect of Tipranavir and Ritonavir on the Pharmacokinetic Characteristics of Norethindrone-Ethinyl Estradiol in Healthy Female Adult Volunteers,TERMINATED,PHASE1,Healthy,2014-09-18
Norethindrone,NCT01181726,"Estradiol/Norethindrone Acetate Tablets, 1/0.5 mg Under Fed Conditions",COMPLETED,PHASE1,Healthy,2010-08-11
Norethindrone,NCT01157182,"Estradiol/Norethindrone Acetate Tablets, 1/0.5 mg Under Fasting Conditions",COMPLETED,PHASE1,Healthy,2010-07-02
Norethindrone,NCT00821496,Evaluate the Effect of VI-0521 on the Pharmacokinetics of Oral Contraceptive in Healthy Female Subjects,COMPLETED,PHASE1,Healthy,2009-01-06
Meclizine,NCT01443858,Meclizine as a Potential Smoking Cessation Treatment,COMPLETED,PHASE2,Smoking Cessation,2011-09-29
Meclizine,NCT01537471,The Effects of Antihistamines on Pre-Pulse Inhibition,COMPLETED,PHASE1,Healthy,2012-02-01
Ethinyl Estradiol; Levonorgestrel,NCT00196352,"A Multicenter Study to Evaluate the Safety of Seasonique, an Oral Contraceptive.",COMPLETED,PHASE3,Contraception,2005-09-12
Ethinyl Estradiol; Levonorgestrel,NCT03249402,A Study to Evaluate the Effect of Multiple Oral Doses of JNJ-42847922 on the Steady-state Pharmacokinetics of an Oral Contraceptive Containing Ethinyl Estradiol and Levonorgestrel in Healthy Female Adult Participants,COMPLETED,PHASE1,Healthy,2017-08-11
Ethinyl Estradiol; Levonorgestrel,NCT03359057,Trial Evaluating Folic Acid Supplementation by Concomitant Administration of Ethinyl Estradiol + Levonorgestrel,COMPLETED,PHASE3,Contraception,2017-11-27
Ethinyl Estradiol; Levonorgestrel,NCT02577601,Impact of Combined Hormonal Contraceptives on UPA,COMPLETED,PHASE4,Contraception,2015-08-05
Ethinyl Estradiol; Levonorgestrel,NCT01254292,LCS12 vs Combined Oral Contraceptive (COC) User Satisfaction Study,COMPLETED,PHASE3,Contraception,2010-11-22
Ethinyl Estradiol; Levonorgestrel,NCT05116371,Control of Bleeding on Nexplanon in Latinx Patients,UNKNOWN,,Contraception,2021-11-01
Ethinyl Estradiol; Levonorgestrel,NCT06380205,A Study to Evaluate the Drug Interaction Between Povorcitinib and the Oral Contraceptive Levonorgestrel/Ethinyl Estradiol in Healthy Adult Females,COMPLETED,PHASE1,Healthy Participants,2024-04-03
Ethinyl Estradiol; Levonorgestrel,NCT00117273,A Study to Evaluate Suppression of the Pituitary-Ovarian Axis With Three Different Oral Contraceptive Regimens,COMPLETED,PHASE3,Healthy,2005-06-30
Ethinyl Estradiol; Levonorgestrel,NCT00220324,Pearl Index Study With Low Dose Combined Oral Contraceptive,COMPLETED,PHASE3,Contraception,2005-09-16
Ethinyl Estradiol; Levonorgestrel,NCT03478020,Oral AQX-1125 and Combination Oral Contraceptive Drug-Drug Interaction Study,COMPLETED,PHASE1,Healthy Volunteer,2018-03-19
Ethinyl Estradiol; Levonorgestrel,NCT05896384,A Study in Women With Overweight or Obesity to Test Whether Different Doses of BI 456906 Influence the Amount of a Contraceptive in the Blood,COMPLETED,PHASE1,Healthy,2023-06-01
Ethinyl Estradiol; Levonorgestrel,NCT01422135,Pharmacokinetic Study of AG200-15 Transdermal Patch to Three Anatomical Sites in Healthy Females,COMPLETED,PHASE1,Healthy,2011-08-19
Ethinyl Estradiol; Levonorgestrel,NCT02846142,"Study to Assess the Safety, Tolerability, PK, ECG Effects, Food Effect, and Drug-drug Interaction (DDI) of Hormonal Contraceptives of PTI-428 in Healthy Female Volunteers",COMPLETED,PHASE1,Healthy Volunteer,2016-07-18
Ethinyl Estradiol; Levonorgestrel,NCT00185367,Comparative Cycle Control Europe,COMPLETED,PHASE3,Contraception,2005-09-13
Ethinyl Estradiol; Levonorgestrel,NCT02175394,Effect of Multiple BI 1356 Doses of on the Multiple-dose Pharmacokinetics of a Combination of Ethinylestradiol and Levonorgestrel in Healthy Female Premenopausal Subjects,COMPLETED,PHASE1,Healthy,2014-06-25
Ethinyl Estradiol; Levonorgestrel,NCT06942936,A Study to Investigate the Impact of Multiple Doses of Itraconazole on AZD5004 in Healthy Participants and Multiple Doses of AZD5004 on Combined Oral Ethinyl Oestradiol and Levonorgestrel in Healthy Female Participants,RECRUITING,PHASE1,Healthy Participants,2025-04-17
Ethinyl Estradiol; Levonorgestrel,NCT01941615,Effect of BI 207127 + Faldaprevir on Blood Levels of Oral Contraceptives Containing Ethinylestradiol and Levonorgestrel,TERMINATED,PHASE1,Healthy,2013-09-10
Ethinyl Estradiol; Levonorgestrel,NCT04255277,"To Study the Effect of Cenerimod on the Electrical Activity of the Heart, in Men and Women. To Study the Effect of Cenerimod on the Use of Oral Contraceptives in Women. To Study the Effect That Charcoal Has on the Elimination of Cenerimod From the Body, in Women and Men.",COMPLETED,PHASE1,Healthy Subjects,2020-01-29
Ethinyl Estradiol; Levonorgestrel,NCT00447863,Study Evaluating the Bioequivalence of Levonorgestrel/Ethinyl Estradiol Combinations in Cycling Women,WITHDRAWN,PHASE1,Contraception,2007-03-13
Ethinyl Estradiol; Levonorgestrel,NCT00685906,AZD6140 Oral Contraceptive Interaction Study,COMPLETED,PHASE1,Healthy,2008-05-27
Ethinyl Estradiol; Levonorgestrel,NCT04194905,Bioavailability of Levonorgestrel/Ethinyl Estradiol Tablets 0.1 mg/0.02 mg With Regards to Reference Product,COMPLETED,PHASE1,Bioequivalence,2019-11-12
Ethinyl Estradiol; Levonorgestrel,NCT07013643,A Study to Investigate the Effect of AZD6234 and a Combination of AZD9550 and AZD6234 on Pharmacokinetics of Combined Oral Contraceptive Ethinyl Estradiol/Levonorgestrel in Healthy Female Participants Living With Overweight or Obesity,RECRUITING,PHASE1,Healthy Participants,2025-06-02
Ethinyl Estradiol; Levonorgestrel,NCT00185224,Metabolism Study to Investigate the Impact of a Sequential Oral Contraceptive,COMPLETED,PHASE2,Contraception,2005-09-10
Ethinyl Estradiol; Levonorgestrel,NCT01044056,"A Trial in Healthy Female Subjects to Compare the Pharmacokinetics of Ethinyl Estradiol of NuvaRing®, a Contraceptive Patch (EVRA(TM)) and an Oral Contraceptive (Microgynon® 30) (Study 34237 (P06650)) (COMPLETED)",COMPLETED,PHASE4,Contraception,2010-01-05
Ethinyl Estradiol; Levonorgestrel,NCT05093205,"STUDY TO EVALUATE THE EFFECT OF PF-06882961 ON SINGLE DOSE ATORVASTATIN, MEDAZOLAM AND ORALCONTRACEPTIVE PHARMACOKINETICS IN HEALTHY ADULT PARTICIPANTS",COMPLETED,PHASE1,Healthy Adults,2021-10-13
Ethinyl Estradiol; Levonorgestrel,NCT00319163,"Study Comparing Two Manufacturing Processes for Levonorgestrel 90 mg/Ethinyl Estradiol 20 mg (LNG/EE) in Healthy, Cycling Women",COMPLETED,PHASE1,Healthy,2006-04-26
Ethinyl Estradiol; Levonorgestrel,NCT02922127,Compare Daily Ulipristal Acetate and Combined Oral Contraceptive Effects on Breast Epithelial Cell Proliferation,COMPLETED,PHASE1,Contraception,2016-07-25
Ethinyl Estradiol; Levonorgestrel,NCT00511355,"Effects on Hemostasis, Lipids, Carbohydrate Metabolism, Adrenal & Thyroid Function of the Combined Oral Contraceptive NOMAC-E2 Compared to a COC Containing LNG-EE (292004)(COMPLETED)(P05764)",COMPLETED,PHASE3,Contraception,2007-08-02
Ethinyl Estradiol; Levonorgestrel,NCT04230070,Bioavailability of Levonorgestrel and Ethinyl Estradiol Tablets 15.0 mg/0.03 mg With Regards to Reference Product,COMPLETED,PHASE1,Bioequivalence,2020-01-13
Ethinyl Estradiol; Levonorgestrel,NCT01896726,A Study of Baricitinib and Birth Control Pills in Healthy Females,COMPLETED,PHASE1,Healthy Volunteers,2013-07-08
Ethinyl Estradiol; Levonorgestrel,NCT01236768,"Transdermal Contraceptive Delivery System (TCDS), Also Known as AG200-15 Patch Arm",COMPLETED,PHASE3,Contraception,2010-11-05
Ethinyl Estradiol; Levonorgestrel,NCT04134715,A Drug Drug Interaction Study Between PF-06826647 And Oral Contraceptive Steroids In Healthy Female Participants,COMPLETED,PHASE1,Healthy,2019-09-04
Ethinyl Estradiol; Levonorgestrel,NCT01181479,Study to Evaluate the Contraceptive Efficacy/Safety of a Low Dose EE/LNG Transdermal Contraceptive Delivery System,COMPLETED,PHASE3,Contraception,2010-08-12
Ethinyl Estradiol; Levonorgestrel,NCT01328184,Drug-drug Interaction of Empagliflozin (BI 10773) and Microgynon,COMPLETED,PHASE1,Healthy,2011-04-01
Ethinyl Estradiol; Levonorgestrel,NCT04018274,Effect of PF-06651600 on the Pharmacokinetics of Oral Contraceptive Steroids,COMPLETED,PHASE1,Healthy,2019-07-11
Ethinyl Estradiol; Levonorgestrel,NCT02158572,"Efficacy, Safety and Tolerability Study of Agile AG200-15 Transdermal Contraceptive Delivery System",COMPLETED,PHASE3,Healthy,2014-06-04
Ethinyl Estradiol; Levonorgestrel,NCT03074045,LCS16 vs. COC User Satisfaction and Tolerability Study,COMPLETED,PHASE3,Contraception,2017-03-03
Ethinyl Estradiol; Levonorgestrel,NCT02616146,Efficacy and Safety of Etonogestrel + 17β-Estradiol Vaginal Ring and Levonorgestrel-Ethinyl Estradiol Combined Oral Contraceptive in Adult Women at Risk for Pregnancy (MK-8342B-062),TERMINATED,PHASE3,Contraception,2015-11-24
Ethinyl Estradiol; Levonorgestrel,NCT02170038,Clinical Study Investigating the Conversion of the Contraceptive Compound Norethisterone Within the Body Towards the Contraceptive Compound Ethinylestradiol,COMPLETED,PHASE1,Pharmacokinetics,2014-06-20
Ethinyl Estradiol; Levonorgestrel,NCT01615354,A Study of Aleglitazar in Combination With Oral Contraceptive Healthy Volunteers,COMPLETED,PHASE1,Healthy Volunteer,2012-06-06
Ethinyl Estradiol; Levonorgestrel,NCT03193307,This Study Tests in Healthy Korean Women Which Effects BI 409306 and a Birth-control Pill Have on Each Other,COMPLETED,PHASE1,Healthy,2017-06-19
Ethinyl Estradiol; Levonorgestrel,NCT06657105,A Study to Investigate the Pharmacokinetics of Ethinyl Estradiol and Levonorgestrel When Given Alone and in Combination With Baxdrostat in Healthy Females of Non-childbearing Potential,COMPLETED,PHASE1,Healthy Participants,2024-10-23
Ethinyl Estradiol; Levonorgestrel,NCT06071442,"Potential Drug Interaction Study Between Vemircopan and Rosuvastatin, Metformin, Levonorgestrel/Ethinyl Estradiol-containing Oral Contraceptives, and Carbamazepine",COMPLETED,PHASE1,Healthy Participants,2023-10-02
Ethinyl Estradiol; Levonorgestrel,NCT00245921,Study Evaluating Levonorgestrel and Ethinyl Estradiol for Oral Contraception,COMPLETED,PHASE3,Contraception,2005-10-26
Ethinyl Estradiol; Levonorgestrel,NCT00511342,Effects on Bone Mineral Density (BMD) of the Combined Oral Contraceptive NOMAC-E2 Compared to a COC Containing LNG/EE (292005)(P05765)(COMPLETED),COMPLETED,PHASE3,Contraception,2007-08-02
Ethinyl Estradiol; Levonorgestrel,NCT00196326,"Open-label Study to Evaluate the Efficacy and Safety of an Extended-cycle, Low Dose Combination Oral Contraceptive",COMPLETED,PHASE3,Contraception,2005-09-12
Ethinyl Estradiol; Levonorgestrel,NCT02577913,European Active Surveillance Study Comparing Regimens of Administration in Combined Hormonal Contraception,TERMINATED,,Contraception,2015-10-15
Ethinyl Estradiol; Levonorgestrel,NCT01714193,A Study to Assess the Effects of Canagliflozin (JNJ-28431754) on the Pharmacokinetics and Safety of an Oral Contraceptive in Healthy Volunteers,COMPLETED,PHASE1,Healthy,2012-10-23
Ethinyl Estradiol; Levonorgestrel,NCT01243580,AG200-15 Transdermal Contraceptive Delivery System (TCDS) of Levonorgestrel and Ethinyl Estradiol,COMPLETED,PHASE1,Healthy,2010-11-16
Ethinyl Estradiol; Levonorgestrel,NCT00651846,Investigate Impact of Yasmin vs Microgynon on Hemostasis Parameters in Healthy Women,COMPLETED,PHASE4,Healthy,2008-04-01
Ethinyl Estradiol; Levonorgestrel,NCT03506399,A Study of Lanabecestat in Healthy Female Participants Taking Oral Contraceptive,WITHDRAWN,PHASE1,Healthy,2018-04-20
Ethinyl Estradiol; Levonorgestrel,NCT06186271,International Active Surveillance Study: Safety of Estrogen Estetrol (E4) Contraceptive Study (INAS-SEECS),RECRUITING,,Contraception,2023-12-15
Ethinyl Estradiol; Levonorgestrel,NCT01137708,"CP-690,550 And Oral Contraception Drug-Drug Interaction Study",COMPLETED,PHASE1,Healthy,2010-05-14
Ethinyl Estradiol; Levonorgestrel,NCT04309643,Drug-drug Interaction Study of CTP-543 and Oral Contraceptives in Healthy Female Subjects,COMPLETED,PHASE1,Healthy Volunteers,2020-03-11
Ethinyl Estradiol; Levonorgestrel,NCT03547024,A Study in Healthy Participants to Evaluate the Effects of Multiple Doses of JNJ-55308942 on Cytochrome P450 Substrate Activity and on the Pharmacokinetics of Levonorgestrel/Ethinyl Estradiol,COMPLETED,PHASE1,Healthy,2018-05-24
Ethinyl Estradiol; Levonorgestrel,NCT00933179,FC Patch Low: Metabolism Study,COMPLETED,PHASE2,Contraception,2009-07-03
Ethinyl Estradiol; Levonorgestrel,NCT05613777,A Study in Healthy Women to Test Whether BI 425809 Influences the Amount of a Contraceptive in the Blood,COMPLETED,PHASE1,Healthy,2022-11-07
Ethinyl Estradiol; Levonorgestrel,NCT00204451,Human Ovarian Follicular Dynamics and Emergency Contraception,COMPLETED,PHASE4,Contraception,2005-09-12
Ethinyl Estradiol; Levonorgestrel,NCT00920985,US Cycle Control and Blood Pressure Study,COMPLETED,PHASE3,Contraception,2009-06-15
Ethinyl Estradiol; Levonorgestrel,NCT00213096,Effects of Hormonal Contraceptives on Liver Proteins and Coagulation Factors: A Comparison of a Contraceptive Vaginal Ring and an Oral Contraceptive,COMPLETED,PHASE2,Contraception,2005-09-13
Fluticasone; Vilanterol,NCT03739294,Urine Concentrations of Vilanterol After Inhaled Administration of Vilanterol/Fluticasone Furoate,COMPLETED,PHASE2,Pharmacokinetics,2018-11-09
Ketoconazole,NCT01787032,Drug-drug Interaction Trial of BI 113608 in Combination With Ketoconazole and Voriconazole in Healthy Male Subjects,COMPLETED,PHASE1,Healthy,2013-01-30
Ketoconazole,NCT04212000,Bioavailability of Levoketoconazole and Ketoconazole Tablets,COMPLETED,PHASE1,Healthy,2019-12-11
Ketoconazole,NCT01588782,A Study to Assess the Effect of Ketoconazole on the Pharmacokinetics of Abiraterone Following Administration of Abiraterone Acetate Tablets in Healthy Adult Men,COMPLETED,PHASE1,Healthy Volunteers,2012-01-09
Ketoconazole,NCT02198170,A Pharmacokinetic Study to Assess the Influence of Simultaneous CYP3A4 and P-glycoprotein Inhibition on E7080 Pharmacokinetics Following Single Dose Oral Administration of 5 mg E7080 to Healthy Volunteers,COMPLETED,PHASE1,Healthy Volunteers,2014-07-21
Ketoconazole,NCT01932320,"A Study to Evaluate the Relative Bioavailability, Food Effect and Effect of Ketoconazole on the Rate and Extent of Absorption of Solid Dosage Formulation(s) of JNJ-40411813",COMPLETED,PHASE1,Healthy,2013-08-27
Ketoconazole,NCT00914121,Study Evaluating The Effect of Bosutinib (SKI-606) On Cardiac Repolarization (Rhythms Of The Heart),COMPLETED,PHASE1,Healthy Subjects,2009-05-28
Ketoconazole,NCT00983216,Drug-Drug Interaction Study Between Colchicine and Ketoconazole,COMPLETED,PHASE1,Pharmacokinetics,2009-08-13
Ketoconazole,NCT01473069,"Two Week Study Evaluating Safety, Tolerability and Pharmacokinetics of Multiple Doses of JTK-853 in Healthy Subjects",TERMINATED,PHASE1,Healthy,2011-11-09
Ketoconazole,NCT01721070,Effect of Ketoconazole on Sufentanil NanoTab Pharmacokinetics,COMPLETED,PHASE1,Pharmacokinetics,2012-11-01
Ketoconazole,NCT01707940,Bioavailability of BI 144807 Given Alone and in Combination With Ketoconazole in Healthy Male Volunteers,COMPLETED,PHASE1,Healthy,2012-10-15
Ketoconazole,NCT01124760,"Open Label Study, Assessing the Effect of Diltiazem or Ketoconazole on the Pharmacokinetics of AZD9742 in Healthy Volunteers",COMPLETED,PHASE1,Pharmacokinetics,2010-05-13
Ketoconazole,NCT01215214,Identification and Evaluation of Endogenous Markers for the Assessment of CYP3A Activity Using Metabolomics,COMPLETED,PHASE1,Healthy,2010-10-04
Ketoconazole,NCT00707551,An Interaction Study of Ketoconazole/Verapamil Versus AZD1305,COMPLETED,PHASE1,Healthy,2008-06-27
Ketoconazole,NCT01549106,"IPI-145 Single Ascending, Multiple Ascending, Food Effect and Drug-Drug-Interaction Study",COMPLETED,PHASE1,Healthy Volunteers,2012-02-10
Ketoconazole,NCT01626651,A Study to Assess the Effect of Ketoconazole on the Pharmacokinetics of Ibrutinib in Healthy Participants,COMPLETED,PHASE1,Healthy,2012-06-18
Ketoconazole,NCT03437005,Alternation in the Human Microbiome With Commonly Used Topical Medications,RECRUITING,PHASE1,Healthy,2018-02-12
Ketoconazole,NCT01363778,A Phase 1 Study to Evaluate The Effect of Ketoconazole on the Pharmacokinetics of Tivozanib in Healthy Subjects,COMPLETED,PHASE1,Healthy,2011-05-31
Ketoconazole,NCT01448824,A Study of LY2484595 on Pharmacokinetics in Healthy Participants,COMPLETED,PHASE1,Healthy Participants,2011-10-06
Ketoconazole,NCT01679613,Investigation of Drug-drug Interaction of Nintedanib and Ketoconazole in Healthy Male Volunteers,COMPLETED,PHASE1,Healthy,2012-09-03
Ketoconazole,NCT01473316,Study to Determine the Effect of Ketoconazole on the Pharmacokinetics of GDC-0980,COMPLETED,PHASE1,Healthy Volunteer,2011-11-10
Ketoconazole,NCT01760642,Identification and Evaluation of Endogenous Markers for the Assessment of CYP3A Activity,COMPLETED,PHASE1,Healthy,2012-12-26
Ketoconazole,NCT02170675,Relative Bioavailability of Single Doses of Dabigatran Etexilate When Administered Alone or in Combination With a Single Dose of Ketoconazole or in Combination With q.d. Ketoconazole at Steady State in Healthy Male and Female Volunteers,COMPLETED,PHASE1,Healthy,2014-06-20
Ketoconazole,NCT01896323,CC-223 and Ketoconazole Drug-Drug Interaction Study,COMPLETED,PHASE1,Healthy Volunteers,2013-07-08
Ketoconazole,NCT01202240,"Effect Of Ketoconazole On The Pharmacokinetics Of Tasocitinib (CP-690,550) In Healthy Volunteers",COMPLETED,PHASE1,Healthy,2010-09-13
Ketoconazole,NCT02264171,Study to Investigate the Effect of Ketoconazole Mediated CYP3A4 Inhibition on Pharmacokinetics of Tamsulosin in Healthy Male Volunteers,COMPLETED,PHASE1,Healthy,2014-10-14
Ketoconazole,NCT00419783,"A Randomized, Multiple Dose, Double Blind, 5-way Crossover Study of the Electrocardiographic (ECG) Effects of Bilastine",COMPLETED,PHASE1,Healthy,2007-01-08
Ketoconazole,NCT01749085,Study To Determine The Effect Of Food And Strong CYP3A4 Enzyme Inhibitor On PF-04449913 Drug Levels,COMPLETED,PHASE1,Healthy Volunteers,2012-12-11
Ketoconazole,NCT00434486,Study Evaluating Drug Interaction Between Multiple Doses of Ketoconazole and a Single Dose of SKI-606,COMPLETED,PHASE1,Healthy,2007-02-09
Ketoconazole,NCT01690286,Effect of Ketoconazole on the Pharmacokinetics of JNJ-38518168 in Healthy Volunteers,COMPLETED,PHASE1,Healthy,2012-09-19
Ketoconazole,NCT01836198,"The Effect of Gemfibrozil, Ketoconazole and Clarithromycin on the Amount of LY2409021 in the Bloodstream",COMPLETED,PHASE1,Healthy Volunteers,2013-04-16
Ketoconazole,NCT00384917,Study to Determine the Impact of Multiple Doses of Ketoconazole on Single-Dose Pharmacokinetics of HCV-796,COMPLETED,PHASE1,Healthy,2006-10-03
Ketoconazole,NCT01625806,A Study of The Effects of Multiple Doses of Ketoconazole on Single Dose Pharmacokinetics of RO4602522 in Healthy Male Volunteers,COMPLETED,PHASE1,Healthy Volunteer,2012-06-19
Ketoconazole,NCT00410501,Evaluation of Pharmacokinetic Interaction of Indacaterol With Ketoconazole in Healthy Adult Subjects,COMPLETED,PHASE1,Healthy,2006-12-12
Ketoconazole,NCT01637636,"Pharmacokinetics of Tasimelteon Alone and in Combination With a CYP3A4 Inhibitor, Ketoconazole, or a CYP3A4 Inducer, Rifampin.",COMPLETED,PHASE1,Healthy,2012-06-28
Ketoconazole,NCT01240226,A Study to Determine the Relative Bioavailability of a Tablet Formulation of GDC-0941 and the Effect of Ketoconazole on the Pharmacokinetics of the GDC-0941 Tablet,COMPLETED,PHASE1,Healthy Volunteer,2010-11-10
Ketoconazole,NCT00812344,Effect of Ketoconazole on Biliary Excretion of AZD0837,COMPLETED,PHASE1,Healthy,2008-12-19
Ketoconazole,NCT00380328,HKI-272 Ketoconazole Drug Interaction Study,COMPLETED,PHASE1,Healthy,2006-09-21
Ketoconazole,NCT01318265,Effect of Ketoconazole on Regorafenib (BAY73-4506) Pharmacokinetics,COMPLETED,PHASE1,Pharmacokinetics,2011-02-18
Ketoconazole,NCT01149785,Estimation Of Effect Of Ketoconazole On Pharmacokinetics Of Crizotinib In Healthy Volunteers,COMPLETED,PHASE1,Healthy,2010-06-21
Ketoconazole,NCT00948662,Study Evaluating The Safety And Tolerability Of Administration Of Single Oral Doses Of SAM-760 To Healthy Subjects,COMPLETED,PHASE1,Healthy,2009-07-28
Ketoconazole,NCT01468558,Pharmacokinetics & Tolerability Study of MAP0004 Co-administered With Ketoconazole,COMPLETED,PHASE1,Healthy,2011-10-28
Ketoconazole,NCT01591850,"A Drug-Drug Interaction Study of Ketoconazole, Rifampicin and Ritonavir-Boosted Atazanavir With Single-Dose RO5093151 in Healthy Volunteers",COMPLETED,PHASE1,Healthy Volunteer,2012-05-03
Ketoconazole,NCT01576575,Buprenorphine Disposition and CYP3A,COMPLETED,,Healthy,2012-04-10
Ketoconazole,NCT01164488,A Study of RO5190591 (Danoprevir) in Healthy Volunteers,COMPLETED,PHASE1,Healthy Volunteer,2010-07-15
Ketoconazole,NCT01259115,Buprenorphine Accumulation and Description of Its Metabolites During Co-Medication of Buprenorphine Transdermal System (BTDS) and Ketoconazole,COMPLETED,PHASE1,Healthy,2010-12-10
Ketoconazole,NCT01924299,A Study of Baricitinib When Administered With Ketoconazole or Fluconazole in Healthy Participants,COMPLETED,PHASE1,Healthy Volunteers,2013-08-14
Ketoconazole,NCT01189175,Study in Healthy Male Subjects to Investigate Whether Ketoconazole Affects Plasma Exposure of BI 113823,COMPLETED,PHASE1,Healthy,2010-08-25
Ketoconazole,NCT01154764,Trial for Studying Pharmacokinetic Effects of Ketoconazole on CG100649,COMPLETED,PHASE1,Healthy,2010-03-10
Thyroid,NCT01465646,"Bioavailability Investigations of Thyronajod Mite Tablets of Dosage Strengths 50 μg Levothyrox-ine/75 μg Iodine, and 100 μg Levothyroxine/75 μg Iodine vs. a Levothyroxine Drinking-Solution: A Randomised Cross Over Study in Healthy Male Individuals. Currently: 100 μg/ 75 μg Tablets",COMPLETED,PHASE1,Pharmacokinetics,2011-11-02
Thyroid,NCT03043521,Pharmacodynamic Properties of CJ-12420 on Evening Dosing,COMPLETED,PHASE1,Healthy,2017-01-19
Thyroid,NCT00312715,Thyroid and Fat Tissue Metabolism,COMPLETED,,Healthy Volunteers,2006-04-08
Thyroid,NCT00706381,Thyroid Hormones Homeostasis and Energy Metabolism Changes During Stimulation of Endogenously Secreted Bile Acids (BAs),COMPLETED,PHASE3,Healthy Volunteers,2008-06-26
Nitrofurantoin,NCT01018342,Fed Study of Mylan Nitrofurantoin Monohydrate/Macrocrystals Capsules 100 mg and Macrobid® Capsules 100 mg,COMPLETED,PHASE1,Healthy,2009-11-19
Nitrofurantoin,NCT00649506,Food Study of Nitrofurantoin Macrocrystals 100 mg Capsules and Macrodantin® 100 mg,COMPLETED,PHASE1,Healthy,2008-03-30
Nitrofurantoin,NCT00778583,Bioequivalence Study of Nitrofurantoin 100 mg Capsules Under Fed Conditions,COMPLETED,,Healthy,2008-10-22
Nitrofurantoin,NCT00649285,Food Study of Nitrofurantoin Monohydrate/Macrocrystals Capsules 100 mg and Macrobid® Capsules 100 mg,COMPLETED,PHASE1,Healthy,2008-03-30
Adalimumab,NCT02912247,Comparative Clinical Trial to Evaluate Bioequivalency and Safety of Monoclonal Antibody Injection and Adalimumab in Chinese Healthy Volunteers,COMPLETED,PHASE1,Healthy,2016-09-21
Adalimumab,NCT04514796,"Pharmacokinetics, Safety, Tolerability, and Immunogenicity of Two Formulations of SB5 in Healthy Male Subjects",COMPLETED,PHASE1,Healthy,2020-08-13
Adalimumab,NCT02675023,"Assessment of Pharmacokinetics and Safety of M923 Administered Via Auto-injector or Prefilled Syringe, in Healthy Subjects",COMPLETED,PHASE1,Healthy,2016-01-22
Adalimumab,NCT05884242,A Study of Adalimumab on Inflammatory Mediators Following a Systemic Endotoxin Challenge,COMPLETED,PHASE1,Healthy,2023-05-22
Adalimumab,NCT02206867,Pharmacokinetics and Safety Study of LBAL in Healthy Subjects,COMPLETED,PHASE1,Healthy Subjects,2014-07-30
Adalimumab,NCT02395055,"Comparative Clinical Study of Pharmacokinetics, Tolerance and Safety of BCD-057 and Humira in Healthy Volunteers",COMPLETED,PHASE1,Healthy,2015-03-16
Adalimumab,NCT03579823,"Comparative Safety, Tolerability, Pharmacokinetic Study of AVT02 (100MG/ML) and Humira (100MG/ML) in Healthy Volunteers",COMPLETED,PHASE1,Healthy Volunteers,2018-06-08
Adalimumab,NCT05108259,To Compare the Pharmacokinetics and Safety of PBP1502 and Humira in Healthy Subjects,RECRUITING,PHASE1,Healthy Volunteers,2021-10-01
Adalimumab,NCT07147257,A Trial to Assess the Pharmacokinetic Similarity Between CHS-1420 40 mg/0.4 mL and HUMIRA® (Adalimumab) 40 mg/0.4 mL in Healthy Chinese Adult Participants Under Fasting Conditions,COMPLETED,PHASE1,Healthy Participants,2025-08-12
Adalimumab,NCT01505491,Pharmacokinetics and Safety Study of BI 695501 in Healthy Subjects,COMPLETED,PHASE1,Healthy,2012-01-04
Memantine,NCT03988803,A Study in Healthy Men and Women to Test Which Effects Memantine and BI 425809 Have on Each Other,COMPLETED,PHASE1,Healthy,2019-06-14
Memantine,NCT01461174,Effects of Donepezil and Memantine on Cognitive Functions After a Sleep Deprivation Challenge in Healthy Volunteers,COMPLETED,PHASE1,Healthy,2011-10-17
Memantine,NCT02570581,MELA Study - Hedonic Study on the Taste of Drugs Crushed in Food: Observational Study Involving 16 Healthy Volunteers,COMPLETED,PHASE1,Healthy,2015-09-29
Memantine,NCT05804279,Pharmacokinetics of BPDO-1603 or BPDO-16031 and BPDO-16033 Administration in Healthy Adults,COMPLETED,PHASE1,Healthy,2023-03-15
Memantine,NCT03670095,Study in Healthy Subjects to Compare Two Tablet Formulations of Memantine (Ebixa®) in Fasted and Fed Conditions,COMPLETED,PHASE1,Healthy,2018-09-12
Memantine,NCT01196065,"A Study of the Effect of Memantine on Pharmacokinetics, Safety and Tolerability of Single Dose RO5313534 in Healthy Volunteers, and the Effect of RO5313534 on Safety and Tolerability of Steady State Memantine",COMPLETED,PHASE1,Healthy Volunteer,2010-09-03
Memantine,NCT01585168,Functional Neuroimaging of Alcoholism Vulnerability (PIT),COMPLETED,PHASE2,Healthy,2012-04-23
Memantine,NCT01188525,Pharmacokinetic Study to Characterize Individual Metabolic Profile,COMPLETED,PHASE1,Healthy Volunteers,2010-07-09
Prednisolone,NCT00134992,A Study to Compare Ocular Safety and Tolerability of Prednisolone Acetate 0.5% Eye Drops Versus Vehicle in Healthy Volunteers,COMPLETED,PHASE4,Healthy,2005-08-24
Prednisolone,NCT04791345,Study of the Excretion of Orally Administered Corticosteroids for the Improval of the Detection of Said Substances in Anti-doping Controls,UNKNOWN,PHASE1,Healthy Volunteers,2021-03-05
Esomeprazole,NCT07018635,"A Study to Assess the Effect of Itraconazole, Rifampin, and Acid-Reducing Agents on INCB161734 Pharmacokinetics When Administered Orally in Healthy Participants",RECRUITING,PHASE1,Healthy Participants,2025-06-04
Esomeprazole,NCT00526006,PPI-Rebound-Trial. A Study of the Clinical Relevance of the Acid Rebound Phenomena,UNKNOWN,PHASE4,Healthy,2007-09-05
Esomeprazole,NCT00230516,Study of 24-hour Intragastric pH Profiles of Esomeprazole 40 mg and Lansoprazole 30 mg in Healthy Volunteer Subjects,COMPLETED,PHASE4,Healthy,2005-09-28
Esomeprazole,NCT04468815,"A Study to Assess the Levels in Blood Plasma of BMS-986278 in Healthy Participants Following Administration of Tablets, With or Without Food, and in the Presence of an Antacid (Esomeprazole)",COMPLETED,PHASE1,Healthy Participants,2020-07-09
Esomeprazole,NCT06193811,A Study in Healthy People to Compare Two Different Tablets of BI 685509 and to Test How Food and Esomeprazole Influence the Amount of BI 685509 in the Blood,COMPLETED,PHASE1,Healthy,2023-12-21
Esomeprazole,NCT06561542,A Phase I Study of LX22001 for Injection in Healthy Subjects,RECRUITING,PHASE1,Healthy,2024-08-06
Esomeprazole,NCT02659683,Bioequivalence Study of Torrent Pharmaceuticals Ltd.'s Esomeprazole Magnesium DR Capsules Under Fasting Conditions,COMPLETED,PHASE1,Healthy Subjects,2015-11-09
Esomeprazole,NCT02680119,BE of Torrent's Esomeprazole Mg DR Capsules,COMPLETED,PHASE1,Healthy,2016-02-02
Esomeprazole,NCT01199328,Study to Evaluate the Interaction Between Aspirin and Nexium,COMPLETED,PHASE1,Healthy Volunteers,2010-09-09
Esomeprazole,NCT01153659,"A Study to Evaluate the Effect on 24-hour, Intragastric pH of RAB ER 50-mg Capsules Compared With Esomeprazole (Nexium) 40 mg Capsules and Rabeprazole (Aciphex) 20-mg Tablets",COMPLETED,PHASE1,Healthy,2010-06-28
Esomeprazole,NCT06233149,Esomeprazole Magnesium Dihydrate 40 mg Tablets Relative to Nexium 40 mg Tablets Under Fed Condition,NOT_YET_RECRUITING,PHASE1,Healthy Subjects,2023-12-15
Esomeprazole,NCT05586568,Drug-drug Interaction Study of XZP-3621 Tablet,UNKNOWN,PHASE1,Healthy Subjects,2022-10-16
Esomeprazole,NCT02023125,A Study Investigating the Effect of Food and Esomeprazole on the Single Oral Dose Pharmacokinetics of Alectinib (RO5424802) in Healthy Volunteers.,COMPLETED,PHASE1,Healthy Volunteer,2013-12-23
Esomeprazole,NCT06233097,Esomeprazole Magnesium Dihydrate 40 mg Tablets Relative to Nexium 40 mg Tablets Under Fasting Condition,NOT_YET_RECRUITING,PHASE1,Healthy Subjects,2023-12-15
Esomeprazole,NCT00474019,Phase 1 Pharmacokinetics of Intravenous Nexium in Children,COMPLETED,PHASE1,Pharmacokinetics,2007-05-14
Esomeprazole,NCT05467475,A Study in Healthy Men to Test How Esomeprazole Influences the Amount of BI 1819479 in the Blood,COMPLETED,PHASE1,Healthy,2022-07-18
Esomeprazole,NCT02361619,Dabigatran in an Interaction Probe Drug Cocktail,COMPLETED,PHASE1,Healthy Volunteers,2015-01-30
Esomeprazole,NCT03978143,Evaluate Taste and Relative Bioavailability of Two Microsphere Formulations of Crizotinib in Healthy Participants,COMPLETED,PHASE1,Healthy Volunteers,2019-06-05
Esomeprazole,NCT03137134,A Study to Evaluate the Effects of Food and Esomeprazole on the Pharmacokinetics of Crizotinib in a Coated Microsphere Formulation.,COMPLETED,PHASE1,Healthy,2017-04-26
Esomeprazole,NCT02680132,Bioequivalence Study of Torrent Pharmaceutical Ltd's Esomeprazole Magnesium Delayed Release Capsules,COMPLETED,PHASE1,Healthy,2016-02-02
Esomeprazole,NCT00992381,Comparison Study of a New Combination of 2 Marketed Medications (Esomeprazole and Naprosyn) Versus Naprosyn Alone,COMPLETED,PHASE1,Healthy,2009-10-08
Esomeprazole,NCT05688124,A Study of IBI351 in Healthy Subjects,COMPLETED,PHASE1,Healthy Subjects,2022-12-12
Esomeprazole,NCT01147588,"Study Evaluating Effect of Esomeprazole, Omeprazole or Lansoprazole on the Pharmacodynamics (PD) and Pharmacokinetics (PK) of Clopidogrel",COMPLETED,PHASE1,Healthy,2010-06-04
Esomeprazole,NCT06275841,A Study to Learn If the Study Medicine Esomeprazole Changes How the Body Processes the Other Study Medicine Vepdegestrant,COMPLETED,PHASE1,Healthy,2024-02-16
Esomeprazole,NCT01210339,An Interaction Study to Evaluate the Effect of Esomeprazole/Acetylsalicylic Acid on the Metabolism and Effect of Clopidogrel,COMPLETED,PHASE1,Healthy Volunteers,2010-09-27
Esomeprazole,NCT00942175,"A Study of the Effects of Multiple Doses of Dexlansoprazole, Lansoprazole, Omeprazole or Esomeprazole on the Pharmacokinetics and Pharmacodynamics of Clopidogrel in Healthy Participants.",COMPLETED,PHASE1,Healthy,2009-07-16
Esomeprazole,NCT00599404,PK Study to Evaluate Esomeprazole Plasma Levels Following Administration of PN 400,COMPLETED,PHASE1,Healthy,2008-01-11
Esomeprazole,NCT03083639,A Study to Evaluate the Bioequivalence of Single Oral Dose of Esomeprazole Capsule and Tablet Formulation in Healthy Participants,COMPLETED,PHASE1,Healthy Participants,2017-03-14
Esomeprazole,NCT03372850,"Safety, Pharmacokinetics and Pharmacodynamics of the Two Esomeprazole Formulations",UNKNOWN,PHASE1,Healthy,2017-12-08
Esomeprazole,NCT03127046,Drug-drug Interaction Between Aceclofenac 200 mg and Esomeprazole 20 mg in Healthy Male Volunteers,UNKNOWN,PHASE1,Healthy,2017-04-10
Esomeprazole,NCT03814642,Effect of Tegoprazan on Pharmacodynamics of Clopidogrel in Healthy Male Participants,COMPLETED,PHASE1,Healthy,2019-01-20
Esomeprazole,NCT02543606,Bioequivalence of Two Formulations of Esomeprazole,COMPLETED,PHASE4,Healthy,2015-08-24
Docusate,NCT05930197,Effect of Bismuth Subsalicylate on the Gut Microbiome and Host Response in Healthy Adults,COMPLETED,PHASE1,Healthy Adults,2023-07-01
Docusate,NCT01915901,PeptoBismol® Use to Reduce Gastrointestinal Events in Healthy Volunteers Receiving DMF [Tecfidera®] Twice Daily,COMPLETED,PHASE1,Healthy,2013-08-01
Clindamycin,NCT00836056,Clindamycin 300 mg Capsules in Healthy Subjects Under Fasting Conditions,COMPLETED,PHASE1,Healthy,2009-02-03
Clindamycin,NCT00836004,Clindamycin 300 mg Capsules in Healthy Subjects Under Fed Conditions,COMPLETED,PHASE1,Healthy,2009-02-03
Clindamycin,NCT04658173,Efficacy and Safety Profile of Remimazolam-alfentanil Combination for ERCP Sedation,UNKNOWN,,Anesthesia,2020-12-01
Acyclovir,NCT01222897,A Relative Bioavailability Study of Valacyclovir Hydrochloride Tablets 1gm Under Fed Condition,COMPLETED,,Healthy,2010-10-15
Acyclovir,NCT01136525,"Bioavailability Study of Valacyclovir HCl Tablets, 1000 mg of Dr. Reddy's Under Fasting Conditions",COMPLETED,PHASE1,Healthy,2010-06-02
Acyclovir,NCT02297854,Bioavailability Study of Valganciclovir Hydrochloride Tablets 450 mg Under Fasting Condition,COMPLETED,PHASE1,Healthy,2014-11-19
Acyclovir,NCT06228430,The Bioequivalence Study of Acyclovir 800 mg Tablet in Healthy Thai Volunteers Under Fasting Conditions,NOT_YET_RECRUITING,PHASE1,Healthy Volunteer,2024-01-18
Acyclovir,NCT01010698,Class 3 Biowaivers,COMPLETED,PHASE1,Healthy,2009-11-09
Acyclovir,NCT02296723,Bioavailability Study of Valganciclovir Hydrochloride Tablets 450 mg Under Fed Condition,COMPLETED,PHASE1,Healthy,2014-11-18
Acyclovir,NCT02255734,Bioequivalence of Two Formulations of Acyclovir,COMPLETED,PHASE4,Healthy,2014-05-14
Acyclovir,NCT01136538,"Bioavailability Study of Valacycovir HCl Tablets, 1000 mg of Dr. Reddy's Under Fed Condition",COMPLETED,PHASE1,Healthy,2010-06-02
Acyclovir,NCT01149499,Valacyclovir 1000 mg Tablet Under Fasting Conditions,COMPLETED,PHASE1,Healthy,2010-06-21
Acyclovir,NCT00650494,Fed Study of Valacyclovir Hydrochloride Tablets 1000 mg and Valtrex® Tablets 1000 mg,COMPLETED,PHASE1,Healthy,2008-03-30
Acyclovir,NCT01149460,Valacyclovir 1000 mg Tablet Under Fed Conditions,COMPLETED,PHASE1,Healthy,2010-06-21
