group,pmid,pub_year,drug_name_pt,drug_id_pt,disease_name_pt,disease_id_pt,pmid_count_pair,n_pairs_pmid,n_drugs_pmid,n_diseases_pmid,pmid_has_one_drug_multi_diseases,pmid_has_one_disease_multi_drugs,pt_pairs_json,row_id,title,abstract,annotator_id,pubtator_agree,pt_pair_agree_json,other_relations,other_drug_name,other_disease_name,other_disease_id,other_drug_free_text,other_disease_free_text
pmid_single_rel,19145402,2009,Acyclovir,@CHEMICAL_Acyclovir,Leukoencephalitis Acute Hemorrhagic,@DISEASE_Leukoencephalitis_Acute_Hemorrhagic,6,1,1,1,False,False,"[{""drug_name"": ""Acyclovir"", ""drug_id"": ""@CHEMICAL_Acyclovir"", ""disease_name"": ""Leukoencephalitis Acute Hemorrhagic"", ""disease_id"": ""@DISEASE_Leukoencephalitis_Acute_Hemorrhagic"", ""pub_year"": 2009, ""pmid_count_pair"": 6}]",0,Acute hemorrhagic leukoencephalitis with atypical features.,"Acute hemorrhagic leukoencephalitis (AHL) is a rare demyelinating disease mainly affecting children, characterized by acute onset, progressive course and high mortality. A 62-year-old man was admitted to our Unit for diplopia and ataxia ensuing 2 weeks after the onset of pneumonia. MRI T2-weighted images showed signal hyperintensities in the brainstem. Antibodies against Mycoplasma Pneumoniae and cold agglutinins were found. Two weeks later the patient had a worsening of his conditions: he developed left hemiplegia with motor focal seizures and the day after he was deeply comatose (GCS = 4). A second MRI scan showed extensive hyperintensities involving the whole right hemisphere white matter with a small parietal hemorrhagic area. The clinical and neuroimaging features suggested the diagnosis of AHL, Aciclovir in association with steroid therapy were administered and then plasmapheresis was started. After 30 days of coma, the patient gradually reacquired consciousness and motor functions; anyway a left hemiplegia persisted.",,,,,,,,,
pmid_single_rel,2495236,1989,Levonorgestrel,@CHEMICAL_Levonorgestrel,Amenorrhea,@DISEASE_Amenorrhea,100,1,1,1,False,False,"[{""drug_name"": ""Levonorgestrel"", ""drug_id"": ""@CHEMICAL_Levonorgestrel"", ""disease_name"": ""Amenorrhea"", ""disease_id"": ""@DISEASE_Amenorrhea"", ""pub_year"": 1989, ""pmid_count_pair"": 100}]",1,[The levonorgestrel intrauterine device].,"The levonorgestrel IUD offers a valuable improvement for women, who develop menorrhagia with conventional IUDs. However, since the levonorgestrel Nova-T induces amenorrhea and spotting in a substantial proportion of the patients, it is advisable, before insertion, to evaluate the acceptor's reaction to the ""new"" bleeding pattern induced by the steroid IUD.",,,,,,,,,
pmid_single_rel,15863459,2005,Allopurinol,@CHEMICAL_Allopurinol,Cardiomyopathy Right Ventricular Dilated,@DISEASE_Cardiomyopathy_Right_Ventricular_Dilated,1,1,1,1,False,False,"[{""drug_name"": ""Allopurinol"", ""drug_id"": ""@CHEMICAL_Allopurinol"", ""disease_name"": ""Cardiomyopathy Right Ventricular Dilated"", ""disease_id"": ""@DISEASE_Cardiomyopathy_Right_Ventricular_Dilated"", ""pub_year"": 2005, ""pmid_count_pair"": 1}]",2,Chronic xanthine oxidase inhibition prevents myofibrillar protein oxidation and preserves cardiac function in a transgenic mouse model of cardiomyopathy.,"Heart failure is a clinical syndrome associated with elevated levels of oxygen-derived free radicals. Xanthine oxidase activity is believed to be one source of reactive oxygen species in the failing heart. Interventions designed to reduce oxidative stress are believed to have significant therapeutic potential in heart failure. This study tested the hypothesis that xanthine oxidase activity would be elevated in a mouse model of dilated cardiomyopathy and evaluated the effect of chronic oral allopurinol, an inhibitor of xanthine oxidase, on contractility and progressive ventricular dilation in these mice. Nontransgenic and transgenic mice containing a troponin I truncation were treated with oral allopurinol from 2-4 mo of age. Myocardial xanthine oxidase activity was threefold higher in untreated transgenic mice compared with nontransgenic mice. Analyses of myofilament proteins for modification of carbonyl groups demonstrated myofibrillar protein damage in untreated transgenic mice. Treatment with allopurinol for 2 mo suppressed xanthine oxidase activity and myofibrillar protein oxidation. Allopurinol treatment also alleviated ventricular dilation and preserved shortening fraction in the transgenic animals. In addition, cardiac muscle twitch tension was preserved to 70% of nontransgenic levels in allopurinol-treated transgenic mice, a significant improvement over untreated transgenic mice. These findings indicate that chronic inhibition of xanthine oxidase can alter the progression of heart failure in dilated cardiomyopathy.",,,,,,,,,
pmid_single_rel,8905208,1996,Prednisone,@CHEMICAL_Prednisone,Mesangial sclerosis diffuse,@DISEASE_Mesangial_sclerosis_diffuse,10,1,1,1,False,False,"[{""drug_name"": ""Prednisone"", ""drug_id"": ""@CHEMICAL_Prednisone"", ""disease_name"": ""Mesangial sclerosis diffuse"", ""disease_id"": ""@DISEASE_Mesangial_sclerosis_diffuse"", ""pub_year"": 1996, ""pmid_count_pair"": 10}]",3,Immunosuppressive treatment of the nephrotic syndrome due to mesangial lesions.,"To assess the effectiveness of an intensive immunosuppressive regimen on the nephrotic syndrome due to mixed membranous and mesangial lesions, we studied 18 patients with nephrotic syndrome and miscellaneous histologic features characterized by mesangial proliferation and sclerosis, non-specific basement membrane changes such as thickening, fraying and scalloping, in the absence of extensive immune complex deposition by immunofluorescence. The patients were treated with an immunosuppressive regimen that combined prednisone and cyclophosphamide for at least 6 months with the following schedule: 1) induction with prednisone daily 250 to 750 mg i.v. for 3 to 8 days, plus cyclophosphamide 100 to 200 mg p.o. daily; 2) maintenance with prednisone 100 to 200 mg p.o. in alternate days for 30 to 75 days, and cyclophosphamide as before; 3) tapering, with prednisone in alternate day regimen, reduced on average by 25 mg every month, plus cyclophosphamide as before; 4) discontinuation of cyclophosphamide and slow withdrawal of prednisone. Treatment lasted on average 9 months, with an average cumulative dose of prednisone of 9.2 g and of cyclophosphamide of 26.7 g. At the end of treatment, 14 patients had a complete remission and 4 remained stable. On longer follow-up, one out of these 4 patients, who had renal failure before treatment, subsequently progressed to end-stage renal disease. Nine patients relapsed after an average remission of 6 years. Eight of them remitted completely on a repeat cycle. One patient refused the retreatment and progressed to end-stage renal disease within one year. After an average follow-up of 7.3 +/- 1.1 years, plasma creatinine for the whole group had fallen from 138 +/- 26 to 103 +/- 20 mumol/l and proteinuria from 6.7 +/- 0.7 to 0.4 +/- 0.2 g/d (p < 0.001). In conclusion, in patients with these forms of nephrotic syndrome this immunosuppressive regimen is highly effective in inducing remission, in preventing progression to end-stage renal disease and in treating relapses.",,,,,,,,,
pmid_single_rel,24161403,2013,Ibuprofen,@CHEMICAL_Ibuprofen,Alzheimer Disease,@DISEASE_Alzheimer_Disease,81,1,1,1,False,False,"[{""drug_name"": ""Ibuprofen"", ""drug_id"": ""@CHEMICAL_Ibuprofen"", ""disease_name"": ""Alzheimer Disease"", ""disease_id"": ""@DISEASE_Alzheimer_Disease"", ""pub_year"": 2013, ""pmid_count_pair"": 81}]",4,"R-flurbiprofen improves tau, but not Aß pathology in a triple transgenic model of Alzheimer's disease.","We have previously reported that chronic ibuprofen treatment improves cognition and decreases intracellular Aß and phosphorylated-tau levels in 3xTg-AD mice. Ibuprofen is a non-steroidal anti-inflammatory drug (NSAID) that independently of its anti-inflammatory effects has anti-amyloidogenic activity as a gamma-secretase modulator (GSM) and both activities have the potential to decrease Aß pathology. To further understand the effects of NSAIDs in 3xTg-AD mice, we treated 3xTg-AD mice with R-flurbiprofen, an enantiomer of the NSAID flurbiprofen that maintains the GSM activity but has greatly reduced anti-inflammatory activity, and analyzed its effect on cognition, Aß, tau, and the neurochemical profile of the hippocampus. Treatment with R-flurbiprofen from 5 to 7 months of age resulted in improved cognition on the radial arm water maze (RAWM) test and decreased the level of hyperphosphorylated tau immunostained with AT8 and PHF-1 antibodies. No significant changes in the level of Aß (using 6E10 and NU-1 antibodies) were detected. Using magnetic resonance spectroscopy (MRS) we found that R-flurbiprofen treatment decreased the elevated level of glutamine in 3xTg-AD mice down to the level detected in non-transgenic mice. Glutamine levels correlated with PHF-1 immunostained hyperphosphorylated tau. We also found an inverse correlation between the concentration of glutamate and learning across all the mice in the study. Glutamine and glutamate, neurochemicals that shuttles between neurons and astrocytes to maintain glutamate homeostasis in the synapses, deserve further attention as MR markers of cognitive function.",,,,,,,,,
pmid_single_rel,21696088,2011,Ketoconazole,@CHEMICAL_Ketoconazole,Dermatitis Seborrheic,@DISEASE_Dermatitis_Seborrheic,66,1,1,1,False,False,"[{""drug_name"": ""Ketoconazole"", ""drug_id"": ""@CHEMICAL_Ketoconazole"", ""disease_name"": ""Dermatitis Seborrheic"", ""disease_id"": ""@DISEASE_Dermatitis_Seborrheic"", ""pub_year"": 2011, ""pmid_count_pair"": 66}]",5,Topical antifungal agents for seborrheic dermatitis: systematic review and meta-analysis.,"Assess the efficacy of topical antifungal agents for seborrheic dermatitis treatment. A systematic review and meta-analysis of all relevant randomized vehicle-controlled trials of topical antifungal agents for seborrheic dermatitis treatment were searched. The quality of the enrolled studies was measured by criteria from Cochrane Collaboration, followed by data extraction. Two reviewers independently assessed the present study articles. When there was a disagreement between the two reviewers, a consensus was made by the third reviewer. Pooled relative risk (PRR) statistical analysis was used to determine the efficacy of treatment. One thousand ninety five studies were reviewed and nine studies were included. Four reports studied the efficacy of ketoconazole, two of metronidazole, two of ciclopirox, and one of bifonazole. Ketoconazole was more effective than vehicle [PRR is 5.78 (95% CI, 2.17-15.40)], as was metronidazole [PRR is 1.83 (95% CI: 1.05-3.17)] ciclopirox [PRR is 3.00 (95% CI, 1.86-4.84)], and bifonazole [PRR is 1.86 (95% CI: 0.96-3.59)]. The meta-analysis in the present study showed that the topical antifungal agents that demonstrated strong and moderate evidence of the efficacy for seborrheic dermatitis treatment were ketoconazole and ciclopirox, respectively. They could be used as an alternative treatment for seborrheic dermatitis.",,,,,,,,,
pmid_single_rel,15902867,2005,Alendronate,@CHEMICAL_Alendronate,Osteolysis,@DISEASE_Osteolysis,30,1,1,1,False,False,"[{""drug_name"": ""Alendronate"", ""drug_id"": ""@CHEMICAL_Alendronate"", ""disease_name"": ""Osteolysis"", ""disease_id"": ""@DISEASE_Osteolysis"", ""pub_year"": 2005, ""pmid_count_pair"": 30}]",6,Effect of oral alendronate on net bone ingrowth into canine cementless total hips.,"Alendronate has been shown to prevent osteolysis in a canine total hip arthroplasty (THA) model. However, the effect of alendronate on bone ingrowth and remodeling around canine cementless hip replacement components remains unclear. We hypothesized that oral alendronate would increase net bone ingrowth into the porous surface of THA components when intimate bone/implant contact exists. To test this hypothesis, six mature dogs received unilateral cementless THA and were treated with five milligrams of oral alendronate daily from day seven to day eighty-four postoperatively. Six comparable dogs served as controls. Quantitative analysis of net bone ingrowth into the porous surface did not show a significant difference between the two groups, (control 7.9 +/- 1.5, alendronate 7.5 +/- 1.4, P < 0.6). These results did not support the hypothesis that oral alendronate would increase net new bone formation into the porous surface of THA components. Key words: alendronate, bone ingrowth, total hip arthroplasty.",,,,,,,,,
pmid_multi_rel,11791949,2001,Bupropion,@CHEMICAL_Bupropion,Attention Deficit Disorder with Hyperactivity,@DISEASE_Attention_Deficit_Disorder_with_Hyperactivity,100,2,2,2,False,False,"[{""drug_name"": ""Bupropion"", ""drug_id"": ""@CHEMICAL_Bupropion"", ""disease_name"": ""Attention Deficit Disorder with Hyperactivity"", ""disease_id"": ""@DISEASE_Attention_Deficit_Disorder_with_Hyperactivity"", ""pub_year"": 2001, ""pmid_count_pair"": 100}, {""drug_name"": ""Methylphenidate"", ""drug_id"": ""@CHEMICAL_Methylphenidate"", ""disease_name"": ""Bipolar Disorder"", ""disease_id"": ""@DISEASE_Bipolar_Disorder"", ""pub_year"": 2001, ""pmid_count_pair"": 57}]",7,Bupropion SR vs. methylphenidate vs. placebo for attention deficit hyperactivity disorder in adults.,"Despite the increasing recognition of attention-deficit hyperactivity disorder (ADHD) in adults, there are few controlled trials demonstrating the effectiveness of pharmacological treatments, particularly with nonstimulants. One controlled trial found bupropion SR more effective than placebo in the treatment of ADHD adults. We conducted a controlled study to contrast the effectiveness of bupropion SR and methylphenidate to placebo in ADHD adults. A randomized, double-blind, parallel design was used in this study. Following a 7-day placebo lead-in, 30 ADHD (DSM-IV) subjects (18-60 years old) were randomized to bupropion, methylphenidate, or placebo for 7 weeks. Methylphenidate was titrated over 1 week to a maximum dose of 0.9 mg/kg/d divided into 3 doses while bupropion was titrated over 2 weeks to a maximum dose of 200 mg A.M. and 100 mg P.M. Response rates based on Clinical Global Impression improvement ratings in patients receiving bupropion, methylphenidate, and placebo were 64, 50, and 27%, respectively. The difference in response rates between active treatment and placebo was not statistically significant (p = 0.14). Neuropsychological testing demonstrated trends favoring drug treatment on measures of immediate recall and verbal fluency. While bupropion SR may be a viable clinical alternative for adults with ADHD, further investigation is needed.",,,,,,,,,
pmid_multi_rel,34332788,2021,Atorvastatin,@CHEMICAL_Atorvastatin,Hypertriglyceridemia,@DISEASE_Hypertriglyceridemia,52,2,1,2,True,False,"[{""drug_name"": ""Atorvastatin"", ""drug_id"": ""@CHEMICAL_Atorvastatin"", ""disease_name"": ""Hypertriglyceridemia"", ""disease_id"": ""@DISEASE_Hypertriglyceridemia"", ""pub_year"": 2021, ""pmid_count_pair"": 52}, {""drug_name"": ""Atorvastatin"", ""drug_id"": ""@CHEMICAL_Atorvastatin"", ""disease_name"": ""Hypertriglyceridemic Waist"", ""disease_id"": ""@DISEASE_Hypertriglyceridemic_Waist"", ""pub_year"": 2021, ""pmid_count_pair"": 13}]",8,"Comparison of the Efficacy and Safety of Atorvastatin 40 mg/ω-3 Fatty Acids 4 g Fixed-dose Combination and Atorvastatin 40 mg Monotherapy in Hypertriglyceridemic Patients who Poorly Respond to Atorvastatin 40 mg Monotherapy: An 8-week, Multicenter, Randomized, Double-blind Phase III Study.","Residual cardiovascular risk in patients with hypertriglyceridemia, despite optimal low-density lipoprotein cholesterol levels being achieved with intensive statin treatment, is a global health issue. The purpose of this study was to investigate the efficacy and tolerability of treatment with a combination of high-dose atorvastatin/Ω-3 fatty acid compared to atorvastatin + placebo in patients with hypertriglyceridemia who did not respond to statin treatment. In this multicenter, randomized, double-blind, placebo-controlled study, patients who had residual hypertriglyceridemia after a 4-week run-in period of atorvastatin treatment were randomly assigned to receive UI-018 (fixed-dose combination atorvastatin/Ω-3 fatty acid 40 mg/4 g) or atorvastatin 40 mg + placebo (control). The primary efficacy end points were the percentage change from baseline in non-high density lipoprotein cholesterol (non-HDL-C) level at the end of treatment and the adverse events recorded during treatment. A secondary end point was the percentage change from baseline in triglyceride level. After 8 weeks of treatment, the percentage changes from baseline in non-HDL-C (-4.4% vs +0.6%; p = 0.02) and triglycerides (-18.5% vs +0.9%; p < 0.01) were significantly greater in the UI-018 group (n = 101) than in the control group (n = 99). These changes were present in subgroups of advanced age (≥65 years), status (body mass index ≥25 kg/m<sup>2</sup>), or without diabetes. The prevalences of adverse events did not differ between the 2 treatment groups. In patients with residual hypertriglyceridemia despite receiving statin treatment, a combination of high-dose atorvastatin/Ω-3 fatty acid was associated with a greater reduction of triglyceride and non-HDL-C compared with atorvastatin + placebo, without significant adverse events.",,,,,,,,,
pmid_single_rel,34510411,2021,Memantine,@CHEMICAL_Memantine,Depressive Disorder,@DISEASE_Depressive_Disorder,73,1,1,1,False,False,"[{""drug_name"": ""Memantine"", ""drug_id"": ""@CHEMICAL_Memantine"", ""disease_name"": ""Depressive Disorder"", ""disease_id"": ""@DISEASE_Depressive_Disorder"", ""pub_year"": 2021, ""pmid_count_pair"": 73}]",9,Ketamine and other glutamate receptor modulators for depression in adults with unipolar major depressive disorder.,"Many studies have recently been conducted to assess the antidepressant efficacy of glutamate modification in mood disorders. This is an update of a review first published in 2015 focusing on the use of glutamate receptor modulators in unipolar depression. To assess the effects - and review the acceptability and tolerability - of ketamine and other glutamate receptor modulators in alleviating the acute symptoms of depression in people with unipolar major depressive disorder. We searched the Cochrane Central Register of Controlled Trials (CENTRAL), Ovid MEDLINE, Embase and PsycINFO all years to July 2020.  We did not apply any restrictions to date, language or publication status. Double- or single-blinded randomised controlled trials (RCTs) comparing ketamine, memantine, esketamine or other glutamate receptor modulators with placebo (pill or saline infusion), other active psychotropic drugs, or electroconvulsive therapy (ECT) in adults with unipolar major depression. Three review authors independently identified studies, assessed trial quality and extracted data. The primary outcomes were response rate (50% reduction on a standardised rating scale) and adverse events. We decided a priori to measure the efficacy outcomes at different time points and run sensitivity/subgroup analyses. Risk of bias was assessed using the Cochrane tool, and certainty of the evidence was assessed using GRADE. Thirty-one new studies were identified for inclusion in this updated review. Overall, we included 64 studies (5299 participants) on ketamine (31 trials), esketamine (9), memantine (5), lanicemine (4), D-cycloserine (2), Org26576 (2), riluzole (2), atomoxetine (1), basimglurant (1), citicoline (1), CP-101,606 (1), decoglurant (1), MK-0657 (1), N-acetylcysteine (1), rapastinel (1), and sarcosine (1). Forty-eight studies were placebo-controlled, and 48 were two-arm studies. The majority of trials defined an inclusion criterion for the severity of depressive symptoms at baseline: 29 at least moderate depression; 17 severe depression; and five mild-to-moderate depression. Nineteen studies recruited only patients with treatment-resistant depression, defined as inadequate response to at least two antidepressants. The majority of studies investigating ketamine administered as a single dose, whilst all of the included esketamine studies used a multiple dose regimen (most frequently twice a week for four weeks). Most studies looking at ketamine used intravenous administration, whilst the majority of esketamine trials used intranasal routes. The evidence suggests that ketamine may result in an increase in response and remission compared with placebo at 24 hours odds ratio (OR) 3.94, 95% confidence interval (CI) 1.54 to 10.10; n = 185, studies = 7, very low-certainty evidence). Ketamine may reduce depression rating scale scores over placebo at 24 hours, but the evidence is very uncertain (standardised mean difference (SMD) -0.87, 95% CI -1.26 to -0.48; n = 231, studies = 8, very low-certainty evidence). There was no difference in the number of participants assigned to ketamine or placebo who dropped out for any reason (OR 1.25, 95% CI 0.19 to 8.28; n = 201, studies = 6, very low-certainty evidence). When compared with midazolam, the evidence showed that ketamine increases remission rates at 24 hours (OR 2.21, 95% CI 0.67 to 7.32; n = 122,studies = 2, low-certainty evidence). The evidence is very uncertain about the response efficacy of ketamine at 24 hours in comparison with midazolam, and its ability to reduce depression rating scale scores at the same time point (OR 2.48, 95% CI 1.00 to 6.18; n = 296, studies = 4,very low-certainty evidence). There was no difference in the number of participants who dropped out of studies for any reason between ketamine and placebo (OR 0.33, 95% CI 0.05 to 2.09; n = 72, studies = 1, low-certainty evidence). Esketamine treatment likely results in a large increase in participants achieving remission at 24 hours compared with placebo (OR 2.74, 95% CI 1.71 to 4.40; n = 894, studies = 5, moderate-certainty evidence). Esketamine probably results in decreases in depression rating scale scores at 24 hours compared with placebo (SMD -0.31, 95% CI -0.45 to -0.17; n = 824, studies = 4, moderate-certainty evidence). Our findings show that esketamine increased response rates, although this evidence is uncertain (OR 2.11, 95% CI 1.20 to 3.68; n = 1071, studies = 5, low-certainty evidence). There was no evidence that participants assigned to esketamine treatment dropped out of trials more frequently than those assigned to placebo for any reason (OR 1.58, 95% CI 0.92 to 2.73; n = 773, studies = 4,moderate-certainty evidence). We found very little evidence for the remaining glutamate receptor modulators. We rated the risk of bias as low or unclear for most domains, though lack of detail regarding masking of treatment in the studies reduced our certainty in the effect for all outcomes. Our findings show that ketamine and esketamine may be more efficacious than placebo at 24 hours. How these findings translate into clinical practice, however, is not entirely clear. The evidence for use of the remaining glutamate receptor modulators is limited as very few trials were included in the meta-analyses for each comparison and the majority of comparisons included only one study. Long term non-inferiority RCTs comparing repeated ketamine and esketamine, and rigorous real-world monitoring are needed to establish comprehensive data on safety and efficacy.",,,,,,,,,
pmid_multi_rel,36816301,2023,Levetiracetam,@CHEMICAL_Levetiracetam,Seizures,@DISEASE_Seizures,100,4,2,2,True,True,"[{""drug_name"": ""Levetiracetam"", ""drug_id"": ""@CHEMICAL_Levetiracetam"", ""disease_name"": ""Seizures"", ""disease_id"": ""@DISEASE_Seizures"", ""pub_year"": 2023, ""pmid_count_pair"": 100}, {""drug_name"": ""Levetiracetam"", ""drug_id"": ""@CHEMICAL_Levetiracetam"", ""disease_name"": ""Status Epilepticus"", ""disease_id"": ""@DISEASE_Status_Epilepticus"", ""pub_year"": 2023, ""pmid_count_pair"": 100}, {""drug_name"": ""Valproate"", ""drug_id"": ""@CHEMICAL_Valproic_Acid"", ""disease_name"": ""Seizures"", ""disease_id"": ""@DISEASE_Seizures"", ""pub_year"": 2023, ""pmid_count_pair"": 100}, {""drug_name"": ""Valproate"", ""drug_id"": ""@CHEMICAL_Valproic_Acid"", ""disease_name"": ""Status Epilepticus"", ""disease_id"": ""@DISEASE_Status_Epilepticus"", ""pub_year"": 2023, ""pmid_count_pair"": 100}]",10,Efficacy and safety of levetiracetam versus valproate in patients with established status epilepticus: A systematic review and meta-analysis.,"Status epilepticus (SE) is a common neurological emergency that is defined as a prolonged seizure or a series of seizures which often leads to irreversible damage. Levetiracetam (LEV) and valproate (VPA) are second-line anti-seizure drugs that are frequently used in patients with established SE (ESE). This meta-analysis compared the efficacy and safety of LEV and VPA for the treatment of ESE. MEDLINE, EMBASE, Central Register of Controlled Trials (CENTRAL), and clinicaltrials.gov were searched by two authors, which identified six randomized controlled trials (RCTs) that compared LEV and VPA for ESE. The six RCTs included 1213 patients (LEV group, n = 593; VPA group, n = 620). Integrated patient data information display LEV was not superior to VPA in terms of clinical seizure termination (63.55% vs. 64.08%, respectively; relative risk [RR] = 1.03, 95% confidence interval [CI] = 0.94-1.11, p = 0.55), with no significant differences between LEV and VPA in terms of good functional outcome at discharge (Glasgow Outcome Scale [GOS] = 4 or 5), intensive care unit (ICU) admission, adverse events, and mortality. There was no statistically significant difference between the two drugs in different age groups. Previous multicenter studies have demonstrated that VPA was slightly more effective than LEV, whereas single-center studies showed the opposite results. In addition, LEV and VPA had similar rates of clinical seizure termination, ICU admission, and adverse events between the age subgroups (ages <18 and >18 years). Levetiracetam (LEV) was not superior to valproate (VPA) in terms of efficacy or safety outcomes. In addition, children (<18 years) and adults (>18 years) might have similar responses to LEV and VPA. Additional RCTs are required to verify our results.",,,,,,,,,
pmid_multi_rel,495485,1979,Nifedipine,@CHEMICAL_Nifedipine,Myocardial Infarction,@DISEASE_Myocardial_Infarction,100,4,1,4,True,False,"[{""drug_name"": ""Nifedipine"", ""drug_id"": ""@CHEMICAL_Nifedipine"", ""disease_name"": ""Myocardial Infarction"", ""disease_id"": ""@DISEASE_Myocardial_Infarction"", ""pub_year"": 1979, ""pmid_count_pair"": 100}, {""drug_name"": ""Nifedipine"", ""drug_id"": ""@CHEMICAL_Nifedipine"", ""disease_name"": ""Coronary Vasospasm"", ""disease_id"": ""@DISEASE_Coronary_Vasospasm"", ""pub_year"": 1979, ""pmid_count_pair"": 95}, {""drug_name"": ""Nifedipine"", ""drug_id"": ""@CHEMICAL_Nifedipine"", ""disease_name"": ""Prinzmetal's variant angina"", ""disease_id"": ""@DISEASE_Prinzmetal's_variant_angina"", ""pub_year"": 1979, ""pmid_count_pair"": 23}, {""drug_name"": ""Nifedipine"", ""drug_id"": ""@CHEMICAL_Nifedipine"", ""disease_name"": ""Ischemic Attack Transient"", ""disease_id"": ""@DISEASE_Ischemic_Attack_Transient"", ""pub_year"": 1979, ""pmid_count_pair"": 16}]",11,Nifedipine therapy for refractory coronary arterial spasm.,"Nifedipine was evaluated in the management of eight patients with intractable coronary arterial spasm. All had Prinzmetal's variant angina, normal or mildly abnormal coronary arteriograms, and a positive ergonovine maleate provocative test. Anginal attacks occurred at least three times a week in all patients during isosorbide dinitrate therapy. All patients had a decrease in frequency of ischemic attacks with nifedipine. Seven patients underwent repeat Holter monitor evaluation, which confirmed the absence of ischemic changes while they were taking nifedipine. When nifedipine dosage was decreased.or therapy discontinued in six patients, all experienced a recurrence of anginal attacks. Two patients had minor side effects, which required a decrease in the dose of nifedipine. Nifedipine was well tolerated, and no major complications occurred with its use. Nifedipine appears to be effective in the management of patients with symptomatic coronary arterial spasm and normal or mildly abnormal coronary arteriograms. Our data justify further investigation of nifedipine for treatment of such patients.",,,,,,,,,
pmid_single_rel,24369895,2014,Oxybutynin,@CHEMICAL_oxybutynin,Urinary Incontinence,@DISEASE_Urinary_Incontinence,100,1,1,1,False,False,"[{""drug_name"": ""Oxybutynin"", ""drug_id"": ""@CHEMICAL_oxybutynin"", ""disease_name"": ""Urinary Incontinence"", ""disease_id"": ""@DISEASE_Urinary_Incontinence"", ""pub_year"": 2014, ""pmid_count_pair"": 100}]",12,Fesoterodine fumarate and the oxybutynin ring for the treatment of urinary incontinence in women.,"Urinary incontinence (UI) is a prevalent condition among women of all ages. It can have a significant negative impact on women's quality of life causing not only physical but also psychological distress. This article aims to provide a review of the pharmacology, efficacy, safety and tolerability of fesoterodine fumarate (the newest anticholinergic launched in the UK) and the oxybutynin vaginal ring (the newest route of drug delivery in development) in the treatment of urgency UI. Fesoterodine is now a well-established treatment option; however, as with all oral anticholinergic agents its use is hindered by side effects. The efficacy of the oxybutynin ring has only been demonstrated in small studies. Larger clinical trials assessing the efficacy, tolerability and acceptability are required before appropriate recommendations can be made.",,,,,,,,,
pmid_multi_rel,37207798,2023,Valproate,@CHEMICAL_Valproic_Acid,Neurologic Manifestations,@DISEASE_Neurologic_Manifestations,100,2,1,2,True,False,"[{""drug_name"": ""Valproate"", ""drug_id"": ""@CHEMICAL_Valproic_Acid"", ""disease_name"": ""Neurologic Manifestations"", ""disease_id"": ""@DISEASE_Neurologic_Manifestations"", ""pub_year"": 2023, ""pmid_count_pair"": 100}, {""drug_name"": ""Valproate"", ""drug_id"": ""@CHEMICAL_Valproic_Acid"", ""disease_name"": ""Abnormalities Drug Induced"", ""disease_id"": ""@DISEASE_Abnormalities_Drug_Induced"", ""pub_year"": 2023, ""pmid_count_pair"": 76}]",13,Social deficits in mice prenatally exposed to valproic acid are intergenerationally inherited and rescued by social enrichment.,"Intergenerational transmission of the effects of environmental factors on brain function and behavior can occur through epigenetic mechanisms. Valproic acid (VPA) is an anticonvulsant drug that, when administered during pregnancy, causes various birth defects. The mechanisms of action are largely unclear: VPA can reduce neuronal excitability, but it also inhibits the histone deacetylases, affecting gene expression. Here we evaluated whether the effects of valproic acid prenatal exposure on autism spectrum disorder (ASD)-related behavioral phenotypes can be transmitted to the second generation (F2) through the paternal or the maternal lineage. Indeed, we found that F2 males of the VPA pedigree show reduced sociability, which can be rescued by exposing the animals to social enrichment. Moreover, as is the case for F1 males, F2 VPA males show increased c-Fos expression in the piriform cortex. However, F3 males show normal sociability, indicating that VPA's effects on this behavior are not transgenerationally inherited. Female behavior is not affected by VPA exposure, and we found no evidence of maternal transmission of the consequences of this pharmacological treatment. Finally, all animals exposed to VPA and their descendants show reduced body weight, highlighting an intriguing effect of this compound on metabolism. We propose the VPA model of ASD as a valuable mouse model to study the role of epigenetic inheritance and its underlying mechanisms affecting behavior and neuronal function.",,,,,,,,,
pmid_multi_rel,25700354,2014,Estradiol,@CHEMICAL_Estradiol,Lung Neoplasms,@DISEASE_Lung_Neoplasms,28,2,1,2,True,False,"[{""drug_name"": ""Estradiol"", ""drug_id"": ""@CHEMICAL_Estradiol"", ""disease_name"": ""Lung Neoplasms"", ""disease_id"": ""@DISEASE_Lung_Neoplasms"", ""pub_year"": 2014, ""pmid_count_pair"": 28}, {""drug_name"": ""Estradiol"", ""drug_id"": ""@CHEMICAL_Estradiol"", ""disease_name"": ""Adenocarcinoma of Lung"", ""disease_id"": ""@DISEASE_Adenocarcinoma_of_Lung"", ""pub_year"": 2014, ""pmid_count_pair"": 16}]",14,Fulvestrant-mediated inhibition of estrogen receptor signaling slows lung cancer progression.,"Estrogens are key signaling molecules that regulate various physiological processes such as cell growth, development, and differentiation. They also play a major role in many pathological conditions, such as hormone-dependent cancer. The importance of inhibiting estrogen receptor signaling in diseases of estrogen target tissues, such as breast cancer, is well documented. However, the role of estrogen signaling in diseases of nontarget tissues, such as lung cancer, is not well characterized. The aim of the current study is to examine the expression of estrogen receptor β (ERβ) and the roles of estradiol (E2) and fulvestrant on the progression of lung cancer. Tissue microarray (TMA) and immunohistochemistry (IHC) analyses were used to detect the expression of aromatase, ERα, and ERβ in 198 patients. We performed analyses to determine if there was any correlation among these three proteins. A mouse model of urethane-induced lung adenocarcinoma was used in the study. Mice were divided into three treatment groups: blank control, E2 alone, and E2 + fulvestrant (ERβ antagonist). Western blot analysis and fluorescence quantitative PCR (FQ-PCR) were used to measure expression of ERβ protein and mRNA levels, respectively. ERβ, but not ERα, was overexpressed in NSCLC samples. Lung cancer progression in mice treated with E2 was significantly increased compared to either the control group or the E2 + fulvestrant group. Mice in the E2 treatment group had significantly increased expression of ERβ at both the mRNA and protein levels compared to mice treated with E2 + fulvestrant or control. Our data suggest that ERβ promotes lung cancer progression in mice and that this progression can be inhibited with fulvestrant. These findings may help elucidate the role of ERβ in lung cancer and suggest that estrogen receptor antagonists, such as fulvestrant, may be therapeutically beneficial for the treatment of the disease.",,,,,,,,,
pmid_multi_rel,20978565,2010,Clopidogrel,@CHEMICAL_Clopidogrel,Coronary Aneurysm,@DISEASE_Coronary_Aneurysm,60,3,1,3,True,False,"[{""drug_name"": ""Clopidogrel"", ""drug_id"": ""@CHEMICAL_Clopidogrel"", ""disease_name"": ""Coronary Aneurysm"", ""disease_id"": ""@DISEASE_Coronary_Aneurysm"", ""pub_year"": 2010, ""pmid_count_pair"": 60}, {""drug_name"": ""Clopidogrel"", ""drug_id"": ""@CHEMICAL_Clopidogrel"", ""disease_name"": ""Dental Plaque"", ""disease_id"": ""@DISEASE_Dental_Plaque"", ""pub_year"": 2010, ""pmid_count_pair"": 5}, {""drug_name"": ""Clopidogrel"", ""drug_id"": ""@CHEMICAL_Clopidogrel"", ""disease_name"": ""Neoplasm Residual"", ""disease_id"": ""@DISEASE_Neoplasm_Residual"", ""pub_year"": 2010, ""pmid_count_pair"": 8}]",15,Plaque distribution in clopidogrel responders and low responders as determined by multislice computed tomography.,"Via multidetector computed tomography (MDCT) with retrospective electrographic gating, we sought to evaluate whether plaque distribution differs between responders and low responders to clopidogrel treatment. Low response was defined as a post-treatment aggregation of 35% to 70%. In this observational study, we enrolled 62 patients (mean age, 64.8 ± 8.9 yr; 51 men). In addition to determining coronary calcium scores, we performed noninvasive coronary angiography with MDCT before stent implantation. Plaques were visually classified as calcified, mixed, or completely noncalcified. Mean density was measured. Residual platelet aggregation (RPA) was evaluated by aggregometry 6 hr after administration of a 600-mg loading dose of clopidogrel. Patients with an RPA of less than 35% were defined as responders.The median calcium score was 736 Agatston score equivalent (ASE) (range, 0-5,772) and mean platelet inhibition was 35% ± 19% (range, 0-70%). A total of 494 coronary plaques were detected (responders: calcified, 197; mixed, 47, noncalcified, 5; and low responders: calcified, 177; mixed, 65; noncalcified, 3). Responders (n = 35) had significantly lower ASEs and fewer mixed but more calcified plaques than did low responders. In mean plaque density (measured within the noncalcified part of the plaques), no statistically significant difference existed between the 2 patient groups. By use of MDCT, we showed that ASE and plaque distribution were associated with RPA after clopidogrel treatment. Patients with a low coronary plaque burden and a small proportion of mixed plaques were more likely to have low RPA after administration of clopidogrel.",,,,,,,,,
pmid_multi_rel,30958563,2019,Cholecalciferol,@CHEMICAL_Cholecalciferol,Pain,@DISEASE_Pain,54,3,1,3,True,False,"[{""drug_name"": ""Cholecalciferol"", ""drug_id"": ""@CHEMICAL_Cholecalciferol"", ""disease_name"": ""Pain"", ""disease_id"": ""@DISEASE_Pain"", ""pub_year"": 2019, ""pmid_count_pair"": 54}, {""drug_name"": ""Cholecalciferol"", ""drug_id"": ""@CHEMICAL_Cholecalciferol"", ""disease_name"": ""Skin Diseases"", ""disease_id"": ""@DISEASE_Skin_Diseases"", ""pub_year"": 2019, ""pmid_count_pair"": 43}, {""drug_name"": ""Cholecalciferol"", ""drug_id"": ""@CHEMICAL_Cholecalciferol"", ""disease_name"": ""Pruritus"", ""disease_id"": ""@DISEASE_Pruritus"", ""pub_year"": 2019, ""pmid_count_pair"": 6}]",16,Non-antistreptococcal interventions for acute guttate psoriasis or an acute guttate flare of chronic psoriasis.,"Guttate psoriasis displays distinctive epidemiological and clinical features, making it a separate entity within the heterogeneous group of cutaneous psoriasis types. It is associated with genetic, immune, and environmental factors (such as stress and infections) and usually arises in younger age groups (including children, teenagers, and young adults). There is currently no cure for psoriasis, but various treatments can help to relieve the symptoms and signs. The objectives of treatment when managing an acute flare of guttate psoriasis are to reduce time to clearance and induction of long-term remission after resolution. This is an update of a Cochrane Review first published in 2000; since then, new treatments have expanded the therapeutic spectrum of systemic treatments used for psoriasis. To assess the effects of non-antistreptococcal interventions for acute guttate psoriasis or an acute guttate flare of chronic psoriasis. We searched the following databases up to June 2018: the Cochrane Skin Specialised Register, CENTRAL, MEDLINE, Embase, and LILACS. We searched five trials registers and checked the reference lists of included studies for further references to relevant randomised controlled trials. We checked the proceedings of key dermatology conferences from 2004 to 2018, and also searched for trials in the US Food and Drug Administration (FDA) database for drug registration. All randomised controlled trials assessing the effects of treatments for acute guttate psoriasis or an acute guttate flare of chronic psoriasis clinically diagnosed in children and adults. This included all topical and systemic drugs, biological therapy, phototherapy (all forms: topical and systemic), and complementary and alternative therapies. We compared these treatments against placebo or against another treatment. We did not include studies on drugs that aim to eradicate streptococcal infection. We did not include studies when separate results for guttate psoriasis participants were not available. Two review authors independently assessed study eligibility and methodological quality and extracted data. We used standard methodological procedures expected by Cochrane. Our primary outcomes were 'percentage of participants clear or almost clear (i.e. obtaining Psoriasis Area Severity Index (PASI) 100/90 and/or Physician's Global Assessment (PGA) of 0 or 1)' and 'percentage of participants with adverse effects and severe adverse effects'. Our secondary outcomes were 'number of relapses of guttate psoriasis or flares within a period of six months after the treatment has finished', 'percentage of participants achieving a PASI 75 or PGA of 1 or 2', and 'improvement in participant satisfaction measures and quality of life assessment measures'. We used GRADE to assess the quality of the evidence for each outcome. This review included only one trial (21 participants), which compared fish oil-derived (n-3) fatty acid-based lipid emulsion (50 mL per infusion (1.05 g eicosapentaenoic and 10.5 g docosahexaenoic acid)) (10 participants) to soya oil-derived (n-6) fatty acid-based lipid emulsion (50 mL per infusion (1.05 g eicosapentaenoic and 10.5 g docosahexaenoic acid)) (11 participants) administered intravenously twice daily for 10 days, with a total follow-up of 40 days. The study was conducted in a single centre in Germany in 18 men and three women, aged between 21 and 65 years, who were in hospital with acute guttate psoriasis and had mean total body surface involvement of 25.7% ± 20.4% (range 10 to 90). The study was funded by a company that produces the oil emulsions. We found no other evidence regarding non-antistreptococcal interventions used in clinical practice for guttate psoriasis, such as topical treatments (corticosteroids, vitamin D₃ analogues), systemic drugs, biological therapy, and phototherapy.The primary outcomes of the review were not measured, and only one of our secondary outcomes was measured: improvement in participant satisfaction measures and quality of life assessment measures. However, the study authors did report that there was rare skin irritation at the site of peripheral intravenous route, but the number of affected participants was not provided.Improvement between baseline and day 10, using a non-validated score assessed by participants themselves daily based on five items (appearance of lesions, impairment of daily life, pruritus, burning, and pain), was greater in the group that received the fish oil-derived (n-3) fatty acid-based lipid emulsion (75%) than in the group receiving the soya oil-derived (n-6) fatty acid-based lipid emulsion (18%) (one trial, 21 participants). However, these results are uncertain as they are based on very low-quality evidence. There is no evidence regarding topical and systemic drugs, biotherapy, or phototherapy in guttate psoriasis (we did not consider drugs that aimed to eradicate streptococcal infection because these are assessed in another Cochrane Review). We are uncertain of the effect of intravenously administered lipid emulsion on guttate psoriasis because the quality of the evidence is very low, due to risk of bias (unclear risk of bias for all domains), indirectness (the trial only included adults, and the follow-up from baseline was only 10 days), and imprecision (small number of participants).This review highlights the need for trials assessing the efficacy and safety of phototherapy and topical and systemic drugs for guttate psoriasis. There is also a need for studies that clearly distinguish the specific population with guttate psoriasis from the larger group of people with chronic plaque psoriasis, and children and young adults should be assessed as a distinct group.",,,,,,,,,
pmid_single_rel,27459273,2016,Clopidogrel,@CHEMICAL_Clopidogrel,Carotid Stenosis,@DISEASE_Carotid_Stenosis,53,1,1,1,False,False,"[{""drug_name"": ""Clopidogrel"", ""drug_id"": ""@CHEMICAL_Clopidogrel"", ""disease_name"": ""Carotid Stenosis"", ""disease_id"": ""@DISEASE_Carotid_Stenosis"", ""pub_year"": 2016, ""pmid_count_pair"": 53}]",17,Similar Impact of Clopidogrel or Ticagrelor on Carotid Atherosclerotic Plaque Inflammation.,"Platelets play an important role in inflammation. Inhibitors of the P2Y<sub>12</sub> receptor, which is involved in platelet activation, may have a direct effect on carotid atherosclerotic plaque inflammation. We compared the effects of clopidogrel and ticagrelor therapy for carotid atherosclerotic plaque inflammation using <sup>18</sup> F-fluorodeoxyglucose ( <sup>18</sup> FDG) positron emission tomography (PET) imaging. Fifty patients with acute coronary syndrome and ≥1 <sup>18</sup> FDG uptake in the carotid artery (target-to-background ratio [TBR] ≥1.6) were randomized to either clopidogrel or ticagrelor groups. Of these, 46 completed PET examinations at baseline and at 6 months. The primary endpoint was the percent change in TBR of the index vessel at the most diseased segment (MDS). Baseline characteristics were similar between the 2 groups. At 6-month follow-up, low-density lipoprotein cholesterol and C-reactive protein significantly decreased in both groups (P < 0.001). The TBR of the index vessel and aorta significantly decreased in both groups (P < 0.01). The percent change in the MDS TBR of the index vessel was numerically but not significantly lower in the clopidogrel group than in the ticagrelor group (-9.5 ± 14.6% vs -13.5 ± 19.3%; P = 0.427). Likewise, the percent change in the whole-vessel TBR of the index vessel was not different between the 2 groups (P = 0.166). Similar findings were observed for changes in the MDS TBR (P = 0.412) or whole-vessel TBR of the aorta (P = 0.363). Carotid atherosclerotic plaque inflammation significantly decreases to a similar degree following 6 months of either clopidogrel or ticagrelor treatment.",,,,,,,,,
pmid_single_rel,456429,1979,Propranolol,@CHEMICAL_Propranolol,Hypotension,@DISEASE_Hypotension,99,1,1,1,False,False,"[{""drug_name"": ""Propranolol"", ""drug_id"": ""@CHEMICAL_Propranolol"", ""disease_name"": ""Hypotension"", ""disease_id"": ""@DISEASE_Hypotension"", ""pub_year"": 1979, ""pmid_count_pair"": 99}]",18,Brain distribution of propranolol in the rat.,"The distribution and kinetics of D,L-propranolol in rat brain were examined after an intravenous injection of the drug. Measurements in brain areas and blood were performed by means of a sensitive and specific gas liquid chromatographic method. The disappearance rate in cortical areas paralleled that in blood. However D,L-propranolol decreased at a slower rate in hypothalamic and medullary nuclei. Since propranolol is believed to have central hypotensive effects, its retention by certain central nuclei involved in blood pressure regulation is of interest.",,,,,,,,,
pmid_multi_rel,28114093,2016,Venlafaxine,@CHEMICAL_Venlafaxine_Hydrochloride,Cognition Disorders,@DISEASE_Cognition_Disorders,20,13,2,8,True,True,"[{""drug_name"": ""Venlafaxine"", ""drug_id"": ""@CHEMICAL_Venlafaxine_Hydrochloride"", ""disease_name"": ""Cognition Disorders"", ""disease_id"": ""@DISEASE_Cognition_Disorders"", ""pub_year"": 2016, ""pmid_count_pair"": 20}, {""drug_name"": ""Venlafaxine"", ""drug_id"": ""@CHEMICAL_Venlafaxine_Hydrochloride"", ""disease_name"": ""Apraxias"", ""disease_id"": ""@DISEASE_Apraxias"", ""pub_year"": 2016, ""pmid_count_pair"": 14}, {""drug_name"": ""Venlafaxine"", ""drug_id"": ""@CHEMICAL_Venlafaxine_Hydrochloride"", ""disease_name"": ""Atrophy"", ""disease_id"": ""@DISEASE_Atrophy"", ""pub_year"": 2016, ""pmid_count_pair"": 3}, {""drug_name"": ""Venlafaxine"", ""drug_id"": ""@CHEMICAL_Venlafaxine_Hydrochloride"", ""disease_name"": ""Fibrous Dysplasia Polyostotic"", ""disease_id"": ""@DISEASE_Fibrous_Dysplasia_Polyostotic"", ""pub_year"": 2016, ""pmid_count_pair"": 2}, {""drug_name"": ""Venlafaxine"", ""drug_id"": ""@CHEMICAL_Venlafaxine_Hydrochloride"", ""disease_name"": ""Infarction"", ""disease_id"": ""@DISEASE_Infarction"", ""pub_year"": 2016, ""pmid_count_pair"": 3}, {""drug_name"": ""Mirtazapine"", ""drug_id"": ""@CHEMICAL_Mirtazapine"", ""disease_name"": ""Cognition Disorders"", ""disease_id"": ""@DISEASE_Cognition_Disorders"", ""pub_year"": 2016, ""pmid_count_pair"": 12}, {""drug_name"": ""Mirtazapine"", ""drug_id"": ""@CHEMICAL_Mirtazapine"", ""disease_name"": ""Leukoencephalopathies"", ""disease_id"": ""@DISEASE_Leukoencephalopathies"", ""pub_year"": 2016, ""pmid_count_pair"": 5}, {""drug_name"": ""Mirtazapine"", ""drug_id"": ""@CHEMICAL_Mirtazapine"", ""disease_name"": ""Apraxias"", ""disease_id"": ""@DISEASE_Apraxias"", ""pub_year"": 2016, ""pmid_count_pair"": 4}, {""drug_name"": ""Mirtazapine"", ""drug_id"": ""@CHEMICAL_Mirtazapine"", ""disease_name"": ""Atrophy"", ""disease_id"": ""@DISEASE_Atrophy"", ""pub_year"": 2016, ""pmid_count_pair"": 4}, {""drug_name"": ""Mirtazapine"", ""drug_id"": ""@CHEMICAL_Mirtazapine"", ""disease_name"": ""Hypochondriasis"", ""disease_id"": ""@DISEASE_Hypochondriasis"", ""pub_year"": 2016, ""pmid_count_pair"": 2}, {""drug_name"": ""Mirtazapine"", ""drug_id"": ""@CHEMICAL_Mirtazapine"", ""disease_name"": ""Psychomotor Disorders"", ""disease_id"": ""@DISEASE_Psychomotor_Disorders"", ""pub_year"": 2016, ""pmid_count_pair"": 3}, {""drug_name"": ""Mirtazapine"", ""drug_id"": ""@CHEMICAL_Mirtazapine"", ""disease_name"": ""Fibrous Dysplasia Polyostotic"", ""disease_id"": ""@DISEASE_Fibrous_Dysplasia_Polyostotic"", ""pub_year"": 2016, ""pmid_count_pair"": 1}, {""drug_name"": ""Mirtazapine"", ""drug_id"": ""@CHEMICAL_Mirtazapine"", ""disease_name"": ""Infarction"", ""disease_id"": ""@DISEASE_Infarction"", ""pub_year"": 2016, ""pmid_count_pair"": 1}]",19,[Cotard's syndrome: Case report and a brief review of literature].,"The term ""Cotard's syndrome"" is used to describe a number of clinical features, mostly hypochondriac and nihilistic delusions, the most characteristic of which are the ideas ""I am dead"" and ""my internal organs do not exist"". Besides, anxious and depressed mood, delusions of damnation, possession and immortality, suicidal and self-mutilating behavior are included. The first description of the syndrome was made in 1880 by Cotard, who presented the case of a female patient in a lecture. He originally named it ""hypochondriac delusion"", and some years later ""delusion of negations"", while it was named ""Cotard delusion"" after his death. In international literature, the terms ""nihilistic delusion"" and ""Cotard's syndrome"" prevailed over ""delusion of negations"" and ""Cotard delusion"". In the present study we report the case of a 59 year-old woman, who was admitted to our department after a suicide attempt, and who showed symptoms of Cotard's syndrome for about two years, namely depressed mood, hypochondriac and nihilistic delusions, delusions of immortality and damnation, suicidal ideation, severe psychomotor retardation, diminished motivation and tendency to stay in bed. She never took the medication she was prescribed, and at times she refused to eat. During her hospitalization, there was performed a full blood panel and medical imaging, that showed chronic ischemic infarctions, periventricular leukoencephalopathy and diffuse cerebral atrophy in MRI. All the other test results were normal. She was administered treatment with haloperidol, mirtazapine and venlafaxine. Gradually, her psychomotor ability, motivation and mood improved, she didn't express suicidal ideation, her delusions were less intense and she was able to question them, but they weren't eliminated. She was discharged in improved condition, after 44 days. Cotard's syndrome isn't mentioned in the current classification systems (ICD-10, DSM-5). In literature though, it has been divided into three types, according to the clinical symptoms: psychotic depression, Cotard type I, and Cotard type II, and three stages have been proposed: germination stage, blooming stage and chronic stage. It has been associated with various medical conditions, such as cerebral infractions, frontotemporal atrophy, epilepsy, encephalitis, brain tumors, traumatic brain injury. Furthermore, it has been associated with psychiatric conditions, such as mental retardation, postpartum depression, depersonalization disorder, catatonia, Capgras syndrome, Fregoli syndrome, Odysseus syndrome, koro syndrome. Several reports about successful pharmacological treatments have been published, both monotherapies with antidepressants, antipsychotics or lithium, and by antidepressant and antipsychotic combination treatments. The most reported successful treatment strategy for Cotard's syndrome is electroconvulsive therapy (ECT), administration of which should follow current treatment guidelines of the underlying conditions.",,,,,,,,,
pmid_single_rel,16986019,2002,Oxybutynin,@CHEMICAL_oxybutynin,Urinary Bladder Overactive,@DISEASE_Urinary_Bladder_Overactive,100,1,1,1,False,False,"[{""drug_name"": ""Oxybutynin"", ""drug_id"": ""@CHEMICAL_oxybutynin"", ""disease_name"": ""Urinary Bladder Overactive"", ""disease_id"": ""@DISEASE_Urinary_Bladder_Overactive"", ""pub_year"": 2002, ""pmid_count_pair"": 100}]",20,Selecting a medical therapy for overactive bladder.,"Immediate-release oxybutynin was the gold standard for pharmacologic treatment of overactive bladder for nearly 30 years. Intolerable systemic side effects, in particular dry mouth, limited its clinical utility, resulting in poor patient compliance with dosing regimens. Multiple studies have demonstrated the vastly superior tolerability of tolterodine, extended-release tolterodine, and extended-release oxybutynin over that of immediate-release oxybutynin at equivalent doses, and in the case of extended-release oxybutynin even to twice the dose of the original immediate-release form. With different drug delivery systems and, perhaps, with better bladder selectivity, these new oral agents have favorable side effect profiles, which translate into higher patient compliance and fewer treatment withdrawals or dosage reductions.",,,,,,,,,
pmid_multi_rel,10743830,2000,Prednisone,@CHEMICAL_Prednisone,Arthralgia,@DISEASE_Arthralgia,100,7,2,5,True,True,"[{""drug_name"": ""Prednisone"", ""drug_id"": ""@CHEMICAL_Prednisone"", ""disease_name"": ""Arthralgia"", ""disease_id"": ""@DISEASE_Arthralgia"", ""pub_year"": 2000, ""pmid_count_pair"": 100}, {""drug_name"": ""Prednisone"", ""drug_id"": ""@CHEMICAL_Prednisone"", ""disease_name"": ""Lymphatic Diseases"", ""disease_id"": ""@DISEASE_Lymphatic_Diseases"", ""pub_year"": 2000, ""pmid_count_pair"": 63}, {""drug_name"": ""Prednisone"", ""drug_id"": ""@CHEMICAL_Prednisone"", ""disease_name"": ""Splenomegaly"", ""disease_id"": ""@DISEASE_Splenomegaly"", ""pub_year"": 2000, ""pmid_count_pair"": 33}, {""drug_name"": ""Prednisone"", ""drug_id"": ""@CHEMICAL_Prednisone"", ""disease_name"": ""Retroperitoneal Neoplasms"", ""disease_id"": ""@DISEASE_Retroperitoneal_Neoplasms"", ""pub_year"": 2000, ""pmid_count_pair"": 4}, {""drug_name"": ""Methotrexate"", ""drug_id"": ""@CHEMICAL_Methotrexate"", ""disease_name"": ""Hodgkin Disease"", ""disease_id"": ""@DISEASE_Hodgkin_Disease"", ""pub_year"": 2000, ""pmid_count_pair"": 93}, {""drug_name"": ""Methotrexate"", ""drug_id"": ""@CHEMICAL_Methotrexate"", ""disease_name"": ""Splenomegaly"", ""disease_id"": ""@DISEASE_Splenomegaly"", ""pub_year"": 2000, ""pmid_count_pair"": 21}, {""drug_name"": ""Methotrexate"", ""drug_id"": ""@CHEMICAL_Methotrexate"", ""disease_name"": ""Retroperitoneal Neoplasms"", ""disease_id"": ""@DISEASE_Retroperitoneal_Neoplasms"", ""pub_year"": 2000, ""pmid_count_pair"": 5}]",21,Reversible methotrexate associated lymphoproliferative disease evolving into Hodgkin's disease.,"We describe a case of nodular sclerosing Hodgkin's disease (NSHD) developing in a 61-year-old woman with seropositive rheumatoid arthritis treated with oral methotrexate (MTX) 5 to 15 mg/week for 5 years. Computed tomography (CT) of the abdomen revealed splenomegaly and marked abdominal and retroperitoneal lymphadenopathy. MTX was discontinued; several weeks later prednisone 10 mg/day was added to control worsening polyarthralgia. Repeat CT at 3 months showed almost complete regression of the splenomegaly and lymphadenopathy. However, CT studies at 10 months showed asymptomatic progression of lymphadenopathy, which on biopsy revealed NSHD. Patients with apparently reversible MTX associated lymphoproliferative disorder require periodic monitoring for asymptomatic development of malignant lymphoma.",,,,,,,,,
pmid_multi_rel,27928289,2014,Folic Acid,@CHEMICAL_Folic_Acid,Dementia,@DISEASE_Dementia,100,6,2,3,True,True,"[{""drug_name"": ""Folic Acid"", ""drug_id"": ""@CHEMICAL_Folic_Acid"", ""disease_name"": ""Dementia"", ""disease_id"": ""@DISEASE_Dementia"", ""pub_year"": 2014, ""pmid_count_pair"": 100}, {""drug_name"": ""Folic Acid"", ""drug_id"": ""@CHEMICAL_Folic_Acid"", ""disease_name"": ""Dementia Vascular"", ""disease_id"": ""@DISEASE_Dementia_Vascular"", ""pub_year"": 2014, ""pmid_count_pair"": 26}, {""drug_name"": ""Folic Acid"", ""drug_id"": ""@CHEMICAL_Folic_Acid"", ""disease_name"": ""Mood Disorders"", ""disease_id"": ""@DISEASE_Mood_Disorders"", ""pub_year"": 2014, ""pmid_count_pair"": 23}, {""drug_name"": ""Cyanocobalamin"", ""drug_id"": ""@CHEMICAL_Vitamin_B_12"", ""disease_name"": ""Dementia"", ""disease_id"": ""@DISEASE_Dementia"", ""pub_year"": 2014, ""pmid_count_pair"": 89}, {""drug_name"": ""Cyanocobalamin"", ""drug_id"": ""@CHEMICAL_Vitamin_B_12"", ""disease_name"": ""Dementia Vascular"", ""disease_id"": ""@DISEASE_Dementia_Vascular"", ""pub_year"": 2014, ""pmid_count_pair"": 17}, {""drug_name"": ""Cyanocobalamin"", ""drug_id"": ""@CHEMICAL_Vitamin_B_12"", ""disease_name"": ""Mood Disorders"", ""disease_id"": ""@DISEASE_Mood_Disorders"", ""pub_year"": 2014, ""pmid_count_pair"": 14}]",22,Peripapillary Retinal Nerve Fibre Layer Thinning Secondary to Nutritional Folic Acid Deficiency.,"Folic acid has a fundamental role in central nervous system (CNS) function at all ages, especially the methionine synthase-mediated conversion of homocysteine to methionine, which is essential for nucleotide synthesis and genomic and non-genomic methylation. Folic acid and vitamin B12 may have roles in the prevention of disorders of CNS development, mood disorders, and dementias, including Alzheimer disease and vascular dementia in elderly people. The authors examined the peripapillary retinal nerve fibre layer thickness (RNFLT) in patients with nutritional folic acid deficiency using optical coherence tomography (OCT). Patients were divided into two groups according to blood folic acid levels: blood folic acid <7 nmol/L as Group 1 and >7 nmol/L as Group 2. Peripapillary RNFL measurements were performed. There were significant positive correlations between serum folate levels and RNFLT in all quadrants (<i>p</i> < 0.05), except for the temportal quadrant (<i>p</i> = 0.41).",,,,,,,,,
pmid_single_rel,6791486,1981,Hydralazine,@CHEMICAL_Hydralazine,Cardiomyopathy Dilated,@DISEASE_Cardiomyopathy_Dilated,24,1,1,1,False,False,"[{""drug_name"": ""Hydralazine"", ""drug_id"": ""@CHEMICAL_Hydralazine"", ""disease_name"": ""Cardiomyopathy Dilated"", ""disease_id"": ""@DISEASE_Cardiomyopathy_Dilated"", ""pub_year"": 1981, ""pmid_count_pair"": 24}]",23,Sustained effectiveness of minoxidil in heart failure after development of tolerance to other vasodilator drugs.,"Although a variety of vasodilator drugs produce acute hemodynamic improvement in patients with severe chronic heart failure, long-term treatment with these agents may be associated with the development of drug tolerance and loss of initial beneficial effects. Five serial right heart catheterizations in a 78 year old man with severe chronic heart failure due to idiopathic cardiomyopathy documented the development of hemodynamic and clinical tolerance to oral hydralazine and oral captopril after initial responses were observed to both agents. However, sustained hemodynamic and clinical improvement by invasive testing was noted with minoxidil (20 mg orally twice daily) after 4 and 9 weeks of continuous therapy. These observations indicate that pharmacologic tolerance may occur with a variety of vasodilator drugs and may account for the failure of some patients to improve clinically with long-term therapy despite initial favorable hemodynamic effects. However, such tolerance seems to be drug-specific and, hence, its recognition in an individual patient does not prelude responsiveness to other vasodilator agents.",,,,,,,,,
pmid_multi_rel,24387653,2004,Prednisolone,@CHEMICAL_Prednisolone,Factor 8 deficiency acquired,@DISEASE_Factor_8_deficiency_acquired,50,2,1,2,True,False,"[{""drug_name"": ""Prednisolone"", ""drug_id"": ""@CHEMICAL_Prednisolone"", ""disease_name"": ""Factor 8 deficiency acquired"", ""disease_id"": ""@DISEASE_Factor_8_deficiency_acquired"", ""pub_year"": 2004, ""pmid_count_pair"": 50}, {""drug_name"": ""Prednisolone"", ""drug_id"": ""@CHEMICAL_Prednisolone"", ""disease_name"": ""Hemophilia A"", ""disease_id"": ""@DISEASE_Hemophilia_A"", ""pub_year"": 2004, ""pmid_count_pair"": 49}]",24,"A case of acquired hemophilia caused by factor VIII inhibitor with rheumatoid arthritis, successfully treated with immunosuppressive treatment and recombinant activated factor VII.","Abstract We report the case of a patient who presented with acquired hemophilia associated with rheumatoid arthritis. The patient's factor VIII activity was less than 1% and factor VIII inhibitor was detected. Based on the blood analysis, the patient was diagnosed as having the factor VIII inhibitor. She was successfully treated with prednisolone, cyclophosphamide, and gammaglobulin to suppress the factor VIII inhibitor, and the administration of recombinant activated factor VII was effective in controlling severe bleeding episodes.",,,,,,,,,
pmid_single_rel,28205039,2017,Insulin Aspart,@CHEMICAL_Insulin_Aspart,Diabetes Mellitus Type 1,@DISEASE_Diabetes_Mellitus_Type_1,100,1,1,1,False,False,"[{""drug_name"": ""Insulin Aspart"", ""drug_id"": ""@CHEMICAL_Insulin_Aspart"", ""disease_name"": ""Diabetes Mellitus Type 1"", ""disease_id"": ""@DISEASE_Diabetes_Mellitus_Type_1"", ""pub_year"": 2017, ""pmid_count_pair"": 100}]",25,A Pooled Analysis of Clinical Pharmacology Trials Investigating the Pharmacokinetic and Pharmacodynamic Characteristics of Fast-Acting Insulin Aspart in Adults with Type 1 Diabetes.,"Fast-acting insulin aspart (faster aspart) is insulin aspart (IAsp) in a new formulation aiming to mimic the fast endogenous prandial insulin release more closely than currently available insulin products. In a post hoc analysis of pooled data from six clinical pharmacology trials, the pharmacological characteristics of faster aspart and IAsp were compared. The analysis included 218 adult subjects with type 1 diabetes from six randomised, double-blind, crossover trials in the faster aspart clinical development programme. Subjects received subcutaneous dosing (0.2 U/kg) of faster aspart and IAsp. In three trials, a 12-h euglycaemic clamp was performed (target 5.5 mmol/L; 100 mg/dL) to assess pharmacodynamics. The pharmacokinetic and pharmacodynamic profiles were left-shifted for faster aspart versus IAsp. Onset of appearance occurred 4.9 min earlier (95% confidence interval [CI] faster aspart-IAsp: [-5.3 to -4.4], p < 0.001), early exposure (AUC<sub>IAsp,0-30min</sub>) was two times greater (estimated ratio faster aspart/IAsp 2.01 [1.87-2.17], p < 0.001) and offset of exposure (t <sub>Late 50% Cmax</sub>) occurred 12.2 min earlier [-17.9 to -6.5] (p < 0.001) for faster aspart versus IAsp. Accordingly, onset of action occurred 4.9 min earlier [-6.9 to -3.0] (p < 0.001), early glucose-lowering effect (AUC<sub>GIR,0-30min</sub>) was 74% greater (1.74 [1.47-2.10], p < 0.001) and offset of glucose-lowering effect (t <sub>Late 50% GIRmax</sub>) occurred 14.3 min earlier [-22.1 to -6.5] (p < 0.001) for faster aspart versus IAsp. Total exposure and total glucose-lowering effect did not differ significantly between treatments. Faster aspart has the potential to better mimic the physiologic prandial insulin secretion and thereby to improve postprandial glucose control compared with IAsp. ClinicalTrials.gov identifiers: NCT02035371, NCT01924637, NCT02131246, NCT02033239, NCT02003677, NCT01618188.",,,,,,,,,
pmid_multi_rel,38094112,2023,Valsartan,@CHEMICAL_Valsartan,Heart Failure,@DISEASE_Heart_Failure,100,3,1,3,True,False,"[{""drug_name"": ""Valsartan"", ""drug_id"": ""@CHEMICAL_Valsartan"", ""disease_name"": ""Heart Failure"", ""disease_id"": ""@DISEASE_Heart_Failure"", ""pub_year"": 2023, ""pmid_count_pair"": 100}, {""drug_name"": ""Valsartan"", ""drug_id"": ""@CHEMICAL_Valsartan"", ""disease_name"": ""Cardiomyopathies"", ""disease_id"": ""@DISEASE_Cardiomyopathies"", ""pub_year"": 2023, ""pmid_count_pair"": 46}, {""drug_name"": ""Valsartan"", ""drug_id"": ""@CHEMICAL_Valsartan"", ""disease_name"": ""Hypotension"", ""disease_id"": ""@DISEASE_Hypotension"", ""pub_year"": 2023, ""pmid_count_pair"": 100}]",26,Does sacubitril/valsartan work in children with heart failure?-a pilot study.,"Sacubitril/valsartan is an angiotensin receptor neprilysin antagonist (ARNI) approved for adult heart failure (HF). Its safety and efficacy in pediatric HF patients with cardiomyopathy or congenital heart disease are poorly understood. A pilot study was conducted to assess the clinical response, efficacy and safety of sacubitril/valsartan in this population at a tertiary care hospital in China. Clinical parameters of patients who received sacubitril/valsartan from January 2019 to March 2023 were retrospectively collected and analyzed. Children over 1 month with a left ventricular ejection fraction (LVEF) <45% were included. Clinical efficacy was evaluated by echocardiographic LVEF, N-terminal pro-brain natriuretic peptide (NT-proBNP), New York Heart Association (NYHA) HF classification, HF re-admission, and death or transplantation. The initial dose was either 0.2 mg/kg bid or 0.4 mg/kg bid, with a target dose of 2.3 mg/kg bid or 3.1 mg/kg bid. Forty-five patients (60% male) with a median age of 7.86 years were enrolled. Among them, 23 had congenital heart disease and 22 had cardiomyopathies. The median maintenance dose was 0.76 mg/kg. The primary endpoint of LVEF up to 45% was reached by 24 patients (53.3%). The median NT-proBNP was significantly decreased from 5,501.5 pg/ml to 2,241.5 pg/ml (<i>P</i> < 0.001), more in congenital heart disease than in cardiomyopathies (<i>P</i> = 0.032). The NYHA HF class was improved or remained stable in 42 cases (93.3%). During a median follow-up of 1.23 years, 13 patients (28.9%) were re-hospitalized due to HF, and 9 patients (20%) died or underwent transplantation. Hypotension was the main adverse event, occurring in 8 patients. Sacubitril/valsartan may be effective in children with HF, but its safety and outcomes may differ depending on the etiology and anatomy of HF. Early post-operative congenital heart disease patients had less tolerance, more hypotension but better recovery and outcomes, while mid- and late- post-operative congenital heart disease patients and cardiomyopathy patients had less side effects but poorer clinical outcomes.",,,,,,,,,
pmid_single_rel,7557824,1995,Famotidine,@CHEMICAL_Famotidine,Duodenal Ulcer,@DISEASE_Duodenal_Ulcer,100,1,1,1,False,False,"[{""drug_name"": ""Famotidine"", ""drug_id"": ""@CHEMICAL_Famotidine"", ""disease_name"": ""Duodenal Ulcer"", ""disease_id"": ""@DISEASE_Duodenal_Ulcer"", ""pub_year"": 1995, ""pmid_count_pair"": 100}]",27,"Colloid bismuth versus famotidine in the treatment and prevention of duodenal ulcer relapse: results of a double-blind, double dummy randomized study.","Fifty-three consecutive patients with active duodenal ulcer (DU) were randomly included in a double-blind, double-dummy study to test the healing and relapsing rate of two treatment regimens: famotidine 40 mg nocte for 4-8 weeks, followed by 20 mg for 12 months after healing of the ulcer and colloidal bismuth (CBS) (240 mg bid) for 4-8 weeks, followed by placebo maintenance treatment. The results of the short term period confirmed the efficacy of CBS in healing DU (24/25 in CBS group and 19/23 in famotidine group). However, the relapse rate in the CBS-treated group was higher (77.8% at 12 months) than in the famotidine group (35.7%) (p = 0.041). Only 7 patients (41.2%) were cleared from Helicobacter pylori (HP) after CBS treatment. In conclusion, the high relapse rate observed in CBS treated patients may be related to the high percentage of patients with HP infection in the tested group and support the hypothesis that lack of efficacy of CBS in preventing DU recurrence is related to its poor eradication of HP.",,,,,,,,,
pmid_single_rel,20155993,2010,Atorvastatin,@CHEMICAL_Atorvastatin,Bile Duct Diseases,@DISEASE_Bile_Duct_Diseases,5,1,1,1,False,False,"[{""drug_name"": ""Atorvastatin"", ""drug_id"": ""@CHEMICAL_Atorvastatin"", ""disease_name"": ""Bile Duct Diseases"", ""disease_id"": ""@DISEASE_Bile_Duct_Diseases"", ""pub_year"": 2010, ""pmid_count_pair"": 5}]",28,Atorvastatin-induced prolonged cholestasis with bile duct damage.,"We report a case of acute-onset, long-lasting cholestasis induced by atorvastatin. This antihyperlipidaemic drug was taken for 40 days by a 72-year-old male as a treatment for his mixed dyslipidaemia. At that point, the patient presented with asthenia, nausea, painless icterus, acholic stools and hyperchromic urine with biochemical analyses showing a dramatic increase in bilirubin (total bilirubin 22 mg/dL; direct bilirubin 21 mg/dL) and alkaline phosphatase (up to 4-fold over the normal level) with less marked increases in transaminases. Liver histology showed a pattern of cholestasis with evident signs of cholangiolitis and damage of the interlobular bile ducts. Serum transaminase and bilirubin levels returned to normal within 5 months after atorvastatin withdrawal while alkaline phosphatase normalized after only 8 months. Scores on both the Maria and Victorino clinical scale for the diagnosis of drug-induced hepatitis and the Naranjo Adverse Drug Reaction Probability Scale indicated that atorvastatin was the probable cause of prolonged cholestasis in this patient. This is a rare case of cholestasis probably caused by atorvastatin and unusually characterized by bile duct damage.",,,,,,,,,
pmid_single_rel,2604168,1989,Clonidine,@CHEMICAL_Clonidine,Pain,@DISEASE_Pain,100,1,1,1,False,False,"[{""drug_name"": ""Clonidine"", ""drug_id"": ""@CHEMICAL_Clonidine"", ""disease_name"": ""Pain"", ""disease_id"": ""@DISEASE_Pain"", ""pub_year"": 1989, ""pmid_count_pair"": 100}]",29,[Incidence of tourniquet pain from spinal anesthesia with a combination of bupivacaine and clonidine].,,,,,,,,,,
pmid_multi_rel,20301578,2022,Aspirin,@CHEMICAL_Aspirin,Craniocerebral Trauma,@DISEASE_Craniocerebral_Trauma,25,2,1,2,True,False,"[{""drug_name"": ""Aspirin"", ""drug_id"": ""@CHEMICAL_Aspirin"", ""disease_name"": ""Craniocerebral Trauma"", ""disease_id"": ""@DISEASE_Craniocerebral_Trauma"", ""pub_year"": 2022, ""pmid_count_pair"": 25}, {""drug_name"": ""Aspirin"", ""drug_id"": ""@CHEMICAL_Aspirin"", ""disease_name"": ""Genetic Diseases Inborn"", ""disease_id"": ""@DISEASE_Genetic_Diseases_Inborn"", ""pub_year"": 2022, ""pmid_count_pair"": 13}]",30,,,,,,,,,,,
pmid_single_rel,8173148,1994,Ketoconazole,@CHEMICAL_Ketoconazole,Esophagitis,@DISEASE_Esophagitis,9,1,1,1,False,False,"[{""drug_name"": ""Ketoconazole"", ""drug_id"": ""@CHEMICAL_Ketoconazole"", ""disease_name"": ""Esophagitis"", ""disease_id"": ""@DISEASE_Esophagitis"", ""pub_year"": 1994, ""pmid_count_pair"": 9}]",31,Use of antifungal therapy in hospitalized patients. II. Results after the marketing of fluconazole.,"To evaluate the prescribing patterns of antifungal agents in the hospital setting after the introduction of fluconazole, a new broad-spectrum bis-triazole antifungal agent. Also compared are the prescribing patterns of antifungal agents prior to (phase I) and following (phase II) fluconazole marketing. A prospective cohort of hospitalized patients prescribed topical or systemic antifungal agents. Data were collected from December 1990 to April 1991. Fifty-seven hospitals ranging in size from 100 to more than 500 beds. Sixty-three percent are affiliated with medical schools. Participating pharmacists consecutively identified 15 patients receiving systemic antifungal therapy and 5 patients receiving topical antifungal therapy. Observational data on patient antifungal therapy, risk factors for fungal infections, comorbidities, concurrent medications, and culture data were collected. Differences in prescribing patterns before and after the marketing of fluconazole were assessed using t-tests and chi-square tests. Of 818 patients studied, 615 (75.2 percent) received systemic antifungal therapy. Five hundred forty-six patients received a single antifungal agent; 348 (63.7 percent) received fluconazole, 105 (19.2 percent) received ketoconazole, 92 (16.8 percent) received amphotericin B, and 1 (0.2 percent) received flucytosine. Sixty-nine patients received two or more systemic agents either concurrently or consecutively. The use of parenteral amphotericin B, alone or in combination with flucytosine and/or an azole, declined from 56.8 percent in the phase I study to 24.2 percent in the current study. The use of parenteral therapy also declined from 56.8 to 40.2 percent. Ketoconazole was used in more than 90 percent of the oral and esophageal infections in the phase I study, but its use declined to only 33 percent in this study. Fluconazole was used most frequently across all sites of presumed or documented infections, with the exception of fungemia. Of the presumed or proven systemic or blood infections, amphotericin B was used alone or in combination in 48.4 percent of the patients and fluconazole was used exclusively in 39.0 percent of the patients. Fluconazole was used more often than amphotericin B (22 vs. 3 patients, respectively) for prophylaxis of systemic infections. The overall use of antifungal prophylaxis also increased from the phase I (9.5 percent) to phase II (13.7 percent). The introduction of fluconazole had a major impact on the prescribing patterns of antifungal therapy. Although amphotericin B remained the preferred agent for treatment of suspected or proven systemic, central nervous system, or blood infections, use of fluconazole for these indications approached nearly 40 percent. Further studies are needed to address the role of fluconazole in the prophylaxis and treatment of systemic mycoses.",,,,,,,,,
pmid_single_rel,36301657,2022,Methylprednisolone,@CHEMICAL_Methylprednisolone,Akinetic Mutism,@DISEASE_Akinetic_Mutism,5,1,1,1,False,False,"[{""drug_name"": ""Methylprednisolone"", ""drug_id"": ""@CHEMICAL_Methylprednisolone"", ""disease_name"": ""Akinetic Mutism"", ""disease_id"": ""@DISEASE_Akinetic_Mutism"", ""pub_year"": 2022, ""pmid_count_pair"": 5}]",32,Encephalopathy With Akinetic Mutism in a Child With COVID-19 Infection: A Case Report.,"COVID-19 has been associated with neurological complications, including encephalopathy and akinetic mutism. A 7-year-old unvaccinated boy presented with visual hallucinations, urinary incontinence, and akinetic mutism 13 days after he was exposed to COVID-19. He had minimal respiratory symptoms, including just 1 day of fever and cough. Evaluations showed slowing on electroencephalogram, normal cerebrospinal fluid, normal brain magnetic resonance imaging, and mild sinus bradycardia. He recovered rapidly to baseline after 5 days of intravenous methylprednisolone. COVID-19-related encephalopathy including akinetic mutism is usually found in older adult patients with more severe COVID-19 illness. Our case demonstrates that akinetic mutism can present in children with mild COVID-19 illness and that it can respond rapidly and completely to intravenous methylprednisolone. COVID-19-related encephalopathy may be immune mediated. A heightened awareness of its association with COVID-19 illness should lead to earlier diagnosis and consideration of immunomodulatory therapy.",,,,,,,,,
pmid_multi_rel,37401946,2023,Metformin,@CHEMICAL_Metformin,Diabetes Mellitus Type 2,@DISEASE_Diabetes_Mellitus_Type_2,100,8,1,8,True,False,"[{""drug_name"": ""Metformin"", ""drug_id"": ""@CHEMICAL_Metformin"", ""disease_name"": ""Diabetes Mellitus Type 2"", ""disease_id"": ""@DISEASE_Diabetes_Mellitus_Type_2"", ""pub_year"": 2023, ""pmid_count_pair"": 100}, {""drug_name"": ""Metformin"", ""drug_id"": ""@CHEMICAL_Metformin"", ""disease_name"": ""Diabetes Mellitus"", ""disease_id"": ""@DISEASE_Diabetes_Mellitus"", ""pub_year"": 2023, ""pmid_count_pair"": 100}, {""drug_name"": ""Metformin"", ""drug_id"": ""@CHEMICAL_Metformin"", ""disease_name"": ""Polycystic Ovary Syndrome"", ""disease_id"": ""@DISEASE_Polycystic_Ovary_Syndrome"", ""pub_year"": 2023, ""pmid_count_pair"": 100}, {""drug_name"": ""Metformin"", ""drug_id"": ""@CHEMICAL_Metformin"", ""disease_name"": ""Obesity"", ""disease_id"": ""@DISEASE_Obesity"", ""pub_year"": 2023, ""pmid_count_pair"": 100}, {""drug_name"": ""Metformin"", ""drug_id"": ""@CHEMICAL_Metformin"", ""disease_name"": ""Diabetes Gestational"", ""disease_id"": ""@DISEASE_Diabetes_Gestational"", ""pub_year"": 2023, ""pmid_count_pair"": 100}, {""drug_name"": ""Metformin"", ""drug_id"": ""@CHEMICAL_Metformin"", ""disease_name"": ""Overweight"", ""disease_id"": ""@DISEASE_Overweight"", ""pub_year"": 2023, ""pmid_count_pair"": 100}, {""drug_name"": ""Metformin"", ""drug_id"": ""@CHEMICAL_Metformin"", ""disease_name"": ""Weight Gain"", ""disease_id"": ""@DISEASE_Weight_Gain"", ""pub_year"": 2023, ""pmid_count_pair"": 100}, {""drug_name"": ""Metformin"", ""drug_id"": ""@CHEMICAL_Metformin"", ""disease_name"": ""Premature Birth"", ""disease_id"": ""@DISEASE_Premature_Birth"", ""pub_year"": 2023, ""pmid_count_pair"": 38}]",33,"Position paper of the Italian Association of Medical Diabetologists (AMD), Italian Society of Diabetology (SID), and the Italian Study Group of Diabetes in pregnancy: Metformin use in pregnancy.","This document purpose is to create an evidence-based position statement on the role of metformin therapy in pregnancy complicated by obesity, gestational diabetes (GDM), type 2 diabetes mellitus (T2DM), polycystic ovary syndrome (PCOS) and in women undergoing assisted reproductive technology (ART). A comprehensive review of international diabetes guidelines and a search of medical literature was performed to identify studies presenting data on the use of metformin in pregnancy. The document was approved by the councils of the two scientific societies. In condition affecting the fertility, as PCOS, metformin use in pre-conception or early in pregnancy may be beneficial for clinical pregnancy, even in ART treatment, and in obese-PCOS women may reduce preterm delivery. In obese women, even in the presence of GDM or T2DM, metformin use in pregnancy is associated with a lower gestational weight gain. In pregnancy complicated by diabetes (GDM or T2DM), metformin improves maternal glycemic control and may reduce insulin dose. Neonatal and infant outcomes related to metformin exposure in utero are lacking. Metformin use in women with GDM or T2DM is associated with lower birth weight. However, an increased tendency to overweight-obesity has been observed in children, later in life. Metformin may represent a therapeutic option in selected women with obesity, PCOS, GDM, T2DM, and in women undergoing ART. However, more research is required specifically on the long-term effects of in utero exposition to metformin.",,,,,,,,,
pmid_multi_rel,30870250,2020,Acyclovir,@CHEMICAL_Acyclovir,Herpes Simplex,@DISEASE_Herpes_Simplex,100,3,1,3,True,False,"[{""drug_name"": ""Acyclovir"", ""drug_id"": ""@CHEMICAL_Acyclovir"", ""disease_name"": ""Herpes Simplex"", ""disease_id"": ""@DISEASE_Herpes_Simplex"", ""pub_year"": 2020, ""pmid_count_pair"": 100}, {""drug_name"": ""Acyclovir"", ""drug_id"": ""@CHEMICAL_Acyclovir"", ""disease_name"": ""Genital Diseases"", ""disease_id"": ""@DISEASE_Genital_Diseases"", ""pub_year"": 2020, ""pmid_count_pair"": 38}, {""drug_name"": ""Acyclovir"", ""drug_id"": ""@CHEMICAL_Acyclovir"", ""disease_name"": ""Granuloma Plasma Cell"", ""disease_id"": ""@DISEASE_Granuloma_Plasma_Cell"", ""pub_year"": 2020, ""pmid_count_pair"": 5}]",34,Hypertrophic Herpes Simplex With Subsequent Development of Plasma Cell Vulvitis: A Potential Diagnostic Pitfall.,"A 37-yr-old patient previously diagnosed with human immunodeficiency virus initially presented with a genital lesion which upon histologic assessment was diagnosed as a pseudotumor associated with herpes simplex virus infection. The pseudotumor responded to initial treatment with Acyclovir, however, the lesion recurred 2 yr later and was diagnosed as plasma cell vulvitis. We discuss the clinical presentation, diagnostic work up and treatment options of such a rare lesion.",,,,,,,,,
pmid_multi_rel,18825420,2009,Lisinopril,@CHEMICAL_Lisinopril,Proteinuria,@DISEASE_Proteinuria,100,4,1,4,True,False,"[{""drug_name"": ""Lisinopril"", ""drug_id"": ""@CHEMICAL_Lisinopril"", ""disease_name"": ""Proteinuria"", ""disease_id"": ""@DISEASE_Proteinuria"", ""pub_year"": 2009, ""pmid_count_pair"": 100}, {""drug_name"": ""Lisinopril"", ""drug_id"": ""@CHEMICAL_Lisinopril"", ""disease_name"": ""Glomerulonephritis IGA"", ""disease_id"": ""@DISEASE_Glomerulonephritis_IGA"", ""pub_year"": 2009, ""pmid_count_pair"": 7}, {""drug_name"": ""Lisinopril"", ""drug_id"": ""@CHEMICAL_Lisinopril"", ""disease_name"": ""Dizziness"", ""disease_id"": ""@DISEASE_Dizziness"", ""pub_year"": 2009, ""pmid_count_pair"": 19}, {""drug_name"": ""Lisinopril"", ""drug_id"": ""@CHEMICAL_Lisinopril"", ""disease_name"": ""Job Syndrome"", ""disease_id"": ""@DISEASE_Job_Syndrome"", ""pub_year"": 2009, ""pmid_count_pair"": 1}]",35,Efficacy and safety of lisinopril for mild childhood IgA nephropathy: a pilot study.,"Even in children with mild immunoglobulin (Ig)A nephropathy (IgA-N) showing minimal/focal mesangial proliferation, persistent proteinuria seems to be a risk factor for progression of the disease, indicating the need for an effective and safe treatment even in such cases. Studies carried out to date have indicated that angiotensin-converting enzyme inhibitors (ACEIs) reduce urinary protein excretion and preserve renal function in adult IgA-N. However, no prospective study of ACEI only for childhood IgA-N has yet been carried out. In this prospective single-arm pilot trial, we administered lisinopril (0.4 mg/kg per day) as therapeutic treatment to 40 children with mild IgA-N with proteinuria [morning urinary protein/creatinine ratio (uP/Cr) >or= 0.2 g/g]. Thirty-three patients reached the primary endpoint (uP/Cr < 0.2) during the 2-year treatment period. The cumulative disappearance rate of proteinuria determined by the Kaplan-Meier method was 80.9%. Mean uP excretion was reduced from 0.40 to 0.18 g/m(2)/day (p < 0.0001). Of the 40 patients treated, five (12.5%) showed dizziness, and four of these five needed the lisinopril dose reduced. However, lisinopril therapy was continued in all patients during the 2-year treatment period. No other side effect, such as cough, was observed. We conclude that the efficacy and safety of lisinopril is seemingly acceptable for the treatment of children with mild IgA-N.",,,,,,,,,
pmid_multi_rel,8970675,1996,Valacyclovir,@CHEMICAL_Valacyclovir,Retinitis,@DISEASE_Retinitis,18,3,1,3,True,False,"[{""drug_name"": ""Valacyclovir"", ""drug_id"": ""@CHEMICAL_Valacyclovir"", ""disease_name"": ""Retinitis"", ""disease_id"": ""@DISEASE_Retinitis"", ""pub_year"": 1996, ""pmid_count_pair"": 18}, {""drug_name"": ""Valacyclovir"", ""drug_id"": ""@CHEMICAL_Valacyclovir"", ""disease_name"": ""Cytomegalovirus Retinitis"", ""disease_id"": ""@DISEASE_Cytomegalovirus_Retinitis"", ""pub_year"": 1996, ""pmid_count_pair"": 1}, {""drug_name"": ""Valacyclovir"", ""drug_id"": ""@CHEMICAL_Valacyclovir"", ""disease_name"": ""Neoplasms Second Primary"", ""disease_id"": ""@DISEASE_Neoplasms_Second_Primary"", ""pub_year"": 1996, ""pmid_count_pair"": 1}]",36,Lessons from the natural history of cytomegalovirus.,"More than 90% of patients with HIV have been infected at some time with cytomegalovirus (CMV) and up to 40% of those with advanced HIV will develop CMV disease. The incidence of CMV disease is increasing but the prognosis for the patient remains poor. It is therefore important to monitor patients with low CD4+ counts in order to identify those most at risk of developing CMV disease and to treat them before the disease becomes established. Polymerase chain reaction (PCR) is probably the most effective and sensitive method of detecting CMV and a positive result is predictive for development of CMV disease; more than 80% of patients with CMV retinitis are CMV PCR-positive at the time of diagnosis. PCR can also detect the presence of CMV up to 14 months before the development of retinitis. In patients with detectable CMV, but no evidence of active infection, pre-emptive treatment with ganciclovir or valaciclovir has been shown to reduce the risk of developing retinitis in these high-risk patients. Such oral therapy, which is generally better tolerated than intravenous therapy and results in a better quality of life for the patient, is likely to be more effective at this stage whilst viral loads are low. CMV PCR can be used to prospectively monitor patients in order to identify those most at risk of developing CMV retinitis. If CMV infection is diagnosed early, while viral loads are still low, pre-emptive oral therapy can be instituted which will reduce the chances of developing retinitis in those patients most at risk.",,,,,,,,,
pmid_multi_rel,17853638,2007,Amitriptyline,@CHEMICAL_Amitriptyline,Chronic Pain,@DISEASE_Chronic_Pain,79,5,2,3,True,True,"[{""drug_name"": ""Amitriptyline"", ""drug_id"": ""@CHEMICAL_Amitriptyline"", ""disease_name"": ""Chronic Pain"", ""disease_id"": ""@DISEASE_Chronic_Pain"", ""pub_year"": 2007, ""pmid_count_pair"": 79}, {""drug_name"": ""Amitriptyline"", ""drug_id"": ""@CHEMICAL_Amitriptyline"", ""disease_name"": ""Hernia Inguinal"", ""disease_id"": ""@DISEASE_Hernia_Inguinal"", ""pub_year"": 2007, ""pmid_count_pair"": 2}, {""drug_name"": ""Amitriptyline"", ""drug_id"": ""@CHEMICAL_Amitriptyline"", ""disease_name"": ""Severe Acute Respiratory Syndrome"", ""disease_id"": ""@DISEASE_Severe_Acute_Respiratory_Syndrome"", ""pub_year"": 2007, ""pmid_count_pair"": 2}, {""drug_name"": ""Methylprednisolone"", ""drug_id"": ""@CHEMICAL_Methylprednisolone_Acetate"", ""disease_name"": ""Hernia Inguinal"", ""disease_id"": ""@DISEASE_Hernia_Inguinal"", ""pub_year"": 2007, ""pmid_count_pair"": 1}, {""drug_name"": ""Methylprednisolone"", ""drug_id"": ""@CHEMICAL_Methylprednisolone_Acetate"", ""disease_name"": ""Severe Acute Respiratory Syndrome"", ""disease_id"": ""@DISEASE_Severe_Acute_Respiratory_Syndrome"", ""pub_year"": 2007, ""pmid_count_pair"": 1}]",37,Chronic pain after hernia surgery--an informed consent issue.,"Chronic severe pain following inguinal hernia repair is a significant post-operative problem. Its exact cause and lack of evidence-based treatment path present problems in the effective management of this surgical complication. We retrospectively reviewed the records of patients diagnosed with chronic pain following open inguinal hernia repair between November 1995 and November 2000, who were under the care of the senior author. Over the five-year period, 146 patients underwent inguinal hernia repair. 88 (60%) had suture repair (darn & modified Bassini's) and 58 (40%) underwent a Lichtenstein mesh repair. Thirteen patients (9%), (3 in suture vs. 10 in mesh group, p = 0.004) developed chronic severe pain. Examination revealed maximal tenderness over the genitofemoral nerve (GF) distribution (n = 5), over the medial end of the scar (n = 3), over the pubic tubercle (n = 1) and in the ilioinguinal nerve distribution (n = 1) No abnormality was detected on clinical examination in the cases of three patients. Treatment involved GF nerve block (n = 5), local injection of Chirocaine and Methylprednisolone acetate into the medial end of the scar (n = 3), Chirocaine and Methylprednisolone acetate into the pubic tubercle (n = 1), ilioinguinal nerve block (n = 1), re-exploration with re-suturing of the mesh (n = 1), and Amitriptyline (n = 2). At a median follow up of 45 months (range: 24-87), 10 (77%) are completely pain free; two (15.4%) had mild pain and one patient still has significant persistent pain. To conclude, chronic severe pain occurred in nine percent of patients following primary open inguinal hernia repair. The majority of patients were successfully treated by therapeutic injection into the point of maximal tenderness.",,,,,,,,,
pmid_multi_rel,16080279,2005,Celecoxib,@CHEMICAL_Celecoxib,Hyperalgesia,@DISEASE_Hyperalgesia,50,3,1,3,True,False,"[{""drug_name"": ""Celecoxib"", ""drug_id"": ""@CHEMICAL_Celecoxib"", ""disease_name"": ""Hyperalgesia"", ""disease_id"": ""@DISEASE_Hyperalgesia"", ""pub_year"": 2005, ""pmid_count_pair"": 50}, {""drug_name"": ""Celecoxib"", ""drug_id"": ""@CHEMICAL_Celecoxib"", ""disease_name"": ""Fever"", ""disease_id"": ""@DISEASE_Fever"", ""pub_year"": 2005, ""pmid_count_pair"": 28}, {""drug_name"": ""Celecoxib"", ""drug_id"": ""@CHEMICAL_Celecoxib"", ""disease_name"": ""Lymphoma"", ""disease_id"": ""@DISEASE_Lymphoma"", ""pub_year"": 2005, ""pmid_count_pair"": 6}]",38,"Pharmacological profile of celecoxib, a specific cyclooxygenase-2 inhibitor.","The pharmacological profile of celecoxib (CAS 169590-42-5, SC-58635), a specific cyclooxygenase-2 (COX-2) inhibitor, was investigated. Celecoxib inhibited COX-2-mediated prostaglandin E2 (PGE2) production in human dermal fibroblasts (IC50 = 91 nmol/l), whereas it was a weak inhibitor of COX-1-mediated PGE2 production in human lymphoma cells (IC50 = 2800 nmol/l). In in vivo studies, the effects of celecoxib were compared with those of nonsteroidal anti-inflammatory drugs (NSAIDs) in acute rat models of hyperalgesia and pyrexia. Celecoxib abrogated carrageenan-induced hyperalgesia in the hind paw accompanied by a decrease in PGE2 content in paw exudates and cerebrospinal fluid in a dose-related manner, with an ED30 = 0.81 mg/kg. Its analgesic potency was comparable to those of NSAIDs. In lipopolysaccharide-induced pyrexia, the anti-pyretic potency of celecoxib was equal to that of NSAIDs. On the other hand, in a gastric toxicity study in rats, single oral administration of celecoxib had no effect on gastric mucosa or mucosal PGE2 content at doses up to 200 mg/kg. Additionally, celecoxib did not inhibit thromboxane B2 production of calcium ionophore-stimulated peripheral blood of rats or arachidonic acid-induced aggregation of human platelets. These findings suggest that celecoxib might be a safe and effective alternative to NSAIDs for clinical use.",,,,,,,,,
pmid_multi_rel,20695130,2010,Prednisolone,@CHEMICAL_Prednisolone,Abdominal Pain,@DISEASE_Abdominal_Pain,100,4,1,4,True,False,"[{""drug_name"": ""Prednisolone"", ""drug_id"": ""@CHEMICAL_Prednisolone"", ""disease_name"": ""Abdominal Pain"", ""disease_id"": ""@DISEASE_Abdominal_Pain"", ""pub_year"": 2010, ""pmid_count_pair"": 100}, {""drug_name"": ""Prednisolone"", ""drug_id"": ""@CHEMICAL_Prednisolone"", ""disease_name"": ""Weight Loss"", ""disease_id"": ""@DISEASE_Weight_Loss"", ""pub_year"": 2010, ""pmid_count_pair"": 100}, {""drug_name"": ""Prednisolone"", ""drug_id"": ""@CHEMICAL_Prednisolone"", ""disease_name"": ""Splenomegaly"", ""disease_id"": ""@DISEASE_Splenomegaly"", ""pub_year"": 2010, ""pmid_count_pair"": 37}, {""drug_name"": ""Prednisolone"", ""drug_id"": ""@CHEMICAL_Prednisolone"", ""disease_name"": ""Gastrointestinal Hemorrhage"", ""disease_id"": ""@DISEASE_Gastrointestinal_Hemorrhage"", ""pub_year"": 2010, ""pmid_count_pair"": 32}]",39,[A case of hemophagocytic syndrome in an ulcerative colitis patient].,"A case of hemophagocytic syndrome associated with ulcerative colitis is very rare. A 32-year-old man visited the hospital complaining of fever and severe abdominal pain for 7 days. He was diagnosed to have ulcerative colitis 2 years ago and had been treated with sulfasalazine. Three months ago, he had abdominal pain, weight loss, and hematochezia, so prednisolone and mercaptopurine were added to the treatment. On admission, the physical examination showed splenomegaly. Peripheral blood counts revealed pancytopenia, and bone marrow aspirate smears showed many histiocytes with active hemophagocytosis. There was no evidence of viral and bacterial infections and other neoplasms, which were commonly associated with hemophagocytic syndrome. He was successfully treated with high dose steroid. We report this case along with a review of the related literatures.",,,,,,,,,
pmid_multi_rel,2924374,1989,Allopurinol,@CHEMICAL_Allopurinol,Neoplasms,@DISEASE_Neoplasms,79,2,1,2,True,False,"[{""drug_name"": ""Allopurinol"", ""drug_id"": ""@CHEMICAL_Allopurinol"", ""disease_name"": ""Neoplasms"", ""disease_id"": ""@DISEASE_Neoplasms"", ""pub_year"": 1989, ""pmid_count_pair"": 79}, {""drug_name"": ""Allopurinol"", ""drug_id"": ""@CHEMICAL_Allopurinol"", ""disease_name"": ""Liver Neoplasms"", ""disease_id"": ""@DISEASE_Liver_Neoplasms"", ""pub_year"": 1989, ""pmid_count_pair"": 1}]",40,Effect on liver tumor growth in rats of allopurinol and 5-fluorouracil in combination with hepatic artery ligation.,"Rats with an experimental solitary liver tumor of a nitrosoguanidine-induced colonic adenocarcinoma were subjected to hepatic artery ligation (HAL) alone or in combination with 5-fluorouracil (5-FU) in three different doses, with or without the addition of allopurinol. The drugs were injected i.p. on 3 consecutive days before or after the HAL procedure. HAL alone significantly reduced the tumor growth compared with the control procedure (P less than 0.001). This observation was correlated with a significantly prolonged survival for the ligated animals (P less than 0.01). The administration of a low dose of 5-FU (15 mg/kg per day) in combination with allopurinol (100 mg/kg per day) enhanced tumor growth compared with that in animals treated with 5-FU only (P less than 0.01) or nontreated animals (P less than 0.05). A significant increase in survival was observed in animals given a high dose of 5-FU (60 mg/kg per day) after HAL compared with non-treated animals (P less than 0.001) as well as animals subjected to HAL alone (P less than 0.02). All animals receiving more than 15 mg/kg per day 5-FU before HAL succumbed within 10 days. The addition of allopurinol did not protect the animals against this mortality. These observations indicate that the effect of HAL followed by 5-FU is dose-dependent and that, at least in this treatment modality, allopurinol does not modulate the toxicity of 5-FU.",,,,,,,,,
pmid_single_rel,12608129,2002,Bupropion,@CHEMICAL_Bupropion,Coronary Artery Disease,@DISEASE_Coronary_Artery_Disease,5,1,1,1,False,False,"[{""drug_name"": ""Bupropion"", ""drug_id"": ""@CHEMICAL_Bupropion"", ""disease_name"": ""Coronary Artery Disease"", ""disease_id"": ""@DISEASE_Coronary_Artery_Disease"", ""pub_year"": 2002, ""pmid_count_pair"": 5}]",41,[Smoking cessation in coronary patients].,"Smoking is one of the main risk factors for coronary artery disease and its complications, including sudden death. In smokers, smoking cessation is associated with improved 5-year outcome. Consequently, smoking cessation should be one of the main goals of the clinician in patients hospitalized for a coronary event. Any health professional has the capacity to deliver a simple message: ""do you smoke?"" and ""are you willing to quit?"". Such simple questions have a positive impact on the smoker who knows he has coronary artery disease. In addition nicotine substitutes and bupropion are particularly useful to help the patient: their efficacy has been demonstrated in several well-conducted studies. Last, treating tobacco smoking requires long-term follow-up of the patient who will be asked to consult regularly to this purpose.",,,,,,,,,
pmid_multi_rel,10806134,2000,Amlodipine,@CHEMICAL_Amlodipine,Sleep Apnea Obstructive,@DISEASE_Sleep_Apnea_Obstructive,5,4,4,1,False,True,"[{""drug_name"": ""Amlodipine"", ""drug_id"": ""@CHEMICAL_Amlodipine"", ""disease_name"": ""Sleep Apnea Obstructive"", ""disease_id"": ""@DISEASE_Sleep_Apnea_Obstructive"", ""pub_year"": 2000, ""pmid_count_pair"": 5}, {""drug_name"": ""Losartan"", ""drug_id"": ""@CHEMICAL_Losartan"", ""disease_name"": ""Sleep Apnea Obstructive"", ""disease_id"": ""@DISEASE_Sleep_Apnea_Obstructive"", ""pub_year"": 2000, ""pmid_count_pair"": 4}, {""drug_name"": ""Hydrochlorothiazide"", ""drug_id"": ""@CHEMICAL_Hydrochlorothiazide"", ""disease_name"": ""Sleep Apnea Obstructive"", ""disease_id"": ""@DISEASE_Sleep_Apnea_Obstructive"", ""pub_year"": 2000, ""pmid_count_pair"": 2}, {""drug_name"": ""Atenolol"", ""drug_id"": ""@CHEMICAL_Atenolol"", ""disease_name"": ""Sleep Apnea Obstructive"", ""disease_id"": ""@DISEASE_Sleep_Apnea_Obstructive"", ""pub_year"": 2000, ""pmid_count_pair"": 1}]",42,"Comparison of atenolol, amlodipine, enalapril, hydrochlorothiazide, and losartan for antihypertensive treatment in patients with obstructive sleep apnea.","We compared the effects of atenolol (50 mg), amlodipine (5 mg), enalapril (20 mg), hydrochlorothiazide (25 mg), and losartan (50 mg) given in once-daily oral doses on office and ambulatory blood pressures (BPs) in patients with hypertension and obstructive sleep apnea (OSA). Each of 40 randomized patients was treated in sequence with two of the five agents (balanced incomplete block design). Treatment periods lasted 6 wk and were separated by a 3-wk washout period. Changes in BP from baseline with the study substances were compared through analysis of variance. Office diastolic BP, our primary outcome variable, was most effectively lowered by atenolol, with all four post hoc differences between atenolol and the remaining substances being statistically significant. Reductions in office systolic and daytime ambulatory BP were not significantly different among the five compounds. However, atenolol reduced mean nighttime ambulatory diastolic and systolic BP more effectively than did amlodipine, enalapril, or losartan (but not hydrochlorothiazide). Severity of sleep-disordered breathing and well-being during the day were not significantly influenced by any of the study compounds. Our findings are in accordance with the hypothesis that an overactivity of the sympathetic nervous system is an important mechanism behind the development or maintenance of hypertension in patients with OSA.",,,,,,,,,
pmid_multi_rel,29494855,2018,Fluoxetine,@CHEMICAL_Fluoxetine,Cerebral Infarction,@DISEASE_Cerebral_Infarction,26,2,1,2,True,False,"[{""drug_name"": ""Fluoxetine"", ""drug_id"": ""@CHEMICAL_Fluoxetine"", ""disease_name"": ""Cerebral Infarction"", ""disease_id"": ""@DISEASE_Cerebral_Infarction"", ""pub_year"": 2018, ""pmid_count_pair"": 26}, {""drug_name"": ""Fluoxetine"", ""drug_id"": ""@CHEMICAL_Fluoxetine"", ""disease_name"": ""Ischemic Stroke"", ""disease_id"": ""@DISEASE_Ischemic_Stroke"", ""pub_year"": 2018, ""pmid_count_pair"": 6}]",43,Effect of fluoxetine on three-year recurrence in acute ischemic stroke: A randomized controlled clinical study.,"To evaluate the effect of fluoxetine on three-year recurrence rate of acute ischemic stroke. 404 enrolled patients with acute ischemic stroke were randomly divided into control and treatment groups, and underwent conventional secondary preventive therapy for ischemic stroke. In addition, the treatment group was administered fluoxetine (20 mg daily for 90 days). A three-year follow-up was performed, and indicators related to risk factors of stroke were assessed at day 90 of follow-up. The effect of fluoxetine on the three-year recurrence rate of acute ischemic stroke was evaluated by survival analysis, as well as multifactor Cox regression analysis. The values of systolic blood pressure, blood total cholesterol, blood low density lipoprotein and glycosylated hemoglobin at day 90 of follow-up were significantly lower in treatment group than control group (P = 0.002, P = 0.002, P = 0.018, P = 0.011, respectively). The occurrence rates of epilepsy, gastrointestinal bleeding, syncope, allergic reactions, hemorrhagic infarction, and death were not significantly different between the two groups during the follow-up (P > 0.05). The recurrence-free survival rate of ischemic stroke was significantly lower in the treatment group than control group as assessed by the Kaplan-Meier test (85.1% Vs 75.7%, P = 0.016), as well as the recurrence-free survival rate after day 90 in the three-year follow-up (87.0% Vs 79.3%, P = 0.043). Multifactor Cox regression analysis demonstrated treatment with fluoxetine was an independent factor reducing three-year recurrence in acute ischemic stroke (HR = 0.594, 95% CI: 0.376-0.938). Treatment with fluoxetine for 90 days after acute ischemic stroke significantly reduces the three-year recurrence rate of ischemic stroke.",,,,,,,,,
pmid_multi_rel,16031497,1989,Cyanocobalamin,@CHEMICAL_Vitamin_B_12,Immunologic Deficiency Syndromes,@DISEASE_Immunologic_Deficiency_Syndromes,100,2,1,2,True,False,"[{""drug_name"": ""Cyanocobalamin"", ""drug_id"": ""@CHEMICAL_Vitamin_B_12"", ""disease_name"": ""Immunologic Deficiency Syndromes"", ""disease_id"": ""@DISEASE_Immunologic_Deficiency_Syndromes"", ""pub_year"": 1989, ""pmid_count_pair"": 100}, {""drug_name"": ""Cyanocobalamin"", ""drug_id"": ""@CHEMICAL_Vitamin_B_12"", ""disease_name"": ""Weight Gain"", ""disease_id"": ""@DISEASE_Weight_Gain"", ""pub_year"": 1989, ""pmid_count_pair"": 9}]",44,Reference curves to diagnose cobalt deficiency in sheep using liver and serum vitamin B12 levels.,"Reference curves demonstrating the relationship between serum or liver vitamin B12 and weight gain were derived from the examination of 16 published and 48 unpublished N.Z. trials. From these curves probability of obtaining an economic reponse (>10g/day body weight increase) for any serum or liver vitamin B12 can be determined. No significant (P<0.05) weight gain responses occurred to vitamin B12 or cobalt treatment in trials with mean serum vitamin B12 levels above 500 pmol/l or liver vitamin B12 levels greater than 500 nmol/kg. The reference curves were therefore derived from trials with vitamin B12 levels below these levels; 36 trials with serum vitamin B12 and 19 trials with liver vitamin B12 data. The mean vitamin B12 level at the mid point of the weight gain response period was selected from each trial. Examination of serum vitamin B12 reference curves for spring, summer, autumn and winter indicated that curves derived from data closest to the middle of January (summer) adequately reflected response to treatment at any time during the first year of life. Reference curves for liver vitamin B12 also used data closest to middle of January. This was partly because insufficient liver data was available to compare seasonal variations. The fitted response curve approached 0 gram/day at 500 pmol/l for serum vitamin B12 and 375 nmol/kg for liver vitamin B12. The minimum vitamin B12 level at which an economic response to treatment (>10 g/day) is not likely was 336 pmol/l for serum and 282 nmol/kg for liver.",,,,,,,,,
pmid_single_rel,7067755,1982,Albuterol,@CHEMICAL_Albuterol,Cough,@DISEASE_Cough,86,1,1,1,False,False,"[{""drug_name"": ""Albuterol"", ""drug_id"": ""@CHEMICAL_Albuterol"", ""disease_name"": ""Cough"", ""disease_id"": ""@DISEASE_Cough"", ""pub_year"": 1982, ""pmid_count_pair"": 86}]",45,Persistent cough a forme-fruste of asthma.,Fifteen children presented with persistent cough as the sole complaint. Physical examination was entirely within normal limits. Personal and family histories of atopy and blood eosinophilia suggested an allergic diathesis. Chest radiographs showed hyperinflation in many and spirometry showed bronchospasm in all the children studied. The added observation that theophylline and salbutamol were effective suggests that the condition is a manifestation of asthma.,,,,,,,,,
pmid_single_rel,33993949,2021,Ondansetron,@CHEMICAL_Ondansetron,Colic,@DISEASE_Colic,5,1,1,1,False,False,"[{""drug_name"": ""Ondansetron"", ""drug_id"": ""@CHEMICAL_Ondansetron"", ""disease_name"": ""Colic"", ""disease_id"": ""@DISEASE_Colic"", ""pub_year"": 2021, ""pmid_count_pair"": 5}]",46,Does Intravenous Ondansetron Affect the Intestinal Motility Pattern in Healthy Donkeys (Equus asinus)?,"The current study was undertaken to investigate the effect of intravenous administration of ondansetron on the small and large intestinal motility in donkeys (Equus asinus) using non-invasive transabdominal ultrasonography. The current prospective, randomized, placebo-controlled, crossover study was conducted on thirty healthy donkeys (15 males and 15 females). The selected donkeys underwent two trials; the first was performed by intravenous administration of saline solution as a placebo, while the second was carried out by intravenous administration of ondansetron hydrochloride. The contractility of selected portions of both the small intestine (duodenum and jejunum) and the large intestine (left colon, right colon, and cecum) was counted over a period of 3 minutes before administration (zero time) and at 15, 30, 60, 90, 120, 180, and 240 minutes after administration. The results of this study showed that ondansetron significantly altered the small and large intestinal contractility compared to normal saline. Intravenous administration of ondansetron induced a significant decrease in the duodenal, jejunal and cecal contractility compared to placebo at 30, 60, 90, and 120 minutes after administration. Likewise, ondansetron induced a significant decrease in the left colon and right colon contractility when compared with placebo at 30, 60, 90, 120, and 180 minutes following administration. Ondansetron can be used as a highly specific and selective serotonin 5-HT<sub>3</sub> receptor antagonist for reducing the small and large intestinal motility in donkeys, and is therefore highly suggested for treating spasmodic colic in equine.",,,,,,,,,
pmid_single_rel,27285856,2016,Adalimumab,@CHEMICAL_Adalimumab,Drug Related Side Effects and Adverse Reactions,@DISEASE_Drug_Related_Side_Effects_and_Adverse_Reactions,37,1,1,1,False,False,"[{""drug_name"": ""Adalimumab"", ""drug_id"": ""@CHEMICAL_Adalimumab"", ""disease_name"": ""Drug Related Side Effects and Adverse Reactions"", ""disease_id"": ""@DISEASE_Drug_Related_Side_Effects_and_Adverse_Reactions"", ""pub_year"": 2016, ""pmid_count_pair"": 37}]",47,"Comparison of the pharmacokinetics, safety, and immunogenicity of MSB11022, a biosimilar of adalimumab, with Humira(®) in healthy subjects.","The aim of the study was to compare the pharmacokinetics (PK), safety and tolerability of the proposed adalimumab biosimilar MSB11022 (Merck) with Humira(®) (AbbVie), sourced from both the US (US reference product [US-RP]) and Europe (European reference medicinal product [EU-RMP]). In this phase 1 double-blind, parallel group trial (EMR200588-001), 213 healthy volunteers were randomized 1 : 1 : 1 to receive a single dose (40 mg) of MSB11022, US-RP or EU-RMP in order to achieve 80% power assuming a 5% difference among groups and a 10% dropout rate. Following a preplanned blinded sample size re-assessment after more than 50% of the originally planned subjects had been observed, the sample size was increased to 237 (79 per arm) to ensure 213 completers. Primary PK endpoints analyzed by non-compartmental methods, were area under the curve (AUC) from time 0 extrapolated to infinity (AUC(0,∞)), maximum observed concentration (Cmax ), and AUC from time 0 to the last quantifiable concentration (AUC(0,tlast )). PK equivalence was declared if the 90% CI for the test : reference ratio lay within the 80-125% equivalence margin. Bioequivalence was demonstrated if all three PK parameters met the PK equivalence criteria. Safety and tolerability were also evaluated. Mean serum concentration-time profiles for the three treatments were similar. MSB11022 demonstrated PK equivalence to US-RP and EU-RMP for all primary endpoints. The geometric means of AUC(0,∞), Cmax and AUC(0,tlast ) following a single dose of MSB11022 were 2276.05 μg ml(-1)  h, 3.44 μg ml(-1)   and 1983.90 μg ml(-1)  h, respectively. Adverse events (AEs) were similar across all groups, with treatment-emergent AEs (TEAEs) reported by 62.8%, 56.3% and 62.0% of subjects within the MSB11022, US-RP and EU-RMP groups, respectively. Most of the TEAEs were considered mild and unrelated to study drug. No deaths or severe AEs related to the study drug were reported. Bioequivalence between MSB11022, US-RP and EU-RMP was demonstrated. Safety, tolerability and immunogenicity profiles were similar between subjects receiving MSB11022 and US-RP or EU-RMP. These data support the further clinical evaluation of MSB11022 as a proposed biosimilar of adalimumab.",,,,,,,,,
pmid_single_rel,19409657,2010,Sulfamethoxazole,@CHEMICAL_Trimethoprim_Sulfamethoxazole_Drug_Combination,Abscess,@DISEASE_Abscess,100,1,1,1,False,False,"[{""drug_name"": ""Sulfamethoxazole"", ""drug_id"": ""@CHEMICAL_Trimethoprim_Sulfamethoxazole_Drug_Combination"", ""disease_name"": ""Abscess"", ""disease_id"": ""@DISEASE_Abscess"", ""pub_year"": 2010, ""pmid_count_pair"": 100}]",48,"Randomized, controlled trial of antibiotics in the management of community-acquired skin abscesses in the pediatric patient.","Emergency department visits for skin and soft tissue infections are increasing with the discovery of community-acquired methicillin-resistant Staphylococcus aureus. Whether abscesses treated surgically also require antibiotics is controversial. There are no published pediatric randomized controlled trials evaluating the need for antibiotics in skin abscess management. We determine the benefits of antibiotics in surgically managed pediatric skin abscesses. This was a double-blind, randomized, controlled trial. Pediatric patients were randomized to receive 10 days of placebo or trimethoprim-sulfamethoxazole after incision and draining. Follow-up consisted of a visit/call at 10 to 14 days and a call at 90 days. Primary outcome was treatment failure at the 10-day follow-up. Secondary outcome was new lesion development at the 10- and 90-day follow-ups. Noninferiority of placebo relative to trimethoprim-sulfamethoxazole for primary and secondary outcomes was assessed. One hundred sixty-one patients were enrolled, with 12 lost to follow-up. The failure rates were 5.3% (n=4/76) and 4.1% (n=3/73) in the placebo and antibiotic groups, respectively, yielding a difference of 1.2%, with a 1-sided 95% confidence interval (CI) (-infinity to 6.8%). Noninferiority was established with an equivalence threshold of 7%. New lesions occurred at the 10-day follow-up: 19 on placebo (26.4%) and 9 on antibiotics (12.9%), yielding a difference of 13.5%, with 95% 1-sided CI (-infinity to 24.3%). At the 3-month follow-up, 15 of 52 (28.8%) in the placebo group and 13 of 46 (28.3%) in the antibiotic group developed new lesions. The difference was 0.5%, with 95% 1-sided CI (-infinity to 15.6%). Antibiotics are not required for pediatric skin abscess resolution. Antibiotics may help prevent new lesions in the short term, but further studies are required.",,,,,,,,,
pmid_single_rel,40828686,2025,Methylprednisolone,@CHEMICAL_Methylprednisolone,Death,@DISEASE_Death,100,1,1,1,False,False,"[{""drug_name"": ""Methylprednisolone"", ""drug_id"": ""@CHEMICAL_Methylprednisolone"", ""disease_name"": ""Death"", ""disease_id"": ""@DISEASE_Death"", ""pub_year"": 2025, ""pmid_count_pair"": 100}]",49,Use of Machine Learning to Derive Discrete Clinical Phenotypes and Assess Treatment-Effect Heterogeneity in the Steroids in Cardiac Surgery Trial Dataset.,"Robust clinical trial data provide a key component for the development of evidence-informed medicine. However, clinical trial data may demonstrate treatment-effect heterogeneity, where some patients benefit from an intervention while others receive no benefit or perhaps even harm. If so, targeted therapy or a ""personalized medicine"" approach could provide treatment to a certain patient subset, that is, a specific clinical phenotype, who are most likely to benefit. Using data from the Steroids in Cardiac Surgery (SIRS) clinical trial, we tested the hypothesis that methylprednisolone, which did not have a significant effect on mortality or major morbidity, improves outcomes in 1 or more clinical phenotypes. We used the partitioning around medoids algorithm to derive phenotypic clusters using 30 preoperative variables in a Cleveland Clinic cardiac surgery developmental dataset. Patients in the SIRS trial were assigned to the derived clusters. Methylprednisolone-response heterogeneity was evaluated among SIRS patients for the coprimary outcomes of 30-day mortality and composite of death and major morbidity. This was accomplished by fitting separate logistic regression models for each outcome and evaluating the interaction between treatment groups and assigned phenotypic cluster. The 16,395 patients in the developmental dataset were clustered into 4 phenotypes: younger and healthier; mid-age and moderately sick; oldest, sicker and more aortic valve surgery; sickest, more coronary artery bypass grafting (CABG) and low left ventricular ejection fraction (LVEF). The phenotypes had differing risk profiles and were associated with patient outcomes. For example, patients in sickest, high CABG and low LVEF group were at highest risk amongst all phenotypes, with significantly increased odds of experiencing a composite of mortality and severe morbidity (odds ratio [OR]: 3.4, 95% confidence interval [CI], 2.4-4.8) compared to younger and healthier group. When clustering was applied to the SIRS trial dataset (N = 6836), patients in the sickest, more CABG and low LVEF group similarly represented the highest-risk category for mortality and severe morbidity (OR: 2.1; 95% CI, 1.6-2.9). After examining the treatment-effect in each phenotype, we did not find evidence that methylprednisolone treatment-effect on the coprimary outcomes differed by phenotypes (all treatment-phenotype interaction term P > .05). Despite substantial differences in preoperative risk profiles, findings were neutral for methylprednisolone across all phenotypes. However, the general concept of evaluating trial results across clinical phenotypes represents a novel approach to identify subgroup differences in treatment-effect and to collect preliminary evidence of potential benefit with targeted therapy.",,,,,,,,,
pmid_multi_rel,32053908,2020,Doxycycline,@CHEMICAL_Doxycycline,Breast Neoplasms,@DISEASE_Breast_Neoplasms,59,3,1,3,True,False,"[{""drug_name"": ""Doxycycline"", ""drug_id"": ""@CHEMICAL_Doxycycline"", ""disease_name"": ""Breast Neoplasms"", ""disease_id"": ""@DISEASE_Breast_Neoplasms"", ""pub_year"": 2020, ""pmid_count_pair"": 59}, {""drug_name"": ""Doxycycline"", ""drug_id"": ""@CHEMICAL_Doxycycline"", ""disease_name"": ""Drug Related Side Effects and Adverse Reactions"", ""disease_id"": ""@DISEASE_Drug_Related_Side_Effects_and_Adverse_Reactions"", ""pub_year"": 2020, ""pmid_count_pair"": 70}, {""drug_name"": ""Doxycycline"", ""drug_id"": ""@CHEMICAL_Doxycycline"", ""disease_name"": ""Mitochondrial Diseases"", ""disease_id"": ""@DISEASE_Mitochondrial_Diseases"", ""pub_year"": 2020, ""pmid_count_pair"": 18}]",50,Complex Mitochondrial Dysfunction Induced by TPP<sup>+</sup>-Gentisic Acid and Mitochondrial Translation Inhibition by Doxycycline Evokes Synergistic Lethality in Breast Cancer Cells.,"The mitochondrion has emerged as a promising therapeutic target for novel cancer treatments because of its essential role in tumorigenesis and resistance to chemotherapy. Previously, we described a natural compound, 10-((2,5-dihydroxybenzoyl)oxy)decyl) triphenylphosphonium bromide (GA-TPP<sup>+</sup>C<sub>10</sub>), with a hydroquinone scaffold that selectively targets the mitochondria of breast cancer (BC) cells by binding to the triphenylphosphonium group as a chemical chaperone; however, the mechanism of action remains unclear. In this work, we showed that GA-TPP<sup>+</sup>C<sub>10</sub> causes time-dependent complex inhibition of the mitochondrial bioenergetics of BC cells, characterized by (1) an initial phase of mitochondrial uptake with an uncoupling effect of oxidative phosphorylation, as previously reported, (2) inhibition of Complex I-dependent respiration, and (3) a late phase of mitochondrial accumulation with inhibition of α-ketoglutarate dehydrogenase complex (αKGDHC) activity. These events led to cell cycle arrest in the G1 phase and cell death at 24 and 48 h of exposure, and the cells were rescued by the addition of the cell-penetrating metabolic intermediates l-aspartic acid β-methyl ester (mAsp) and dimethyl α-ketoglutarate (dm-KG). In addition, this unexpected blocking of mitochondrial function triggered metabolic remodeling toward glycolysis, AMPK activation, increased expression of proliferator-activated receptor gamma coactivator 1-alpha (<i>pgc1α</i>) and electron transport chain (ETC) component-related genes encoded by mitochondrial DNA and downregulation of the uncoupling proteins <i>ucp3</i> and <i>ucp4</i>, suggesting an AMPK-dependent prosurvival adaptive response in cancer cells. Consistent with this finding, we showed that inhibition of mitochondrial translation with doxycycline, a broad-spectrum antibiotic that inhibits the 28 S subunit of the mitochondrial ribosome, in the presence of GA-TPP<sup>+</sup>C<sub>10</sub> significantly reduces the mt-CO1 and VDAC protein levels and the FCCP-stimulated maximal electron flux and promotes selective and synergistic cytotoxic effects on BC cells at 24 h of treatment. Based on our results, we propose that this combined strategy based on blockage of the adaptive response induced by mitochondrial bioenergetic inhibition may have therapeutic relevance in BC.",,,,,,,,,
pmid_single_rel,3492413,1986,Aspirin,@CHEMICAL_Aspirin,Tooth Loss,@DISEASE_Tooth_Loss,14,1,1,1,False,False,"[{""drug_name"": ""Aspirin"", ""drug_id"": ""@CHEMICAL_Aspirin"", ""disease_name"": ""Tooth Loss"", ""disease_id"": ""@DISEASE_Tooth_Loss"", ""pub_year"": 1986, ""pmid_count_pair"": 14}]",51,Double blind controlled study on the effect of sucralfate on gastric prostaglandin formation and microbleeding in normal and aspirin treated man.,"Two groups A and B each comprising 12 healthy young male subjects were used in a double blind, placebo controlled trial to assess the effects of 1.0 g sucralfate qid on prostaglandin (PG) generation and mucosal integrity in the intact and aspirin-treated stomach. Mucosal formation and luminal release of PGE2, 6-keto-PGE1 alpha and thromboxane B2, gastric microbleeding and DNA loss (integrity indicators) and basal and pentagastrin induced acid secretion were measured after placebo and sucralfate treatment in subjects without (group A) and with administration of 2.5 g aspirin (group B). Sucralfate significantly reduced spontaneous gastric microbleeding and DNA loss in group A and prevented blood loss but not DNA loss caused by aspirin in group B. The protective effects of sucralfate on spontaneous gastric microbleeding were accompanied by increased mucosal biosynthesis and luminal release of PGE2 and 6-keto-PGF1 alpha with a reduction in release of thromboxane B2. In aspirin treated subjects both mucosal generation and luminal release of prostaglandins and thromboxane B2 were greatly suppressed although sucralfate treatment did not influence these prostaglandins in spite of the reduction in mucosal damage. It is concluded that sucralfate has a potent protective action on spontaneous and aspirin treated gastric microbleeding in man and that this protection may be partly because of the increased mucosal biosynthesis of prostaglandins.",,,,,,,,,
pmid_single_rel,34641716,2021,Aspirin,@CHEMICAL_Aspirin,Hearing Loss Sensorineural,@DISEASE_Hearing_Loss_Sensorineural,12,1,1,1,False,False,"[{""drug_name"": ""Aspirin"", ""drug_id"": ""@CHEMICAL_Aspirin"", ""disease_name"": ""Hearing Loss Sensorineural"", ""disease_id"": ""@DISEASE_Hearing_Loss_Sensorineural"", ""pub_year"": 2021, ""pmid_count_pair"": 12}]",52,Atrial Fibrillation Is Not Associated With Sudden Sensorineural Hearing Loss.,"The aim of this study is to assess the association between atrial fibrillation (AF) and sudden sensorineural hearing loss (SSNHL). This study was conducted by searching the longitudinal health insurance database of the Taiwan National Health Insurance Program for relevant information from January 1, 2000, to December 31, 2011. Patients with AF were matched with non-AF controls with a 1:1 strategy according to propensity scores. Multiple logistic regression analyses were performed to determine the risk of SSNHL. In total, 14 698 patients with AF were matched with the same number of non-AF patients as controls. After propensity score matching, the use of antiplatelet or anticoagulation medications and the occurrence of SSNHL were found to have a significant difference between AF and non-AF patients. The occurrence of SSNHL was found to be higher in men, those of 45 to 74 years old, and patients with hypertension in both AF and non-AF groups. Multiple logistic regression analyses revealed that male gender, age between 45 and 74 years, hyperlipidemia, and hypertension are risk factors for SSNHL. The use of aspirin was found to reduce the rate of SSNHL (odds ratio [OR]: 0.67, 95% CI: 0.49-0.94, <i>P</i> = .019), but AF was not found to be a risk factor for SSNHL (OR: 0.89, 95% CI: 0.64-1.23, <i>P</i> = .467). The association between AF and SSNHL is not significant.",,,,,,,,,
pmid_single_rel,33571374,2021,Progesterone,@CHEMICAL_Progesterone,Ovarian Cysts,@DISEASE_Ovarian_Cysts,100,1,1,1,False,False,"[{""drug_name"": ""Progesterone"", ""drug_id"": ""@CHEMICAL_Progesterone"", ""disease_name"": ""Ovarian Cysts"", ""disease_id"": ""@DISEASE_Ovarian_Cysts"", ""pub_year"": 2021, ""pmid_count_pair"": 100}]",53,"Melatonergic systems of AANAT, melatonin, and its receptor MT2 in the corpus luteum are essential for reproductive success in mammals†.","Corpus luteum (CL) plays a critical role in mammalian reproductive physiology. Its dysfunction will lead to infertility or habitual abortion. In the current study, by use of melatonin specific membrane receptor 2 (MT2) knocking out (KO) mice model combined with RNA-Seq, immunohistochemistry, and immunofluorescence analyses, the genes of melatonin synthetic enzyme arylalkylamine N-acetyltransferase (AANAT) and MT2 were identified to strongly express in the CL of sows and mice. KO MT2 significantly impaired the reproductive performance in mice indicated by the reduced litter sizes. Melatonin treatment elevated the progesterone production in sows suggesting the improved CL function. Mechanistic analysis showed that melatonin upregulated a set of progesterone synthesis-related genes including cytochrome P450 family 11 subfamily A member 1 (Cyp11a1), aldo-keto reductase family 1, member C18 (Akr1c18), isopentenyl-diphosphate delta isomerase 1 (Idi1), and luteinizing hormone/choriogonadotropin receptor (Lhcgr). The upregulation of these genes directly related to the increased progesterone production. The regulatory effects of melatonin on these gene expressions were mediated by MT2 and MT2KO diminished the effects of melatonin in this respect. Thus, the presence of melatonergic system of AANAT, melatonin, and its receptor MT2 in CL is essential for reproductive success in mammals.",,,,,,,,,
pmid_single_rel,33678733,2021,Prednisolone,@CHEMICAL_Prednisolone,Diabetic Ketoacidosis,@DISEASE_Diabetic_Ketoacidosis,7,1,1,1,False,False,"[{""drug_name"": ""Prednisolone"", ""drug_id"": ""@CHEMICAL_Prednisolone"", ""disease_name"": ""Diabetic Ketoacidosis"", ""disease_id"": ""@DISEASE_Diabetic_Ketoacidosis"", ""pub_year"": 2021, ""pmid_count_pair"": 7}]",54,Relationship between anti-insulin antibody production and severe insulin resistance in a diabetic cat.,"A 5-year-old castrated male domestic shorthair cat was diagnosed with diabetic ketoacidosis and severe insulin resistance. Although the conventional treatment for diabetic ketoacidosis was provided, the cat required frequent hospitalization because of severe dehydration and repeated diabetic ketoacidosis. We detected anti-insulin antibodies for human in this cat. Serum insulin-binding IgG levels were markedly elevated compared with those in healthy cats and other diabetic cats. We initiated prednisolone to suppress the effects of anti-insulin antibodies. After initiation of prednisolone, the cat was gradually recovered with increasing activity and appetite. Furthermore, satisfactory glycemic control was achieved with combined subcutaneous injection of insulin detemir and insulin degludec.",,,,,,,,,
pmid_multi_rel,35199774,2021,Warfarin,@CHEMICAL_Warfarin,Sinus Thrombosis Intracranial,@DISEASE_Sinus_Thrombosis_Intracranial,83,3,1,3,True,False,"[{""drug_name"": ""Warfarin"", ""drug_id"": ""@CHEMICAL_Warfarin"", ""disease_name"": ""Sinus Thrombosis Intracranial"", ""disease_id"": ""@DISEASE_Sinus_Thrombosis_Intracranial"", ""pub_year"": 2021, ""pmid_count_pair"": 83}, {""drug_name"": ""Warfarin"", ""drug_id"": ""@CHEMICAL_Warfarin"", ""disease_name"": ""Infarction"", ""disease_id"": ""@DISEASE_Infarction"", ""pub_year"": 2021, ""pmid_count_pair"": 82}, {""drug_name"": ""Warfarin"", ""drug_id"": ""@CHEMICAL_Warfarin"", ""disease_name"": ""Headache"", ""disease_id"": ""@DISEASE_Headache"", ""pub_year"": 2021, ""pmid_count_pair"": 90}]",55,Dural Venous Sinus Thrombosis: A Case Report.,"Dural Venous Sinus Thrombosis is the formation of blood clot within the cerebral sinus. It is very rare case with varying clinical presentation. It has non-specific signs and symptoms ranging from headache, papilledema, seizures, focal neurological deficits and mental state changes which is caused by genetic and acquired prothrombotic states, infections, inflammatory disease and trauma. Magnetic Resonance Imaging with Magnetic Resonance Venography is the specific imaging technique for the diagnosis. We have described a case of a patient who presented with headache over the temporal and occipital region and was disoriented. The Computed Tomography, Magnetic Resonance Imaging, Magnetic Resonance Venography report revealed presence of thrombus in the transverse and sigmoid sinus with hemorrhagic infarcts. He was then treated with anticoagulants Low Molecular Weight Heparin which was further substituted by Warfarin.",,,,,,,,,
pmid_single_rel,17877518,2007,Ondansetron,@CHEMICAL_Ondansetron,Gastroenteritis,@DISEASE_Gastroenteritis,100,1,1,1,False,False,"[{""drug_name"": ""Ondansetron"", ""drug_id"": ""@CHEMICAL_Ondansetron"", ""disease_name"": ""Gastroenteritis"", ""disease_id"": ""@DISEASE_Gastroenteritis"", ""pub_year"": 2007, ""pmid_count_pair"": 100}]",56,Meta-analysis: ondansetron for vomiting in acute gastroenteritis in children.,,,,,,,,,,
pmid_single_rel,37977898,2023,Metformin,@CHEMICAL_Metformin,Glucose Intolerance,@DISEASE_Glucose_Intolerance,100,1,1,1,False,False,"[{""drug_name"": ""Metformin"", ""drug_id"": ""@CHEMICAL_Metformin"", ""disease_name"": ""Glucose Intolerance"", ""disease_id"": ""@DISEASE_Glucose_Intolerance"", ""pub_year"": 2023, ""pmid_count_pair"": 100}]",57,"Senotherapy, cancer, and aging.","We aimed to highlight the effects of senotherapy on the prevention and treatment of cancer in older individuals. The aim of senotherapy is to eliminate senescent cells. These cells express the senescence-associated secretory phenotype (SASP). With production of inflammatory cytokines, growth factors, and different type of proteases, the SASP is responsible for aging-associated disability and diseases. All mammalian cells experience senescence. The main agents of aging include fibroblasts and adipose cells. Senescent tumor cells may undergo genomic reprogramming and re-enter cell cycle with a stem cell phenotype. We conducted a Medline search for the following key words: senotherapy, senolysis, senomorphic agents. We provide a narrative review of the finding. Different agents may eliminate senescent cells from cell cultures and murine models. These include metformin, rapamycin, desatinib, quercitin, fisetin, ruloxitinib, and BCL2 inhibitors. A randomized controlled study of metformin in 3,000 patients aged 65-79 without glucose intolerance aiming to establish whether senotherapy may prevent or reverse disability and aging associated diseases, including cancer, is ongoing. Senotherapy prolongs the life span and decreases the incidence of cancer in experimental animal models, as well as delays and reverses disability. Senescent tumor cells are found prior to treatment and after chemotherapy and radiation. These elements may be responsible for tumor recurrence and treatment refractoriness. Senotherapy may have substantial effects on cancer management including decreased incidence and aggressiveness of cancer, improved tolerance of antineoplastic treatment, and prevention of relapse after primary treatment. Senotherapy may ameliorate several complications of cancer chemotherapy.",,,,,,,,,
pmid_single_rel,9824142,1998,Prednisolone,@CHEMICAL_Prednisolone,Bone Diseases Metabolic,@DISEASE_Bone_Diseases_Metabolic,44,1,1,1,False,False,"[{""drug_name"": ""Prednisolone"", ""drug_id"": ""@CHEMICAL_Prednisolone"", ""disease_name"": ""Bone Diseases Metabolic"", ""disease_id"": ""@DISEASE_Bone_Diseases_Metabolic"", ""pub_year"": 1998, ""pmid_count_pair"": 44}]",58,Osteoporosis and determinants of bone density in patients with Crohn's disease.,"Low bone mineral density (BMD) is common in patients with Crohn's disease; however, the pathogenesis of bone loss and risk factors for osteoporosis are not established. Our aim was to evaluate the clinical, dietary, and nutritional determinants of BMD in Crohn's disease. A cross-sectional analysis of 117 patients with Crohn's disease was undertaken. All patients underwent a clinical and dietary evaluation including assessment of nutritional state and life-style. BMD was measured at the hip and lumbar spine by dual-energy x-ray absorptiometry; and z scores obtained by comparison with age- and sex-matched normal values for the healthy UK population. Multiple regression analysis was used to assess associations between BMD and potential risk factors, allowing for possible confounding variables. Thirteen (11%) patients had osteoporosis (z score < -2), with osteopenia (z score < -1, > -2) in a further 34 (29%). Patients with jejunal disease had significantly lower BMD at the spine (P = 0.03) and femoral neck (P = 0.02) than those with disease at other sites. Mean BMD was significantly lower at the hip of patients with previous bowel resection (diff in means = 0.53, 95% CI -0.97, -0.08, P = 0.02), but type of surgery was not significant. Active disease, menstrual history, diet, level of physical activity, and smoking were not associated with low bone mass. At the lumbar spine, body weight (P < 0.0001), male sex (P < 0.0001), and current prednisolone use (P < 0.02) were independently predictive of low bone mass. Body weight (P < 0.0001), male sex (P < 0.0001), and cumulative steroid dose (P = 0.02) were predictive at the femoral neck. The major determinants of BMD in Crohn's disease are body weight, current steroid use, and cumulative steroid dose. Men with Crohn's disease are at greatest risk of osteoporosis, with jejunal involvement and previous bowel resection also contributing to the low bone mineral density.",,,,,,,,,
pmid_single_rel,24867609,2014,Methylprednisolone,@CHEMICAL_Methylprednisolone,Myelitis,@DISEASE_Myelitis,45,1,1,1,False,False,"[{""drug_name"": ""Methylprednisolone"", ""drug_id"": ""@CHEMICAL_Methylprednisolone"", ""disease_name"": ""Myelitis"", ""disease_id"": ""@DISEASE_Myelitis"", ""pub_year"": 2014, ""pmid_count_pair"": 45}]",59,Acute human T-lymphotropic virus type I-associated myelitis: a rare case successfully treated with intravenous pulse methylprednisolone.,,,,,,,,,,
pmid_single_rel,19909684,2009,Warfarin,@CHEMICAL_Warfarin,Edema,@DISEASE_Edema,89,1,1,1,False,False,"[{""drug_name"": ""Warfarin"", ""drug_id"": ""@CHEMICAL_Warfarin"", ""disease_name"": ""Edema"", ""disease_id"": ""@DISEASE_Edema"", ""pub_year"": 2009, ""pmid_count_pair"": 89}]",60,Iatrogenic venous pseudoaneurysm: case report and review of the literature.,"Iatrogenic venous pseudoaneurysm following venipuncture is an extremely rare complication of a very common medical procedure. A review of the vascular surgical literature revealed that only two cases of venous pseudoaneurysm secondary to venipuncture have been reported in the past half-century. We report the case of a 64-year-old anticoagulated male with a 7-month history of right arm swelling after venipuncture. The patient, on warfarin therapy for chronic atrial fibrillation, described progressive swelling at a previous venipuncture site. He eventually underwent limited two-dimensional ultrasonography, performed for a suspected hematoma, revealing a 4.3 x 3.3 x 2.0 cm pseudoaneurysm of the right basilic vein. These findings were later confirmed by a formal venous duplex sonogram. Similar to other forms of aneurysm and focal vascular dilation, the risks of venous psuedoaneurysm include embolism, thrombosis, and the compression of adjacent structures. Although both thrombin injection and coil embolization have been described as nonsurgical treatment options for arterial pseudoaneurysms, surgical resection may be the most appropriate approach for those with a venous equivalent. The segment of basilic vein containing the pseudoaneurysm was resected. This case demonstrates the need for physicians to consider venous pseudoaneurysm as a possible complication of venipuncture in individuals undergoing anticoagulation therapy.",,,,,,,,,
pmid_single_rel,20501002,2010,Warfarin,@CHEMICAL_Warfarin,Edema,@DISEASE_Edema,89,1,1,1,False,False,"[{""drug_name"": ""Warfarin"", ""drug_id"": ""@CHEMICAL_Warfarin"", ""disease_name"": ""Edema"", ""disease_id"": ""@DISEASE_Edema"", ""pub_year"": 2010, ""pmid_count_pair"": 89}]",61,Remnants of a 35-year-old ventriculo-atrial shunt presenting as orofacial pain.,"A 36-year-old man presented to his general dental practitioner with pain in the right jaw and neck. This was initially treated as a dento-alveolar abscess. Three days later, he presented to the oral and maxillofacial unit with neck swelling to the right side. An ultrasound confirmed the swelling was due to thrombosis associated with remnants of a ventriculo-atrial (VA) shunt in the right internal jugular vein. This had been placed during the patient's infancy and apparently removed at the age of 8 years. The patient was treated conservatively with warfarin and Coamoxyclav. The patient made a full recovery and was placed on long-term anticoagulant therapy. The introduction of cerebral spinal fluid shunt procedures for the treatment of hydrocephalus has resulted in a reduction in the mortality rate from 80% to 15-20%. Various thrombo-embolic complications have been described with VA shunts. A thorough medical history is absolutely essential in order to identify uncommon causes of common presentations.",,,,,,,,,
pmid_single_rel,35880564,2022,Warfarin,@CHEMICAL_Warfarin,Hypertension,@DISEASE_Hypertension,85,1,1,1,False,False,"[{""drug_name"": ""Warfarin"", ""drug_id"": ""@CHEMICAL_Warfarin"", ""disease_name"": ""Hypertension"", ""disease_id"": ""@DISEASE_Hypertension"", ""pub_year"": 2022, ""pmid_count_pair"": 85}]",62,Establishment of a prediction algorithm for the Honghe minority group based on warfarin maintenance dose.,"<b>Background:</b><i>CYP2C9</i> and <i>VKORC1</i> are important factors in warfarin metabolism. The authors explored the effects of these genetic polymorphisms and clinical factors on a warfarin maintenance dose and then established the prediction algorithm for Honghe minorities in China. <b>Materials & methods:</b> Quantitative fluorescence PCR determined the mutation frequency of <i>CYP2C9</i> and <i>VKORC1-1639</i> G>A alleles. The authors collected the relevant clinical factors, including age, gender, body surface area (BSA), international normalized ratio value, daily warfarin dose, comorbidity and concomitant prescriptions. <b>Results:</b> The mean values of BSA and international normalized ratio in Honghe minorities were lower than in Han Chinese (p = 0.00). The genotype of <i>CYP2C9*1/*1</i> and <i>VKORC1</i>-<i>1639</i> AA was the main allele, the mutationfrequency of <i>VKORC1-1639</i> AA and the number of male of Honghe minorities were lower than that of Han Chinese (p = 0.013 and p = 0.04). The significances of the effect on actual warfarin dose value were gender, <i>VKORC1</i> AA mutant, <i>CYP2C9*1/*1</i>, age, hypertension and BSA sequentially. <b>Conclusion:</b> By multiple linear regression analysis with genetic and clinical factors, the authors determined a prediction algorithm for adjusting individual dosing of warfarin in this population. Clinical trial registration number: ChiCTR2100051778.",,,,,,,,,
pmid_single_rel,10353450,1999,Testosterone,@CHEMICAL_Testosterone,Schizophrenia,@DISEASE_Schizophrenia,51,1,1,1,False,False,"[{""drug_name"": ""Testosterone"", ""drug_id"": ""@CHEMICAL_Testosterone"", ""disease_name"": ""Schizophrenia"", ""disease_id"": ""@DISEASE_Schizophrenia"", ""pub_year"": 1999, ""pmid_count_pair"": 51}]",63,"Serum testosterone levels, mental disorders and criminal behaviour.","Although previous studies have revealed an association between androgens and aggression, there is a lack of knowledge of this issue in different mental disorders. The associations between serum testosterone levels and criminal behaviour in different mental disorders were examined using data collected from forensic psychiatric male patients (20 schizophrenics and 42 subjects with personality disorders). Male criminals with personality disorders had significantly higher serum levels of total and free testosterone than criminal schizophrenics. Among schizophrenics, total (P=0.01) and free testosterone (P=0.01) declined significantly more with age compared to healthy controls and patients with personality disorders, and also correlated with duration of neuroleptic drug use (r=-0.60, P=0.000 for total and r=-0.46, P=0.0001 for free testosterone). The recidivists with personality disorder had higher total (P=0.04) and free testosterone (P=0.05) levels than non-recidivists with personality disorder. Personality disordered criminals with multiple offences had high serum testosterone levels. The low testosterone concentrations among schizophrenics may be due either to long-term use of neuroleptic agents or to the mental illness itself and its possible inhibition of the pituitary-gonadal axis.",,,,,,,,,
pmid_multi_rel,12120901,2002,Propranolol,@CHEMICAL_Propranolol,Blood Platelet Disorders,@DISEASE_Blood_Platelet_Disorders,50,2,1,2,True,False,"[{""drug_name"": ""Propranolol"", ""drug_id"": ""@CHEMICAL_Propranolol"", ""disease_name"": ""Blood Platelet Disorders"", ""disease_id"": ""@DISEASE_Blood_Platelet_Disorders"", ""pub_year"": 2002, ""pmid_count_pair"": 50}, {""drug_name"": ""Propranolol"", ""drug_id"": ""@CHEMICAL_Propranolol"", ""disease_name"": ""Hypertension Renal"", ""disease_id"": ""@DISEASE_Hypertension_Renal"", ""pub_year"": 2002, ""pmid_count_pair"": 11}]",64,Propranolol modifies platelet serotonergic mechanisms in rats.,"Though the mechanisms for the vascular actions of vasodilatory beta-blockers are mostly determined, some of their interactions with monoaminergic systems are not elucidated. Because there are evidences supporting a possible involvement of serotonin (5-HT) in the actions of beta-blockers, we studied the effect of propranolol on peripheral serotonergic mechanisms in normotensive and Goldblatt two-kidney - one clip (2K1C) hypertensive rats. In both groups of animals propranolol decreased systolic blood pressure, significantly increased whole blood serotonin concentration and at the same time it decreased platelet serotonin level. The uptake of the amine by platelets from hypertensive animals was lower than that of normotensive animals and it was decreased by propranolol only in the latter. In both groups propranolol inhibited potentiation of ADP-induced platelet aggregation by serotonin. In conclusion, this study provides evidence that propranolol modifies platelet serotonergic mechanisms in normotensive and renal hypertensive rats.",,,,,,,,,
pmid_multi_rel,18992721,2009,Dextroamphetamine,@CHEMICAL_Dextroamphetamine,Sleep Wake Disorders,@DISEASE_Sleep_Wake_Disorders,10,3,1,3,True,False,"[{""drug_name"": ""Dextroamphetamine"", ""drug_id"": ""@CHEMICAL_Dextroamphetamine"", ""disease_name"": ""Sleep Wake Disorders"", ""disease_id"": ""@DISEASE_Sleep_Wake_Disorders"", ""pub_year"": 2009, ""pmid_count_pair"": 10}, {""drug_name"": ""Dextroamphetamine"", ""drug_id"": ""@CHEMICAL_Dextroamphetamine"", ""disease_name"": ""Epileptic encephalopathy Lennox Gastaut type"", ""disease_id"": ""@DISEASE_Epileptic_encephalopathy_Lennox_Gastaut_type"", ""pub_year"": 2009, ""pmid_count_pair"": 2}, {""drug_name"": ""Dextroamphetamine"", ""drug_id"": ""@CHEMICAL_Dextroamphetamine"", ""disease_name"": ""Embolism Paradoxical"", ""disease_id"": ""@DISEASE_Embolism_Paradoxical"", ""pub_year"": 2009, ""pmid_count_pair"": 1}]",65,Electrophysiological correlates of sleep disturbance induced by acute and chronic administration of D-amphetamine.,"Sleep disturbance is the strongest predictor of manic relapse and is considered one of the most important objective measures of treatment response in bipolar disorder (BD). However, the neurobiological mechanisms underlying sleep disturbance in BD are poorly understood. The administration of psychostimulants to rodents can trigger a number of manic-like behaviors. Therefore, the present study aims to investigate the effects of single and repeated D-amphetamine (AMPH) administration on sleep patterns in rats. Sleep was continuously monitored during light periods after single and repeated (7 days) injections of AMPH (2 mg/kg, i.p.) or saline in adult Wistar rats using electrocorticogram and electromyographic recordings. Acute injections of AMPH suppressed sleep for the first 2 h, and were followed by a gradual increase in the amount of sleep. Both slow wave sleep (SWS) and paradoxical sleep (PS) were compromised. Repeated exposure to AMPH led to a drastic disruption of the sleep-wake cycle that was mainly characterized by a decrease of PS during all time-points recorded in comparison to the saline group. Furthermore, both acute and chronic AMPH administration induced longer latencies to both SWS and PS. These findings suggest that AMPH produces profound sleep disturbances and decreases PS sleep. Given that some of these abnormalities are observed in individuals with BD, this animal model can provide a means to investigate neurobiological aspects of sleep disturbance in BD, as well as their response to mood stabilizers.",,,,,,,,,
pmid_multi_rel,37393954,2023,Lisdexamfetamine,@CHEMICAL_Lisdexamfetamine_Dimesylate,Binge Eating Disorder,@DISEASE_Binge_Eating_Disorder,96,3,1,3,True,False,"[{""drug_name"": ""Lisdexamfetamine"", ""drug_id"": ""@CHEMICAL_Lisdexamfetamine_Dimesylate"", ""disease_name"": ""Binge Eating Disorder"", ""disease_id"": ""@DISEASE_Binge_Eating_Disorder"", ""pub_year"": 2023, ""pmid_count_pair"": 96}, {""drug_name"": ""Lisdexamfetamine"", ""drug_id"": ""@CHEMICAL_Lisdexamfetamine_Dimesylate"", ""disease_name"": ""Feeding and Eating Disorders"", ""disease_id"": ""@DISEASE_Feeding_and_Eating_Disorders"", ""pub_year"": 2023, ""pmid_count_pair"": 39}, {""drug_name"": ""Lisdexamfetamine"", ""drug_id"": ""@CHEMICAL_Lisdexamfetamine_Dimesylate"", ""disease_name"": ""Bulimia Nervosa"", ""disease_id"": ""@DISEASE_Bulimia_Nervosa"", ""pub_year"": 2023, ""pmid_count_pair"": 8}]",66,Psychopharmacology of eating disorders: Systematic review and meta-analysis of randomized controlled trials.,"The concurrent assessment of weight and affective psychopathology outcomes relevant to the psychopharmacology of major eating disorders (EDs), namely anorexia nervosa (AN), bulimia nervosa (BN), and binge eating disorder (BED), warrants systematic review and meta-analysis of randomized controlled trials (RCTs). PubMed, Scopus, and ClinicalTrials.gov were inquired from inception through August 31st, 2022, for RCTs documenting any psychopharmacological intervention for EDs diagnosed according to validated criteria and reporting weight and psychopathology changes. Adopted keywords were: ""anorexia nervosa,"" ""bulimia nervosa,"" ""binge eating disorder,"" ""antidepressant,"" ""antipsychotic,"" and ""mood stabilizer."" No language restriction applied. 5122 records were identified, and 203 full-texts were reviewed. Sixty-two studies entered the qualitative synthesis (AN = 22, BN = 23, BED = 17), of which 22 entered the meta-analysis (AN = 9, BN = 10, BED = 3). Concerning BMI increase in AN, olanzapine outperformed placebo (Hedges'g = 0.283, 95%C·I. = 0.051-0.515, I<sup>2</sup> = 0 %; p = .017), whereas fluoxetine failed (Hedges'g = 0.351, 95%C.I. = -0.248 to 0.95, I<sup>2</sup> = 63.37 %; p = .251). Fluoxetine not significantly changed weight (Hedges'g = 0.147, 95%C.I. = -0.157-0.451, I<sup>2</sup> = 0 %; p = .343), reducing binging (Hedges'g = 0.203, 95%C.I. = 0.007-0.399, I<sup>2</sup> = 0 %; p = .042), and purging episodes (Hedges'g = 0.328, 95%C.I. = -0.061-0.717, I<sup>2</sup> = 58.97 %; p = .099) in BN. Lisdexamfetamine reduced weight (Hedges'g = 0.259, 95%C.I. = 0.071-0.446, I<sup>2</sup> = 0 %; p = .007) and binging (Hedges'g = 0.571, 95%C.I. = 0.282-0.860, I<sup>2</sup> = 53.84 %; p < .001) in BED. Small sample size, short duration, and lack of reliable operational definitions affect most of the included sponsored RCTs. The efficacy of different drugs varies across different EDs, warranting additional primary studies recording broad psychopathological and cardiometabolic outcomes besides weight, especially against established psychotherapy interventions.",,,,,,,,,
pmid_single_rel,24048106,2013,Adalimumab,@CHEMICAL_Adalimumab,Drug Eruptions,@DISEASE_Drug_Eruptions,17,1,1,1,False,False,"[{""drug_name"": ""Adalimumab"", ""drug_id"": ""@CHEMICAL_Adalimumab"", ""disease_name"": ""Drug Eruptions"", ""disease_id"": ""@DISEASE_Drug_Eruptions"", ""pub_year"": 2013, ""pmid_count_pair"": 17}]",67,Psoriasiform reactions to anti-tumor necrosis factor α therapy.,"Given increasing concern about the adverse effects of anti-tumor necrosis factor α (anti-TNF-α) medications, we sought to characterize psoriasiform eruptions in patients on these medications. In a retrospective review of patients at the Brigham and Women's Hospital combined dermatology-rheumatology clinic, we identified 13 patients (1 male and 12 female patients) who developed psoriasiform eruptions while on anti-TNF-α medications. Inciting medications were adalimumab, etanercept, and infliximab. Patients were on their inciting medication for a median time of 24 months and a mean time of 31.3 months before developing eruptions. Five of 7 patients experienced complete resolution of lesions with topical corticosteroids and discontinuation of anti-TNF-α medications with the remaining 2 patients having partial improvement. One of the other 6 patients experienced complete resolution with topical corticosteroid treatment only, with the remaining 5 patients experiencing partial improvement. After changing anti-TNF-α agents, 1 patient had partial improvement of psoriasiform lesions, and 7 patients had no improvement. All of the main anti-TNF-α medications currently used are capable of causing psoriasiform eruptions. Poor responders to topical agents, such as corticosteroids, may benefit from supplemental therapy aimed at the psoriasiform eruption or changing to a different class of immunomodulatory agents. Switching anti-TNF-α medications had a low likelihood of improving psoriasiform skin reactions, further suggesting that these eruptions are a drug class effect.",,,,,,,,,
pmid_multi_rel,28553048,2017,Ciprofloxacin,@CHEMICAL_Ciprofloxacin,Kidney Diseases,@DISEASE_Kidney_Diseases,44,6,1,6,True,False,"[{""drug_name"": ""Ciprofloxacin"", ""drug_id"": ""@CHEMICAL_Ciprofloxacin"", ""disease_name"": ""Kidney Diseases"", ""disease_id"": ""@DISEASE_Kidney_Diseases"", ""pub_year"": 2017, ""pmid_count_pair"": 44}, {""drug_name"": ""Ciprofloxacin"", ""drug_id"": ""@CHEMICAL_Ciprofloxacin"", ""disease_name"": ""Acute Kidney Injury"", ""disease_id"": ""@DISEASE_Acute_Kidney_Injury"", ""pub_year"": 2017, ""pmid_count_pair"": 56}, {""drug_name"": ""Ciprofloxacin"", ""drug_id"": ""@CHEMICAL_Ciprofloxacin"", ""disease_name"": ""Lung Diseases Interstitial"", ""disease_id"": ""@DISEASE_Lung_Diseases_Interstitial"", ""pub_year"": 2017, ""pmid_count_pair"": 9}, {""drug_name"": ""Ciprofloxacin"", ""drug_id"": ""@CHEMICAL_Ciprofloxacin"", ""disease_name"": ""Rhabdomyolysis"", ""disease_id"": ""@DISEASE_Rhabdomyolysis"", ""pub_year"": 2017, ""pmid_count_pair"": 14}, {""drug_name"": ""Ciprofloxacin"", ""drug_id"": ""@CHEMICAL_Ciprofloxacin"", ""disease_name"": ""Crystalluria"", ""disease_id"": ""@DISEASE_Crystalluria"", ""pub_year"": 2017, ""pmid_count_pair"": 10}, {""drug_name"": ""Ciprofloxacin"", ""drug_id"": ""@CHEMICAL_Ciprofloxacin"", ""disease_name"": ""Nephritis Interstitial"", ""disease_id"": ""@DISEASE_Nephritis_Interstitial"", ""pub_year"": 2017, ""pmid_count_pair"": 26}]",68,Acute Ciprofloxacin-Induced Crystal Nephropathy with Granulomatous Interstitial Nephritis.,"Crystal-induced acute kidney injury (AKI) is caused by the intratubular precipitation of crystals, which results in obstruction and kidney injury. Ciprofloxacin, a commonly used antibiotic, causes AKI secondary to immune-mediated interstitial injury. Rare mechanisms of ciprofloxacin-induced renal injury include crystalluria, rhabdomyolysis, and granulomatous interstitial nephritis. Clinical and experimental studies have suggested that crystalluria and crystal nephropathy due to ciprofloxacin occur in alkaline urine. Preexisting kidney function impairment, high dose of the medication, and advanced age predispose to this complication. We report a case of ciprofloxacin-induced crystal nephropathy and granulomatous interstitial nephritis in a young patient with no other predisposing factors. The patient responded to conservative treatment without the need for glucocorticoids.",,,,,,,,,
pmid_multi_rel,6758833,1982,Prednisone,@CHEMICAL_Prednisone,Dyspnea,@DISEASE_Dyspnea,100,2,1,2,True,False,"[{""drug_name"": ""Prednisone"", ""drug_id"": ""@CHEMICAL_Prednisone"", ""disease_name"": ""Dyspnea"", ""disease_id"": ""@DISEASE_Dyspnea"", ""pub_year"": 1982, ""pmid_count_pair"": 100}, {""drug_name"": ""Prednisone"", ""drug_id"": ""@CHEMICAL_Prednisone"", ""disease_name"": ""Pulmonary Disease Chronic Obstructive"", ""disease_id"": ""@DISEASE_Pulmonary_Disease_Chronic_Obstructive"", ""pub_year"": 1982, ""pmid_count_pair"": 89}]",69,The use of the 12 minute walking test in assessing the effect of oral steroid therapy in patients with chronic airways obstruction.,"The reproducibility of the 12 minute walking distance (12 MD) was assessed in ten men with chronic airways obstruction, and the 12 MD was used, together with spirometry, transfer factor and three subjective assessments of breathlessness to evaluate the effects on respiratory function of prednisone 30 mg daily given orally in double-blind placebo-controlled fashion for two weeks. Like others, we found the 12 MD reproducible on a single day with a mean variation of 3.1%. Tests performed two weeks apart showed greater variability ranging from 0.2% to 30.9%, (mean 9.1%). During placebo and prednisone therapy the 12 MD and assessments of breathlessness correlated significantly with each other and with TLCO, but not with spirometry. Following steroid therapy there was a significant increase in mean TLCO but no significant change in 12 MD, spirometry or subjective assessments. Changes in 12 MD and TLCO correlated significantly with each other and with changes in subjective assessments. Changes in FEV1 correlated with changes in breathlessness, and also with variability in FEV1 while receiving placebo. Individuals with the greatest changes in 12 MD and FEV1 were those with the greatest variability on placebo. The variability of the 12 MD and FEV1 should be measured in individuals before using these tests to assess response to steroid therapy.",,,,,,,,,
pmid_single_rel,7575341,1995,Cephalexin,@CHEMICAL_Cephalexin,Wound Infection,@DISEASE_Wound_Infection,8,1,1,1,False,False,"[{""drug_name"": ""Cephalexin"", ""drug_id"": ""@CHEMICAL_Cephalexin"", ""disease_name"": ""Wound Infection"", ""disease_id"": ""@DISEASE_Wound_Infection"", ""pub_year"": 1995, ""pmid_count_pair"": 8}]",70,Common aerobic bacteria in post operative wound infection and their sensitivity pattern.,"Two hundred and four post-operative patients were examined and pus samples were collected with sterile cotton swabs from 64 patients with infected wounds. The samples were cultured aerobically and the isolates were identified as per standard methods. The prevalence rate of post-operative wound infection were 31.37% and the total number of bacterial isolates were 76 (37.25%). The isolates were identified up to their species level & they were E. coli, Staph. aureus, Kl. Pneumoniae, Ps. aeruginosa. Pr. vulgaris and S. pyogenes. Gram negative bacilli were the predominant organisms and among them E. coli was the most common. In antimicrobial susceptibility test Gentamycin and Cephalexin were found sensitive.",,,,,,,,,
pmid_multi_rel,31587447,2019,Folic Acid,@CHEMICAL_Folic_Acid,Alcohol Related Disorders,@DISEASE_Alcohol_Related_Disorders,11,2,1,2,True,False,"[{""drug_name"": ""Folic Acid"", ""drug_id"": ""@CHEMICAL_Folic_Acid"", ""disease_name"": ""Alcohol Related Disorders"", ""disease_id"": ""@DISEASE_Alcohol_Related_Disorders"", ""pub_year"": 2019, ""pmid_count_pair"": 11}, {""drug_name"": ""Folic Acid"", ""drug_id"": ""@CHEMICAL_Folic_Acid"", ""disease_name"": ""Acne Vulgaris"", ""disease_id"": ""@DISEASE_Acne_Vulgaris"", ""pub_year"": 2019, ""pmid_count_pair"": 8}]",71,"Depression, isotretinoin, and folic acid: A practical review.","Isotretinoin (ISO) is a first-generation retinoid discovered in 1952 and approved by the FDA for the treatment of nodulocystic acne in 1982. The anti-inflammatory properties of ISO have found its use in disorders other than acne. ISO can create psychiatric problems, including depression and suicidal ideation. These neuropsychiatric problems are very similar to disorders secondary to hyperhomocysteinemia (HHcy), vitamin B12, and folic acid (vitamin B9) deficiencies. Given that previous literature suggested folate supplementation improved the efficacy of traditional antidepressant medications, clinicians may wish to consider folate supplementation for patients with depression or possible depressive symptoms, such as acne patients with genetic susceptibility. Brain-derived neurotrophic factor may be a cytokine-specific screening biomarker in immune-based antidepressive therapy.",,,,,,,,,
pmid_multi_rel,38441571,2024,Pioglitazone,@CHEMICAL_Pioglitazone,Inflammation,@DISEASE_Inflammation,100,4,1,4,True,False,"[{""drug_name"": ""Pioglitazone"", ""drug_id"": ""@CHEMICAL_Pioglitazone"", ""disease_name"": ""Inflammation"", ""disease_id"": ""@DISEASE_Inflammation"", ""pub_year"": 2024, ""pmid_count_pair"": 100}, {""drug_name"": ""Pioglitazone"", ""drug_id"": ""@CHEMICAL_Pioglitazone"", ""disease_name"": ""Stomach Ulcer"", ""disease_id"": ""@DISEASE_Stomach_Ulcer"", ""pub_year"": 2024, ""pmid_count_pair"": 11}, {""drug_name"": ""Pioglitazone"", ""drug_id"": ""@CHEMICAL_Pioglitazone"", ""disease_name"": ""Ulcer"", ""disease_id"": ""@DISEASE_Ulcer"", ""pub_year"": 2024, ""pmid_count_pair"": 8}, {""drug_name"": ""Pioglitazone"", ""drug_id"": ""@CHEMICAL_Pioglitazone"", ""disease_name"": ""Mucositis"", ""disease_id"": ""@DISEASE_Mucositis"", ""pub_year"": 2024, ""pmid_count_pair"": 1}]",72,Enhanced upregulation of SIRT1 via pioglitazone and ligustrazine confers protection against ethanol-induced gastric ulcer in rats.,"Gastric ulcer is a disturbing disease that impacts many people worldwide. Pioglitazone (Piog), a thiazolidinedione, and ligustrazine (Ligu), a natural component of Ligusticum chuanxiong possess gastroprotective properties. However, the underlying mechanism is not well elucidated. The present study aimed to investigate the gastroprotective effects of Piog (15 mg/kg, p.o.), Ligu (15 mg/kg, p.o.), and their combination against ethanol-induced gastric ulcer in rats. Omeprazole (10 mg/kg) was used as a standard. Pre-treatment for 7 days with Piog, Ligu, and (Piog+Ligu) effectively alleviated ethanol-predisposed oxidative stress and inflammation through restoring HO-1, GSH, and SOD tissue levels and decreasing elevated MDA, TNF-α, ICAM, I-NOS, and IL-1β contents. Moreover, Piog, Ligu, and (Piog+Ligu) markedly inhibited the ethanol-induced increase of gastric NF-KB and BAX. In contrast, this pre-treatment regimen significantly accelerated protein expression of SIRT1, Nrf2, and Bcl-2, along with autophagic proteins, ATG5 and Beclin. Interestingly, macroscopic, histopathological examination and mucin content were in harmony with previous results, where pre-treatment with Piog, Ligu, and (Piog+Ligu) showed a declined mucosal injury as evidenced by the remarkable decrease of the ulcer area percentage by 62.3%, 38.7%, and 91.2%, respectively, compared to the ethanol-ulcerated group. In conclusion, Piog and Ligu exhibited remarkable gastroprotective properties. Our study was the first to show that Piog, Ligu, and (Piog+Ligu) ameliorated oxidative stress, inflammation, and apoptosis and accelerated the autophagic process via the upregulation of the upstream SIRT1 protein. It is worth mentioning that future studies are needed to pave the way for the clinical use of Piog and Ligu as gastro-protective agents.",,,,,,,,,
pmid_multi_rel,8781288,1996,Metformin,@CHEMICAL_Metformin,Hypertension,@DISEASE_Hypertension,99,2,1,2,True,False,"[{""drug_name"": ""Metformin"", ""drug_id"": ""@CHEMICAL_Metformin"", ""disease_name"": ""Hypertension"", ""disease_id"": ""@DISEASE_Hypertension"", ""pub_year"": 1996, ""pmid_count_pair"": 99}, {""drug_name"": ""Metformin"", ""drug_id"": ""@CHEMICAL_Metformin"", ""disease_name"": ""Hyperinsulinism"", ""disease_id"": ""@DISEASE_Hyperinsulinism"", ""pub_year"": 1996, ""pmid_count_pair"": 100}]",73,Decreased vascular reactivity in metformin-treated fructose-hypertensive rats.,"We have previously demonstrated that long-term metformin treatment prevents the development of hyperinsulinemia and hypertension in fructose-hypertensive (FH) rats; however, the exact nature of its antihypertensive effects remains elusive. Since hyperinsulinemia has been proposed to be a strong stimulus for norepinephrine (NE) release, the present study examined the effects of long-term metformin treatment (500 mg/kg/d for 10 weeks) on the reactivity of superior mesenteric arteries to NE in FH rats. Metformin treatment prevented the development of hyperinsulinemia and hypertension in FH rats. Mesenteric arteries from FH rats exhibited an increased cross-sectional area ([CSA] 0.45 +/- 0.07 mm2 v 0.32 +/- 0.05 in controls, P < .05), which was prevented by long-term metformin treatment (0.34 +/- 0.04 mm2, p > .05 v untreated FH). Interestingly, mesenteric arteries from metformin-treated fructose and control rats exhibited a reduction in maximum responsiveness to NE both with and without the endothelium. These data suggest that metformin directly reduces catecholamine constrictor responses in resistance arteries of rats, which may contribute to its antihypertensive effects in rats.",,,,,,,,,
pmid_multi_rel,21674173,2011,Montelukast,@CHEMICAL_montelukast,Eosinophilic Esophagitis,@DISEASE_Eosinophilic_Esophagitis,12,3,2,2,True,True,"[{""drug_name"": ""Montelukast"", ""drug_id"": ""@CHEMICAL_montelukast"", ""disease_name"": ""Eosinophilic Esophagitis"", ""disease_id"": ""@DISEASE_Eosinophilic_Esophagitis"", ""pub_year"": 2011, ""pmid_count_pair"": 12}, {""drug_name"": ""Montelukast"", ""drug_id"": ""@CHEMICAL_montelukast"", ""disease_name"": ""Esophagitis"", ""disease_id"": ""@DISEASE_Esophagitis"", ""pub_year"": 2011, ""pmid_count_pair"": 1}, {""drug_name"": ""Fluticasone"", ""drug_id"": ""@CHEMICAL_Fluticasone"", ""disease_name"": ""Eosinophilic Esophagitis"", ""disease_id"": ""@DISEASE_Eosinophilic_Esophagitis"", ""pub_year"": 2011, ""pmid_count_pair"": 91}]",74,Montelukast was inefficient in maintaining steroid-induced remission in adult eosinophilic esophagitis.,"Leukotriene D4 is produced by and functions as a chemotactic factor for eosinophils. Eosinophilic esophagitis (EoE) is characterized by esophageal eosinophilic infiltration, determining structural changes and dismotility symptoms. Montelukast, a selective leukotriene D4 receptor antagonist, has gained increasing consideration as a therapeutic agent for EoE. However, limited available information has shown that montelukast is not effective in reducing eosinophilic infiltration. Our paper aims at evaluating whether montelukast could be consider as a steroid-sparing therapy by assessing its efficacy in maintaining both clinical and histopathological remission achieved after topical corticosteroids in adult EoE patients. Eleven consecutively diagnosed adult EoE patients were prospectively studied. Esophageal biopsies were obtained before and after a 6-month treatment with fluticasone propionate 400 μg/twice a day. Immediately after that, montelukast 10 mg/day was instituted. A new endoscopy was foreseen after a new 3-month period, or as soon as the patients presented esophageal symptoms. Symptoms were assessed by using a questionnaire before and after fluticasone propionate treatment and after montelukast therapy. Eosinophils density into the esophageal epithelium and lamina propria was significantly reduced after a 6-month treatment with topical steroids (P = 0.003) and increased to levels similar to baseline level into the first 3 months after treatment with montelukast. Baseline symptom scores significantly decreased after treatment with topical steroids (P = 0.003) and increased again after montelukast therapy, but baseline levels improved. Montelukast was not efficient in maintaining the histopathological or clinical response achieved by topical steroids in adult EoE patients.",,,,,,,,,
pmid_multi_rel,26963196,2015,Folic Acid,@CHEMICAL_Folic_Acid,Orofacial Cleft 1,@DISEASE_Orofacial_Cleft_1,100,2,2,1,False,True,"[{""drug_name"": ""Folic Acid"", ""drug_id"": ""@CHEMICAL_Folic_Acid"", ""disease_name"": ""Orofacial Cleft 1"", ""disease_id"": ""@DISEASE_Orofacial_Cleft_1"", ""pub_year"": 2015, ""pmid_count_pair"": 100}, {""drug_name"": ""Cyanocobalamin"", ""drug_id"": ""@CHEMICAL_Vitamin_B_12"", ""disease_name"": ""Orofacial Cleft 1"", ""disease_id"": ""@DISEASE_Orofacial_Cleft_1"", ""pub_year"": 2015, ""pmid_count_pair"": 3}]",75,Genetic Variants in Folate and Cobalamin Metabolism-Related Genes in Nonsyndromic Cleft Lip and/or Palate.,"The aim of this study was to evaluate the association of the polymorphisms in TCN2 (rs1801198) gene and in MTRR (rs1801394) gene with nonsyndromic cleft lip and/or palate (NSCL/P) in a Brazilian population. Genomic DNA was extracted from buccal cells. The polymorphisms in TCN2 (rs1801198) and MTRR (rs1801394) genes were genotyped by carrying out real-time PCR and Taqman assay. Chi-square test was used to determine the association between genotype and allele frequencies with NSCL/P and NSCL/P subgroups (cleft lip only, cleft lip and palate, and cleft palate only). Eight hundred and sixty seven unrelated individuals (401 cases with NSCL/P and 466 individuals without cleft) were evaluated. Genotype distributions of TCN2 and MTRR polymorphisms were in Hardy-Weinberg equilibrium. The TCN2 polymorphic genotype GG was identified in 16.7% of the NSCL/P group and in 14.1% of the non-cleft group (p>0.05). Similarly, the frequency of MTRR genotype (GG) was similar in NSCL/P group (15.5%) and control group (17.8%) (p>0.05). Multivariate analysis showed an association between MTRR and the subgroup that the mother smoked during pregnancy (p=0.039). Our findings did not demonstrate an association between TCN2 polymorphisms and NSCL/P, however suggests an association between MTRR and NSCL/P etiology.",,,,,,,,,
pmid_single_rel,11145928,2001,Estradiol,@CHEMICAL_Estradiol,Vascular System Injuries,@DISEASE_Vascular_System_Injuries,33,1,1,1,False,False,"[{""drug_name"": ""Estradiol"", ""drug_id"": ""@CHEMICAL_Estradiol"", ""disease_name"": ""Vascular System Injuries"", ""disease_id"": ""@DISEASE_Vascular_System_Injuries"", ""pub_year"": 2001, ""pmid_count_pair"": 33}]",76,Estrogen and angiogenesis: A review.,"Multiple lines of evidence suggest that estrogen directly modulates angiogenesis via effects on endothelial cells. Under physiological conditions, angiogenesis is routinely observed in the uterus in association with fluctuations in the levels of circulating estradiol and other sex steroids. In pathological circumstances, such as breast cancer, a clear association between estrogen, estrogen receptor expression by endothelial cells, angiogenic activity, and/or tumor invasiveness has been made. Studies performed in our laboratory have revealed that estradiol accelerates functional endothelial recovery after arterial injury. Despite these consistent observations, the mechanisms by which estrogen regulates angiogenesis under physiological and pathological circumstances have not been defined.",,,,,,,,,
pmid_multi_rel,25562034,2014,Amoxicillin,@CHEMICAL_Amoxicillin_Potassium_Clavulanate_Combination,Pulmonary Disease Chronic Obstructive,@DISEASE_Pulmonary_Disease_Chronic_Obstructive,46,2,2,1,False,True,"[{""drug_name"": ""Amoxicillin"", ""drug_id"": ""@CHEMICAL_Amoxicillin_Potassium_Clavulanate_Combination"", ""disease_name"": ""Pulmonary Disease Chronic Obstructive"", ""disease_id"": ""@DISEASE_Pulmonary_Disease_Chronic_Obstructive"", ""pub_year"": 2014, ""pmid_count_pair"": 46}, {""drug_name"": ""Prednisolone"", ""drug_id"": ""@CHEMICAL_Prednisolone"", ""disease_name"": ""Pulmonary Disease Chronic Obstructive"", ""disease_id"": ""@DISEASE_Pulmonary_Disease_Chronic_Obstructive"", ""pub_year"": 2014, ""pmid_count_pair"": 100}]",77,Necessity of amoxicillin clavulanic acid in addition to prednisolone in mild-to-moderate COPD exacerbations.,"The effectiveness of antibiotics in chronic obstructive pulmonary disease (COPD) exacerbations is still a matter of debate, especially in outpatients with an intermediate probability of bacterial infection. In this study, 35 COPD outpatients diagnosed by their chest physician with moderately severe COPD exacerbation, but without pneumonia, were randomised in a double blind, placebo-controlled study. Patients had one or two of the following characteristics: a positive Gram's stain of the sputum, 2 or more exacerbations in the previous year, a decrease in lung function of >200 mL and >12%. Patients received amoxicillin clavulanic acid (500/125 mg three times daily) or placebo for 7 days, always combined with a course of prednisolone (30 mg/day) for 7 days. Primary outcome was duration of the exacerbation. Additionally, we measured severity of the exacerbation, health-related quality of life, sputum parameters, number of relapses within 28 days and the number of re-exacerbations within 4 months after the study. There was no difference observed in time to resolution of the exacerbation between the two groups (HR=1.12; (95% CI 0.5 to 2.3; p=0.77)), nor in any other treatment parameter. We detected no evidence for the effectiveness of addition of antibiotics to prednisolone for COPD exacerbations of moderate severity and with intermediate probability of bacterial infection in this underpowered study. More placebo-controlled studies are needed to properly define subgroups of COPD outpatients in which antibiotics are of additional value. clinical trial registered with http://www.trialregister.nl/(NTR351).",,,,,,,,,
pmid_multi_rel,12526727,2003,Prednisolone,@CHEMICAL_Prednisolone,Hoarseness,@DISEASE_Hoarseness,16,2,1,2,True,False,"[{""drug_name"": ""Prednisolone"", ""drug_id"": ""@CHEMICAL_Prednisolone"", ""disease_name"": ""Hoarseness"", ""disease_id"": ""@DISEASE_Hoarseness"", ""pub_year"": 2003, ""pmid_count_pair"": 16}, {""drug_name"": ""Prednisolone"", ""drug_id"": ""@CHEMICAL_Prednisolone"", ""disease_name"": ""Erythema Palmare Hereditarium"", ""disease_id"": ""@DISEASE_Erythema_Palmare_Hereditarium"", ""pub_year"": 2003, ""pmid_count_pair"": 2}]",78,Palmar erythema and hoarseness: an unusual clinical presentation of sarcoidosis.,Palmar erythema is a very unusual manifestation of sarcoidosis. We report on a patient whose presenting features of sarcoidosis were palmar erythema and a hoarse voice. The diagnosis was confirmed by palmar skin biopsy and the patient responded well to treatment with prednisolone.,,,,,,,,,
pmid_single_rel,24889583,2014,Clindamycin,@CHEMICAL_Clindamycin,Shock Septic,@DISEASE_Shock_Septic,100,1,1,1,False,False,"[{""drug_name"": ""Clindamycin"", ""drug_id"": ""@CHEMICAL_Clindamycin"", ""disease_name"": ""Shock Septic"", ""disease_id"": ""@DISEASE_Shock_Septic"", ""pub_year"": 2014, ""pmid_count_pair"": 100}]",79,Lesson of the month 2: toxic shock syndrome.,"Toxic shock syndrome (TSS) represents a fascinating example of immune activation caused by infection resulting in a dramatic and challenging clinical syndrome. TSS is commonly associated with tampon use and still causes significant morbidity and mortality in young healthy women. A misconception is that TSS presents with a skin rash and only occurs in women and children; however, it can occur in males and can present without skin changes. TSS presents initially as a febrile illness and within a few hours can progress to severe hypotension and multiple organ failure (MOF). Staphylococcus aureus and group A beta haemolytic streptococcus (GABHS) can secrete toxins from a small or hidden focus of infection and hence blood culture and sensitivity (C+S) tests can be negative, thereby making diagnosing this condition challenging. Clindamycin is superior to penicillin in the treatment of this condition and significantly decreases the mortality rate in TSS. However, there is also an important role for intravenous immunoglobulins (IVIG). Early intensive care unit (ICU) as well as surgical team involvement (in selected cases) is required to avoid mortality which may approach 70%.",,,,,,,,,
pmid_single_rel,30344172,2018,Tramadol,@CHEMICAL_Tramadol,Depression Postpartum,@DISEASE_Depression_Postpartum,6,1,1,1,False,False,"[{""drug_name"": ""Tramadol"", ""drug_id"": ""@CHEMICAL_Tramadol"", ""disease_name"": ""Depression Postpartum"", ""disease_id"": ""@DISEASE_Depression_Postpartum"", ""pub_year"": 2018, ""pmid_count_pair"": 6}]",80,"Protocol for a randomised, double-blind, placebo-controlled trial to explore the effect of tramadol in the prevention of postpartum depression (ETPPD).","Postpartum depression is one of the most commonly experienced psychological disorders for women patients undergoing caesarean section, which accounts for about one-third of puerpera worldwide. Tramadol, a commonly used analgesic with an inhibitory effect on the reuptake of norepinephrine and serotonin, is an effective and well-tolerated agent for analgesia after caesarean section. Based on the role of changes in the postpartum levels of serotonin and norepinephrine in postpartum depression, we speculated that postoperative intravenous analgesia using tramadol may decrease the incidence of postpartum depression for caesarean patients. Therefore, this trial aimed to explore the effect of tramadol in the prevention of postpartum depression. A randomised double-blind placebo-controlled trial will be performed and 1230 singleton parturients will be randomised to receive patient-controlled intravenous analgesia with tramadol or hydromorphone, or patient-controlled epidural analgesia with ropivacaine. The primary outcome of this trial will be the incidence of postpartum depression at 4 weeks after the caesarean section, together with the collection of the relevant data during hospitalisation and at 3 months after the caesarean section. Subgroup data according to the preoperative depression score will be analysed. Demographic characteristics, postoperative analgesic effects and postoperative recovery score will also be summarised and presented. The current trial protocol was approved by the Institutional Ethics Committee of Xinqiao Hospital (ID: 2017-026), Third Military Medical University, Chongqing, China. The results of this trial will be disseminated at scientific meetings and in a peer-reviewed journal. NCT03309163; Pre-results.",,,,,,,,,
pmid_single_rel,8557727,1995,Estradiol,@CHEMICAL_Estradiol,Bone Diseases,@DISEASE_Bone_Diseases,100,1,1,1,False,False,"[{""drug_name"": ""Estradiol"", ""drug_id"": ""@CHEMICAL_Estradiol"", ""disease_name"": ""Bone Diseases"", ""disease_id"": ""@DISEASE_Bone_Diseases"", ""pub_year"": 1995, ""pmid_count_pair"": 100}]",81,Prevention of bone loss by percutaneous estradiol implants in ovariectomized rats.,"This study was conducted to investigate whether hydroxyapatite (HAP) is appropriate as a percutaneous drug carrier for estradiol (E2) for the suppression of bone loss. Ten-week-old female Sprague-Dawley rats were subjected either to bilateral ovariectomy (OVX) or to sham surgery (control). Ovariectomized rats were implanted percutaneously with E2-HAP disks containing low, medium or high doses of estradiol (50, 250, or 500 micrograms E2/rat, respectively). Ovariectomized rats without implant and OVX rats implanted only with HAP served as additional controls. All rats were sacrificed 90 days after surgery. At the end of the experiment, bone mineral density of the lumbar spine was measured by dual energy X-ray absorption, and serum E2 was assayed by radioimmunoassay. The bone mineral density of OVX and HAP-treated OVX rats decreased by 18% compared to sham surgery rats, but decreased by only 13, 7, and 3% in rats treated with 50, 250, and 500 micrograms E2/rat, respectively. The in vitro release of E2 from E2-HAP devices was determined by an HPLC method. Estradiol release from the HAP devices followed almost a zero-order kinetics. Estradiol remained intact in E2-HAP implants for up to six months when stored at 5, 25, and 40 degrees C. This study indicates that E2-HAP implants are effective in suppressing bone loss in the spine of OVX rats in a dose-dependent manner.",,,,,,,,,
pmid_single_rel,22029677,2011,Prednisolone,@CHEMICAL_Prednisolone,Lymphoma Large B Cell Diffuse,@DISEASE_Lymphoma_Large_B_Cell_Diffuse,86,1,1,1,False,False,"[{""drug_name"": ""Prednisolone"", ""drug_id"": ""@CHEMICAL_Prednisolone"", ""disease_name"": ""Lymphoma Large B Cell Diffuse"", ""disease_id"": ""@DISEASE_Lymphoma_Large_B_Cell_Diffuse"", ""pub_year"": 2011, ""pmid_count_pair"": 86}]",82,Composite diffuse large B-cell lymphoma and CD20-positive peripheral T-cell lymphoma.,"Composite lymphoma is defined as two or more distinct types of lymphoma in a single anatomical site. Among various combinations, composite B-cell and T-cell non-Hodgkin's lymphomas (CBTL) are very infrequent. Herein we describe a 66-year-old female with CBTL presenting with lymphadenopathy, multiple bone lesions and an epidural tumor. Light microscopic examination of a biopsied cervical node revealed a dual population of lymphoid cells: sheets of large cells admixed with medium-sized cells. The large cells expressed B-cell markers and showed immunoglobulin light chain restriction, consistent with diffuse large B-cell lymphoma (DLBCL). The medium-sized cells were positive for CD20 as well as T-cell markers. Because polymerase chain reaction amplification showed monoclonal rearrangement of the T-cell receptor β chain gene, this population was compatible with peripheral T-cell lymphoma not otherwise specified (PTCL-NOS). We therefore made a diagnosis of composite DLBCL and CD20-positive PTCL-NOS. Complete remission was achieved after six cycles of R-CHOP regimen (rituximab, doxorubicin, vincristine, cyclophosphamide and prednisolone). This is the first report of CD20-positive PTCL-NOS associated with composite lymphoma. Moreover, a literature review of composite DLBCL and PTCL-NOS indicates that this rare clinical entity may be featured by efficacy of systemic chemotherapy in spite of prevalent extranodal lesions.",,,,,,,,,
pmid_multi_rel,23700194,2013,Sitagliptin,@CHEMICAL_Sitagliptin_Phosphate,Cardiovascular Diseases,@DISEASE_Cardiovascular_Diseases,68,3,1,3,True,False,"[{""drug_name"": ""Sitagliptin"", ""drug_id"": ""@CHEMICAL_Sitagliptin_Phosphate"", ""disease_name"": ""Cardiovascular Diseases"", ""disease_id"": ""@DISEASE_Cardiovascular_Diseases"", ""pub_year"": 2013, ""pmid_count_pair"": 68}, {""drug_name"": ""Sitagliptin"", ""drug_id"": ""@CHEMICAL_Sitagliptin_Phosphate"", ""disease_name"": ""Diarrhea"", ""disease_id"": ""@DISEASE_Diarrhea"", ""pub_year"": 2013, ""pmid_count_pair"": 26}, {""drug_name"": ""Sitagliptin"", ""drug_id"": ""@CHEMICAL_Sitagliptin_Phosphate"", ""disease_name"": ""Pancreatitis"", ""disease_id"": ""@DISEASE_Pancreatitis"", ""pub_year"": 2013, ""pmid_count_pair"": 39}]",83,Safety and tolerability of sitagliptin in type 2 diabetes: pooled analysis of 25 clinical studies.,"In a previous pooled analysis of 19 double-blind clinical studies conducted by Merck, which included data available as of July 2009 on 10,246 patients with type 2 diabetes (T2DM), treatment with sitagliptin was shown to be generally well tolerated compared with treatment with control agents. As the sitagliptin clinical development program continues, additional studies with sitagliptin have been completed. The present analysis updates the safety and tolerability assessment of sitagliptin by examining pooled data from 25 double-blind clinical studies. The present analysis included data from 14,611 patients in 25 studies with T2DM who received either sitagliptin 100 mg/day (n = 7,726; sitagliptin group) or a comparator agent (n = 6,885; non-exposed group). These studies represent all randomized, double-blind trials conducted by Merck that included patients treated with the usual clinical dose of sitagliptin (100 mg/day) for between 12 weeks and 2 years, and for which results were available as of December 2011. These studies assessed sitagliptin, versus comparator agents, taken as monotherapy, initial combination therapy with metformin or pioglitazone, or as add-on combination therapy with other antihyperglycemic agents (metformin, pioglitazone, a sulfonylurea ± metformin, insulin ± metformin, or metformin + pioglitazone or rosiglitazone). Patient-level data from each study were used to evaluate between-group differences in the exposure-adjusted incidence rates of adverse events (AEs). Overall incidence rates of AEs and drug-related AEs were higher in the non-exposed group compared with the sitagliptin group. Incidence rates of specific AEs were generally similar between the two groups, except for higher incidence rates of hypoglycemia related to the greater use of a sulfonylurea and diarrhea related to the greater use of metformin in the non-exposed group, and of constipation in the sitagliptin group. Treatment with sitagliptin was not associated with an increased risk of major adverse cardiovascular events, malignancy, or pancreatitis. In this updated pooled safety analysis of data from 14,611 patients with T2DM, sitagliptin 100 mg/day was generally well tolerated in clinical trials of up to 2 years in duration.",,,,,,,,,
pmid_multi_rel,36348987,2022,Atorvastatin,@CHEMICAL_Atorvastatin,Atrial Flutter,@DISEASE_Atrial_Flutter,3,2,2,2,False,False,"[{""drug_name"": ""Atorvastatin"", ""drug_id"": ""@CHEMICAL_Atorvastatin"", ""disease_name"": ""Atrial Flutter"", ""disease_id"": ""@DISEASE_Atrial_Flutter"", ""pub_year"": 2022, ""pmid_count_pair"": 3}, {""drug_name"": ""Rivaroxaban"", ""drug_id"": ""@CHEMICAL_Rivaroxaban"", ""disease_name"": ""Abdominal Injuries"", ""disease_id"": ""@DISEASE_Abdominal_Injuries"", ""pub_year"": 2022, ""pmid_count_pair"": 3}]",84,Atraumatic splenic rupture in a patient treated with rivaroxaban: A case report and a narrative review.,"Atraumatic splenic rupture (ASR) is a rare condition mostly associated with neoplastic, infectious, and inflammatory diseases. ASR associated with drug treatment is even rarer. In this case report, we highlight an unusual complication of the direct oral anticoagulant rivaroxaban. A 64-year-old male patient was admitted to the emergency department with complaints of faintness and diffuse abdominal cramps. The patient had no history of recent trauma. Clinical examination revealed hemodynamic instability with a moderate response to filling and mild abdominal discomfort on palpation. His medical history included chronic hypertension, constipation, and recent atrial flutter ablation. The patient was taking amiodarone, bisoprolol, atorvastatin, and rivaroxaban. Splenic rupture was diagnosed several hours later on contrast-enhanced abdominal computed tomography scan. Massive blood transfusions and emergency laparotomy for splenectomy were performed. Anatomopathological analysis did not reveal any neoplastic, inflammatory, or infectious causes. The patient was successfully discharged from the intensive care unit 3 days later. Clinicians must consider the possibility of ASR as a complication of rivaroxaban in patients with abdominal tenderness and hemodynamic instability. Unfortunately, clinical presentation is not always typical of a ruptured spleen. Delayed diagnosis can be life threatening or fatal. Splenectomy via laparotomy remains the best therapeutic option in cases of splenic rupture in unstable patients on direct oral anticoagulants.",,,,,,,,,
pmid_multi_rel,11866871,2002,Simvastatin,@CHEMICAL_Simvastatin,Cardiomegaly,@DISEASE_Cardiomegaly,24,3,1,3,True,False,"[{""drug_name"": ""Simvastatin"", ""drug_id"": ""@CHEMICAL_Simvastatin"", ""disease_name"": ""Cardiomegaly"", ""disease_id"": ""@DISEASE_Cardiomegaly"", ""pub_year"": 2002, ""pmid_count_pair"": 24}, {""drug_name"": ""Simvastatin"", ""drug_id"": ""@CHEMICAL_Simvastatin"", ""disease_name"": ""Hypertrophy Left Ventricular"", ""disease_id"": ""@DISEASE_Hypertrophy_Left_Ventricular"", ""pub_year"": 2002, ""pmid_count_pair"": 14}, {""drug_name"": ""Simvastatin"", ""drug_id"": ""@CHEMICAL_Simvastatin"", ""disease_name"": ""Miosis"", ""disease_id"": ""@DISEASE_Miosis"", ""pub_year"": 2002, ""pmid_count_pair"": 1}]",85,Effects of simvastatin on activities of endogenous antioxidant enzymes and angiotensin-converting enzyme in rat myocardium with pressure-overload cardiac hypertrophy.,"To investigate effects of simvastatin (Sim) on the activities of antioxidant enzymes and angiotensin-converting enzyme in rat myocardium with pressure-overload cardiac hypertrophy. Left ventricular hypertrophy (LVH) was induced by partly constricting rat abdominal aorta between the left and right renal artery. Rats were given ig Sim 1.8 and 3.6 mg . kg-1 . d-1 for 8 weeks following 6 weeks aortic constriction. Activities of antioxidant enzymes and angiotensin-converting enzyme, and lipid peroxidation of left ventricular (LV) tissue were determined. Contents of angiotensin II and thiobarbituric acid reactive substances (TBARS), and activity of ACE in LVH group (n = 8) were increased by 163 %, 90 %, and 130 %, respectively (P < 0.01)compared with sham-operated group (n = 7), and were decreased by 30 %, 37 %, and 51 %, respectively (P < 0.01) in high dosage Sim treatment group (n = 9) compared with LVH group. Activities of catalase and glutathione peroxidase of LV tissue in LVH group were decreased by 29 % and 23 % (P < 0.01) compared with sham-operated group, and were increased by 32 % and 22 % (P < 0.01) in high dosage Sim treatment group compared with LVH group. Activity of Cu, Zn-superoxide dismutase (SOD) of LV tissue was increased by 33 % in LVH group compared with sham-operated group. Sim treatment did not significantly affect activity of Cu,Zn-SOD. Alteration of redox status in myocardium is associated with cardiac hypertrophy and inhibitory effects of Sim on cardiac hypertrophy in rats model might be linked to its antioxidant effects.",,,,,,,,,
pmid_single_rel,20050209,2009,Methotrexate,@CHEMICAL_Methotrexate,Liver Failure,@DISEASE_Liver_Failure,100,1,1,1,False,False,"[{""drug_name"": ""Methotrexate"", ""drug_id"": ""@CHEMICAL_Methotrexate"", ""disease_name"": ""Liver Failure"", ""disease_id"": ""@DISEASE_Liver_Failure"", ""pub_year"": 2009, ""pmid_count_pair"": 100}]",86,My doctor recommended I take methotrexate to relieve the pain of the rheumatoid arthritis I have in my shoulder. But I've heard that methotrexate can cause liver problems. How will I know if I'm developing liver problems?,,,,,,,,,,
pmid_single_rel,41178182,2025,Prednisolone,@CHEMICAL_Prednisolone,Pemphigoid Bullous,@DISEASE_Pemphigoid_Bullous,98,1,1,1,False,False,"[{""drug_name"": ""Prednisolone"", ""drug_id"": ""@CHEMICAL_Prednisolone"", ""disease_name"": ""Pemphigoid Bullous"", ""disease_id"": ""@DISEASE_Pemphigoid_Bullous"", ""pub_year"": 2025, ""pmid_count_pair"": 98}]",87,Adjuvant therapy of severe and/or refractory bullous pemphigoid with immunoadsorption - A prospective monocenter pilot study.,"Bullous pemphigoid (BP) is the most common autoimmune blistering disease in the Western world. While remission is achieved in the majority of BP patients by long-term use of corticosteroids with or without immunomodulants/immunosuppressants, national and international guidelines recommend adjuvant immunoadsorption (IA) in refractory patients. Here we investigated the safety and efficacy of IA in severe and/or refractory BP patients. 10 BP patients (3 women, 7 men; mean age 69.7 years; range 52-81 years) were treated with IA on three consecutive days (LigaSorb<sup>®</sup>, Fresenius Medical Care) combined with oral prednisolone (0.5 mg/kg BW per day, tapered), dapsone (1.5 mg/kg BW per day), and lesional mometasone furoate ointment. Within 2 and 6 months after IA, 50% and 90% of patients showed complete remission on therapy, respectively. In all patients, serum anti-BP180 IgG levels decreased significantly by an average of 89% and 73% immediately after the third IA and 4 weeks later, respectively. A total of 56 adverse events (AE) occurred during the 12-month follow-up. The majority of AE were of severity grade 2 (50%), 15 AE were classified as severe (grade 3-4). IA can be considered as a relatively safe and effective adjuvant therapy for patients with severe or refractory BP.",,,,,,,,,
pmid_multi_rel,26299293,2015,Quetiapine,@CHEMICAL_Quetiapine_Fumarate,Parkinson Disease Secondary,@DISEASE_Parkinson_Disease_Secondary,26,3,2,2,True,True,"[{""drug_name"": ""Quetiapine"", ""drug_id"": ""@CHEMICAL_Quetiapine_Fumarate"", ""disease_name"": ""Parkinson Disease Secondary"", ""disease_id"": ""@DISEASE_Parkinson_Disease_Secondary"", ""pub_year"": 2015, ""pmid_count_pair"": 26}, {""drug_name"": ""Aripiprazole"", ""drug_id"": ""@CHEMICAL_Aripiprazole"", ""disease_name"": ""Parkinson Disease Secondary"", ""disease_id"": ""@DISEASE_Parkinson_Disease_Secondary"", ""pub_year"": 2015, ""pmid_count_pair"": 41}, {""drug_name"": ""Aripiprazole"", ""drug_id"": ""@CHEMICAL_Aripiprazole"", ""disease_name"": ""Breakthrough Infections"", ""disease_id"": ""@DISEASE_Breakthrough_Infections"", ""pub_year"": 2015, ""pmid_count_pair"": 2}]",88,Neuromotor Adverse Effects in 342 Youth During 12 Weeks of Naturalistic Treatment With 5 Second-Generation Antipsychotics.,"Second-generation antipsychotic (SGA) effects in youth were monitored to quantify extrapyramidal side effects (EPS) and to identify risk profiles for treatment-emergent EPS. Data were analyzed for the nonrandomized, prospective Second-generation Antipsychotic Treatment Indications, Effectiveness and Tolerability in Youth (SATIETY) inception cohort study. EPS were assessed at baseline and 4, 8, and 12 weeks after naturalistic SGA initiation for schizophrenia, mood, disruptive behavior, and autism spectrum disorders using the Simpson-Angus Scale (SAS), Barnes Akathisia Scale, Abnormal Involuntary Movement Scale (AIMS), and Treatment Emergent Side Effect Scale. Drug-induced parkinsonism was defined by incident mean SAS score >0.33, anticholinergic initiation, or increasing total SAS score ≥2 in patients with baseline EPS. In 342 youth aged 13.6 ± 3.5 years (male = 58.2%, antipsychotic-naive = 65.8%), 15.2% developed drug-induced parkinsonism. Raw SGA-grouped drug-induced parkinsonism rates were as follows: quetiapine = 1.5%, olanzapine = 13.8%, risperidone = 16.1%, ziprasidone = 20.0%, and aripiprazole = 27.3%. SGA type, dose, higher age, and lower baseline functioning were jointly associated with drug-induced parkinsonism (R(2) = 0.18; p < .0001). Controlling for these factors, drug-induced parkinsonism rates were significantly lower only for quetiapine and olanzapine. Subjectively reported EPS (5%), EPS-related treatment discontinuation (3.3%), and anticholinergic initiation (3%) were infrequent. Anticholinergic initiation was most frequent with risperidone (10.2%; p = .0004). Treatment-emergent dyskinesia ranged from 4.5% (aripiprazole) to 15.5% (olanzapine). SGA type, younger age, white race/ethnicity, and baseline AIMS were jointly associated with treatment-emergent dyskinesia (R(2) = 0.31; p < .0001). Controlling for these factors, treatment-emergent dyskinesia rates differed among SGA subgroups, with higher rates with olanzapine and ziprasidone. At baseline, psychostimulant use was associated with dyskinesia, and number of psychotropic comedications was associated with subjective EPS. In youth, SGA-related EPS rates did not generally exceed those reported in adults, with particularly low rates with quetiapine and olanzapine.",,,,,,,,,
pmid_single_rel,17468538,2007,Progesterone,@CHEMICAL_Progesterone,Communicable Diseases,@DISEASE_Communicable_Diseases,7,1,1,1,False,False,"[{""drug_name"": ""Progesterone"", ""drug_id"": ""@CHEMICAL_Progesterone"", ""disease_name"": ""Communicable Diseases"", ""disease_id"": ""@DISEASE_Communicable_Diseases"", ""pub_year"": 2007, ""pmid_count_pair"": 7}]",89,Premenstrual syndrome: an evolutionary perspective on its causes and treatment.,"Premenstrual syndrome is a collection of heterogeneous symptoms that are attributed to hormonal fluctuations and that vary among individuals for unknown reasons. We propose that much of what is labeled ""premenstrual syndrome"" is part of a broader set of infectious illnesses that are exacerbated by cyclic changes in immunosuppression, which are induced by cyclic changes in estrogen and progesterone. This cyclic defense paradigm accords with the literature on cyclic exacerbations of persistent infectious diseases and chronic diseases of uncertain cause. Similar exacerbations attributable to hormonal contraception implicate hormonal alterations as a cause of these changes. The precise timing of these cyclic exacerbations depends on the mechanisms of pathogenesis and immunological control of particular infectious agents. Insight into these mechanisms can be obtained by a comparison of timing of menstrual exacerbations with the timing of exacerbations associated with pregnancy.",,,,,,,,,
pmid_single_rel,22072742,2012,Pioglitazone,@CHEMICAL_Pioglitazone,Cardiovascular Diseases,@DISEASE_Cardiovascular_Diseases,100,1,1,1,False,False,"[{""drug_name"": ""Pioglitazone"", ""drug_id"": ""@CHEMICAL_Pioglitazone"", ""disease_name"": ""Cardiovascular Diseases"", ""disease_id"": ""@DISEASE_Cardiovascular_Diseases"", ""pub_year"": 2012, ""pmid_count_pair"": 100}]",90,Pioglitazone-mediated changes in lipoprotein particle composition are predicted by changes in adiponectin level in type 2 diabetes.,"In animal and observational studies, adiponectin is associated with lipoprotein risk factors for cardiovascular disease. We analyzed data from a randomized clinical trial to evaluate the relationship between changes in adiponectin to changes in lipoprotein risk factors after an intervention that alters adiponectin levels. Adiponectin levels were measured at baseline and follow-up, as were lipoprotein risk factors for cardiovascular disease, at academic medical centers and ambulatory care centers. Participants included 361 men and women with type 2 diabetes. Intervention included randomization to treatment with glimepiride or pioglitazone for 72 wk. The relationship of treatment-related differences in adiponectin level to treatment-related differences in lipoprotein cardiovascular risk factors at 72 wk was evaluated. Pioglitazone led to an increase in adiponectin compared with glimepiride. Compared with baseline, pioglitazone treatment at 72 wk led to an increase in low-density lipoprotein (LDL) and high-density lipoprotein (HDL) particle size and a decrease in very-low-density lipoprotein (VLDL) particle size and LDL particle number. Glimepiride treatment more modestly decreased LDL particle number and increased LDL particle size. At 72 wk, there were significant treatment group differences for HDL, LDL, and VLDL particle size, and triglyceride and HDL cholesterol level. The increase in adiponectin predicted treatment-related improvement for triglyceride and HDL cholesterol level and LDL and HDL particle size. Increased adiponectin contributed to treatment-related benefit in lipoprotein cardiovascular disease risk factors in obese diabetic subjects treated with pioglitazone. These results provide support for a model that mechanistically links changes in adiponectin level to changes in lipoprotein composition in humans.",,,,,,,,,
pmid_multi_rel,29690973,2018,Rivaroxaban,@CHEMICAL_Rivaroxaban,ST Elevation Myocardial Infarction,@DISEASE_ST_Elevation_Myocardial_Infarction,20,2,1,2,True,False,"[{""drug_name"": ""Rivaroxaban"", ""drug_id"": ""@CHEMICAL_Rivaroxaban"", ""disease_name"": ""ST Elevation Myocardial Infarction"", ""disease_id"": ""@DISEASE_ST_Elevation_Myocardial_Infarction"", ""pub_year"": 2018, ""pmid_count_pair"": 20}, {""drug_name"": ""Rivaroxaban"", ""drug_id"": ""@CHEMICAL_Rivaroxaban"", ""disease_name"": ""Descending Thoracic Aortic Aneurysm"", ""disease_id"": ""@DISEASE_Descending_Thoracic_Aortic_Aneurysm"", ""pub_year"": 2018, ""pmid_count_pair"": 1}]",91,Percutaneous Non-Stenting Approach for Distal Simultaneous Multivessel Acute Coronary Occlusions.,"The occurrence of distal coronary lesions causing simultaneous occlusion of two coronary arteries in the setting of ST elevation myocardial infarction is a rare occurrence. This can occur due to simultaneous plaque rupture at more than one site or embolisation in coronary arteries. We describe a case of a middle-aged man who presented with acute inferoposterior lateral wall ST elevation myocardial infarction with simultaneous occlusion of distal left anterior descending artery and distal left circumflex artery on angiogram. The patient was treated with intracoronary streptokinase, followed by glycoprotein (GP) IIb/IIIa inhibitor and Factor X inhibitor (Rivaroxaban) with full resolution of flow in the distal vessels. Thus, coronary lesions, not amenable to stenting, can be dealt percutaneously, using a combination of old and newer pharmacological agents without stenting.",,,,,,,,,
pmid_multi_rel,15769575,2005,Aripiprazole,@CHEMICAL_Aripiprazole,Hyperprolactinemia,@DISEASE_Hyperprolactinemia,100,2,1,2,True,False,"[{""drug_name"": ""Aripiprazole"", ""drug_id"": ""@CHEMICAL_Aripiprazole"", ""disease_name"": ""Hyperprolactinemia"", ""disease_id"": ""@DISEASE_Hyperprolactinemia"", ""pub_year"": 2005, ""pmid_count_pair"": 100}, {""drug_name"": ""Aripiprazole"", ""drug_id"": ""@CHEMICAL_Aripiprazole"", ""disease_name"": ""Long QT Syndrome"", ""disease_id"": ""@DISEASE_Long_QT_Syndrome"", ""pub_year"": 2005, ""pmid_count_pair"": 31}]",92,"Overdose of aripiprazole, a new type of antipsychotic.","Aripiprazole is the first member of a new class of antipsychotic medications. Unlike other antipsychotics, it acts as a partial agonist at dopamine D(2) and 5-HT(1A) receptors, thereby mitigating most of the adverse reactions such as extrapyramidal side effects and hyperprolactinemia. Additionally, most research to date has suggested a low incidence of QTc prolongation and orthostatic hypotension at therapeutic doses. Experience in the setting of intentional overdose, however, is limited. We present a case of a 27-year-old woman who intentionally ingested 330 mg of aripiprazole in a suicide attempt. Clinical effects were limited to mild sedation. Serum levels performed by the drug's manufacturer confirmed a total level (parent drug and active metabolite) of 716 ng/mL, nearly six times the upper limit of accepted therapeutic levels. This suggests that aripiprazole's therapeutic index is quite high and reinforces the drug's known safety profile.",,,,,,,,,
pmid_single_rel,17592207,2007,Sildenafil,@CHEMICAL_Sildenafil_Citrate,CREST Syndrome,@DISEASE_CREST_Syndrome,1,1,1,1,False,False,"[{""drug_name"": ""Sildenafil"", ""drug_id"": ""@CHEMICAL_Sildenafil_Citrate"", ""disease_name"": ""CREST Syndrome"", ""disease_id"": ""@DISEASE_CREST_Syndrome"", ""pub_year"": 2007, ""pmid_count_pair"": 1}]",93,Combination therapy with oral sildenafil and beraprost for pulmonary arterial hypertension associated with CREST syndrome.,"Pulmonary arterial hypertension (PAH) is commonly associated with CREST (Calcinosis, Raynaud phenomenon, Esophageal motility disorders, Sclerodactyly, and Telangiectasia) syndrome. Sildenafil, an oral phosphodiesterase type-5 inhibitor, may offer benefits in the pharmacological management of PAH. However, little is known about the long-term hemodynamic effects of sildenafil, and the potential role of sildenafil in long-term combination with beraprost, an oral prostacyclin analogue, remains unclear. We therefore examined the hemodynamic effect of oral sildenafil alone and when coadministered with beraprost in a patient with PAH associated with CREST syndrome. Traces of the acute hemodynamic effects of beraprost (20 microg) disappeared after 2 hours. In contrast, the acute hemodynamic effects of sildenafil (50 mg) produced a greater reduction in PAP (31%) and PVR (40%), and these effects also disappeared after 5 hours. After 1 month of combination therapy of sildenafil (25 mg) twice daily and beraprost (20 microg) 3 times daily, the fall in pulmonary artery pressure and pulmonary vascular resistance was sustained (31% in both). Furthermore, the patient had significantly improved her 3-minute walk test and NYHA function class without significant adverse effects at the reported doses. The findings indicate that oral sildenafil is a potent pulmonary vasodilator that appears to act synergistically with oral beraprost to cause sustained pulmonary vasodilatation in a patient with PAH associated with CREST syndrome.",,,,,,,,,
pmid_multi_rel,36719803,2023,Aspirin,@CHEMICAL_Aspirin,Abdominal Pain,@DISEASE_Abdominal_Pain,50,2,1,2,True,False,"[{""drug_name"": ""Aspirin"", ""drug_id"": ""@CHEMICAL_Aspirin"", ""disease_name"": ""Abdominal Pain"", ""disease_id"": ""@DISEASE_Abdominal_Pain"", ""pub_year"": 2023, ""pmid_count_pair"": 50}, {""drug_name"": ""Aspirin"", ""drug_id"": ""@CHEMICAL_Aspirin"", ""disease_name"": ""Fatigue"", ""disease_id"": ""@DISEASE_Fatigue"", ""pub_year"": 2023, ""pmid_count_pair"": 25}]",94,Adrenal insufficiency revealing bilateral adrenal hemorrhage related to JAK2 V617F-positive essential thrombocythemia: about two cases.,"Bilateral adrenal hemorrhage is a rare cause of adrenal insufficiency which has been rarely associated with myeloproliferative neoplasms. Here, we report two cases of bilateral adrenal hemorrhage revealed by abdominal pain, malaise, and fatigue in two octogenarian males previously diagnosed with JAK2 V617F-positive essential thrombocythemia. Both patients were on long-term direct oral anticoagulant treatment for atrial fibrillation. Evolution was favorable under steroid replacement therapy, associated with cytoreduction, aspirin, and switch of direct oral anticoagulants for vitamin K antagonists.",,,,,,,,,
pmid_single_rel,17881767,2007,Estradiol,@CHEMICAL_Estradiol,Herpes Simplex,@DISEASE_Herpes_Simplex,2,1,1,1,False,False,"[{""drug_name"": ""Estradiol"", ""drug_id"": ""@CHEMICAL_Estradiol"", ""disease_name"": ""Herpes Simplex"", ""disease_id"": ""@DISEASE_Herpes_Simplex"", ""pub_year"": 2007, ""pmid_count_pair"": 2}]",95,"Susceptibility of human female primary genital epithelial cells to herpes simplex virus, type-2 and the effect of TLR3 ligand and sex hormones on infection.","Genital epithelial cells (ECs) are the first line of defense that sexually transmitted viruses encounter. The mechanism of viral pathogenesis in these cells is not well understood. Here, we show that a primary cell culture model from human reproductive tract tissues can be used as a novel ex vivo model in examining the interaction of herpes simplex virus, type 2 (HSV-2), with female genital mucosa. Confluent, polarized primary cultures of human endometrial and cervical ECs were established and shown to be free from any significant contamination of any other cell type. Both endometrial and cervical ECs were found to be highly susceptible to HSV-2 infection. The kinetic of infection was similar to in vivo infection, with the earliest viral shedding seen at 18 h postinfection. Primary EC monolayers could be infected both apically and basolaterally, but preferential viral shedding was seen on the apical side of cells. Following treatment of the monolayers with poly (I:C), an innate immune activator that acts via TLR3, viral shedding was reduced significantly, comparable to levels seen when an antiviral formulation, acyclovir, was used. Treatment of epithelial and stromal co-cultures with estradiol increased HSV-2 infection in endometrial ECs, but viral shedding decreased following treatment with progesterone. To the best of our knowledge, this is the first study that examines the interaction of primary human female genital ECs with HSV-2, using an ex vivo culture model. The results provide valuable information regarding the susceptibility of women's genital ECs to HSV-2 and the ability of innate immunity and hormones to modify this susceptibility.",,,,,,,,,
pmid_multi_rel,25725171,2015,Memantine,@CHEMICAL_Memantine,Nerve Degeneration,@DISEASE_Nerve_Degeneration,74,3,1,3,True,False,"[{""drug_name"": ""Memantine"", ""drug_id"": ""@CHEMICAL_Memantine"", ""disease_name"": ""Nerve Degeneration"", ""disease_id"": ""@DISEASE_Nerve_Degeneration"", ""pub_year"": 2015, ""pmid_count_pair"": 74}, {""drug_name"": ""Memantine"", ""drug_id"": ""@CHEMICAL_Memantine"", ""disease_name"": ""Weight Loss"", ""disease_id"": ""@DISEASE_Weight_Loss"", ""pub_year"": 2015, ""pmid_count_pair"": 7}, {""drug_name"": ""Memantine"", ""drug_id"": ""@CHEMICAL_Memantine"", ""disease_name"": ""Spinocerebellar Ataxias"", ""disease_id"": ""@DISEASE_Spinocerebellar_Ataxias"", ""pub_year"": 2015, ""pmid_count_pair"": 4}]",96,Long-term oral administration of the NMDA receptor antagonist memantine extends life span in spinocerebellar ataxia type 1 knock-in mice.,"Spinocerebellar ataxia type 1 (SCA1) is a progressive neurodegenerative disease caused by extension of a CAG repeat in the Sca1gene. Although the mechanisms underlying the symptoms of SCA1 have not been determined, aberrant neuronal activation potentially contributes to the neuronal cell death characteristic of the disease. Here we examined the potential involvement of extrasynaptic N-methyl-d-aspartate receptor (NMDAR) activation in the pathogenesis of SCA1 by administering memantine, a low-affinity noncompetitive NMDAR antagonist, in SCA1 knock-in (KI) mice. In KI mice, the exon in the ataxin 1 gene is replaced with abnormally expanded 154CAG repeats. Memantine was administered orally to the SCA1 KI mice from 4 weeks of age until death. The treatment significantly attenuated body-weight loss and prolonged the life span of SCA1 KI mice. Furthermore, memantine significantly suppressed the loss of Purkinje cells in the cerebellum and motor neurons in the dorsal motor nucleus of the vagus, which are critical for motor function and parasympathetic function, respectively. These findings support the contribution of aberrant activation of extrasynaptic NMDARs to neuronal cell death in SCA1 KI mice and suggest that memantine may also have therapeutic benefits in human SCA1 patients.",,,,,,,,,
pmid_single_rel,35857386,2022,Methotrexate,@CHEMICAL_Methotrexate,Skin Ulcer,@DISEASE_Skin_Ulcer,16,1,1,1,False,False,"[{""drug_name"": ""Methotrexate"", ""drug_id"": ""@CHEMICAL_Methotrexate"", ""disease_name"": ""Skin Ulcer"", ""disease_id"": ""@DISEASE_Skin_Ulcer"", ""pub_year"": 2022, ""pmid_count_pair"": 16}]",97,[Disseminated Skin Ulcers Associated with Methotrexate].,,,,,,,,,,
pmid_single_rel,1241536,1975,Testosterone,@CHEMICAL_Testosterone_Propionate,Personality Disorders,@DISEASE_Personality_Disorders,29,1,1,1,False,False,"[{""drug_name"": ""Testosterone"", ""drug_id"": ""@CHEMICAL_Testosterone_Propionate"", ""disease_name"": ""Personality Disorders"", ""disease_id"": ""@DISEASE_Personality_Disorders"", ""pub_year"": 1975, ""pmid_count_pair"": 29}]",98,Aggressive behavior of juvenile mice: influence of androgen and olfactory stimuli.,"Testosterone propionate (TP) administered from Day 21 through Day 50 of life enhanced the aggressiveness of castrated and neonatally TP-treated juvenile male and female mice and, to a lesser extent, enhanced the aggressiveness of nonneonatally androgenized females. In addition, the enhanced aggressive behavior of juvenile male and female mice was directed principally toward juvenile male but not female opponents and was inhibited by the application of urine from juvenile females to the fur of juvenile male opponents. These experiments indicate that androgen and olfactory stimuli modulate the aggressive behavior of juvenile mice in a manner similar to that of adult animals.",,,,,,,,,
pmid_single_rel,35241775,2022,Amoxicillin,@CHEMICAL_Amoxicillin,Pneumonia,@DISEASE_Pneumonia,100,1,1,1,False,False,"[{""drug_name"": ""Amoxicillin"", ""drug_id"": ""@CHEMICAL_Amoxicillin"", ""disease_name"": ""Pneumonia"", ""disease_id"": ""@DISEASE_Pneumonia"", ""pub_year"": 2022, ""pmid_count_pair"": 100}]",99,Analysis of serious adverse events in a pediatric community-acquired pneumonia randomized clinical trial in Malawi.,"Amoxicillin is recommended as first-line antibiotic treatment for community-acquired pneumonia, the leading infectious cause of mortality in children aged less than 5 years. We conducted a double-blind, randomized controlled non-inferiority trial comparing 3- to 5-day amoxicillin treatment for non-severe chest-indrawing pneumonia in HIV-negative children aged 2 to 59 months in Malawi. In a secondary analysis, we assessed the frequency of serious adverse events (SAEs) during the trial to evaluate the safety of treatment with amoxicillin. Enrolled children with non-severe chest-indrawing pneumonia were randomized to either 3- or 5-day amoxicillin and followed for 14 days to track clinical outcomes. In addition to evaluation for treatment failure (primary endpoint, day 6), relapse, and study drug adherence, children were assessed for adverse events, including SAEs, which were managed per local standard clinical practice until resolution or stabilization. Between March 2016 and April 2019, 3000 children were enrolled, with male and younger children (aged less than 24 months) demonstrating more SAEs (10.3% for males vs 8.1% for females, p = 0.04; 10.0% for 2-6 months, 10.8% for 7-11 months, 9.7% for 12-23 months and 5.6% for 24-59 months, p = 0.01). The most common SAEs were progression of or recurrent pneumonia (220 SAEs in 217 children), acute gastroenteritis (14 SAEs in 14 children), and fever (8 SAEs in 8 children); however, there were no significant or substantive differences in the percentage of children with pneumonia-related, acute gastroenteritis, or fever SAEs noted between the 3- versus 5-day amoxicillin treatment groups. In our pediatric community-acquired pneumonia trial evaluating amoxicillin treatment, there were relatively few SAEs overall and very few attributed to amoxicillin. Duration of amoxicillin treatment did not impact the frequency of SAEs. We found male and younger children appear to be more vulnerable to SAEs in our trial; however, our data support previous data demonstrating the safety of amoxicillin use in children with pneumonia.Clinical trial registration: ClinicalTrials.gov (NCT02678195).",,,,,,,,,
pmid_multi_rel,20842518,2010,Pravastatin,@CHEMICAL_Pravastatin,Proteinuria,@DISEASE_Proteinuria,15,2,1,2,True,False,"[{""drug_name"": ""Pravastatin"", ""drug_id"": ""@CHEMICAL_Pravastatin"", ""disease_name"": ""Proteinuria"", ""disease_id"": ""@DISEASE_Proteinuria"", ""pub_year"": 2010, ""pmid_count_pair"": 15}, {""drug_name"": ""Pravastatin"", ""drug_id"": ""@CHEMICAL_Pravastatin"", ""disease_name"": ""Cognitive Dysfunction"", ""disease_id"": ""@DISEASE_Cognitive_Dysfunction"", ""pub_year"": 2010, ""pmid_count_pair"": 1}]",100,Successful treatment of lipoprotein glomerulopathy in a daughter and a mother using niceritrol.,"We report two patients, a daughter and a mother, with lipoprotein glomerulopathy (LPG) who were successfully treated with niceritrol. Both patients carried a mutation in the apolipoprotein E (apoE) gene known as ApoE Tokyo/Maebashi. The daughter was found to have proteinuria at the age of 4 years. Four years later, she was diagnosed as having LPG based on a renal biopsy. She was treated with several medications including pravastatin, ethyl icosapentate, enalapril, warfarin and cyclophosphamide, all of which failed to reduce her proteinuria. At the age of 17 years, she exhibited an increase in proteinuria and a decline in renal function, despite ongoing treatment with pravastatin and enalapril. After switching from pravastatin to niceritrol, a marked reduction in the proteinuria and an improvement in renal function were observed. Her mother was found to have proteinuria at the age of 57 years and was diagnosed as having LPG based on a renal biopsy. She was also treated with niceritrol, resulting in an improvement in her proteinuria and renal function. These cases suggest that niceritrol might be a useful therapeutic option for LPG.",,,,,,,,,
pmid_single_rel,9008810,1996,Cyanocobalamin,@CHEMICAL_Vitamin_B_12,Neural Tube Defects,@DISEASE_Neural_Tube_Defects,100,1,1,1,False,False,"[{""drug_name"": ""Cyanocobalamin"", ""drug_id"": ""@CHEMICAL_Vitamin_B_12"", ""disease_name"": ""Neural Tube Defects"", ""disease_id"": ""@DISEASE_Neural_Tube_Defects"", ""pub_year"": 1996, ""pmid_count_pair"": 100}]",101,Plasma homocysteine and methionine concentrations in children with neural tube defects.,"Mild to moderate homocysteinemia in women has been associated with an increased frequency of pregnancies with neural tube defects (NTD). Homocysteinemia is also an independent risk factor for premature vascular disease. In addition to folic acid, supplemental Vitamin B12, Vitamin B6 and betaine may normalize homocysteine metabolism, decrease the risk for NTD formation, and correct related metabolic imbalances in children with NTD. By means of automated amino acid analysis, we assessed total non-fasting homocysteine and methionine in plasma from 24 children with myelomeningocele. This study group (mean age 10.5 +/- 4.9 years) included 12 girls and 12 boys randomly selected from our Birth Defects Clinic. Homocysteine concentrations in our patients (4.7 +/- 1.8 mumol/L) did not differ from those of 20 randomly selected child controls (5.1 +/- 2.6 mumol/L). The mean homocysteine concentration for 36 adult controls (9.3 +/- 3.0 mumol/L) was significantly higher than the mean for either group of children (p < 0.0001). Linear regression analysis revealed negative correlation of total plasma homocysteine with serum folate (r = -0.53; p = 0.01), but not of homocysteine with either methionine or B12. Plasma methionine concentrations from our patients did not differ from adult reference values. Elevated homocysteine in some mothers of children with NTD has been attributed to defective methylation of homocysteine. These preliminary results do not indicate such a defect in the children themselves. A more comprehensive study of homocysteine, methionine and related metabolites in children with NTD and age-matched controls will be required to determine the clinical significance of these findings.",,,,,,,,,
pmid_multi_rel,11390171,2001,Estradiol,@CHEMICAL_Estradiol,Weight Gain,@DISEASE_Weight_Gain,100,2,2,1,False,True,"[{""drug_name"": ""Estradiol"", ""drug_id"": ""@CHEMICAL_Estradiol"", ""disease_name"": ""Weight Gain"", ""disease_id"": ""@DISEASE_Weight_Gain"", ""pub_year"": 2001, ""pmid_count_pair"": 100}, {""drug_name"": ""Progesterone"", ""drug_id"": ""@CHEMICAL_Progesterone"", ""disease_name"": ""Weight Gain"", ""disease_id"": ""@DISEASE_Weight_Gain"", ""pub_year"": 2001, ""pmid_count_pair"": 25}]",102,"The effects of 2,3,7,8-tetrachlorodibenzo-p-dioxin (TCDD) on weight gain and hepatic ethoxyresorufin-o-deethylase (EROD) induction vary with ovarian hormonal status in the immature gonadotropin-primed rat model.","Immature female rats received 2,3,7,8-tetrachlorodibenzo-p-dioxin (TCDD) during an induced proestrus or diestrus. The inhibitory effect of TCDD on acute weight gain and the induction of hepatic ethoxyresorufin-o-deethylase (EROD) activity by TCDD were greatest during proestrus. In a second experiment, ovariectomized rats received estradiol cypionate (ECP) or progesterone followed by TCDD. TCDD and estradiol each alone significantly inhibited weight gain. Progesterone potentiated the effects of TCDD on weight gain. The highest dose of ECP was associated with greater induction of hepatic EROD activity by TCDD than seen with TCDD alone. Estradiol modulates the induction of hepatic EROD activity by TCDD. Differential effects of TCDD on acute weight gain during proestrus vs. diestrus in this model do not mimic changes induced by estrogen alone. Hepatic responses to TCDD may vary according to phase of the female reproductive cycle.",,,,,,,,,
pmid_multi_rel,31238499,2019,Naproxen,@CHEMICAL_Naproxen,Neoplasms,@DISEASE_Neoplasms,61,2,1,2,True,False,"[{""drug_name"": ""Naproxen"", ""drug_id"": ""@CHEMICAL_Naproxen"", ""disease_name"": ""Neoplasms"", ""disease_id"": ""@DISEASE_Neoplasms"", ""pub_year"": 2019, ""pmid_count_pair"": 61}, {""drug_name"": ""Naproxen"", ""drug_id"": ""@CHEMICAL_Naproxen"", ""disease_name"": ""Mesothelioma Malignant"", ""disease_id"": ""@DISEASE_Mesothelioma_Malignant"", ""pub_year"": 2019, ""pmid_count_pair"": 1}]",103,Antiproliferative Activity of Pt(IV) Conjugates Containing the Non-Steroidal Anti-Inflammatory Drugs (NSAIDs) Ketoprofen and Naproxen <sup>†</sup>.,"Cisplatin and several non-steroidal anti-inflammatory drugs (NSAIDs) have been proven to act synergistically or at least additively on several tumor cell lines. Dual-action cisplatin-based Pt(IV) combos containing ketoprofen and naproxen offer good antiproliferative performance on a panel of human tumor cell lines, including a malignant pleural mesothelioma (MPM) one, a very chemoresistant tumor. The main reason of the increased activity relies on the enhanced lipophilicity of these Pt(IV) conjugates that in turn promotes increased cellular accumulation. A quick Pt(IV)→Pt(II) reduction generates the active cisplatin metabolite. The NSAID adjuvant action seems to be almost independent from cyclooxygenase-2 (<i>COX-2</i>) expression in the tumor cells under investigation (lung A-549, colon HT-29, HCT 116, SW480, ovarian A2780, and biphasic MPM MSTO-211H), but it seems to rely (at least in part) on the activation of the NSAID activated gene, <i>NAG-1</i> (a member of the transforming growth factor beta, <i>TGF-β</i>, superfamily), which has been suggested to be involved in NSAID antiproliferative activity.",,,,,,,,,
pmid_multi_rel,39296270,2024,Empagliflozin,@CHEMICAL_empagliflozin,Pulmonary Arterial Hypertension,@DISEASE_Pulmonary_Arterial_Hypertension,3,4,1,4,True,False,"[{""drug_name"": ""Empagliflozin"", ""drug_id"": ""@CHEMICAL_empagliflozin"", ""disease_name"": ""Pulmonary Arterial Hypertension"", ""disease_id"": ""@DISEASE_Pulmonary_Arterial_Hypertension"", ""pub_year"": 2024, ""pmid_count_pair"": 3}, {""drug_name"": ""Empagliflozin"", ""drug_id"": ""@CHEMICAL_empagliflozin"", ""disease_name"": ""Vascular Remodeling"", ""disease_id"": ""@DISEASE_Vascular_Remodeling"", ""pub_year"": 2024, ""pmid_count_pair"": 3}, {""drug_name"": ""Empagliflozin"", ""drug_id"": ""@CHEMICAL_empagliflozin"", ""disease_name"": ""Hypertrophy Right Ventricular"", ""disease_id"": ""@DISEASE_Hypertrophy_Right_Ventricular"", ""pub_year"": 2024, ""pmid_count_pair"": 2}, {""drug_name"": ""Empagliflozin"", ""drug_id"": ""@CHEMICAL_empagliflozin"", ""disease_name"": ""Familial Primary Pulmonary Hypertension"", ""disease_id"": ""@DISEASE_Familial_Primary_Pulmonary_Hypertension"", ""pub_year"": 2024, ""pmid_count_pair"": 1}]",104,Empagliflozin Attenuates Pulmonary Arterial Remodeling Through Peroxisome Proliferator-Activated Receptor Gamma Activation.,"The loss of peroxisome proliferator-activated receptor gamma (PPARγ) exacerbates pulmonary arterial hypertension (PAH), while its upregulation reduces cell proliferation and vascular remodeling, thereby decreasing PAH severity. SGLT2 inhibitors, developed for type 2 diabetes, might also affect signal transduction in addition to modulating sodium-glucose cotransporters. Pulmonary arterial smooth muscle cells (PASMCs) isolated from patients with idiopathic pulmonary arterial hypertension (IPAH) were treated with three SGLT2 inhibitors, canagliflozin (Cana), dapagliflozin (Dapa), and empagliflozin (Empa), to investigate their antiproliferative effects. To assess the impact of Empa on PPARγ, luciferase reporter assays and siRNA-mediated PPARγ knockdown were employed to examine regulation of the γ-secretase complex and its downstream target Notch3. Therapy involving daily administration of Empa was initiated 21 days after inducing hypoxia-induced PAH in mice. Empa exhibited significant antiproliferative effects on fast-growing IPAH PASMCs. Empa activated PPARγ to prevent formation of the γ-secretase complex, with specific impacts on presenilin enhancer 2 (PEN2), which plays a crucial role in maintaining γ-secretase complex stability, thereby inhibiting Notch3. Similar results were obtained in lung tissue of chronically hypoxic mice. Empa attenuated pulmonary arterial remodeling and right ventricle hypertrophy in a hypoxic PAH mouse model. Moreover, PPARγ expression was significantly decreased and PEN2, and Notch3 levels were increased in lung tissue from PAH patients compared with non-PAH lung tissue. Empa reverses vascular remodeling by activating PPARγ to suppress the γ-secretase-Notch3 axis. We propose Empa as a PPARγ activator and potential therapeutic for PAH.",,,,,,,,,
pmid_multi_rel,29226720,2018,Memantine,@CHEMICAL_Memantine,Drug Related Side Effects and Adverse Reactions,@DISEASE_Drug_Related_Side_Effects_and_Adverse_Reactions,52,3,1,3,True,False,"[{""drug_name"": ""Memantine"", ""drug_id"": ""@CHEMICAL_Memantine"", ""disease_name"": ""Drug Related Side Effects and Adverse Reactions"", ""disease_id"": ""@DISEASE_Drug_Related_Side_Effects_and_Adverse_Reactions"", ""pub_year"": 2018, ""pmid_count_pair"": 52}, {""drug_name"": ""Memantine"", ""drug_id"": ""@CHEMICAL_Memantine"", ""disease_name"": ""Neoplasms"", ""disease_id"": ""@DISEASE_Neoplasms"", ""pub_year"": 2018, ""pmid_count_pair"": 19}, {""drug_name"": ""Memantine"", ""drug_id"": ""@CHEMICAL_Memantine"", ""disease_name"": ""Prostatic Neoplasms"", ""disease_id"": ""@DISEASE_Prostatic_Neoplasms"", ""pub_year"": 2018, ""pmid_count_pair"": 2}]",105,Memantine induces apoptosis and inhibits cell cycle progression in LNCaP prostate cancer cells.,"Deregulated cancer cell metabolism plays an important role in cancer progression. Cancer cell metabolism has been in the centre of attention in therapeutical cancer cell targeting. Repurposed chemical agents, such as metformin and aspirin, have been studied extensively as preventive and therapeutic agents. Metformin is Food and Drug administration (FDA)-approved antidiabetic drug cheaper than other chemotherapeutic agents that were shown to have anticancer effects. Memantine is an FDA-approved Alzheimer's drug. Drug repositioning studies offer wide range of benefits, such as reduced time, cost and risk over de novo drug discovery. Therefore, we aimed to target glucose and glutamine metabolism in androgen-dependent LNCaP cells by using metformin and memantine and investigate these agents' effects on prostate cancer cell proliferation in vitro. We evaluated the effects of metformin and memantine on the protein expression levels of genes that play significant roles in apoptosis and cell cycle progression (Casp3, Casp9, Bcl-2, Survivin, Bax, c-Myc, HIF1A, CCND1, CDK4 and GAPDH) by Western blotting. Alzheimer's drug memantine exerted cytotoxic effects at 0.25 mM and metformin at 2.5 mM. We identified for the first time that memantine exerts antineoplastic activity (0.25 mM) by triggering Bax-dependent pathway of apoptosis. In addition to that both molecules have shown similar patterns on pro- and anti-apoptotic protein expression levels, such as Bcl-2, Casp3, Survivin and Bax. Our preclinic results indicate that memantine might be used as a new repositioned drug in cancer treatment. Beyond targeting glucose metabolism, glutamine metabolism also holds great promise for a potential treatment option.",,,,,,,,,
pmid_single_rel,11028829,2000,Amitriptyline,@CHEMICAL_Amitriptyline,Fibromyalgia,@DISEASE_Fibromyalgia,100,1,1,1,False,False,"[{""drug_name"": ""Amitriptyline"", ""drug_id"": ""@CHEMICAL_Amitriptyline"", ""disease_name"": ""Fibromyalgia"", ""disease_id"": ""@DISEASE_Fibromyalgia"", ""pub_year"": 2000, ""pmid_count_pair"": 100}]",106,Present state of medication therapy in fibromyalgia syndrome.,"For the treatment of primary fibromyalgia syndrome (FMS) the low dose application of tri- and tetracyclic antidepressive drugs was often studied. Up to now from all those drugs the effects of amitriptyline (AMI) are best documented. Because of its sedative properties it doesn't only influence pain but also improves the often disturbed sleep. Its use in patients with FMS is limited by the occurrence of side effects and the lack of response in a substantial number of patients. Serotonin reuptake inhibitors alone seem to be of little value. Nevertheless there is evidence that they may improve pain in combination with other antidepressive agents. Regarding pain moclobemide a reversible inhibitor of monoamine oxidase seems to be inferior to AMI. In controlled studies corticosteroids and non-steroidal anti-inflammatory drugs (NSAIDs) also failed to improve FMS. The combination of NSAIDs with benzodiazepines gave inconsistent results. Although often used, we have only small information about the effectiveness of opioids. No beneficial effect could be attributed to the muscle relaxant chlormezanone. In conclusion, although only about 1/3 of the patients respond, AMI remains the drug of first choice in the conventional medication treatment of FMS.",,,,,,,,,
pmid_multi_rel,34010616,2021,Clopidogrel,@CHEMICAL_Clopidogrel,Death,@DISEASE_Death,100,3,2,2,True,True,"[{""drug_name"": ""Clopidogrel"", ""drug_id"": ""@CHEMICAL_Clopidogrel"", ""disease_name"": ""Death"", ""disease_id"": ""@DISEASE_Death"", ""pub_year"": 2021, ""pmid_count_pair"": 100}, {""drug_name"": ""Clopidogrel"", ""drug_id"": ""@CHEMICAL_Clopidogrel"", ""disease_name"": ""Osler rendu weber syndrome 3"", ""disease_id"": ""@DISEASE_Osler_rendu_weber_syndrome_3"", ""pub_year"": 2021, ""pmid_count_pair"": 4}, {""drug_name"": ""Aspirin"", ""drug_id"": ""@CHEMICAL_Aspirin"", ""disease_name"": ""Death"", ""disease_id"": ""@DISEASE_Death"", ""pub_year"": 2021, ""pmid_count_pair"": 100}]",107,"Aspirin versus clopidogrel for chronic maintenance monotherapy after percutaneous coronary intervention (HOST-EXAM): an investigator-initiated, prospective, randomised, open-label, multicentre trial.","Optimal antiplatelet monotherapy during the chronic maintenance period in patients who undergo coronary stenting is unknown. We aimed to compare head to head the efficacy and safety of aspirin and clopidogrel monotherapy in this population. We did an investigator-initiated, prospective, randomised, open-label, multicentre trial at 37 study sites in South Korea. We enrolled patients aged at least 20 years who maintained dual antiplatelet therapy without clinical events for 6-18 months after percutaneous coronary intervention with drug-eluting stents (DES). We excluded patients with any ischaemic and major bleeding complications. Patients were randomly assigned (1:1) to receive a monotherapy agent of clopidogrel 75 mg once daily or aspirin 100 mg once daily for 24 months. The primary endpoint was a composite of all-cause death, non-fatal myocardial infarction, stroke, readmission due to acute coronary syndrome, and Bleeding Academic Research Consortium (BARC) bleeding type 3 or greater, in the intention-to-treat population. This trial is registered with ClinicalTrials.gov, NCT02044250. Between March 26, 2014, and May 29, 2018, we enrolled 5530 patients. 5438 (98·3%) patients were randomly assigned to either the clopidogrel group (2710 [49·8%]) or to the aspirin group (2728 [50·2%]). Ascertainment of the primary endpoint was completed in 5338 (98·2%) patients. During 24-month follow-up, the primary outcome occurred in 152 (5·7%) patients in the clopidogrel group and 207 (7·7%) in the aspirin group (hazard ratio 0·73 [95% CI 0·59-0·90]; p=0·0035). Clopidogrel monotherapy, compared with aspirin monotherapy during the chronic maintenance period after percutaneous coronary intervention with DES significantly reduced the risk of the composite of all-cause death, non-fatal myocardial infarction, stroke, readmission due to acute coronary syndrome, and BARC bleeding type 3 or greater. In patients requiring indefinite antiplatelet monotherapy after percutaneous coronary intervention, clopidogrel monotherapy was superior to aspirin monotherapy in preventing future adverse clinical events. ChongKunDang, SamJin, HanMi, DaeWoong, and the South Korea Ministry of Health and Welfare.",,,,,,,,,
pmid_multi_rel,35535050,2022,Mirtazapine,@CHEMICAL_Mirtazapine,Postoperative Nausea and Vomiting,@DISEASE_Postoperative_Nausea_and_Vomiting,27,2,1,2,True,False,"[{""drug_name"": ""Mirtazapine"", ""drug_id"": ""@CHEMICAL_Mirtazapine"", ""disease_name"": ""Postoperative Nausea and Vomiting"", ""disease_id"": ""@DISEASE_Postoperative_Nausea_and_Vomiting"", ""pub_year"": 2022, ""pmid_count_pair"": 27}, {""drug_name"": ""Mirtazapine"", ""drug_id"": ""@CHEMICAL_Mirtazapine"", ""disease_name"": ""Obesity"", ""disease_id"": ""@DISEASE_Obesity"", ""pub_year"": 2022, ""pmid_count_pair"": 5}]",108,A Randomized Controlled Trial for Prevention of Postoperative Nausea and Vomiting after Laparoscopic Sleeve Gastrectomy: Aprepitant/Dexamethasone vs. Mirtazapine/Dexamethasone.,"Coadministration of different antiemetics proved to decrease postoperative nausea and vomiting (PONV) after laparoscopic sleeve gastrectomy (LSG). This trial compared aprepitant/dexamethasone (A/D) combination vs mirtazapine/dexamethasone (M/D) combination vs dexamethasone (<i>D</i>) alone for prevention of PONV in morbidly obese patients undergoing LSG. Ninety patients scheduled for LSG were randomly allocated to receive 8 mg dexamethasone intravenous infusion (IVI) only in the <i>D</i> group or in addition to 80 mg aprepitant capsule in the A/D group or in addition to 30 mg mirtazapine tablet in the M/D group. Assessment of PONV was carried out at 0-2 h (early) and 2-24 h (late). The primary outcome was the complete response 0-24 h after surgery. Collective PONV, postoperative pain, side effects and patient satisfaction score were considered as secondary outcomes. The A/D and M/D groups were superior to the <i>D</i> group for a complete response within 0-24 h after surgery (79.3% for the A/D group, 78.6% for the M/D group, and 20.7% for the <i>D</i> group). The <i>D</i> group was inferior to the A/D and M/D groups regarding collective PONV and use of rescue antiemetic 0-24 h after surgery (<i>P</i> < 0.001, <i>P</i> < 0.001, respectively). The peak nausea scores (2-24 h) were significantly reduced in the M/D group in comparison to the <i>D</i> group (<i>P</i>=0.005). Patients in the M/D group showed high sedation scores, while those in the A/D group showed low pain scores (2-24 h) and less analgesic requirements (<i>P</i> < 0.001, <i>P</i> < 0.001, <i>P</i> < 0.001, respectively). The A/D and M/D groups were superior to the <i>D</i> group with regard to the patient satisfaction score (<i>P</i> < 0.001). Aprepitant/dexamethasone combination and mirtazapine/dexamethasone combination were superior to dexamethasone alone in alleviating postoperative nausea and vomiting in morbidly obese patients scheduled to undergo laparoscopic sleeve gastrectomy. Trial Registration: ClinicalTrials.gov identifier: NCT04013386.",,,,,,,,,
pmid_single_rel,27725915,2016,Aspirin,@CHEMICAL_Aspirin,Arthritis,@DISEASE_Arthritis,100,1,1,1,False,False,"[{""drug_name"": ""Aspirin"", ""drug_id"": ""@CHEMICAL_Aspirin"", ""disease_name"": ""Arthritis"", ""disease_id"": ""@DISEASE_Arthritis"", ""pub_year"": 2016, ""pmid_count_pair"": 100}]",109,Aspirin in combination with TACE in treatment of unresectable HCC: a matched-pairs analysis.,"Transarterial chemoembolization (TACE) is the principal therapy for unresectable hepatocellular carcinoma (HCC). However, its efficacy is currently limited owing to tumor progression or treatment failure. It has been shown that aspirin reduces the incidence of multiple malignant tumors including HCC and plays a synergistic role with chemotherapy in the treatment of colon cancer. Therefore, we aimed to investigate the adjuvant effect of aspirin on patients with unresectable HCC who underwent TACE therapy. A retrospective matched-pairs analysis was performed to evaluate the efficacy of aspirin in combination with TACE therapy. A total of 120 patients with HCC, including 60 patients treated with aspirin for treatment of cardiovascular disease, transient ischemic attack, and arthritis, and 60 paired matching HCC patients without aspirin treatment in the same period, were enrolled. Compared with non-aspirin users, patients treated with aspirin showed improved OS (<i>P</i> = 0.050). Specifically, patients treated with a full dose of aspirin showed prolonged OS (<i>P</i> = 0.027), which was an independent factor associated with OS in multivariate analysis (hazard ratio 0.498, 95% confidence interval 0.280-0.888, <i>P</i> = 0.018). Aspirin in combination with TACE might improve OS in patients with unresectable HCC. Thus, the impact of aspirin on patients with HCC warrants further investigation prospectively.",,,,,,,,,
pmid_single_rel,19101536,2009,Bupropion,@CHEMICAL_Bupropion,Tobacco Use Disorder,@DISEASE_Tobacco_Use_Disorder,100,1,1,1,False,False,"[{""drug_name"": ""Bupropion"", ""drug_id"": ""@CHEMICAL_Bupropion"", ""disease_name"": ""Tobacco Use Disorder"", ""disease_id"": ""@DISEASE_Tobacco_Use_Disorder"", ""pub_year"": 2009, ""pmid_count_pair"": 100}]",110,Behavioural and pharmacological mechanisms of bupropion's anti-smoking effects: recent preclinical and clinical insights.,"Ongoing studies continue to explore the behavioural and pharmacological effects of bupropion in smoking cessation studies and animal models of nicotine dependence. In the present review, the components of nicotine dependence that form the most likely targets of bupropion are identified within the context of an expanding preclinical and clinical literature regarding the anti-addictive properties of bupropion. Second, preclinical and clinical data that implicate specific pharmacological modes of action of bupropion in mediating the anti-smoking effects of the compound are discussed. Third, it is suggested that the unique mixed pharmacological profile of bupropion provides (1) attenuation of the multiple negative consequences of withdrawal via blockade of dopamine and noradrenaline reuptake; (2) replacement of the reward-facilitating and subjective effects of nicotine via blockade of dopaminergic reuptake; (3) attenuation of the rewarding effects of acute nicotine by nicotinic acetylcholine receptor blockade. The importance of species differences in bupropion metabolism in the interpretation of preclinical studies is highlighted. Finally, future studies are suggested to address identified gaps in the knowledge: most importantly, to provide stronger evidence for the role of noradrenaline reuptake inhibition in bupropion-induced attenuation of nicotine withdrawal. Future studies aimed at providing more evidence for the three-fold nature of the anti-smoking effects of bupropion are also suggested, along with the possibility of utilizing adjunct therapies to improve smoking cessation rates.",,,,,,,,,
pmid_multi_rel,23471975,2013,Alendronate,@CHEMICAL_Alendronate,Femoral Fractures,@DISEASE_Femoral_Fractures,64,3,1,3,True,False,"[{""drug_name"": ""Alendronate"", ""drug_id"": ""@CHEMICAL_Alendronate"", ""disease_name"": ""Femoral Fractures"", ""disease_id"": ""@DISEASE_Femoral_Fractures"", ""pub_year"": 2013, ""pmid_count_pair"": 64}, {""drug_name"": ""Alendronate"", ""drug_id"": ""@CHEMICAL_Alendronate"", ""disease_name"": ""Fractures Compression"", ""disease_id"": ""@DISEASE_Fractures_Compression"", ""pub_year"": 2013, ""pmid_count_pair"": 13}, {""drug_name"": ""Alendronate"", ""drug_id"": ""@CHEMICAL_Alendronate"", ""disease_name"": ""Bisphosphonate Associated Osteonecrosis of the Jaw"", ""disease_id"": ""@DISEASE_Bisphosphonate_Associated_Osteonecrosis_of_the_Jaw"", ""pub_year"": 2013, ""pmid_count_pair"": 98}]",111,Atypical femoral fractures shortly after osteonecrosis of the jaw in a postmenopausal woman taking alendronate for osteoporosis.,"Bisphosphonates effectively increase bone mineral density and reduce fracture risk in patients with osteoporosis, but there are concerns about osteonecrosis of the jaw (ONJ) and atypical femoral fractures (AFFs) in the long-term users. So far both complications have not been reported as occurring simultaneously in an osteoporotic individual on oral alendronate. The aim of this study was to report a postmenopausal woman presenting with concomitant ONJ and AFF on oral alendronate treatment. SUBJECT, MEASURES, AND RESULT: The patient was a 63-year-old woman with a history of rheumatoid arthritis for 30 years and diabetes for 3 years. Spinal compression fractures at levels L3 and L4 were documented, and she took alendronate 70 mg weekly for 7 years. She is the first case whose dental periapical imaging and pelvic radiography documented her ONJ and AFF, which developed subsequently within 6 months. This case report supports the association of both ONJ and AFF with long-term oral bisphosphonate therapy.",,,,,,,,,
pmid_multi_rel,36443864,2022,Doxycycline,@CHEMICAL_Doxycycline,Ehrlichiosis,@DISEASE_Ehrlichiosis,100,5,1,5,True,False,"[{""drug_name"": ""Doxycycline"", ""drug_id"": ""@CHEMICAL_Doxycycline"", ""disease_name"": ""Ehrlichiosis"", ""disease_id"": ""@DISEASE_Ehrlichiosis"", ""pub_year"": 2022, ""pmid_count_pair"": 100}, {""drug_name"": ""Doxycycline"", ""drug_id"": ""@CHEMICAL_Doxycycline"", ""disease_name"": ""Rocky Mountain Spotted Fever"", ""disease_id"": ""@DISEASE_Rocky_Mountain_Spotted_Fever"", ""pub_year"": 2022, ""pmid_count_pair"": 58}, {""drug_name"": ""Doxycycline"", ""drug_id"": ""@CHEMICAL_Doxycycline"", ""disease_name"": ""Anaplasmosis"", ""disease_id"": ""@DISEASE_Anaplasmosis"", ""pub_year"": 2022, ""pmid_count_pair"": 56}, {""drug_name"": ""Doxycycline"", ""drug_id"": ""@CHEMICAL_Doxycycline"", ""disease_name"": ""Tick Bites"", ""disease_id"": ""@DISEASE_Tick_Bites"", ""pub_year"": 2022, ""pmid_count_pair"": 39}, {""drug_name"": ""Doxycycline"", ""drug_id"": ""@CHEMICAL_Doxycycline"", ""disease_name"": ""Tick Borne Diseases"", ""disease_id"": ""@DISEASE_Tick_Borne_Diseases"", ""pub_year"": 2022, ""pmid_count_pair"": 36}]",112,Dermatological manifestations of tick-borne viral infections found in the United States.,"Tick-borne diseases (TBDs) are bacterial, viral, and parasitic diseases transmitted by ticks. Viral TBDs have increased in prevalence over the last decade with many new pathogenic viruses being discovered. Doxycycline is often empirically prescribed by clinicians to treat symptomatic patients following tick bites due to suspicions of bacterial TBDs such as Rocky Mountain spotted fever, anaplasmosis, and ehrlichiosis. However, viral TBDs are included in the differential diagnosis if patients do not clinically improve following antibiotic therapy. Several viral TBDs present with dermatological manifestations. Recognizing the differences in clinical presentations of TBDs, particularly of newly emerging viral TBDs in the United States, can help physicians identify the viral TBD, and possibly rule out viral illnesses with different clinical presentations. Therefore, this review discusses clinical manifestations, with an emphasis on dermatologic manifestations of Heartland Virus, Bourbon Virus, Powassan Virus, Deer Tick Virus and Colorado Tick Fever Virus. KEY POINTS: Viral tick-borne diseases have increased in prevalence over the last decade and often have similar clinical manifestations to other tick-borne diseases, including bacterial infections. Here, we review the dermatologic manifestations of Heartland Virus (HRTV), Bourbon Virus (BRBV), Powassan Virus (POWV), Deer Tick Virus (DTV) and Colorado Tick Fever Virus (CTFV) that are important for clinicians.",,,,,,,,,
pmid_single_rel,24158253,2014,Aspirin,@CHEMICAL_Aspirin,Embolism,@DISEASE_Embolism,100,1,1,1,False,False,"[{""drug_name"": ""Aspirin"", ""drug_id"": ""@CHEMICAL_Aspirin"", ""disease_name"": ""Embolism"", ""disease_id"": ""@DISEASE_Embolism"", ""pub_year"": 2014, ""pmid_count_pair"": 100}]",113,Atrial fibrillation patients do not benefit from acetylsalicylic acid.,"Oral anticoagulation is the recommended treatment for stroke prevention in patients with atrial fibrillation. Notwithstanding, many patients are treated with acetylsalicylic acid (ASA) as monotherapy. Our objective was to investigate if atrial fibrillation patients benefit from ASA as monotherapy for stroke prevention. Retrospective study of patients with a clinical diagnosis of atrial fibrillation between 1 July 2005 and 1 January 2009 in the National Swedish Patient register, matched with data from the National Prescribed Drugs register. Endpoints were ischaemic stroke, thrombo-embolic event, intracranial haemorrhage, and major bleeding. The study population consisted of 115 185 patients with atrial fibrillation, of whom 58 671 were treated with ASA as monotherapy and 56 514 were without any antithrombotic treatment at baseline. Mean follow-up was 1.5 years. Treatment with ASA was associated with higher risk of ischaemic stroke and thrombo-embolic events compared with no antithrombotic treatment. Acetylsalicylic acid as monotherapy in stroke prevention of atrial fibrillation has no discernable protective effect against stroke, and may even increase the risk of ischaemic stroke in elderly patients. Thus, our data support the new European guidelines recommendation that ASA as monotherapy should not be used as stroke prevention in atrial fibrillation.",,,,,,,,,
pmid_single_rel,19779704,2010,Acetaminophen,@CHEMICAL_Acetaminophen,Hemorrhage,@DISEASE_Hemorrhage,75,1,1,1,False,False,"[{""drug_name"": ""Acetaminophen"", ""drug_id"": ""@CHEMICAL_Acetaminophen"", ""disease_name"": ""Hemorrhage"", ""disease_id"": ""@DISEASE_Hemorrhage"", ""pub_year"": 2010, ""pmid_count_pair"": 75}]",114,Adverse interaction of warfarin and paracetamol: evidence from a post-mortem study.,"The aim of the study was to establish the prevalence and nature of potential adverse drug combinations of warfarin in a large post-mortem toxicology database. The concomitant use of warfarin and non-steroidal anti-inflammatory drugs (NSAIDs) was of interest as these drugs have been associated with internal bleeding both in clinical and post-mortem study settings. Another purpose was to obtain facts related to the questioned safety of warfarin-paracetamol and warfarin-tramadol combinations. The post-mortem database was searched for a 1-year period. All warfarin-positive cases and cases containing interacting drugs, as defined by the SFINX interaction database (Swedish, Finnish, Interaction X-referencing), were included. For controls, all cases containing paracetamol or tramadol were also included, and for each warfarin-positive case, an age-, sex- and alcohol-matched control case was sourced. The contribution of anticoagulant use to the deaths was evaluated from the death certificates based on medico-legal autopsies. In 33% of the 328 warfarin-positive cases, at least one interacting drug was present, and paracetamol was the most abundant, accounting for 49% (n = 53). When paracetamol and warfarin were detected simultaneously, the number of fatal bleeds was 4.6 and 2.7 times higher compared to paracetamol or warfarin use alone respectively. The presence of an NSAID in combination with warfarin was rare, as only six cases were identified. A majority (66%) of the post-mortem blood samples had a warfarin concentration below 0.5 mg/l, and for the rest of the cases, the mean concentration was 0.70 mg/l. This study supports the clinical evidence suggesting that warfarin-paracetamol interactions may create significant life-threatening conditions. It also accentuates the significant role post-mortem database research can have in improving drug safety.",,,,,,,,,
pmid_multi_rel,24854145,2014,Atorvastatin,@CHEMICAL_Atorvastatin,Kidney Diseases,@DISEASE_Kidney_Diseases,87,5,1,5,True,False,"[{""drug_name"": ""Atorvastatin"", ""drug_id"": ""@CHEMICAL_Atorvastatin"", ""disease_name"": ""Kidney Diseases"", ""disease_id"": ""@DISEASE_Kidney_Diseases"", ""pub_year"": 2014, ""pmid_count_pair"": 87}, {""drug_name"": ""Atorvastatin"", ""drug_id"": ""@CHEMICAL_Atorvastatin"", ""disease_name"": ""Ischemia"", ""disease_id"": ""@DISEASE_Ischemia"", ""pub_year"": 2014, ""pmid_count_pair"": 82}, {""drug_name"": ""Atorvastatin"", ""drug_id"": ""@CHEMICAL_Atorvastatin"", ""disease_name"": ""Reperfusion Injury"", ""disease_id"": ""@DISEASE_Reperfusion_Injury"", ""pub_year"": 2014, ""pmid_count_pair"": 70}, {""drug_name"": ""Atorvastatin"", ""drug_id"": ""@CHEMICAL_Atorvastatin"", ""disease_name"": ""Acute Kidney Injury"", ""disease_id"": ""@DISEASE_Acute_Kidney_Injury"", ""pub_year"": 2014, ""pmid_count_pair"": 66}, {""drug_name"": ""Atorvastatin"", ""drug_id"": ""@CHEMICAL_Atorvastatin"", ""disease_name"": ""Acidosis Renal Tubular"", ""disease_id"": ""@DISEASE_Acidosis_Renal_Tubular"", ""pub_year"": 2014, ""pmid_count_pair"": 3}]",115,Atorvastatin improves survival of implanted stem cells in a rat model of renal ischemia-reperfusion injury.,"To investigate the impacts of combinatorial atorvastatin (Ator) perioperative administration and mesenchymal stem cell (MSC) implantation on therapeutic effects in the rat experimental acute kidney injury. The model of renal ischemia-reperfusion (I/R) injury was induced by the release of bilateral renal pedicle clamps following 45 min of occlusion. Immediately after reperfusion, CM-Dil-labeled MSCs (1 × 10(6) cells) or vehicles only were administered through the carotid artery of the animals pretreated with or without Ator. The combined treatment with Ator and MSCs (Ator+MSCs) markedly reduced the elevated levels of serum creatinine and blood urea nitrogen, as well as the severity of renal damage 24 h after I/R injury. In addition, we also observed inhibition of renal tubular cell apoptosis and promotion of proliferation in the Ator+MSCs group compared with the other groups. Consistent with the improvement in renal function and morphology, Ator pretreatment significantly ameliorated oxidative stress, inhibited inflammation response, and increased the viability of implanted MSCs. With regard to the further mechanism, we found that the expression of Toll-like receptor 4 (TLR4) and high-mobility group box 1, potential mediators of innate immunity, was significantly decreased in the Ator-treated groups. Ator treatment may protect the kidney undergoing I/R injury through suppression of TLR4 signaling, creating a better environment for the survival of grafted MSCs. The extra benefit of the Ator+MSCs combined therapy may result from the Ator-mediated inhibition of oxidative stress and inflammation in the ischemic kidney.",,,,,,,,,
pmid_multi_rel,11306613,2001,Estradiol,@CHEMICAL_Estradiol,Nerve Degeneration,@DISEASE_Nerve_Degeneration,100,3,1,3,True,False,"[{""drug_name"": ""Estradiol"", ""drug_id"": ""@CHEMICAL_Estradiol"", ""disease_name"": ""Nerve Degeneration"", ""disease_id"": ""@DISEASE_Nerve_Degeneration"", ""pub_year"": 2001, ""pmid_count_pair"": 100}, {""drug_name"": ""Estradiol"", ""drug_id"": ""@CHEMICAL_Estradiol"", ""disease_name"": ""Neurodegenerative Diseases"", ""disease_id"": ""@DISEASE_Neurodegenerative_Diseases"", ""pub_year"": 2001, ""pmid_count_pair"": 100}, {""drug_name"": ""Estradiol"", ""drug_id"": ""@CHEMICAL_Estradiol"", ""disease_name"": ""Necrosis"", ""disease_id"": ""@DISEASE_Necrosis"", ""pub_year"": 2001, ""pmid_count_pair"": 28}]",116,Differential mechanisms of neuroprotection by 17 beta-estradiol in apoptotic versus necrotic neurodegeneration.,"The major goal of this study was to compare mechanisms of the neuroprotective potential of 17 beta-estradiol in two models for oxidative stress-independent apoptotic neuronal cell death with that in necrotic neuronal cell death in primary neuronal cultures derived from rat hippocampus, septum, or cortex. Neuronal apoptosis was induced either by staurosporine or ethylcholine aziridinium (AF64A), as models for necrotic cell death glutamate exposure or oxygen-glucose deprivation (OGD) were applied. Long-term (20 hr) pretreatment (0.1 microm 17 beta-estradiol) was neuroprotective in apoptotic neuronal cell death induced by AF64A (40 microm) only in hippocampal and septal neuronal cultures and not in cortical cultures. The neuroprotective effect was blocked by the estrogen antagonists ICI 182,780 and tamoxifen and the phosphatidylinositol 3-kinase (PI3-K) inhibitor LY294002. In glutamate and OGD-induced neuronal damage, long-term pretreatment was not effective. In contrast, short-term (1 hr) pretreatment with 17 beta-estradiol in the dose range of 0.5-1.0 microm significantly reduced the release of lactate dehydrogenase and improved morphology of cortical cultures exposed to glutamate or OGD but was not effective in the AF64A model. Staurosporine-induced apoptosis was not prevented by either long- or short-term pretreatment. The strong expression of the estrogen receptor-alpha and the modulation of Bcl proteins by 17 beta-estradiol in hippocampal and septal but not in cortical cultures indicates that the prevention of apoptotic, but not of necrotic, neuronal cell death by 17 beta-estradiol possibly depends on the induction of Bcl proteins and the density of estrogen receptor-alpha.",,,,,,,,,
pmid_single_rel,1286486,1992,Diclofenac,@CHEMICAL_Diclofenac,Osteoarthritis Knee,@DISEASE_Osteoarthritis_Knee,100,1,1,1,False,False,"[{""drug_name"": ""Diclofenac"", ""drug_id"": ""@CHEMICAL_Diclofenac"", ""disease_name"": ""Osteoarthritis Knee"", ""disease_id"": ""@DISEASE_Osteoarthritis_Knee"", ""pub_year"": 1992, ""pmid_count_pair"": 100}]",117,Comparison of etodolac and diclofenac in osteoarthritis of the knee.,"This study compared the efficacy and safety of etodolac, a new nonsteroidal anti-inflammatory drug of the pyranocarboxylic class, with that of diclofenac in patients with osteoarthritis of the knee. A total of 172 patients entered this double-blind, parallel study and were randomly assigned to receive etodolac 600 mg/day (n = 85) or diclofenac 150 mg/day (n = 87) for 8 weeks. Both treatment groups showed a statistically significant reduction in pain at the second week and significant improvement (P < or = 0.05) from baseline in all efficacy assessments for the remainder of the study. Seventeen (20%) patients in the etodolac group and 21 (24%) patients in the diclofenac group reported at least one adverse event. Seven (8%) patients treated with etodolac and eight (9%) of those receiving diclofenac withdrew prematurely from the trial. One diclofenac-treated patient had a significant increase in alanine aminotransferase at the final evaluation. The results of this study indicate that etodolac was well tolerated and as effective as diclofenac in relieving the signs and symptoms of osteoarthritis.",,,,,,,,,
pmid_single_rel,747893,1978,Spironolactone,@CHEMICAL_Spironolactone,Essential Hypertension,@DISEASE_Essential_Hypertension,97,1,1,1,False,False,"[{""drug_name"": ""Spironolactone"", ""drug_id"": ""@CHEMICAL_Spironolactone"", ""disease_name"": ""Essential Hypertension"", ""disease_id"": ""@DISEASE_Essential_Hypertension"", ""pub_year"": 1978, ""pmid_count_pair"": 97}]",118,Increased serum oestrone and oestradiol following spironolactone administration in hypertensive men.,"The present study was undertaken to evaluate long-term effects of spironolactone on basal serum oestrone, oestradiol, testosterone, LH and prolactin concentrations in hypertensive male patients. Serum prolactin response to TRH was also evaluated. Patients were divided into two groups: a conventional-dosage group, consisting of six males with essential hypertension who took 75 to 150 mg of spironolactone daily for 12 weeks, and a high-dosage group, consisting of two males with idiopathic hyperaldosteronism who took 300 mg of spironolactone daily for more than 40 weeks. In the conventional-dosage group, serum oestrone concentrations significantly increased (P less than 0.01) at 12 weeks, serum oestradiol concentrations gradually increased throughout the study period, however, the increments were not statistically significant (P less than 0.2). Basal serum testosterone, LH and prolactin concentrations were not significantly changed throughout the study period. Enhancement of serum prolactin response to TRH was not found in any of the patients in the conventional-dosage group. In the high-dosage group, serum oestrone maintained high levels from the beginning of this study, and serum oestradiol concentrations increased with the development of gynaecomastia. Serum testosterone, LH and prolactin concentrations did not show any definite change throughout the study period. Thus, long-term spironolactone treatment increased the serum levels of oestrone and oestradiol in hypertensive men followed by the development of gynaecomastia. The elevation in circulating oestrogens could well explain the oestrogenic side-effects of spironolactone treatment.",,,,,,,,,
pmid_single_rel,17621644,2008,Duloxetine,@CHEMICAL_Duloxetine_Hydrochloride,Depressive Disorder Major,@DISEASE_Depressive_Disorder_Major,100,1,1,1,False,False,"[{""drug_name"": ""Duloxetine"", ""drug_id"": ""@CHEMICAL_Duloxetine_Hydrochloride"", ""disease_name"": ""Depressive Disorder Major"", ""disease_id"": ""@DISEASE_Depressive_Disorder_Major"", ""pub_year"": 2008, ""pmid_count_pair"": 100}]",119,Long-term tolerability and effectiveness of duloxetine in the treatment of major depressive disorder.,"To examine the long-term safety, tolerability, and effectiveness of duloxetine in the treatment of major depressive disorder in a naturalistic study design meant to mimic clinical practice. Data were from the long-term, open-label, extension phase that followed a 12-week acute-treatment, multicenter study of adult outpatients with major depressive disorder. After the first week of the acute phase, all patients were treated with at least 60 mg daily duloxetine, which could be titrated to a maximum dose of 120 mg daily. Outcome measures were collected at monthly visits and included spontaneously reported adverse events, weight, vital signs, and the 17-item Hamilton Depression Rating scale. Seventy-two of the 177 (40.7%) patients who entered the extension phase of this study completed the study. The mean duration of participation in the extension was 305 days, with total exposure ranging from 68 to 707 days. Of the 177 patients who entered the extension, only 12 or 13 (7.0%) showed clinically significant worsening of depression that led to study discontinuation. The mean 17-item Hamilton Depression Rating scale score remained below 7 throughout the extension. A total of 21/177 patients (11.9%) discontinued due to adverse events during extension treatment. The adverse events causing discontinuation during the extension, with the exception of weight gain, were generally not unique to the extension phase, with 11/21 patients (52.0%) discontinuing due to adverse events that were first reported during acute treatment. Weight gain was reported as a reason for discontinuation during extension treatment in 4/177 (2.3%) patients. In this open-label study, efficacy was maintained for most patients. The adverse events causing discontinuation during the extension phase were generally not unique to the extension phase. Few patients experienced significant weight gain.",,,,,,,,,
pmid_single_rel,15992756,2005,Triamcinolone,@CHEMICAL_Triamcinolone_Acetonide,Retinal Detachment,@DISEASE_Retinal_Detachment,71,1,1,1,False,False,"[{""drug_name"": ""Triamcinolone"", ""drug_id"": ""@CHEMICAL_Triamcinolone_Acetonide"", ""disease_name"": ""Retinal Detachment"", ""disease_id"": ""@DISEASE_Retinal_Detachment"", ""pub_year"": 2005, ""pmid_count_pair"": 71}]",120,Regression of serous macular detachment after intravitreal triamcinolone acetonide in patients with diabetic macular edema.,"To evaluate the effect of intravitreal triamcinolone acetonide on serous macular detachment in eyes with diabetic macular edema. Interventional case series. The study population comprised twenty eyes of 20 patients with diabetic macular edema (12 men, eight women), aged 48 to 76 years. The eligibility criteria for this study included clinically detectable macular edema in which the presence of serous macular detachment was documented by optical coherence tomography. After intravitreal injection of 0.1 ml (4 mg) triamcinolone acetonide, visual and anatomic responses were observed. In all eyes, after an injection of triamcinolone acetonide, macular edema and serous macular detachment regressed. At 3 and 6 months, macular edema and serous macular detachment had recurred in eight (40%) and nine eyes (45%), respectively. Patients with recurrence were re-treated. No eyes lost vision at 1 month, and all eyes showed improvement. At 3 months, no eyes had lost vision from baseline, and 17 eyes (85%) showed improvement. At 6 months, again no eyes had lost vision from baseline, and 16 eyes (80%) maintained improved visual acuity. Intravitreal triamcinolone acetonide is an effective treatment for serous macular detachment in patients with diabetic macular edema.",,,,,,,,,
pmid_multi_rel,6405762,1983,Prednisolone,@CHEMICAL_Prednisolone,Polyneuropathies,@DISEASE_Polyneuropathies,32,3,1,3,True,False,"[{""drug_name"": ""Prednisolone"", ""drug_id"": ""@CHEMICAL_Prednisolone"", ""disease_name"": ""Polyneuropathies"", ""disease_id"": ""@DISEASE_Polyneuropathies"", ""pub_year"": 1983, ""pmid_count_pair"": 32}, {""drug_name"": ""Prednisolone"", ""drug_id"": ""@CHEMICAL_Prednisolone"", ""disease_name"": ""Abnormalities Drug Induced"", ""disease_id"": ""@DISEASE_Abnormalities_Drug_Induced"", ""pub_year"": 1983, ""pmid_count_pair"": 20}, {""drug_name"": ""Prednisolone"", ""drug_id"": ""@CHEMICAL_Prednisolone"", ""disease_name"": ""Dentin dysplasia sclerotic bones"", ""disease_id"": ""@DISEASE_Dentin_dysplasia_sclerotic_bones"", ""pub_year"": 1983, ""pmid_count_pair"": 3}]",121,[Polyneuropathy associated with plasma cell dyscrasia and endocrinological abnormalities--a trial of plasmapheresis].,"Plasmapheresis and irradiation of the tumor were performed in conjunction with prednisolone therapy to a severe case of polyneuropathy associated with a solitary sclerotic secreting myeloma and endocrinological abnormalities. The patient was 27-year-old male with progressive history of polyneuropathy of seven months duration. On admission, he was quadriplegic with cranial nerve involvements. Pitting type of generalized edema, skin pigmentation and sensory impairment were also present. Respiratory failure occurred soon after the admission. Plasmapheresis lowered the level of M protein but failed to improve clinical course in the short term. On the other hand, prompt amelioration of clinical symptoms followed the irradiation of the tumor. It is difficult to prove clinical effects of plasmapheresis upon symptoms of chronic polyneuropathy. It is suggested that some humoral factor of myeloma might attribute to this syndrome and secreted at higher rate than our plasmapheresis but easily suppressed by the irradiation of the tumor. We suppose that radiation therapy could be the treatment of the first choice for such a severe case like ours. However, further experiences of plasmapheresis of this syndrome are necessary to determine the effect of plasmapheresis. Some other etiological aspects are also discussed.",,,,,,,,,
pmid_multi_rel,18021209,2009,Testosterone,@CHEMICAL_Testosterone,Pulmonary Disease Chronic Obstructive,@DISEASE_Pulmonary_Disease_Chronic_Obstructive,42,2,1,2,True,False,"[{""drug_name"": ""Testosterone"", ""drug_id"": ""@CHEMICAL_Testosterone"", ""disease_name"": ""Pulmonary Disease Chronic Obstructive"", ""disease_id"": ""@DISEASE_Pulmonary_Disease_Chronic_Obstructive"", ""pub_year"": 2009, ""pmid_count_pair"": 42}, {""drug_name"": ""Testosterone"", ""drug_id"": ""@CHEMICAL_Testosterone"", ""disease_name"": ""Respiratory Insufficiency"", ""disease_id"": ""@DISEASE_Respiratory_Insufficiency"", ""pub_year"": 2009, ""pmid_count_pair"": 14}]",122,Sex hormone alterations and systemic inflammation in chronic obstructive pulmonary disease.,"Decreased anabolic hormone levels are described in chronic obstructive pulmonary disease (COPD), leading to important clinical consequences. The aim of this study was to evaluate the alterations in sex hormone levels in men with COPD to compare with age-matched control subjects, the determinants of these alterations, the relationship between hypogonadism and markers of systemic inflammation [interleukin-6 (IL-6) and tumour necrosis factor alpha (TNF-alpha)] and the androgen status during an acute exacerbation of COPD. A total of 103 COPD patients and 30 control subjects were admitted to the study. 83 stable COPD patients and 30 control subjects were evaluated as outpatients. 20 patients with COPD exacerbation were hospitalised and evaluated before discharge and after 1 month. Testosterone and dehydroepiandrosteronesulphate (DHEAS) levels of both COPD groups were lower than that of the control group. Luteinizing hormone (LH), follicle stimulating hormone (FSH) levels were increased during exacerbation. Testosterone and DHEAS levels increased and LH decreased in follow-up measurements of COPD exacerbation group. Testosterone and DHEAS levels were lower in severe COPD [forced expiratory volume in 1 s (FEV(1)) < 50%], in patients with severe hypoxaemia (PaO(2) < 60 mmHg) and in hypercapnic patients. Circulating IL-6 and TNF-alpha concentrations were higher in both stable and exacerbation phase COPD groups than controls. There was no correlation between sex hormones and TNF-alpha or IL-6. The alterations in sex hormone levels in COPD are particularly related to FEV(1), hypoxaemia and hypercapnia. There are significant differences in hormone levels during stable and exacerbation phases of COPD; the hormonal changes are marked during exacerbation and partially regress after 1 month when the disease is stabilised.",,,,,,,,,
pmid_multi_rel,31301081,2019,Aspirin,@CHEMICAL_Aspirin,Extranodal Extension,@DISEASE_Extranodal_Extension,15,2,1,2,True,False,"[{""drug_name"": ""Aspirin"", ""drug_id"": ""@CHEMICAL_Aspirin"", ""disease_name"": ""Extranodal Extension"", ""disease_id"": ""@DISEASE_Extranodal_Extension"", ""pub_year"": 2019, ""pmid_count_pair"": 15}, {""drug_name"": ""Aspirin"", ""drug_id"": ""@CHEMICAL_Aspirin"", ""disease_name"": ""Red Cell Aplasia Pure"", ""disease_id"": ""@DISEASE_Red_Cell_Aplasia_Pure"", ""pub_year"": 2019, ""pmid_count_pair"": 3}]",123,Overproduction of thrombopoietin by BRAFV600E-mutated mouse hepatocytes and contribution of thrombopoietin to hepatocarcinogenesis.,"In hepatocarcinogenesis induced by diethylnitrosamine (DEN) in B6C3F1 mice, the BrafV637E mutation, corresponding to the human BRAFV600E mutation, plays a pivotal role. The livers of transgenic mice with a hepatocyte-specific human BRAFV600E mutation weighed 4.5 times more than that of normal mice and consisted entirely of hepatocytes, resembling DEN-induced preneoplastic hepatocytes. However, these transgenic mice spontaneously died 7 wk after birth, therefore this study aimed to clarify the causes of death. In the transgenic mice, the liver showed thrombopoietin (TPO) overexpression, which is associated with eventual megakaryocytosis and thrombocytosis, and activated platelets were deposited in hepatic sinusoids. TPO was also overexpressed in the DEN-induced hepatic tumors, and sinusoidal platelet deposition was observed in the hepatic tumors of humans and mice. Podoplanin was expressed in some of the Kupffer cells in the liver of the transgenic mice, indicating that platelet activation occurred via the interaction of podoplanin with C-type lectin receptor 2 (CLEC-2) on the platelet membrane. Additionally, erythrocyte dyscrasia and glomerulonephropathy/interstitial pneumonia associated with platelet deposition were observed. In the transgenic mice, aspirin (Asp) administration prevented platelet activation, reduced the liver/body weight ratio, decreased the platelet deposition in the liver, kidney, and lung, and prevented erythrocyte dyscrasia and ameliorated the renal/pulmonary changes. Thrombopoietin overproduction by BRAFV600E-mutated hepatocytes may contribute to hepatocyte proliferation via thrombocytosis, platelet activation, and the interaction of platelets with hepatic sinusoidal cells, while hematologic, renal, and pulmonary disorders due to aberrant platelet activation may lead to spontaneous death in the transgenic mice.",,,,,,,,,
pmid_single_rel,22898361,2013,Estradiol,@CHEMICAL_Ethinyl_Estradiol,Polycystic Ovary Syndrome,@DISEASE_Polycystic_Ovary_Syndrome,100,1,1,1,False,False,"[{""drug_name"": ""Estradiol"", ""drug_id"": ""@CHEMICAL_Ethinyl_Estradiol"", ""disease_name"": ""Polycystic Ovary Syndrome"", ""disease_id"": ""@DISEASE_Polycystic_Ovary_Syndrome"", ""pub_year"": 2013, ""pmid_count_pair"": 100}]",124,Body composition in lean women with polycystic ovary syndrome: effect of ethinyl estradiol and drospirenone combination.,"Limited data are available regarding the potential effects of oral contraceptives (OCs) on body fat distribution particularly in lean women with polycystic ovary syndrome (PCOS). In the current study, we aimed to evaluate the influence of ethinyl estradiol and drospirenone on body composition. Participants included 28 lean patients with PCOS and 28 age- and body mass index (BMI)-matched healthy women. The PCOS patients received ethinyl estradiol 30 mcg/drospirenone 3 mg for 6 months. Body composition parameters were assessed by bioelectrical impedance analysis. Serum androgens, lipids, insulin resistance and glucose metabolism measures were also determined. At baseline, the PCOS patients and controls had similar body composition, lipids, insulin resistance and glucose metabolism parameters. Total and trunk fat percentages were negatively correlated with sex hormone binding globulin and were positively correlated with homeostatic model assessment of insulin resistance and free androgen index in the PCOS group.. After 6 months of treatment in the PCOS patients, total fat percentage increased from 24.5%±7.1% to 26.0%±6.1% (p=.035) and trunk fat percentage increased from 20.2%±8.9% to 22.2%±7.1% (p=.014), although weight, BMI and waist to hip ratio (WHR) remained unchanged. Lean women with PCOS have similar body composition compared to healthy women. OC therapy for 6 months in PCOS patients results in an increased total and trunk fat percentage despite no change in clinical anthropometric measures including weight, BMI and WHR.",,,,,,,,,
pmid_multi_rel,24978872,2015,Spironolactone,@CHEMICAL_Spironolactone,Cardiomyopathy Dilated,@DISEASE_Cardiomyopathy_Dilated,35,2,1,2,True,False,"[{""drug_name"": ""Spironolactone"", ""drug_id"": ""@CHEMICAL_Spironolactone"", ""disease_name"": ""Cardiomyopathy Dilated"", ""disease_id"": ""@DISEASE_Cardiomyopathy_Dilated"", ""pub_year"": 2015, ""pmid_count_pair"": 35}, {""drug_name"": ""Spironolactone"", ""drug_id"": ""@CHEMICAL_Spironolactone"", ""disease_name"": ""Symphalangism C. S. Lewis Type"", ""disease_id"": ""@DISEASE_Symphalangism_C._S._Lewis_Type"", ""pub_year"": 2015, ""pmid_count_pair"": 5}]",125,The effect of aldosterone-antagonist therapy on aortic elastic properties in patients with nonischemic dilated cardiomyopathy.,"Many studies proved the prognostic importance of aortic stiffness as an independent predictor of cardiovascular morbidity and all-cause mortality. The decrease of arterial compliance has a high prevalence in patients with heart failure and affects both hemodynamics and prognosis. Aortic stiffness is partially caused by excessive activation of the renin-angiotensin-aldosterone system. Spironolactone, a mineralcorticoid receptor antagonist (MRA), has been shown to decrease aortic stiffness and fibrosis in experimental models. However, there are few studies that describe the effects of MRA on aortic stiffness in patients with nonischemic dilated cardiomyopathy. To evaluate the effect of spironolactone on aortic stiffness in patients with nonischemic dilated cardiomyopathy. We randomized (1 : 1) 102 patients with nonischemic dilated cardiomyopathy with New York Heart Association class I-II to receive spironolactone 25 mg/day (up to 100 mg/day) or placebo, in addition to recommended therapy. Aortic stiffness index, aortic strain, aortic distensibility and aortic dimensions were assessed at baseline and after 6 months. All measures were obtained with echocardiography M-mode at 3 cm above the aortic valve on parasternal long axis view and simultaneous brachial arterial pressure with sphygmomanometer. Ascending aorta diameters, aortic stiffness index, aortic distensibility and aortic strain were similar at randomization in the two groups. After 6 months of therapy in the treated group, we found a reduction of aortic stiffness index (7.2 ± 3.5 versus 9.6 ± 4.8 mmHg; P = 0.03) and an increase of aortic distensibility (3.77 ± 1.0 versus 2.92 ± 0.55 mmHg; P = 0.01) and systolic aortic strain (10.0 ± 5.0 versus 8.0% ± 2.1%; P = 0.01). There were no difference in systolic arterial pressure, diastolic arterial pressure and differential pressure in the two groups. Therapy with spironolactone is effective in reducing aortic stiffness in patients with nonischemic dilated cardiomyopathy. This effect could improve hemodynamics supporting the use of MRAs in patients with low New York Heart Association class (I-II).",,,,,,,,,
pmid_single_rel,38227535,2024,Methylprednisolone,@CHEMICAL_Methylprednisolone,Spinal Cord Injuries,@DISEASE_Spinal_Cord_Injuries,100,1,1,1,False,False,"[{""drug_name"": ""Methylprednisolone"", ""drug_id"": ""@CHEMICAL_Methylprednisolone"", ""disease_name"": ""Spinal Cord Injuries"", ""disease_id"": ""@DISEASE_Spinal_Cord_Injuries"", ""pub_year"": 2024, ""pmid_count_pair"": 100}]",126,Biochanin A attenuates spinal cord injury in rats during early stages by inhibiting oxidative stress and inflammasome activation.,"JOURNAL/nrgr/04.03/01300535-202409000-00038/figure1/v/2024-01-16T170235Z/r/image-tiff Previous studies have shown that Biochanin A, a flavonoid compound with estrogenic effects, can serve as a neuroprotective agent in the context of cerebral ischemia/reperfusion injury; however, its effect on spinal cord injury is still unclear. In this study, a rat model of spinal cord injury was established using the heavy object impact method, and the rats were then treated with Biochanin A (40 mg/kg) via intraperitoneal injection for 14 consecutive days. The results showed that Biochanin A effectively alleviated spinal cord neuronal injury and spinal cord tissue injury, reduced inflammation and oxidative stress in spinal cord neurons, and reduced apoptosis and pyroptosis. In addition, Biochanin A inhibited the expression of inflammasome-related proteins (ASC, NLRP3, and GSDMD) and the Toll-like receptor 4/nuclear factor-κB pathway, activated the Nrf2/heme oxygenase 1 signaling pathway, and increased the expression of the autophagy markers LC3 II, Beclin-1, and P62. Moreover, the therapeutic effects of Biochanin A on early post-spinal cord injury were similar to those of methylprednisolone. These findings suggest that Biochanin A protected neurons in the injured spinal cord through the Toll-like receptor 4/nuclear factor κB and Nrf2/heme oxygenase 1 signaling pathways. These findings suggest that Biochanin A can alleviate post-spinal cord injury at an early stage.",,,,,,,,,
pmid_multi_rel,31026757,2019,Lovastatin,@CHEMICAL_Lovastatin,Breast Neoplasms,@DISEASE_Breast_Neoplasms,42,3,1,3,True,False,"[{""drug_name"": ""Lovastatin"", ""drug_id"": ""@CHEMICAL_Lovastatin"", ""disease_name"": ""Breast Neoplasms"", ""disease_id"": ""@DISEASE_Breast_Neoplasms"", ""pub_year"": 2019, ""pmid_count_pair"": 42}, {""drug_name"": ""Lovastatin"", ""drug_id"": ""@CHEMICAL_Lovastatin"", ""disease_name"": ""Mammary Neoplasms Animal"", ""disease_id"": ""@DISEASE_Mammary_Neoplasms_Animal"", ""pub_year"": 2019, ""pmid_count_pair"": 5}, {""drug_name"": ""Lovastatin"", ""drug_id"": ""@CHEMICAL_Lovastatin"", ""disease_name"": ""Hereditary Breast and Ovarian Cancer Syndrome"", ""disease_id"": ""@DISEASE_Hereditary_Breast_and_Ovarian_Cancer_Syndrome"", ""pub_year"": 2019, ""pmid_count_pair"": 1}]",127,Transcriptome-based identification of lovastatin as a breast cancer stem cell-targeting drug.,"Breast cancer is a neoplastic disease with high morbidity and mortality in women worldwide. Breast cancer stem cells (CSCs) have a significant function in tumor growth, recurrence, and therapeutic resistance. Thus, CSCs have been pointed as targets of new therapies for breast cancer. Herein, we aimed to repurpose certain drugs as breast CSC-targeting agents. We compared a consensus breast CSC signature with the transcriptomic changes that were induced by over 1300 bioactive compounds using Connectivity Map. The effects of the selected drugs on SOX2 promoter transactivation, SOX2 expression, viability, clonogenicity, and ALDH activity in breast cancer cells were analyzed by luciferase assay, western blot, MTT assay, mammosphere formation assay, and ALDEFLUOR® test, respectively. Gene Set Enrichment Analysis (GSEA) was performed using the gene expression data from mammary tumors of mice that were treated with lovastatin. Five drugs (fasudil, pivmecillinam, ursolic acid, 16,16-dimethylprostaglandin E2, and lovastatin) induced signatures that correlated negatively with the query CSC signature. In vitro, lovastatin inhibited SOX2 promoter transactivation, and reduced the efficiency of mammosphere formation and the percentage of ALDH<sup>+</sup> cells. Mevalonate mitigated the effects of lovastatin, suggesting that the targeting of CSCs by lovastatin was mediated by the inhibition of its reported target, 3-hydroxy-3-methyl-glutaryl-coenzyme A reductase (HMGCR). By GSEA, lovastatin downregulated genes that are involved in stemness and invasiveness in mammary tumors, corroborating our in vitro findings. Lovastatin is a breast CSC-targeting drug. The inhibition of HMGCR might develop new adjuvant therapeutic strategies for breast tumors.",,,,,,,,,
pmid_multi_rel,37426380,2022,Omeprazole,@CHEMICAL_Omeprazole,Necrosis,@DISEASE_Necrosis,7,5,2,4,True,True,"[{""drug_name"": ""Omeprazole"", ""drug_id"": ""@CHEMICAL_Omeprazole"", ""disease_name"": ""Necrosis"", ""disease_id"": ""@DISEASE_Necrosis"", ""pub_year"": 2022, ""pmid_count_pair"": 7}, {""drug_name"": ""Omeprazole"", ""drug_id"": ""@CHEMICAL_Omeprazole"", ""disease_name"": ""Esophageal Neoplasms"", ""disease_id"": ""@DISEASE_Esophageal_Neoplasms"", ""pub_year"": 2022, ""pmid_count_pair"": 6}, {""drug_name"": ""Omeprazole"", ""drug_id"": ""@CHEMICAL_Omeprazole"", ""disease_name"": ""Drug Overdose"", ""disease_id"": ""@DISEASE_Drug_Overdose"", ""pub_year"": 2022, ""pmid_count_pair"": 2}, {""drug_name"": ""Omeprazole"", ""drug_id"": ""@CHEMICAL_Omeprazole"", ""disease_name"": ""Retinal Necrosis Syndrome Acute"", ""disease_id"": ""@DISEASE_Retinal_Necrosis_Syndrome_Acute"", ""pub_year"": 2022, ""pmid_count_pair"": 1}, {""drug_name"": ""Acetaminophen"", ""drug_id"": ""@CHEMICAL_Acetaminophen"", ""disease_name"": ""Esophageal Neoplasms"", ""disease_id"": ""@DISEASE_Esophageal_Neoplasms"", ""pub_year"": 2022, ""pmid_count_pair"": 6}]",128,Acute Esophageal Necrosis Following Acetaminophen Overdose: An Unreported Cause of Black Esophagus.,"Description Acute esophageal necrosis (AEN), also known as ""black esophagus"" or Gurvits syndrome, is an uncommon finding with an unclear etiology and pathogenesis. This condition often presents as an upper gastrointestinal bleed in older men with multiple comorbidities. AEN is characterized by circumferential black, necrotic mucosa in the esophagus. We present a case of AEN following acetaminophen overdose. The patient was ultimately discharged from the hospital with oral omeprazole twice daily, a clear liquid diet, and a recommendation for follow-up in the outpatient setting for repeat EGD in 4 to 6 weeks. Acetaminophen overdose, although a rare cause, must be considered as a possible etiology of AEN.",,,,,,,,,
pmid_multi_rel,9686861,1998,Prednisolone,@CHEMICAL_Prednisolone,Corneal Ulcer,@DISEASE_Corneal_Ulcer,11,2,1,2,True,False,"[{""drug_name"": ""Prednisolone"", ""drug_id"": ""@CHEMICAL_Prednisolone"", ""disease_name"": ""Corneal Ulcer"", ""disease_id"": ""@DISEASE_Corneal_Ulcer"", ""pub_year"": 1998, ""pmid_count_pair"": 11}, {""drug_name"": ""Prednisolone"", ""drug_id"": ""@CHEMICAL_Prednisolone"", ""disease_name"": ""Ophthalmia Sympathetic"", ""disease_id"": ""@DISEASE_Ophthalmia_Sympathetic"", ""pub_year"": 1998, ""pmid_count_pair"": 6}]",129,Sympathetic ophthalmia associated with antecedent adherent leucoma--a rare association.,"To report a rare association of sympathetic ophthalmia with an antecedent adherent leucoma. A 40-year-old patient with an adherent leucoma developed sympathetic ophthalmia in the fellow eye, 15 years after the occurrence of a perforated corneal ulcer. Intravenous pulse dexamethasone therapy followed by tapering oral prednisolone led to complete resolution of the disease process in the sympathising eye. Patients with an adherent leucoma subsequent to a perforated corneal ulcer may remain at an increased risk of developing sympathetic ophthalmia during their lifetime.",,,,,,,,,
pmid_single_rel,28098409,2017,Potassium Chloride,@CHEMICAL_Potassium_Chloride,Edema,@DISEASE_Edema,60,1,1,1,False,False,"[{""drug_name"": ""Potassium Chloride"", ""drug_id"": ""@CHEMICAL_Potassium_Chloride"", ""disease_name"": ""Edema"", ""disease_id"": ""@DISEASE_Edema"", ""pub_year"": 2017, ""pmid_count_pair"": 60}]",130,TRPV4 Contributes to Resting Membrane Potential in Retinal Müller Cells: Implications in Cell Volume Regulation.,"Neural activity alters osmotic gradients favoring cell swelling in retinal Müller cells. This swelling is followed by a regulatory volume decrease (RVD), partially mediated by an efflux of KCl and water. The transient receptor potential channel 4 (TRPV4), a nonselective calcium channel, has been proposed as a candidate for mediating intracellular Ca<sup>2+</sup> elevation induced by swelling. We previously demonstrated in a human Müller cell line (MIO-M1) that RVD strongly depends on ion channel activation and, consequently, on membrane potential (V<sub>m</sub> ). The aim of this study was to investigate if Ca<sup>2+</sup> influx via TRPV4 contributes to RVD by modifying intracellular Ca<sup>2+</sup> concentration and/or modulating V<sub>m</sub> in MIO-M1 cells. Cell volume, intracellular Ca<sup>2+</sup> levels, and V<sub>m</sub> changes were evaluated using fluorescent probes. Results showed that MIO-M1 cells express functional TRPV4 which determines the resting V<sub>m</sub> associated with K<sup>+</sup> channels. Swelling-induced increases in Ca<sup>2+</sup> levels was due to both Ca<sup>2+</sup> release from intracellular stores and Ca<sup>2+</sup> influx by a pathway alternative to TRPV4. TRPV4 blockage affected swelling-induced biphasic response (depolarization-repolarization), suggesting its participation in modulating V<sub>m</sub> changes during RVD. Agonist stimulation of Ca<sup>2+</sup> influx via TRPV4 activated K<sup>+</sup> channels hyperpolarizing V<sub>m</sub> and accelerating RVD. We propose that TRPV4 forms a signaling complex with Ca<sup>2+</sup> and/or voltage-dependent K<sup>+</sup> channels to define resting V<sub>m</sub> and V<sub>m</sub> changes during RVD. TRPV4 involvement in RVD depends on the type of stimuli and/or degree of channel activation, leading to a maximum RVD response when Ca<sup>2+</sup> influx overcomes a threshold and activates further signaling pathways in cell volume regulation. J. Cell. Biochem. 118: 2302-2313, 2017. © 2017 Wiley Periodicals, Inc.",,,,,,,,,
pmid_single_rel,9808490,1998,Acyclovir,@CHEMICAL_Acyclovir,Lymphoproliferative Disorders,@DISEASE_Lymphoproliferative_Disorders,44,1,1,1,False,False,"[{""drug_name"": ""Acyclovir"", ""drug_id"": ""@CHEMICAL_Acyclovir"", ""disease_name"": ""Lymphoproliferative Disorders"", ""disease_id"": ""@DISEASE_Lymphoproliferative_Disorders"", ""pub_year"": 1998, ""pmid_count_pair"": 44}]",131,Management of posttransplant lymphoproliferative disease in pediatric liver transplant recipients receiving primary tacrolimus (FK506) therapy.,"Posttransplant lymphoproliferative disease (PTLD) after pediatric liver transplantation has been associated with high mortality rates. The present study examined 282 consecutive pediatric liver transplant recipients from October 1989 to June 1996 who received primary tacrolimus immunosuppression. The aim was to determine the incidence of PTLD, management strategies, and patient outcome. The incidence of PTLD was 13% (361282) with a mean age of 5.5+/-0.7 years (range 0.6 to 15) at diagnosis. The average time from transplantation to PTLD was 10.1+/-2.1 months. Initial treatment of PTLD consisted of reduction (3 patients) or discontinuation (33 patients) of tacrolimus and initiation of antiviral therapy (intravenous ganciclovir, 14 patients; intravenous acyclovir, 22 patients; or both, 5 patients). Alpha-interferon was used in four patients (two successfully). One patient also received gamma-interferon, chemotherapy, and radiation for a central nervous system lesion. Chemotherapy was also used in one patient with Burkitt's, whereas one patient with a pulmonary lesion received additional radiation therapy. Three patients received supportive surgery for gastrointestinal involvement, and one patient had a splenectomy for hemolysis. Overall mortality was 22% (8/36) with 5 (14%) PTLD-related deaths (disseminated disease, 4 patients; bowel perforation, 1 patient). Of 31 survivors, 23 had acute rejection at a median time of 24 days after PTLD, with 2 patients developing chronic rejection. One patient required retransplantation. Present immunosuppression consists of tacrolimus monotherapy in 14 patients, tacrolimus/prednisone in 8 patients, and none in 6 patients. In summary, PTLD can be successfully treated with reduction of immunosuppression and administration of antiviral agents in most patients. The management of rejection after PTLD requires reassessment of disease status and judicious reintroduction of immunosuppression therapy.",,,,,,,,,
pmid_multi_rel,1389520,1992,Methotrexate,@CHEMICAL_Methotrexate,Colorectal Neoplasms,@DISEASE_Colorectal_Neoplasms,100,4,1,4,True,False,"[{""drug_name"": ""Methotrexate"", ""drug_id"": ""@CHEMICAL_Methotrexate"", ""disease_name"": ""Colorectal Neoplasms"", ""disease_id"": ""@DISEASE_Colorectal_Neoplasms"", ""pub_year"": 1992, ""pmid_count_pair"": 100}, {""drug_name"": ""Methotrexate"", ""drug_id"": ""@CHEMICAL_Methotrexate"", ""disease_name"": ""Disease"", ""disease_id"": ""@DISEASE_Disease"", ""pub_year"": 1992, ""pmid_count_pair"": 100}, {""drug_name"": ""Methotrexate"", ""drug_id"": ""@CHEMICAL_Methotrexate"", ""disease_name"": ""Diarrhea"", ""disease_id"": ""@DISEASE_Diarrhea"", ""pub_year"": 1992, ""pmid_count_pair"": 100}, {""drug_name"": ""Methotrexate"", ""drug_id"": ""@CHEMICAL_Methotrexate"", ""disease_name"": ""Sexual Dysfunction Physiological"", ""disease_id"": ""@DISEASE_Sexual_Dysfunction_Physiological"", ""pub_year"": 1992, ""pmid_count_pair"": 12}]",132,Phase II study of epirubicin sequential methotrexate and 5-fluorouracil for advanced colorectal cancer.,"91 patients with measurable metastatic colorectal carcinoma entered a phase II study. A three-drug schedule; epirubicin (20 mg/m2), sequential methotrexate (150 mg/m2), 5-fluorouracil (600 mg/m2) with 1-h interval (EMF) with folinic acid rescue was given weekly three times followed by 2-3 weeks rest. 85 patients were evaluable for response. 5 patients (6%) experienced a complete response (CR), 20 (23%) a partial response (PR), 31 (37%) had disease stabilisation (SD) and 29 (34%) progressive disease (PD). The median survival time was 13.7 months in all patients (n = 91) and 14.0 months in those evaluable for response (n = 85). In patients with CR, PR, SD and PD the median survival time was 46.7, 19.8, 14.7 and 8.7 months, respectively. The response rate was significantly (P < 0.05) higher in tumours originating from the colon (41%) than in those originating from the rectum (18%) and also significantly (P < 0.001) higher in non-symptomatic than in symptomatic patients, 40 vs. 4%, respectively. The treatment was fairly well tolerated as an outpatient regimen, the main dose-limiting side-effect being diarrhoea. Deaths for septic fever, which may be attributable to the treatment were encountered in 3 patients, all with progressive cancer. Further studies to disclose differences in response rate in subsets of patients are warranted.",,,,,,,,,
pmid_single_rel,30186251,2018,Ciprofloxacin,@CHEMICAL_Ciprofloxacin,Campylobacter Infections,@DISEASE_Campylobacter_Infections,48,1,1,1,False,False,"[{""drug_name"": ""Ciprofloxacin"", ""drug_id"": ""@CHEMICAL_Ciprofloxacin"", ""disease_name"": ""Campylobacter Infections"", ""disease_id"": ""@DISEASE_Campylobacter_Infections"", ""pub_year"": 2018, ""pmid_count_pair"": 48}]",133,"Human Campylobacteriosis in Italy: Emergence of Multi-Drug Resistance to Ciprofloxacin, Tetracycline, and Erythromycin.","<i>Campylobacter</i> spp. is one of the main cause of bacterial gastroenteritis in the world. The increase of antibiotic resistance in this species is a threat to public health. A <i>Campylobacter</i> spp. surveillance study was performed in Italy in the 2013-2016 period by the Enter-Net Italia network. The most prevalent <i>Campylobacter</i> species identified causing gastroenteritis was <i>Campylobacter jejuni</i> (73.4%) and 45% of all the annual cases of campylobacteriosis were reported in the summer period. High rates of ciprofloxacin and tetracycline resistance in <i>Campylobacter</i> spp. have been observed. An increasing percentage of <i>Campylobacter coli</i> strains simultaneously resistant to ciprofloxacin, tetracycline and erythromycin has been found. Molecular mechanisms of resistance have been investigated and the role of efflux pumps evaluated. Antibiotic resistance in <i>Campylobacter</i> spp. is an increasing serious threat that requires coordinated action to minimize the emergence and spread of antimicrobial resistant strains from animals to humans throughout the food chain.",,,,,,,,,
pmid_single_rel,12671429,2003,Prednisolone,@CHEMICAL_Prednisolone,Nose Diseases,@DISEASE_Nose_Diseases,39,1,1,1,False,False,"[{""drug_name"": ""Prednisolone"", ""drug_id"": ""@CHEMICAL_Prednisolone"", ""disease_name"": ""Nose Diseases"", ""disease_id"": ""@DISEASE_Nose_Diseases"", ""pub_year"": 2003, ""pmid_count_pair"": 39}]",134,Corticosteroid treatment in nasal polyposis with a three-year follow-up period.,"The management of nasal polyposis is undoubtedly a controversial subject. The part played by surgery seems to be steadily growing, if the number of published reports dedicated to this approach is any yardstick. Although the medical treatment remains the undisputed therapeutic mainstay, trials dedicated to the long-term assessment of its overall efficacy are scarce. Retrospective medical record review. The aim of the study is focused on the evaluation of a dual modality, topical and systemic, over a follow-up period of 3 years. In all, 100 patients were treated according to a standardized therapeutic protocol combining short-term oral administration of prednisolone and daily intranasal spray of beclomethasone. Over the follow-up period of 3 years, this dual modality proved to be successful in 85% of the patients; only 15% had to undergo surgery after its failure. The average symptom reduction reached an improvement rate varying from 58% to 80%, according to the symptom type. The daily dosage of prednisolone and beclomethasone was progressively decreased while the gain in nasal comfort was being preserved. Management of nasal polyps should be primarily medical. Resorting to surgical procedures should not be envisaged before a trial is conducted of dual steroid therapy under a regimen of strict compliance to treatment.",,,,,,,,,
pmid_single_rel,4140328,1974,Prednisone,@CHEMICAL_Prednisone,Muscular Dystrophy Duchenne,@DISEASE_Muscular_Dystrophy_Duchenne,100,1,1,1,False,False,"[{""drug_name"": ""Prednisone"", ""drug_id"": ""@CHEMICAL_Prednisone"", ""disease_name"": ""Muscular Dystrophy Duchenne"", ""disease_id"": ""@DISEASE_Muscular_Dystrophy_Duchenne"", ""pub_year"": 1974, ""pmid_count_pair"": 100}]",135,Prednisone in Duchenne muscular dystrophy.,,,,,,,,,,
pmid_multi_rel,36091804,2022,Acetaminophen,@CHEMICAL_Acetaminophen,Kidney Diseases,@DISEASE_Kidney_Diseases,100,2,1,2,True,False,"[{""drug_name"": ""Acetaminophen"", ""drug_id"": ""@CHEMICAL_Acetaminophen"", ""disease_name"": ""Kidney Diseases"", ""disease_id"": ""@DISEASE_Kidney_Diseases"", ""pub_year"": 2022, ""pmid_count_pair"": 100}, {""drug_name"": ""Acetaminophen"", ""drug_id"": ""@CHEMICAL_Acetaminophen"", ""disease_name"": ""Massive Hepatic Necrosis"", ""disease_id"": ""@DISEASE_Massive_Hepatic_Necrosis"", ""pub_year"": 2022, ""pmid_count_pair"": 100}]",136,Creatinine accelerates APAP-induced liver damage by increasing oxidative stress through ROS/JNK signaling pathway.,"Serum creatinine is an endogenous biomarker to estimate glomerular filtration rate (GFR) and is commonly used to assess renal function in clinical practice. Acetaminophen (APAP), the most available analgesic and antipyretic medication, is recommended as the drug of choice for pain control in patients with renal diseases. However, an overdose of APAP can lead to severe acute liver injury, which is also the most common cause of acute liver failure in western countries. The role of creatinine in APAP-induced liver injury is unclear and should be further explored. Herein, clinical data on patients with drug-induced liver injury revealed that the creatinine concentration between 82-442 μmol/L for female and 98-442 μmol/L for male is positively correlated with alanine aminotransferase (ALT), aspartate aminotransferase (AST). While there was no correlation between creatinine and ALT and AST when creatinine concentration is over 442 μmol/L. In addition, mice were administrated with creatinine intraperitoneally for 1 week before APAP injection to investigated the pathophysiological role of creatinine in APAP-induced acute liver injury. The results showed that creatinine administration aggravated hepatic necrosis and elevated serum lactate dehydrogenase (LDH) and ALT levels in mice upon APAP injection. The mechanism study demonstrated that creatinine could increase the production of reactive oxygen activation (ROS) and the activation of c-Jun N-terminal kinase (JNK). Furthermore, the liver injury was alleviated and the difference between APAP-treated mice and APAP combined with creatinine-treated mice was blunted after using specific ROS and JNK inhibitors. Significantly, creatinine stimulation aggravates APAP-induced cell death in HepaRG cells with the same mechanism. In summary, this study proposed that creatinine is closely related with liver function of drug-induced liver injury and exacerbates APAP-induced hepatocyte death by promoting ROS production and JNK activation, thus providing new insight into the usage of APAP in patients with kidney problems.",,,,,,,,,
pmid_single_rel,34430992,2021,Oxycodone,@CHEMICAL_Oxycodone,Pruritus,@DISEASE_Pruritus,27,1,1,1,False,False,"[{""drug_name"": ""Oxycodone"", ""drug_id"": ""@CHEMICAL_Oxycodone"", ""disease_name"": ""Pruritus"", ""disease_id"": ""@DISEASE_Pruritus"", ""pub_year"": 2021, ""pmid_count_pair"": 27}]",137,"The kappa-opioid receptor agonist, triazole 1.1, reduces oxycodone self-administration and enhances oxycodone-induced thermal antinociception in male rats.","Triazole 1.1 is a novel kappa-opioid receptor (KOR) agonist reported to produce antinociception without KOR-typical adverse effects. When combined with the mu-opioid receptor (MOR) agonist, oxycodone, triazole 1.1 blocks oxycodone-induced pruritis without producing sedation-like effects in nonhuman primates. However, it is unknown if triazole 1.1 can reduce the abuse-related effects or enhance the antinociceptive effects of oxycodone similarly to other KOR agonists. The aim of the present study was to quantitatively compare the behavioral effects of triazole 1.1 to the KOR agonists, U50,488h and nalfurafine, on oxycodone self-administration and oxycodone-induced thermal antinociception when administered as mixtures with oxycodone. In the self-administration study, male Sprague-Dawley (SD) rats (n = 6) self-administered intravenous (i.v.) oxycodone alone (0.056 mg/kg/inj) or combined with U50,488 h (0.032-0.32 mg/kg/inj), nalfurafine (0.00032-0.0032 mg/kg/inj), or triazole 1.1 (0.32-1.8 mg/kg/inj) under a progressive-ratio schedule of reinforcement. In a hot plate assay, male SD rats (n = 6) received i.v. injections of oxycodone (1.0-5.6 mg/kg), U50,488h (1.0-18.0 mg/kg), nalfurafine (0.01-1.0 mg/kg), or triazole 1.1 (3.2-32.0 mg/kg) alone or in combinations of fixed proportion with oxycodone based on the relative potencies of the single drugs. Each study concluded with administration of the KOR antagonist nor-BNI and some degree of retesting of the previous conditions to verify that the behavioral effects were mediated by KOR activation. All KOR agonists reduced oxycodone self-administration in a dose-dependent manner. Moreover, all single drugs and drug combinations produced dose-dependent, fully efficacious thermal antinociception. All KOR agonist:oxycodone combinations produced either additive or super-additive thermal antinociception. Finally, each KOR agonist was blocked in effect by nor-BNI in both behavioral measures. This study demonstrates that triazole 1.1 reduces oxycodone's reinforcing effects and enhances oxycodone-induced antinociception to degrees that are comparable to typical KOR agonists. Given triazole 1.1's mild adverse-effect profile, developing MOR-KOR agonist combinations from the triazole 1.1 series may render new pain therapeutics with reduced abuse liability.",,,,,,,,,
pmid_single_rel,41108829,2025,Progesterone,@CHEMICAL_Progesterone,Endometriosis,@DISEASE_Endometriosis,100,1,1,1,False,False,"[{""drug_name"": ""Progesterone"", ""drug_id"": ""@CHEMICAL_Progesterone"", ""disease_name"": ""Endometriosis"", ""disease_id"": ""@DISEASE_Endometriosis"", ""pub_year"": 2025, ""pmid_count_pair"": 100}]",138,Serum progesterone concentrations and subcutaneous progesterone supplementation in endometriosis: artificial-cycle frozen embryo transfer.,"Are there differences between patients with and without endometriosis in progesterone concentrations the day before artificial-cycle frozen embryo transfer (AC-FET) and in live birth rate (LBR) following subcutaneous progesterone when indicated? This retrospective cohort included 985 AC-FET cycles with vaginal progesterone (600 mg/day) from January 2019 to December 2022 at a university-affiliated fertility centre. Among them, 168 cycles (17.05%) were from patients with endometriosis (n = 128) and 817 from controls (n = 649). LBR was evaluated based on progesterone the day before transfer. Subcutaneous progesterone (25 mg/day) was given when <10.6 ng/ml. Cycles were divided into four groups: 1 (endometriosis, reference, 51 cycles) and 3 (controls, 274 cycles) with progesterone <10.6 ng/ml plus supplementation; 2 (endometriosis, 117 cycles) and 4 (controls, 543 cycles) with progesterone ≥10.6 ng/ml. The likelihood of progesterone <10.6 ng/ml before transfer was similar between groups (adjusted odds ratio [aOR] 0.98, 95% CI 0.65-1.47). After adjustment for age, BMI and embryo quality, LBR were comparable between group 1 and groups 2 (aOR 0.79, 95% CI 0.36-1.74), 3 (aOR 0.91, 95% CI 0.45-1.84) and 4 (aOR 1.39, 95% CI 0.71-2.74). Higher progesterone >90th percentile (23.31 ng/ml) on pregnancy test day was associated with higher clinical pregnancy (controls: 73% vs 50.5%, P <0.001; endometriosis: 83.3% vs 46.1%, P = 0.016) and LBR (controls: 63.5% vs 38.2%, P <0.001; endometriosis: 66.7% vs 32.8%, P = 0.027). Progesterone concentrations before transfer are comparable between endometriosis and control cycles. Vaginal progesterone with subcutaneous supplementation leads to comparable LBR, regardless of endometriosis status.",,,,,,,,,
pmid_multi_rel,17955604,2007,Ciprofloxacin,@CHEMICAL_Ciprofloxacin,Tympanic Membrane Perforation,@DISEASE_Tympanic_Membrane_Perforation,13,2,1,2,True,False,"[{""drug_name"": ""Ciprofloxacin"", ""drug_id"": ""@CHEMICAL_Ciprofloxacin"", ""disease_name"": ""Tympanic Membrane Perforation"", ""disease_id"": ""@DISEASE_Tympanic_Membrane_Perforation"", ""pub_year"": 2007, ""pmid_count_pair"": 13}, {""drug_name"": ""Ciprofloxacin"", ""drug_id"": ""@CHEMICAL_Ciprofloxacin"", ""disease_name"": ""Glomerulonephritis Membranous"", ""disease_id"": ""@DISEASE_Glomerulonephritis_Membranous"", ""pub_year"": 2007, ""pmid_count_pair"": 5}]",139,Effects of ciprofloxacin/dexamethasone and ofloxacin on tympanic membrane perforation healing.,"Exposure to ciprofloxacin/dexamethasone, but not ofloxacin, prolongs tympanic membrane (TM) healing. Exposure to hydrocortisone has been shown to delay TM wound healing. No published studies have compared the effects of ciprofloxacin/dexamethasone and ofloxacin on TM healing. Noninfected TM perforations were created in 30 rats. The rats were split into three groups, and ciprofloxacin/dexamethasone, ofloxacin, or isotonic sodium chloride solution drops were instilled for 8 days. Tympanic membrane healing was analyzed at specified intervals using photographic documentation verified by a blinded observer. The isotonic sodium chloride solution control and ofloxacin-exposed TMs healed at similar rates. There was a statistically significant delay in TM healing in the ciprofloxacin-/dexamethasone-exposed TMs by postoperative Day 10. However, all TM perforations were healed by postoperative Day 20. Ciprofloxacin/dexamethasone delays healing of experimental TM perforations, but the brief exposure in this study did not cause persistent perforations.",,,,,,,,,
pmid_single_rel,31629465,2020,Celecoxib,@CHEMICAL_Celecoxib,Neoplasms,@DISEASE_Neoplasms,100,1,1,1,False,False,"[{""drug_name"": ""Celecoxib"", ""drug_id"": ""@CHEMICAL_Celecoxib"", ""disease_name"": ""Neoplasms"", ""disease_id"": ""@DISEASE_Neoplasms"", ""pub_year"": 2020, ""pmid_count_pair"": 100}]",140,A novel celecoxib analog UTX-121 inhibits HT1080 cell invasion by modulating membrane-type 1 matrix metalloproteinase.,"We designed and synthesized a celecoxib derivative UTX-121 to enhance its anti-tumor activity. Similar to celecoxib, this compound could also inhibit matrix metalloproteinase (MMP)-9 activity. In addition, UTX-121 suppressed membrane-type 1 MMP (MT1-MMP)-mediated pro-MMP-2 activation by disturbing the cell surface expression of MT1-MMP. UTX-121 also impeded the glycosylation of cell surface proteins, resulting in the suppression of cell attachment to fibronectin. This inhibition by UTX-121 caused the reduction of fibronectin-stimulated focal adhesion kinase activation, Akt activation, and cell migration. Consequently, UTX-121 treatment significantly inhibited fibronectin-induced HT1080 cell invasion into the Matrigel. UTX-121 may be a potent lead compound that can be used to develop a novel anti-tumor drug.",,,,,,,,,
pmid_multi_rel,32245508,2020,Hydroxychloroquine,@CHEMICAL_Hydroxychloroquine,Lung Diseases Interstitial,@DISEASE_Lung_Diseases_Interstitial,56,3,1,3,True,False,"[{""drug_name"": ""Hydroxychloroquine"", ""drug_id"": ""@CHEMICAL_Hydroxychloroquine"", ""disease_name"": ""Lung Diseases Interstitial"", ""disease_id"": ""@DISEASE_Lung_Diseases_Interstitial"", ""pub_year"": 2020, ""pmid_count_pair"": 56}, {""drug_name"": ""Hydroxychloroquine"", ""drug_id"": ""@CHEMICAL_Hydroxychloroquine"", ""disease_name"": ""Child Nutrition Disorders"", ""disease_id"": ""@DISEASE_Child_Nutrition_Disorders"", ""pub_year"": 2020, ""pmid_count_pair"": 1}, {""drug_name"": ""Hydroxychloroquine"", ""drug_id"": ""@CHEMICAL_Hydroxychloroquine"", ""disease_name"": ""Hemosiderosis"", ""disease_id"": ""@DISEASE_Hemosiderosis"", ""pub_year"": 2020, ""pmid_count_pair"": 1}]",141,"Prospective evaluation of hydroxychloroquine in pediatric interstitial lung diseases: Study protocol for an investigator-initiated, randomized controlled, parallel-group clinical trial.","Interstitial lung diseases in children (chILD) are rare and consist of many different entities that affect the parenchyma of the lungs, leading to a chronic lung disease. The natural course of many of these diseases is connected with a high morbidity and significant mortality. Symptomatic treatment consists of oxygen supplementation, adequate nutrition adapted to the high energy demand generated by the disease due to the increased breathing effort required, as well as immunization against respiratory pathogens to prevent exacerbations through respiratory infections. No proven pharmacological treatments are available to date. This placebo-controlled study aims to evaluate the efficacy and safety of the mid-term use of hydroxychloroquine in chILD. The study is an explorative, prospective, randomized, double-blind, placebo-controlled investigation of hydroxychloroquine (HCQ) in chILD. Patients can be included into the trial when diagnosed with a chronic (≥ 3 weeks' duration) diffuse parenchymal lung disease (chILD) (1) genetically defined, (2) histologically defined or (3) diagnosed with idiopathic pulmonary hemorrhage (hemosiderosis). The study contains of two different study blocks, a START and a STOP block, which can be initiated in any sequence. Each patient can participate in each block only once. In the START block subjects are randomized to parallel groups for 4 weeks treatment, then the placebo group is switched to the active drug. In the STOP block, subjects taking HCQ are randomized into parallel groups treated with placebo or HCQ. This study is the first international, investigator-initiated, prospective and controlled investigation of a pharmacological treatment in chILD. The block design was selected as it has the advantage of accommodating patients who are initiating or withdrawing from HCQ therapy, thus allowing the participation of those who were previously started on off-label HCQ. The cross-over design and selected outcome parameters enables us to include appropriate numbers of patients of all age groups from neonates to adults suffering from these rare diseases. This is an exploratory, Phase 2a, randomized, double-blind, placebo-controlled, parallel-group, multinational study investigating the initiation or withdrawal of hydroxychloroquine in subjects with chILD. Study title: Hydroxychloroquine in pediatric ILD: START randomized controlled in parallel groups, then switch placebo to the active drug, and STOP randomized controlled in parallel groups to evaluate the efficacy and safety of hydroxychloroquine (HCQ). Short title: HCQ in pediatric ILD, particularly 4surfdefect. EudraCT, ID: 2013-003714-40. Registered on 2 July 2013. ClinicalTrials.gov, ID: NCT02615938. Registered on 8 November 2015. IZKS trial code: 2013-006; Sponsor: University Hospital, Ludwig-Maximilians University of Munich. Responsible Party: Prof. Dr. med. Matthias Griese, University Hospital, Ludwig-Maximilians University of Munich, Germany.",,,,,,,,,
pmid_multi_rel,16230722,2005,Metformin,@CHEMICAL_Metformin,Vomiting,@DISEASE_Vomiting,52,4,2,3,True,True,"[{""drug_name"": ""Metformin"", ""drug_id"": ""@CHEMICAL_Metformin"", ""disease_name"": ""Vomiting"", ""disease_id"": ""@DISEASE_Vomiting"", ""pub_year"": 2005, ""pmid_count_pair"": 52}, {""drug_name"": ""Metformin"", ""drug_id"": ""@CHEMICAL_Metformin"", ""disease_name"": ""Nausea"", ""disease_id"": ""@DISEASE_Nausea"", ""pub_year"": 2005, ""pmid_count_pair"": 75}, {""drug_name"": ""Insulin Glargine"", ""drug_id"": ""@CHEMICAL_Insulin_Glargine"", ""disease_name"": ""Nausea"", ""disease_id"": ""@DISEASE_Nausea"", ""pub_year"": 2005, ""pmid_count_pair"": 10}, {""drug_name"": ""Insulin Glargine"", ""drug_id"": ""@CHEMICAL_Insulin_Glargine"", ""disease_name"": ""Signs and Symptoms Digestive"", ""disease_id"": ""@DISEASE_Signs_and_Symptoms_Digestive"", ""pub_year"": 2005, ""pmid_count_pair"": 2}]",142,Exenatide versus insulin glargine in patients with suboptimally controlled type 2 diabetes: a randomized trial.,"Physicians may use either insulin or exenatide injections for patients with type 2 diabetes mellitus who have poor glycemic control despite taking oral blood glucose-lowering drugs. To compare effects of exenatide and insulin glargine on glycemic control in patients with type 2 diabetes mellitus that is suboptimally controlled with metformin and a sulfonylurea. 26-week multicenter, open-label, randomized, controlled trial. 82 outpatient study centers in 13 countries. 551 patients with type 2 diabetes and inadequate glycemic control (defined as hemoglobin A1c level ranging from 7.0% to 10.0%) despite combination metformin and sulfonylurea therapy. Exenatide, 10 microg twice daily, or insulin glargine, 1 daily dose titrated to maintain fasting blood glucose levels of less than 5.6 mmol/L (<100 mg/dL). Hemoglobin A1c level, fasting plasma glucose level, body weight, 7-point self-monitored blood glucose, standardized test-meal challenge, safety, and tolerability. Baseline mean hemoglobin A1c level was 8.2% for patients receiving exenatide and 8.3% for those receiving insulin glargine. At week 26, both exenatide and insulin glargine reduced hemoglobin A1c levels by 1.11% (difference, 0.017 percentage point [95% CI, -0.123 to 0.157 percentage point]). Exenatide reduced postprandial glucose excursions more than insulin glargine, while insulin glargine reduced fasting glucose concentrations more than exenatide. Body weight decreased 2.3 kg with exenatide and increased 1.8 kg with insulin glargine (difference, -4.1 kg [CI, -4.6 to -3.5 kg]). Rates of symptomatic hypoglycemia were similar, but nocturnal hypoglycemia occurred less frequently with exenatide (0.9 event/patient-year versus 2.4 events/patient-year; difference, -1.6 events/patient-year [CI, -2.3 to -0.9 event/patient year]). Gastrointestinal symptoms were more common in the exenatide group than in the insulin glargine group, including nausea (57.1% vs. 8.6%), vomiting (17.4% vs. 3.7%) and diarrhea (8.5% vs. 3.0%). The trial was open-label and did not assess clinical complications related to diabetes. Of the 551 participants, 19.4% of those receiving exenatide and 9.7% of those receiving insulin glargine withdrew from the study. Only 21.6% of the insulin glargine group and 8.6% of the exenatide group achieved the target level for fasting plasma glucose of less than 5.6 mmol/L (<100 mg/dL). Exenatide and insulin glargine achieved similar improvements in overall glycemic control in patients with type 2 diabetes that was suboptimally controlled with oral combination therapy. Exenatide was associated with weight reduction and had a higher incidence of gastrointestinal adverse effects than insulin glargine.",,,,,,,,,
pmid_multi_rel,27355884,2016,Ibuprofen,@CHEMICAL_Ibuprofen,Psychomotor Agitation,@DISEASE_Psychomotor_Agitation,4,3,1,3,True,False,"[{""drug_name"": ""Ibuprofen"", ""drug_id"": ""@CHEMICAL_Ibuprofen"", ""disease_name"": ""Psychomotor Agitation"", ""disease_id"": ""@DISEASE_Psychomotor_Agitation"", ""pub_year"": 2016, ""pmid_count_pair"": 4}, {""drug_name"": ""Ibuprofen"", ""drug_id"": ""@CHEMICAL_Ibuprofen"", ""disease_name"": ""Self Mutilation"", ""disease_id"": ""@DISEASE_Self_Mutilation"", ""pub_year"": 2016, ""pmid_count_pair"": 3}, {""drug_name"": ""Ibuprofen"", ""drug_id"": ""@CHEMICAL_Ibuprofen"", ""disease_name"": ""FACES syndrome"", ""disease_id"": ""@DISEASE_FACES_syndrome"", ""pub_year"": 2016, ""pmid_count_pair"": 2}]",143,Acute Agitation and Self-Injury in a 5-Year Old with Autism.,"A 5-year-old nonverbal child with autism spectrum disorder (ASD) was admitted to inpatient pediatrics with new onset agitation and self-injurious behavior. His parents described him as a pleasant child without previous episodes of self-injury. Four days before admission, the parents noted new irritability followed by 2 days of self-injury to the face without clear precipitant. His hitting intensified with closed fist to face, and he required parental physical restraint to prevent further injury. Car rides and ibuprofen provided only temporary relief. He consumed minimal liquid and ate no solid food for 2 days. The parents denied any changes to the environment or routine and denied recent travel, sick contacts, fevers, cough, otalgia, vomiting, diarrhea, and constipation. The patient had been diagnosed with ASD at age 18 months old but had no other significant medical history.On examination, the child was alert but distressed and restless, wearing padded mitts as his parents attempted to calm him by pushing him in a stroller. He had multiple areas of severe bruising and facial swelling in the right periorbital area, cheek, and jaw. The rest of the physical examination was unremarkable. Laboratory results included a leukocytosis with left shift, a normal metabolic panel, and an elevated creatine kinase. Other investigations included a normal lumber puncture, chest radiograph, head and face computerized tomography without contrast, and brain magnetic resonance imaging. A dentist consultant examined him and noted an erupting molar but no decay or abscesses. A psychiatric evaluation was requested as there was no clear medical source for the patient's distress.",,,,,,,,,
pmid_multi_rel,39575090,2024,Simvastatin,@CHEMICAL_Simvastatin,Mental Disorders,@DISEASE_Mental_Disorders,17,7,1,7,True,False,"[{""drug_name"": ""Simvastatin"", ""drug_id"": ""@CHEMICAL_Simvastatin"", ""disease_name"": ""Mental Disorders"", ""disease_id"": ""@DISEASE_Mental_Disorders"", ""pub_year"": 2024, ""pmid_count_pair"": 17}, {""drug_name"": ""Simvastatin"", ""drug_id"": ""@CHEMICAL_Simvastatin"", ""disease_name"": ""Smith Lemli Opitz Syndrome"", ""disease_id"": ""@DISEASE_Smith_Lemli_Opitz_Syndrome"", ""pub_year"": 2024, ""pmid_count_pair"": 10}, {""drug_name"": ""Simvastatin"", ""drug_id"": ""@CHEMICAL_Simvastatin"", ""disease_name"": ""Dehydration"", ""disease_id"": ""@DISEASE_Dehydration"", ""pub_year"": 2024, ""pmid_count_pair"": 2}, {""drug_name"": ""Simvastatin"", ""drug_id"": ""@CHEMICAL_Simvastatin"", ""disease_name"": ""Feeding and Eating Disorders"", ""disease_id"": ""@DISEASE_Feeding_and_Eating_Disorders"", ""pub_year"": 2024, ""pmid_count_pair"": 1}, {""drug_name"": ""Simvastatin"", ""drug_id"": ""@CHEMICAL_Simvastatin"", ""disease_name"": ""Hyponatremia"", ""disease_id"": ""@DISEASE_Hyponatremia"", ""pub_year"": 2024, ""pmid_count_pair"": 1}, {""drug_name"": ""Simvastatin"", ""drug_id"": ""@CHEMICAL_Simvastatin"", ""disease_name"": ""Microcephaly"", ""disease_id"": ""@DISEASE_Microcephaly"", ""pub_year"": 2024, ""pmid_count_pair"": 1}, {""drug_name"": ""Simvastatin"", ""drug_id"": ""@CHEMICAL_Simvastatin"", ""disease_name"": ""Vomiting"", ""disease_id"": ""@DISEASE_Vomiting"", ""pub_year"": 2024, ""pmid_count_pair"": 3}]",144,"First documented case of Smith-Lemli-Opitz syndrome in Syria: clinical presentation, diagnosis, and experimental management with simvastatin.","Smith-Lemli-Opitz syndrome (SLOS) is a rare genetic disorder that affects cholesterol synthesis and causes various physical and mental abnormalities. The case is a 25-day-old male infant who presented with multiple congenital anomalies, such as microcephaly, facial dysmorphism, syndactyly, hypospadias, and other organ malformations. He also had severe vomiting, feeding difficulty, irritability, dehydration, and hyponatremia. Laboratory tests showed low serum cholesterol, in addition to genetic tests, confirming the diagnosis of SLOS. The infant was treated with simvastatin, which improved his irritability and was well tolerated. The paper discusses the clinical features, diagnosis, and management of SLOS, and highlights the importance of early recognition and intervention for this rare case. It is also considered the first documented case in Syria.",,,,,,,,,
pmid_multi_rel,8151011,1994,Valproate,@CHEMICAL_Valproic_Acid,Mood Disorders,@DISEASE_Mood_Disorders,100,3,1,3,True,False,"[{""drug_name"": ""Valproate"", ""drug_id"": ""@CHEMICAL_Valproic_Acid"", ""disease_name"": ""Mood Disorders"", ""disease_id"": ""@DISEASE_Mood_Disorders"", ""pub_year"": 1994, ""pmid_count_pair"": 100}, {""drug_name"": ""Valproate"", ""drug_id"": ""@CHEMICAL_Valproic_Acid"", ""disease_name"": ""Alcoholism"", ""disease_id"": ""@DISEASE_Alcoholism"", ""pub_year"": 1994, ""pmid_count_pair"": 40}, {""drug_name"": ""Valproate"", ""drug_id"": ""@CHEMICAL_Valproic_Acid"", ""disease_name"": ""Panic Disorder"", ""disease_id"": ""@DISEASE_Panic_Disorder"", ""pub_year"": 1994, ""pmid_count_pair"": 29}]",145,Valproate treatment of comorbid panic disorder and affective disorders in two alcoholic patients.,,,,,,,,,,
pmid_multi_rel,14714578,2003,Losartan,@CHEMICAL_Losartan,Proteinuria,@DISEASE_Proteinuria,100,2,1,2,True,False,"[{""drug_name"": ""Losartan"", ""drug_id"": ""@CHEMICAL_Losartan"", ""disease_name"": ""Proteinuria"", ""disease_id"": ""@DISEASE_Proteinuria"", ""pub_year"": 2003, ""pmid_count_pair"": 100}, {""drug_name"": ""Losartan"", ""drug_id"": ""@CHEMICAL_Losartan"", ""disease_name"": ""Renal Insufficiency Chronic"", ""disease_id"": ""@DISEASE_Renal_Insufficiency_Chronic"", ""pub_year"": 2003, ""pmid_count_pair"": 78}]",146,Differing anti-proteinuric action of candesartan and losartan in chronic renal disease.,"It has becoming clear that angiotensin receptor blockers (ARBs) show varying levels of angiotensin II type 1 (AT1) receptor blocking activity. Although the duration of activity and the efficacy on blood pressure of ARB are reported to vary, depending on the agents used, it has not been examined whether the effects on proteinuria and urinary nitrite/nitrate (NOx) excretion differ in hypertensive patients with chronic renal disease. In the present study, patients with hypertension (> 140 and/or 90 mmHg) and chronic renal disease (proteinuria > 0.5g/day; serum creatinine < 265 micromol/l or creatinine clearance > 30 ml/min/1.72 m2) were randomly assigned to perindopril- (n = 15), trandolapril- (n = 15), candesartan- (n = 17), and losartan-treated groups (n = 15), and were followed up for 96 weeks. All agents decreased blood pressure to the same level, and none of them had any effect on creatinine clearance. Candesartan, perindopril, and trandolapril reduced proteinuria markedly (from 3.0 +/- 0.6 to 1.8 +/- 0.5 g/day, 2.7 +/- 0.5 to 1.6 +/- 0.4 g/day, and 2.7 +/- 0.5 to 1.7 +/- 0.4 g/day, respectively) at 12 weeks, and the beneficial effect persisted throughout the study. The effect of losartan, however, diminished over the study period. Whereas perindopril, trandolapril, and candesartan markedly increased urinary NOx excretion (from 257 +/- 23 to 1,011 +/- 150 micromol/day, 265 +/- 70 to 986 +/- 130 micromol/day, and 260 +/- 62 to 967 +/- 67 micromol/day at 12 weeks, respectively), a relatively blunted increase was observed with losartan (from 309 +/- 42 to 596 +/- 64 micromol/day). In conclusion, renal action of ARB varies, with relatively less proteinuria-sparing, as well as NOx-enhancing, effects observed with candesartan showing the greatest reduction of proteinuria and greatest enhancement of NOx. Furthermore, renal nitric oxide may contribute to the renal protective action of these agents when administered to patients with chronic renal disease.",,,,,,,,,
pmid_single_rel,11122092,2000,Cyanocobalamin,@CHEMICAL_Vitamin_B_12,Gastritis Atrophic,@DISEASE_Gastritis_Atrophic,49,1,1,1,False,False,"[{""drug_name"": ""Cyanocobalamin"", ""drug_id"": ""@CHEMICAL_Vitamin_B_12"", ""disease_name"": ""Gastritis Atrophic"", ""disease_id"": ""@DISEASE_Gastritis_Atrophic"", ""pub_year"": 2000, ""pmid_count_pair"": 49}]",147,The relationship between idiopathic thrombocytopenic purpura and pernicious anaemia.,"Some reports on the simultaneous presence of chronic idiopathic thrombocytopenic purpura (ITP) and pernicious anaemia (PA) may be found in the literature. However, little is known about the coexistence of these autoimmune disorders. For this reason, we studied the prevalence of PA in a series of patients with a diagnosis of chronic ITP by means of the analysis of the concentration of the most sensitive marker of type A atrophic (autoimmune) gastritis, serum pepsinogen I. Serum pepsinogen I was low in 20.3% of the 133 patients studied. Gastrin was elevated in 15. 2% of patients, but the coexistence of both abnormalities was rather low (7.6% of patients). However, the progressive decrease in serum cobalamin as biochemical abnormalities related with atrophic gastritis appeared was noticeable. The time to progression to frank PA from type A atrophic gastritis may span some years.",,,,,,,,,
pmid_single_rel,15792114,2005,Adalimumab,@CHEMICAL_Adalimumab,Lupus Erythematosus Systemic,@DISEASE_Lupus_Erythematosus_Systemic,49,1,1,1,False,False,"[{""drug_name"": ""Adalimumab"", ""drug_id"": ""@CHEMICAL_Adalimumab"", ""disease_name"": ""Lupus Erythematosus Systemic"", ""disease_id"": ""@DISEASE_Lupus_Erythematosus_Systemic"", ""pub_year"": 2005, ""pmid_count_pair"": 49}]",148,Connective tissue disease in children.,"As our understanding of connective tissue disease expands, so too does our therapeutic armamentarium. We have learned that autoimmunity triggers inflammation through unchecked, proliferative cell-mediated inflammation. By targeting this arm of the cytokine cascade, it may be possible to arrest further progression. Several biologic agents, such as etanercept, alefacept, infliximab, efaluzimab, and, recently, adalimumab, have come to market for adult psoriasis and are now undergoing trials for juvenile SLE, psoriasis, and psoriatic arthritis. Of note, etanercept has been used successfully in juvenile rheumatoid arthritis for more than 10 years. These agents target cell-mediated inflammation through various mechanisms and hold great promise for the treatment of many of the disease states discussed above. Moreover, the biologics carry an improved side-effect profile not seen with traditional agents such as corticosteroids and will be central in the evolution of targeted therapeutics for these complex immunologic diseases.",,,,,,,,,
pmid_multi_rel,25378014,2014,Prednisone,@CHEMICAL_Prednisone,Synovitis,@DISEASE_Synovitis,25,5,2,4,True,True,"[{""drug_name"": ""Prednisone"", ""drug_id"": ""@CHEMICAL_Prednisone"", ""disease_name"": ""Synovitis"", ""disease_id"": ""@DISEASE_Synovitis"", ""pub_year"": 2014, ""pmid_count_pair"": 25}, {""drug_name"": ""Hydroxychloroquine"", ""drug_id"": ""@CHEMICAL_Hydroxychloroquine"", ""disease_name"": ""Oral Ulcer"", ""disease_id"": ""@DISEASE_Oral_Ulcer"", ""pub_year"": 2014, ""pmid_count_pair"": 10}, {""drug_name"": ""Hydroxychloroquine"", ""drug_id"": ""@CHEMICAL_Hydroxychloroquine"", ""disease_name"": ""Synovitis"", ""disease_id"": ""@DISEASE_Synovitis"", ""pub_year"": 2014, ""pmid_count_pair"": 9}, {""drug_name"": ""Hydroxychloroquine"", ""drug_id"": ""@CHEMICAL_Hydroxychloroquine"", ""disease_name"": ""Aortitis"", ""disease_id"": ""@DISEASE_Aortitis"", ""pub_year"": 2014, ""pmid_count_pair"": 2}, {""drug_name"": ""Hydroxychloroquine"", ""drug_id"": ""@CHEMICAL_Hydroxychloroquine"", ""disease_name"": ""Aortic Dissection"", ""disease_id"": ""@DISEASE_Aortic_Dissection"", ""pub_year"": 2014, ""pmid_count_pair"": 1}]",149,[Aortitis: report of three cases].,"Aortitis is a nonspecific term that describes an inflammation of the aortic wall caused by inflammatory, infectious, paraneoplastic and idiopathic diseases. The symptoms are variable and nonspecific; therefore a high level of clinical suspicion is required to diagnose it. It is often an incidental finding while looking for other diagnoses and it is confirmed mainly through imaging studies. We report three cases of aortitis: A 29-year-old woman presenting with alopecia, oral and nasal ulcers and positive antinuclear antibodies. A CAT scan showed a segmental thickening of thoracic aorta, with dilated and stenotic areas. She was successfully treated with steroids, hydroxychloroquine, cyclophosphamide and azathioprine. A 41-year-old male presenting with dorsal pain and cough. The CAT scan showed an extra-intimal thickening of the descending aorta and stenosis of the celiac artery. The final diagnosis was a polyangiitis and was treated with steroids, cyclophosphamide and azathioprine. A 28-year-old woman presenting with pain in the left upper abdomen. Imaging studies showed a thickening of the aortic arch and subclavian artery. The final diagnosis was sarcoidosis and the patient was treated with prednisone.",,,,,,,,,
