disease_concept_id,disease_concept_label,n_trials,n_rows,disease_id,disease_name,n_edges,n_drug_names,n_drug_ids,pmid_count_sum,total_articles_sum,pmid_count_median,total_articles_median
@DISEASE_16p11.2_Deletion_Syndrome,16p11.2 Deletion Syndrome,1,1,@DISEASE_16p11.2_Deletion_Syndrome,16p11.2 Deletion Syndrome,1,1,1,2,2,2.0,2.0
@DISEASE_AIDS_Dementia_Complex,AIDS Dementia Complex,1,1,@DISEASE_AIDS_Dementia_Complex,AIDS Dementia Complex,11,11,11,19,19,1.0,1.0
@DISEASE_AIDS_Related_Opportunistic_Infections,AIDS Related Opportunistic Infections,1,1,@DISEASE_AIDS_Related_Opportunistic_Infections,AIDS Related Opportunistic Infections,1,1,1,2,2,2.0,2.0
@DISEASE_Abdomen_Acute,Abdomen Acute,1,1,@DISEASE_Abdomen_Acute,Abdomen Acute,27,26,27,72,72,2.0,2.0
@DISEASE_Abdominal_Abscess,Abdominal Abscess,1,1,@DISEASE_Abdominal_Abscess,Abdominal Abscess,9,7,9,43,43,3.0,3.0
@DISEASE_Abdominal_Pain,Abdominal Pain,8,11,@DISEASE_Abdominal_Pain,Abdominal Pain,110,97,110,1590,1668,6.0,6.0
@DISEASE_Abnormalities_Drug_Induced,Abnormalities Drug Induced,1,1,@DISEASE_Abnormalities_Drug_Induced,Abnormalities Drug Induced,78,74,78,651,880,4.0,4.0
@DISEASE_Abortion_Habitual,Abortion Habitual,2,2,@DISEASE_Abortion_Habitual,Abortion Habitual,58,49,58,695,833,4.0,4.0
@DISEASE_Abortion_Missed,Abortion Missed,2,2,@DISEASE_Abortion_Missed,Abortion Missed,9,7,9,23,23,1.0,1.0
@DISEASE_Abortion_Septic,Abortion Septic,2,2,@DISEASE_Abortion_Septic,Abortion Septic,5,5,5,10,10,1.0,1.0
@DISEASE_Abortion_Spontaneous,Abortion Spontaneous,1,1,@DISEASE_Abortion_Spontaneous,Abortion Spontaneous,38,34,38,710,1013,5.0,5.0
@DISEASE_Abortion_Threatened,Abortion Threatened,2,2,@DISEASE_Abortion_Threatened,Abortion Threatened,8,6,8,110,110,1.5,1.5
@DISEASE_Abscess,Abscess,12,14,@DISEASE_Abscess,Abscess,49,43,49,707,848,2.0,2.0
@DISEASE_Acanthamoeba_Keratitis,Acanthamoeba Keratitis,1,1,@DISEASE_Acanthamoeba_Keratitis,Acanthamoeba Keratitis,12,10,12,20,20,1.0,1.0
@DISEASE_Acanthosis_Nigricans,Acanthosis Nigricans,1,1,@DISEASE_Acanthosis_Nigricans,Acanthosis Nigricans,15,14,15,84,84,3.0,3.0
@DISEASE_Achlorhydria,Achlorhydria,1,1,@DISEASE_Achlorhydria,Achlorhydria,7,7,7,76,76,3.0,3.0
@DISEASE_Acid_Base_Imbalance,Acid Base Imbalance,1,1,@DISEASE_Acid_Base_Imbalance,Acid Base Imbalance,15,13,15,22,22,1.0,1.0
@DISEASE_Acidosis,Acidosis,1,1,@DISEASE_Acidosis,Acidosis,50,46,50,567,568,6.0,6.0
@DISEASE_Acidosis_Lactic,Acidosis Lactic,2,2,@DISEASE_Acidosis_Lactic,Acidosis Lactic,14,14,14,139,856,2.5,2.5
@DISEASE_Acidosis_Renal_Tubular,Acidosis Renal Tubular,1,1,@DISEASE_Acidosis_Renal_Tubular,Acidosis Renal Tubular,24,23,24,103,103,2.0,2.0
@DISEASE_Acne_Vulgaris,Acne Vulgaris,78,80,@DISEASE_Acne_Vulgaris,Acne Vulgaris,62,41,62,1035,1452,4.0,4.0
@DISEASE_Acquired_Immunodeficiency_Syndrome,Acquired Immunodeficiency Syndrome,3,3,@DISEASE_Acquired_Immunodeficiency_Syndrome,Acquired Immunodeficiency Syndrome,56,49,56,470,551,2.0,2.0
@DISEASE_Acromegaly,Acromegaly,2,2,@DISEASE_Acromegaly,Acromegaly,19,19,19,56,56,1.0,1.0
@DISEASE_Acute_Aortic_Syndrome,Acute Aortic Syndrome,1,1,@DISEASE_Acute_Aortic_Syndrome,Acute Aortic Syndrome,8,8,8,8,8,1.0,1.0
@DISEASE_Acute_Chest_Syndrome,Acute Chest Syndrome,1,1,@DISEASE_Acute_Chest_Syndrome,Acute Chest Syndrome,9,9,9,9,9,1.0,1.0
@DISEASE_Acute_Coronary_Syndrome,Acute Coronary Syndrome,88,127,@DISEASE_Acute_Coronary_Syndrome,Acute Coronary Syndrome,66,64,66,1163,5128,5.5,5.5
@DISEASE_Acute_Disease,Acute Disease,1,1,@DISEASE_Acute_Disease,Acute Disease,107,97,107,1231,1252,5.0,5.0
@DISEASE_Acute_Kidney_Injury,Acute Kidney Injury,39,55,@DISEASE_Acute_Kidney_Injury,Acute Kidney Injury,92,85,92,2421,2938,13.0,13.0
@DISEASE_Acute_Lung_Injury,Acute Lung Injury,1,2,@DISEASE_Acute_Lung_Injury,Acute Lung Injury,57,54,57,297,297,2.0,2.0
@DISEASE_Acute_On_Chronic_Liver_Failure,Acute On Chronic Liver Failure,3,3,@DISEASE_Acute_On_Chronic_Liver_Failure,Acute On Chronic Liver Failure,13,13,13,30,30,1.0,1.0
@DISEASE_Acute_Pain,Acute Pain,64,80,@DISEASE_Acute_Pain,Acute Pain,68,56,68,854,1022,2.0,2.0
@DISEASE_Adenine_phosphoribosyltransferase_deficiency,Adenine phosphoribosyltransferase deficiency,1,1,@DISEASE_Adenine_phosphoribosyltransferase_deficiency,Adenine phosphoribosyltransferase deficiency,1,1,1,31,31,31.0,31.0
@DISEASE_Adenocarcinoma,Adenocarcinoma,3,3,@DISEASE_Adenocarcinoma,Adenocarcinoma,74,68,74,658,658,3.5,3.5
@DISEASE_Adenomatous_Polyposis_Coli,Adenomatous Polyposis Coli,1,1,@DISEASE_Adenomatous_Polyposis_Coli,Adenomatous Polyposis Coli,21,21,21,154,154,1.0,1.0
@DISEASE_Adenomyosis,Adenomyosis,7,8,@DISEASE_Adenomyosis,Adenomyosis,17,15,17,159,204,1.0,1.0
@DISEASE_Adenoviridae_Infections,Adenoviridae Infections,1,1,@DISEASE_Adenoviridae_Infections,Adenoviridae Infections,4,4,4,5,5,1.0,1.0
@DISEASE_Adjustment_Disorders,Adjustment Disorders,3,3,@DISEASE_Adjustment_Disorders,Adjustment Disorders,45,45,45,140,140,2.0,2.0
@DISEASE_Adrenal_Hyperplasia_Congenital,Adrenal Hyperplasia Congenital,2,2,@DISEASE_Adrenal_Hyperplasia_Congenital,Adrenal Hyperplasia Congenital,19,17,19,212,212,2.0,2.0
@DISEASE_Adrenal_Insufficiency,Adrenal Insufficiency,6,11,@DISEASE_Adrenal_Insufficiency,Adrenal Insufficiency,60,52,60,605,605,4.0,4.0
@DISEASE_Adrenal_incidentaloma,Adrenal incidentaloma,1,3,@DISEASE_Adrenal_incidentaloma,Adrenal incidentaloma,1,1,1,1,1,1.0,1.0
@DISEASE_Adrenocortical_Carcinoma,Adrenocortical Carcinoma,1,1,@DISEASE_Adrenocortical_Carcinoma,Adrenocortical Carcinoma,12,12,12,78,78,2.0,2.0
@DISEASE_Adrenoleukodystrophy,Adrenoleukodystrophy,1,2,@DISEASE_Adrenoleukodystrophy,Adrenoleukodystrophy,17,17,17,46,46,1.0,1.0
@DISEASE_Affective_Disorders_Psychotic,Affective Disorders Psychotic,2,2,@DISEASE_Affective_Disorders_Psychotic,Affective Disorders Psychotic,22,22,22,138,138,2.0,2.0
@DISEASE_Aggressive_Periodontitis,Aggressive Periodontitis,5,6,@DISEASE_Aggressive_Periodontitis,Aggressive Periodontitis,11,10,11,89,89,1.0,1.0
@DISEASE_Agoraphobia,Agoraphobia,3,5,@DISEASE_Agoraphobia,Agoraphobia,22,22,22,140,140,2.0,2.0
@DISEASE_Airway_Obstruction,Airway Obstruction,1,1,@DISEASE_Airway_Obstruction,Airway Obstruction,69,64,69,497,569,3.0,3.0
@DISEASE_Airway_Remodeling,Airway Remodeling,1,1,@DISEASE_Airway_Remodeling,Airway Remodeling,8,8,8,15,15,1.5,1.5
@DISEASE_Akathisia_Drug_Induced,Akathisia Drug Induced,1,1,@DISEASE_Akathisia_Drug_Induced,Akathisia Drug Induced,24,23,24,352,391,6.5,6.5
@DISEASE_Albinism_Oculocutaneous,Albinism Oculocutaneous,1,2,@DISEASE_Albinism_Oculocutaneous,Albinism Oculocutaneous,3,3,3,3,3,1.0,1.0
@DISEASE_Albuminuria,Albuminuria,11,14,@DISEASE_Albuminuria,Albuminuria,59,52,59,586,586,5.0,5.0
@DISEASE_Alcohol_Related_Disorders,Alcohol Related Disorders,4,10,@DISEASE_Alcohol_Related_Disorders,Alcohol Related Disorders,50,49,50,203,203,2.0,2.0
@DISEASE_Alcohol_Withdrawal_Delirium,Alcohol Withdrawal Delirium,3,4,@DISEASE_Alcohol_Withdrawal_Delirium,Alcohol Withdrawal Delirium,11,11,11,32,32,1.0,1.0
@DISEASE_Alcoholism,Alcoholism,51,54,@DISEASE_Alcoholism,Alcoholism,81,76,81,1264,1530,5.0,5.0
@DISEASE_Alkalosis_Respiratory,Alkalosis Respiratory,1,1,@DISEASE_Alkalosis_Respiratory,Alkalosis Respiratory,3,3,3,5,5,1.0,1.0
@DISEASE_Alopecia,Alopecia,2,2,@DISEASE_Alopecia,Alopecia,64,54,64,878,1431,4.0,4.0
@DISEASE_Alopecia_Areata,Alopecia Areata,15,19,@DISEASE_Alopecia_Areata,Alopecia Areata,29,26,29,225,225,2.0,2.0
@DISEASE_Alveolar_Bone_Loss,Alveolar Bone Loss,3,5,@DISEASE_Alveolar_Bone_Loss,Alveolar Bone Loss,25,24,25,79,79,2.0,2.0
@DISEASE_Alzheimer_Disease,Alzheimer Disease,116,132,@DISEASE_Alzheimer_Disease,Alzheimer Disease,122,110,122,2257,5670,6.0,6.0
@DISEASE_Amblyopia,Amblyopia,1,1,@DISEASE_Amblyopia,Amblyopia,33,29,33,88,88,2.0,2.0
@DISEASE_Amenorrhea,Amenorrhea,1,1,@DISEASE_Amenorrhea,Amenorrhea,36,27,36,511,536,4.0,4.0
@DISEASE_Amphetamine_Related_Disorders,Amphetamine Related Disorders,6,6,@DISEASE_Amphetamine_Related_Disorders,Amphetamine Related Disorders,9,9,9,45,45,3.0,3.0
@DISEASE_Amputation_Traumatic,Amputation Traumatic,1,1,@DISEASE_Amputation_Traumatic,Amputation Traumatic,2,2,2,2,2,1.0,1.0
@DISEASE_Amyloid_Neuropathies_Familial,Amyloid Neuropathies Familial,1,1,@DISEASE_Amyloid_Neuropathies_Familial,Amyloid Neuropathies Familial,7,7,7,11,11,1.0,1.0
@DISEASE_Amyloidosis,Amyloidosis,1,1,@DISEASE_Amyloidosis,Amyloidosis,26,26,26,110,110,1.5,1.5
@DISEASE_Amyotrophic_Lateral_Sclerosis,Amyotrophic Lateral Sclerosis,10,11,@DISEASE_Amyotrophic_Lateral_Sclerosis,Amyotrophic Lateral Sclerosis,38,36,38,187,187,3.5,3.5
@DISEASE_Anastomotic_Leak,Anastomotic Leak,1,1,@DISEASE_Anastomotic_Leak,Anastomotic Leak,10,10,10,20,20,1.0,1.0
@DISEASE_Anemia,Anemia,63,68,@DISEASE_Anemia,Anemia,76,68,76,1183,1924,5.0,5.0
@DISEASE_Anemia_Aplastic,Anemia Aplastic,7,9,@DISEASE_Anemia_Aplastic,Anemia Aplastic,25,19,25,305,310,2.0,2.0
@DISEASE_Anemia_Diamond_Blackfan,Anemia Diamond Blackfan,1,2,@DISEASE_Anemia_Diamond_Blackfan,Anemia Diamond Blackfan,11,11,11,58,58,2.0,2.0
@DISEASE_Anemia_Hemolytic_Autoimmune,Anemia Hemolytic Autoimmune,1,1,@DISEASE_Anemia_Hemolytic_Autoimmune,Anemia Hemolytic Autoimmune,17,16,17,263,295,2.0,2.0
@DISEASE_Anemia_Iron_Deficiency,Anemia Iron Deficiency,93,99,@DISEASE_Anemia_Iron_Deficiency,Anemia Iron Deficiency,29,28,29,210,249,2.0,2.0
@DISEASE_Anemia_Pernicious,Anemia Pernicious,1,1,@DISEASE_Anemia_Pernicious,Anemia Pernicious,9,9,9,219,658,3.0,3.0
@DISEASE_Anemia_Refractory_with_Excess_of_Blasts,Anemia Refractory with Excess of Blasts,1,1,@DISEASE_Anemia_Refractory_with_Excess_of_Blasts,Anemia Refractory with Excess of Blasts,9,8,9,12,12,1.0,1.0
@DISEASE_Anemia_Sickle_Cell,Anemia Sickle Cell,7,7,@DISEASE_Anemia_Sickle_Cell,Anemia Sickle Cell,60,56,60,308,308,2.0,2.0
@DISEASE_Aneurysm,Aneurysm,4,6,@DISEASE_Aneurysm,Aneurysm,52,50,52,408,437,2.0,2.0
@DISEASE_Angina_Pectoris,Angina Pectoris,13,16,@DISEASE_Angina_Pectoris,Angina Pectoris,69,58,69,1286,2410,3.0,3.0
@DISEASE_Angina_Stable,Angina Stable,13,16,@DISEASE_Angina_Stable,Angina Stable,57,50,57,1101,1412,2.0,2.0
@DISEASE_Angina_Unstable,Angina Unstable,10,14,@DISEASE_Angina_Unstable,Angina Unstable,57,53,57,694,1140,3.0,3.0
@DISEASE_Angioedemas_Hereditary,Angioedemas Hereditary,1,1,@DISEASE_Angioedemas_Hereditary,Angioedemas Hereditary,15,13,15,23,23,1.0,1.0
@DISEASE_Anhedonia,Anhedonia,1,1,@DISEASE_Anhedonia,Anhedonia,53,53,53,242,242,2.0,2.0
@DISEASE_Ankle_Fractures,Ankle Fractures,5,11,@DISEASE_Ankle_Fractures,Ankle Fractures,11,10,11,16,16,1.0,1.0
@DISEASE_Anorexia,Anorexia,5,5,@DISEASE_Anorexia,Anorexia,66,61,66,603,603,4.0,4.0
@DISEASE_Anorexia_Nervosa,Anorexia Nervosa,12,16,@DISEASE_Anorexia_Nervosa,Anorexia Nervosa,42,39,42,284,284,2.5,2.5
@DISEASE_Anosmia,Anosmia,1,1,@DISEASE_Anosmia,Anosmia,15,13,15,29,29,1.0,1.0
@DISEASE_Anovulation,Anovulation,3,3,@DISEASE_Anovulation,Anovulation,10,9,10,134,134,2.5,2.5
@DISEASE_Anterior_Cruciate_Ligament_Injuries,Anterior Cruciate Ligament Injuries,4,14,@DISEASE_Anterior_Cruciate_Ligament_Injuries,Anterior Cruciate Ligament Injuries,23,23,23,104,104,5.0,5.0
@DISEASE_Anterior_Wall_Myocardial_Infarction,Anterior Wall Myocardial Infarction,1,1,@DISEASE_Anterior_Wall_Myocardial_Infarction,Anterior Wall Myocardial Infarction,33,31,33,95,95,1.0,1.0
@DISEASE_Anthrax,Anthrax,1,1,@DISEASE_Anthrax,Anthrax,5,4,5,43,43,6.0,6.0
@DISEASE_Anti_Neutrophil_Cytoplasmic_Antibody_Associated_Vasculitis,Anti Neutrophil Cytoplasmic Antibody Associated Vasculitis,1,1,@DISEASE_Anti_Neutrophil_Cytoplasmic_Antibody_Associated_Vasculitis,Anti Neutrophil Cytoplasmic Antibody Associated Vasculitis,13,12,13,307,307,7.0,7.0
@DISEASE_Antiphospholipid_Syndrome,Antiphospholipid Syndrome,9,14,@DISEASE_Antiphospholipid_Syndrome,Antiphospholipid Syndrome,27,26,27,603,1186,3.0,3.0
@DISEASE_Anxiety,Anxiety,69,83,@DISEASE_Anxiety,Anxiety,114,103,114,3309,4538,10.0,10.0
@DISEASE_Anxiety_Disorders,Anxiety Disorders,69,117,@DISEASE_Anxiety_Disorders,Anxiety Disorders,59,58,59,1279,1358,5.0,5.0
@DISEASE_Aortic_Aneurysm,Aortic Aneurysm,2,2,@DISEASE_Aortic_Aneurysm,Aortic Aneurysm,29,29,29,98,98,2.0,2.0
@DISEASE_Aortic_Aneurysm_Abdominal,Aortic Aneurysm Abdominal,3,3,@DISEASE_Aortic_Aneurysm_Abdominal,Aortic Aneurysm Abdominal,55,52,55,339,339,3.0,3.0
@DISEASE_Aortic_Aneurysm_Familial_Thoracic_1,Aortic Aneurysm Familial Thoracic 1,1,1,@DISEASE_Aortic_Aneurysm_Familial_Thoracic_1,Aortic Aneurysm Familial Thoracic 1,1,1,1,2,2,2.0,2.0
@DISEASE_Aortic_Aneurysm_Thoracic,Aortic Aneurysm Thoracic,1,1,@DISEASE_Aortic_Aneurysm_Thoracic,Aortic Aneurysm Thoracic,18,18,18,36,36,1.0,1.0
@DISEASE_Aortic_Dissection,Aortic Dissection,2,3,@DISEASE_Aortic_Dissection,Aortic Dissection,47,45,47,191,191,2.0,2.0
@DISEASE_Aortic_Valve_Disease,Aortic Valve Disease,7,8,@DISEASE_Aortic_Valve_Disease,Aortic Valve Disease,8,8,8,16,16,1.0,1.0
@DISEASE_Aortic_Valve_Insufficiency,Aortic Valve Insufficiency,2,2,@DISEASE_Aortic_Valve_Insufficiency,Aortic Valve Insufficiency,37,36,37,132,132,2.0,2.0
@DISEASE_Aortic_Valve_Stenosis,Aortic Valve Stenosis,6,10,@DISEASE_Aortic_Valve_Stenosis,Aortic Valve Stenosis,37,35,37,273,273,3.0,3.0
@DISEASE_Aphasia,Aphasia,4,4,@DISEASE_Aphasia,Aphasia,43,42,43,267,267,2.0,2.0
@DISEASE_Aphasia_Primary_Progressive,Aphasia Primary Progressive,1,1,@DISEASE_Aphasia_Primary_Progressive,Aphasia Primary Progressive,3,3,3,5,5,2.0,2.0
@DISEASE_Appendicitis,Appendicitis,11,11,@DISEASE_Appendicitis,Appendicitis,21,19,21,111,111,2.0,2.0
@DISEASE_Arm_Injuries,Arm Injuries,1,2,@DISEASE_Arm_Injuries,Arm Injuries,17,17,17,31,31,1.0,1.0
@DISEASE_Arnold_Chiari_Malformation,Arnold Chiari Malformation,1,1,@DISEASE_Arnold_Chiari_Malformation,Arnold Chiari Malformation,12,12,12,18,18,1.0,1.0
@DISEASE_Arrhythmias_Cardiac,Arrhythmias Cardiac,10,15,@DISEASE_Arrhythmias_Cardiac,Arrhythmias Cardiac,95,88,95,1505,1836,8.0,8.0
@DISEASE_Arrhythmogenic_Right_Ventricular_Dysplasia,Arrhythmogenic Right Ventricular Dysplasia,1,1,@DISEASE_Arrhythmogenic_Right_Ventricular_Dysplasia,Arrhythmogenic Right Ventricular Dysplasia,16,15,16,29,29,1.0,1.0
@DISEASE_Arterial_Occlusive_Diseases,Arterial Occlusive Diseases,2,3,@DISEASE_Arterial_Occlusive_Diseases,Arterial Occlusive Diseases,70,67,70,532,623,2.5,2.5
@DISEASE_Arteriosclerosis,Arteriosclerosis,7,7,@DISEASE_Arteriosclerosis,Arteriosclerosis,29,28,29,114,114,3.0,3.0
@DISEASE_Arteriovenous_Fistula,Arteriovenous Fistula,1,1,@DISEASE_Arteriovenous_Fistula,Arteriovenous Fistula,17,17,17,64,64,2.0,2.0
@DISEASE_Arteriovenous_Malformations,Arteriovenous Malformations,3,4,@DISEASE_Arteriovenous_Malformations,Arteriovenous Malformations,25,24,25,45,45,1.0,1.0
@DISEASE_Arthralgia,Arthralgia,2,2,@DISEASE_Arthralgia,Arthralgia,68,59,68,908,1037,3.5,3.5
@DISEASE_Arthritis,Arthritis,20,39,@DISEASE_Arthritis,Arthritis,111,86,111,1692,2772,3.0,3.0
@DISEASE_Arthritis_Gouty,Arthritis Gouty,1,1,@DISEASE_Arthritis_Gouty,Arthritis Gouty,29,26,29,147,147,1.0,1.0
@DISEASE_Arthritis_Infectious,Arthritis Infectious,1,1,@DISEASE_Arthritis_Infectious,Arthritis Infectious,52,48,52,317,317,2.0,2.0
@DISEASE_Arthritis_Psoriatic,Arthritis Psoriatic,38,39,@DISEASE_Arthritis_Psoriatic,Arthritis Psoriatic,73,66,73,673,1998,2.0,2.0
@DISEASE_Arthritis_Reactive,Arthritis Reactive,1,1,@DISEASE_Arthritis_Reactive,Arthritis Reactive,23,21,23,150,150,2.0,2.0
@DISEASE_Arthritis_Rheumatoid,Arthritis Rheumatoid,240,304,@DISEASE_Arthritis_Rheumatoid,Arthritis Rheumatoid,116,89,116,1947,12808,3.0,3.0
@DISEASE_Ascites,Ascites,7,9,@DISEASE_Ascites,Ascites,63,58,63,659,769,3.0,3.0
@DISEASE_Aspartylglucosaminuria,Aspartylglucosaminuria,1,1,@DISEASE_Aspartylglucosaminuria,Aspartylglucosaminuria,3,3,3,9,9,1.0,1.0
@DISEASE_Asperger_Syndrome,Asperger Syndrome,1,1,@DISEASE_Asperger_Syndrome,Asperger Syndrome,9,9,9,28,28,2.0,2.0
@DISEASE_Aspergillosis_Allergic_Bronchopulmonary,Aspergillosis Allergic Bronchopulmonary,2,3,@DISEASE_Aspergillosis_Allergic_Bronchopulmonary,Aspergillosis Allergic Bronchopulmonary,11,11,11,101,101,1.0,1.0
@DISEASE_Asphyxia_Neonatorum,Asphyxia Neonatorum,2,2,@DISEASE_Asphyxia_Neonatorum,Asphyxia Neonatorum,1,1,1,1,1,1.0,1.0
@DISEASE_Asthenia,Asthenia,1,1,@DISEASE_Asthenia,Asthenia,43,40,43,186,186,3.0,3.0
@DISEASE_Asthma,Asthma,558,742,@DISEASE_Asthma,Asthma,118,94,118,2593,9264,4.0,4.0
@DISEASE_Asthma_Chronic_Obstructive_Pulmonary_Disease_Overlap_Syndrome,Asthma Chronic Obstructive Pulmonary Disease Overlap Syndrome,1,1,@DISEASE_Asthma_Chronic_Obstructive_Pulmonary_Disease_Overlap_Syndrome,Asthma Chronic Obstructive Pulmonary Disease Overlap Syndrome,9,7,9,29,29,2.0,2.0
@DISEASE_Asthma_Exercise_Induced,Asthma Exercise Induced,7,8,@DISEASE_Asthma_Exercise_Induced,Asthma Exercise Induced,8,7,8,48,48,2.5,2.5
@DISEASE_Asthma_Nasal_Polyps_And_Aspirin_Intolerance,Asthma Nasal Polyps And Aspirin Intolerance,1,1,@DISEASE_Asthma_Nasal_Polyps_And_Aspirin_Intolerance,Asthma Nasal Polyps And Aspirin Intolerance,2,2,2,15,15,7.5,7.5
@DISEASE_Astrocytoma,Astrocytoma,1,1,@DISEASE_Astrocytoma,Astrocytoma,31,31,31,97,97,2.0,2.0
@DISEASE_Asymptomatic_Diseases,Asymptomatic Diseases,1,1,@DISEASE_Asymptomatic_Diseases,Asymptomatic Diseases,8,8,8,10,10,1.0,1.0
@DISEASE_Asymptomatic_Infections,Asymptomatic Infections,1,2,@DISEASE_Asymptomatic_Infections,Asymptomatic Infections,11,10,11,236,571,2.0,2.0
@DISEASE_Ataxia_Telangiectasia,Ataxia Telangiectasia,3,3,@DISEASE_Ataxia_Telangiectasia,Ataxia Telangiectasia,45,42,45,135,135,2.0,2.0
@DISEASE_Atherosclerosis,Atherosclerosis,68,119,@DISEASE_Atherosclerosis,Atherosclerosis,101,80,101,2381,3913,6.0,6.0
@DISEASE_Athletic_Injuries,Athletic Injuries,1,1,@DISEASE_Athletic_Injuries,Athletic Injuries,9,7,9,40,40,2.0,2.0
@DISEASE_Atrial_Fibrillation,Atrial Fibrillation,243,371,@DISEASE_Atrial_Fibrillation,Atrial Fibrillation,84,77,84,1674,11752,6.0,6.0
@DISEASE_Atrial_Flutter,Atrial Flutter,8,13,@DISEASE_Atrial_Flutter,Atrial Flutter,23,23,23,233,233,2.0,2.0
@DISEASE_Atrial_Remodeling,Atrial Remodeling,1,1,@DISEASE_Atrial_Remodeling,Atrial Remodeling,41,39,41,171,171,3.0,3.0
@DISEASE_Atrophic_Vaginitis,Atrophic Vaginitis,2,2,@DISEASE_Atrophic_Vaginitis,Atrophic Vaginitis,7,6,7,30,30,1.0,1.0
@DISEASE_Attention_Deficit_Disorder_with_Hyperactivity,Attention Deficit Disorder with Hyperactivity,54,66,@DISEASE_Attention_Deficit_Disorder_with_Hyperactivity,Attention Deficit Disorder with Hyperactivity,71,71,71,1151,5529,6.0,6.0
@DISEASE_Attention_Deficit_and_Disruptive_Behavior_Disorders,Attention Deficit and Disruptive Behavior Disorders,2,4,@DISEASE_Attention_Deficit_and_Disruptive_Behavior_Disorders,Attention Deficit and Disruptive Behavior Disorders,55,53,55,444,444,4.0,4.0
@DISEASE_Autism_Spectrum_Disorder,Autism Spectrum Disorder,47,55,@DISEASE_Autism_Spectrum_Disorder,Autism Spectrum Disorder,51,50,51,629,986,4.0,4.0
@DISEASE_Autistic_Disorder,Autistic Disorder,22,25,@DISEASE_Autistic_Disorder,Autistic Disorder,61,60,61,688,1126,4.0,4.0
@DISEASE_Autoimmune_Diseases,Autoimmune Diseases,15,16,@DISEASE_Autoimmune_Diseases,Autoimmune Diseases,57,55,57,766,977,4.0,4.0
@DISEASE_Autoimmune_Pancreatitis,Autoimmune Pancreatitis,1,1,@DISEASE_Autoimmune_Pancreatitis,Autoimmune Pancreatitis,6,6,6,103,103,2.5,2.5
@DISEASE_Autonomic_Nervous_System_Diseases,Autonomic Nervous System Diseases,1,1,@DISEASE_Autonomic_Nervous_System_Diseases,Autonomic Nervous System Diseases,26,26,26,93,93,2.0,2.0
@DISEASE_Avitaminosis,Avitaminosis,1,1,@DISEASE_Avitaminosis,Avitaminosis,1,1,1,1,1,1.0,1.0
@DISEASE_Axial_Spondyloarthritis,Axial Spondyloarthritis,8,11,@DISEASE_Axial_Spondyloarthritis,Axial Spondyloarthritis,10,9,10,122,122,1.5,1.5
@DISEASE_Back_Injuries,Back Injuries,1,6,@DISEASE_Back_Injuries,Back Injuries,8,8,8,8,8,1.0,1.0
@DISEASE_Back_Pain,Back Pain,22,34,@DISEASE_Back_Pain,Back Pain,68,63,68,411,411,3.0,3.0
@DISEASE_Bacteremia,Bacteremia,5,8,@DISEASE_Bacteremia,Bacteremia,26,22,26,396,432,3.0,3.0
@DISEASE_Bacterial_Infections,Bacterial Infections,38,48,@DISEASE_Bacterial_Infections,Bacterial Infections,60,53,60,850,1266,3.5,3.5
@DISEASE_Bacteriuria,Bacteriuria,4,5,@DISEASE_Bacteriuria,Bacteriuria,13,10,13,248,249,5.0,5.0
@DISEASE_Barrett_Esophagus,Barrett Esophagus,4,6,@DISEASE_Barrett_Esophagus,Barrett Esophagus,20,20,20,205,206,1.5,1.5
@DISEASE_Bell_Palsy,Bell Palsy,1,2,@DISEASE_Bell_Palsy,Bell Palsy,15,14,15,275,275,2.0,2.0
@DISEASE_Benign_Paroxysmal_Positional_Vertigo,Benign Paroxysmal Positional Vertigo,1,2,@DISEASE_Benign_Paroxysmal_Positional_Vertigo,Benign Paroxysmal Positional Vertigo,15,15,15,30,30,1.0,1.0
@DISEASE_Biliary_Atresia,Biliary Atresia,1,2,@DISEASE_Biliary_Atresia,Biliary Atresia,9,8,9,25,25,2.0,2.0
@DISEASE_Biliary_Tract_Neoplasms,Biliary Tract Neoplasms,1,1,@DISEASE_Biliary_Tract_Neoplasms,Biliary Tract Neoplasms,7,7,7,18,18,1.0,1.0
@DISEASE_Binge_Eating_Disorder,Binge Eating Disorder,23,25,@DISEASE_Binge_Eating_Disorder,Binge Eating Disorder,17,17,17,244,244,5.0,5.0
@DISEASE_Bipolar_Disorder,Bipolar Disorder,178,226,@DISEASE_Bipolar_Disorder,Bipolar Disorder,85,81,85,1858,5591,8.0,8.0
@DISEASE_Birth_Weight,Birth Weight,3,7,@DISEASE_Birth_Weight,Birth Weight,8,8,8,31,31,1.5,1.5
@DISEASE_Bisphosphonate_Associated_Osteonecrosis_of_the_Jaw,Bisphosphonate Associated Osteonecrosis of the Jaw,1,2,@DISEASE_Bisphosphonate_Associated_Osteonecrosis_of_the_Jaw,Bisphosphonate Associated Osteonecrosis of the Jaw,8,8,8,115,115,1.5,1.5
@DISEASE_Blepharitis,Blepharitis,11,11,@DISEASE_Blepharitis,Blepharitis,12,12,12,39,39,1.0,1.0
@DISEASE_Blood_Coagulation_Disorders,Blood Coagulation Disorders,7,7,@DISEASE_Blood_Coagulation_Disorders,Blood Coagulation Disorders,55,51,55,730,988,5.0,5.0
@DISEASE_Blood_Coagulation_Disorders_Inherited,Blood Coagulation Disorders Inherited,1,1,@DISEASE_Blood_Coagulation_Disorders_Inherited,Blood Coagulation Disorders Inherited,1,1,1,9,9,9.0,9.0
@DISEASE_Blood_Loss_Surgical,Blood Loss Surgical,1,1,@DISEASE_Blood_Loss_Surgical,Blood Loss Surgical,37,35,37,435,522,3.0,3.0
@DISEASE_Blood_Platelet_Disorders,Blood Platelet Disorders,1,1,@DISEASE_Blood_Platelet_Disorders,Blood Platelet Disorders,107,90,107,1103,3836,4.0,4.0
@DISEASE_Body_Dysmorphic_Disorders,Body Dysmorphic Disorders,6,7,@DISEASE_Body_Dysmorphic_Disorders,Body Dysmorphic Disorders,22,22,22,48,48,1.0,1.0
@DISEASE_Body_Temperature_Changes,Body Temperature Changes,1,1,@DISEASE_Body_Temperature_Changes,Body Temperature Changes,4,4,4,8,8,2.0,2.0
@DISEASE_Body_Weight,Body Weight,6,6,@DISEASE_Body_Weight,Body Weight,36,34,36,91,91,1.0,1.0
@DISEASE_Body_Weight_Changes,Body Weight Changes,8,12,@DISEASE_Body_Weight_Changes,Body Weight Changes,3,2,3,7,7,2.0,2.0
@DISEASE_Bone_Diseases_Metabolic,Bone Diseases Metabolic,3,3,@DISEASE_Bone_Diseases_Metabolic,Bone Diseases Metabolic,52,48,52,600,745,4.0,4.0
@DISEASE_Bone_Resorption,Bone Resorption,5,6,@DISEASE_Bone_Resorption,Bone Resorption,43,40,43,314,385,2.0,2.0
@DISEASE_Borderline_Personality_Disorder,Borderline Personality Disorder,12,18,@DISEASE_Borderline_Personality_Disorder,Borderline Personality Disorder,23,23,23,183,183,3.0,3.0
@DISEASE_Borrelia_Infections,Borrelia Infections,1,2,@DISEASE_Borrelia_Infections,Borrelia Infections,4,4,4,9,9,2.0,2.0
@DISEASE_Bradycardia,Bradycardia,1,3,@DISEASE_Bradycardia,Bradycardia,51,50,51,861,1232,7.0,7.0
@DISEASE_Brain_Abscess,Brain Abscess,1,1,@DISEASE_Brain_Abscess,Brain Abscess,18,16,18,137,137,3.0,3.0
@DISEASE_Brain_Death,Brain Death,3,4,@DISEASE_Brain_Death,Brain Death,17,17,17,85,85,2.0,2.0
@DISEASE_Brain_Diseases,Brain Diseases,2,2,@DISEASE_Brain_Diseases,Brain Diseases,88,82,88,1177,1473,4.0,4.0
@DISEASE_Brain_Edema,Brain Edema,1,1,@DISEASE_Brain_Edema,Brain Edema,62,60,62,391,391,3.0,3.0
@DISEASE_Brain_Infarction,Brain Infarction,1,1,@DISEASE_Brain_Infarction,Brain Infarction,47,45,47,172,172,2.0,2.0
@DISEASE_Brain_Injuries,Brain Injuries,11,19,@DISEASE_Brain_Injuries,Brain Injuries,81,78,81,657,657,3.0,3.0
@DISEASE_Brain_Injuries_Traumatic,Brain Injuries Traumatic,36,41,@DISEASE_Brain_Injuries_Traumatic,Brain Injuries Traumatic,82,79,82,960,1067,4.0,4.0
@DISEASE_Brain_Ischemia,Brain Ischemia,4,4,@DISEASE_Brain_Ischemia,Brain Ischemia,108,95,108,1888,2747,5.0,5.0
@DISEASE_Brain_Neoplasms,Brain Neoplasms,4,4,@DISEASE_Brain_Neoplasms,Brain Neoplasms,56,55,56,476,476,4.0,4.0
@DISEASE_Breakthrough_Pain,Breakthrough Pain,1,2,@DISEASE_Breakthrough_Pain,Breakthrough Pain,1,1,1,7,7,7.0,7.0
@DISEASE_Breast_Diseases,Breast Diseases,3,3,@DISEASE_Breast_Diseases,Breast Diseases,9,8,9,26,26,1.0,1.0
@DISEASE_Breast_Neoplasms,Breast Neoplasms,26,28,@DISEASE_Breast_Neoplasms,Breast Neoplasms,144,117,144,2790,7567,7.0,7.0
@DISEASE_Breast_Neoplasms_Male,Breast Neoplasms Male,1,1,@DISEASE_Breast_Neoplasms_Male,Breast Neoplasms Male,6,6,6,30,30,4.0,4.0
@DISEASE_Bronchial_Diseases,Bronchial Diseases,2,2,@DISEASE_Bronchial_Diseases,Bronchial Diseases,29,28,29,93,93,2.0,2.0
@DISEASE_Bronchial_Hyperreactivity,Bronchial Hyperreactivity,2,2,@DISEASE_Bronchial_Hyperreactivity,Bronchial Hyperreactivity,33,32,33,123,123,2.0,2.0
@DISEASE_Bronchiectasis,Bronchiectasis,12,17,@DISEASE_Bronchiectasis,Bronchiectasis,27,21,27,146,146,2.0,2.0
@DISEASE_Bronchiolitis,Bronchiolitis,15,15,@DISEASE_Bronchiolitis,Bronchiolitis,21,20,21,188,223,2.0,2.0
@DISEASE_Bronchiolitis_Obliterans,Bronchiolitis Obliterans,8,14,@DISEASE_Bronchiolitis_Obliterans,Bronchiolitis Obliterans,16,16,16,70,70,2.5,2.5
@DISEASE_Bronchiolitis_Obliterans_Syndrome,Bronchiolitis Obliterans Syndrome,2,6,@DISEASE_Bronchiolitis_Obliterans_Syndrome,Bronchiolitis Obliterans Syndrome,28,27,28,211,211,2.0,2.0
@DISEASE_Bronchiolitis_Viral,Bronchiolitis Viral,1,1,@DISEASE_Bronchiolitis_Viral,Bronchiolitis Viral,2,2,2,3,3,1.5,1.5
@DISEASE_Bronchitis,Bronchitis,4,4,@DISEASE_Bronchitis,Bronchitis,26,23,26,232,232,2.5,2.5
@DISEASE_Bronchitis_Chronic,Bronchitis Chronic,20,27,@DISEASE_Bronchitis_Chronic,Bronchitis Chronic,38,33,38,402,402,2.0,2.0
@DISEASE_Bronchopulmonary_Dysplasia,Bronchopulmonary Dysplasia,12,16,@DISEASE_Bronchopulmonary_Dysplasia,Bronchopulmonary Dysplasia,36,34,36,190,190,2.0,2.0
@DISEASE_Bruxism,Bruxism,2,2,@DISEASE_Bruxism,Bruxism,17,17,17,54,54,2.0,2.0
@DISEASE_Bulimia_Nervosa,Bulimia Nervosa,8,8,@DISEASE_Bulimia_Nervosa,Bulimia Nervosa,28,27,28,189,189,2.0,2.0
@DISEASE_Burkitt_Lymphoma,Burkitt Lymphoma,7,8,@DISEASE_Burkitt_Lymphoma,Burkitt Lymphoma,23,22,23,163,181,1.0,1.0
@DISEASE_Burning_Mouth_Syndrome,Burning Mouth Syndrome,11,16,@DISEASE_Burning_Mouth_Syndrome,Burning Mouth Syndrome,17,17,17,95,95,4.0,4.0
@DISEASE_Burns,Burns,15,23,@DISEASE_Burns,Burns,84,75,84,534,534,3.0,3.0
@DISEASE_Bursitis,Bursitis,1,1,@DISEASE_Bursitis,Bursitis,34,31,34,153,153,2.0,2.0
@DISEASE_Buruli_Ulcer,Buruli Ulcer,1,1,@DISEASE_Buruli_Ulcer,Buruli Ulcer,7,6,7,20,20,2.0,2.0
@DISEASE_COVID_19,COVID 19,115,159,@DISEASE_COVID_19,COVID 19,138,114,138,2323,4830,5.5,5.5
@DISEASE_Cachexia,Cachexia,5,5,@DISEASE_Cachexia,Cachexia,38,38,38,96,96,1.0,1.0
@DISEASE_Calcium_Metabolism_Disorders,Calcium Metabolism Disorders,1,2,@DISEASE_Calcium_Metabolism_Disorders,Calcium Metabolism Disorders,11,11,11,24,24,2.0,2.0
@DISEASE_Calculi,Calculi,1,1,@DISEASE_Calculi,Calculi,16,16,16,51,51,2.0,2.0
@DISEASE_Canavan_Disease,Canavan Disease,1,1,@DISEASE_Canavan_Disease,Canavan Disease,1,1,1,1,1,1.0,1.0
@DISEASE_Cancer_Pain,Cancer Pain,7,16,@DISEASE_Cancer_Pain,Cancer Pain,56,54,56,519,594,2.0,2.0
@DISEASE_Candidemia,Candidemia,1,1,@DISEASE_Candidemia,Candidemia,2,2,2,3,3,1.5,1.5
@DISEASE_Candidiasis,Candidiasis,2,3,@DISEASE_Candidiasis,Candidiasis,25,24,25,167,223,2.0,2.0
@DISEASE_Candidiasis_Invasive,Candidiasis Invasive,1,1,@DISEASE_Candidiasis_Invasive,Candidiasis Invasive,3,3,3,3,3,1.0,1.0
@DISEASE_Candidiasis_Oral,Candidiasis Oral,2,3,@DISEASE_Candidiasis_Oral,Candidiasis Oral,17,17,17,90,90,2.0,2.0
@DISEASE_Candidiasis_Vulvovaginal,Candidiasis Vulvovaginal,1,1,@DISEASE_Candidiasis_Vulvovaginal,Candidiasis Vulvovaginal,14,13,14,39,39,1.0,1.0
@DISEASE_Capillary_Leak_Syndrome,Capillary Leak Syndrome,1,2,@DISEASE_Capillary_Leak_Syndrome,Capillary Leak Syndrome,21,21,21,49,49,1.0,1.0
@DISEASE_Carcinoma,Carcinoma,3,4,@DISEASE_Carcinoma,Carcinoma,20,20,20,62,62,2.0,2.0
@DISEASE_Carcinoma_Basal_Cell,Carcinoma Basal Cell,1,1,@DISEASE_Carcinoma_Basal_Cell,Carcinoma Basal Cell,34,33,34,133,133,2.0,2.0
@DISEASE_Carcinoma_Ductal,Carcinoma Ductal,1,1,@DISEASE_Carcinoma_Ductal,Carcinoma Ductal,12,12,12,28,28,2.0,2.0
@DISEASE_Carcinoma_Hepatocellular,Carcinoma Hepatocellular,27,30,@DISEASE_Carcinoma_Hepatocellular,Carcinoma Hepatocellular,93,86,93,1260,1490,5.0,5.0
@DISEASE_Carcinoma_Merkel_Cell,Carcinoma Merkel Cell,1,1,@DISEASE_Carcinoma_Merkel_Cell,Carcinoma Merkel Cell,5,5,5,14,14,3.0,3.0
@DISEASE_Carcinoma_Non_Small_Cell_Lung,Carcinoma Non Small Cell Lung,14,21,@DISEASE_Carcinoma_Non_Small_Cell_Lung,Carcinoma Non Small Cell Lung,67,65,67,509,526,2.0,2.0
@DISEASE_Carcinoma_Ovarian_Epithelial,Carcinoma Ovarian Epithelial,1,1,@DISEASE_Carcinoma_Ovarian_Epithelial,Carcinoma Ovarian Epithelial,23,22,23,134,134,2.0,2.0
@DISEASE_Carcinoma_Renal_Cell,Carcinoma Renal Cell,5,5,@DISEASE_Carcinoma_Renal_Cell,Carcinoma Renal Cell,70,65,70,376,376,2.0,2.0
@DISEASE_Carcinoma_Squamous_Cell,Carcinoma Squamous Cell,3,3,@DISEASE_Carcinoma_Squamous_Cell,Carcinoma Squamous Cell,55,53,55,410,491,2.0,2.0
@DISEASE_Carcinoma_Transitional_Cell,Carcinoma Transitional Cell,1,1,@DISEASE_Carcinoma_Transitional_Cell,Carcinoma Transitional Cell,13,13,13,122,132,2.0,2.0
@DISEASE_Cardiac_Output_High,Cardiac Output High,1,2,@DISEASE_Cardiac_Output_High,Cardiac Output High,9,9,9,47,47,3.0,3.0
@DISEASE_Cardiac_Output_Low,Cardiac Output Low,3,5,@DISEASE_Cardiac_Output_Low,Cardiac Output Low,41,40,41,347,347,3.0,3.0
@DISEASE_Cardio_Renal_Syndrome,Cardio Renal Syndrome,6,9,@DISEASE_Cardio_Renal_Syndrome,Cardio Renal Syndrome,29,25,29,103,103,1.0,1.0
@DISEASE_Cardiomyopathies,Cardiomyopathies,12,15,@DISEASE_Cardiomyopathies,Cardiomyopathies,91,84,91,1385,1385,7.0,7.0
@DISEASE_Cardiomyopathy_Alcoholic,Cardiomyopathy Alcoholic,1,1,@DISEASE_Cardiomyopathy_Alcoholic,Cardiomyopathy Alcoholic,8,8,8,11,11,1.0,1.0
@DISEASE_Cardiomyopathy_Dilated,Cardiomyopathy Dilated,11,17,@DISEASE_Cardiomyopathy_Dilated,Cardiomyopathy Dilated,97,84,97,1049,1123,4.0,4.0
@DISEASE_Cardiomyopathy_Hypertrophic,Cardiomyopathy Hypertrophic,11,11,@DISEASE_Cardiomyopathy_Hypertrophic,Cardiomyopathy Hypertrophic,70,66,70,484,484,3.0,3.0
@DISEASE_Cardiotoxicity,Cardiotoxicity,9,9,@DISEASE_Cardiotoxicity,Cardiotoxicity,59,57,59,569,569,5.0,5.0
@DISEASE_Cardiovascular_Abnormalities,Cardiovascular Abnormalities,5,7,@DISEASE_Cardiovascular_Abnormalities,Cardiovascular Abnormalities,40,39,40,126,126,1.5,1.5
@DISEASE_Cardiovascular_Diseases,Cardiovascular Diseases,125,216,@DISEASE_Cardiovascular_Diseases,Cardiovascular Diseases,138,115,138,4572,9289,16.0,16.0
@DISEASE_Carotid_Artery_Diseases,Carotid Artery Diseases,2,3,@DISEASE_Carotid_Artery_Diseases,Carotid Artery Diseases,60,58,60,359,359,2.0,2.0
@DISEASE_Carotid_Artery_Injuries,Carotid Artery Injuries,1,2,@DISEASE_Carotid_Artery_Injuries,Carotid Artery Injuries,20,20,20,71,71,1.5,1.5
@DISEASE_Carotid_Stenosis,Carotid Stenosis,6,6,@DISEASE_Carotid_Stenosis,Carotid Stenosis,46,46,46,362,370,3.0,3.0
@DISEASE_Carpal_Tunnel_Syndrome,Carpal Tunnel Syndrome,18,26,@DISEASE_Carpal_Tunnel_Syndrome,Carpal Tunnel Syndrome,26,23,26,158,158,4.5,4.5
@DISEASE_Cat_Scratch_Disease,Cat Scratch Disease,1,1,@DISEASE_Cat_Scratch_Disease,Cat Scratch Disease,27,26,27,108,108,2.0,2.0
@DISEASE_Cataract,Cataract,15,19,@DISEASE_Cataract,Cataract,61,57,61,844,844,3.0,3.0
@DISEASE_Catatonia,Catatonia,3,4,@DISEASE_Catatonia,Catatonia,26,26,26,251,414,3.0,3.0
@DISEASE_Catheter_Related_Infections,Catheter Related Infections,2,3,@DISEASE_Catheter_Related_Infections,Catheter Related Infections,23,21,23,81,81,2.0,2.0
@DISEASE_Celiac_Disease,Celiac Disease,7,10,@DISEASE_Celiac_Disease,Celiac Disease,22,21,22,236,236,3.0,3.0
@DISEASE_Cellulitis,Cellulitis,7,8,@DISEASE_Cellulitis,Cellulitis,34,31,34,331,331,2.0,2.0
@DISEASE_Central_Nervous_System_Diseases,Central Nervous System Diseases,8,9,@DISEASE_Central_Nervous_System_Diseases,Central Nervous System Diseases,61,58,61,487,612,4.0,4.0
@DISEASE_Central_Nervous_System_Infections,Central Nervous System Infections,2,4,@DISEASE_Central_Nervous_System_Infections,Central Nervous System Infections,40,38,40,175,175,2.0,2.0
@DISEASE_Central_Nervous_System_Neoplasms,Central Nervous System Neoplasms,1,2,@DISEASE_Central_Nervous_System_Neoplasms,Central Nervous System Neoplasms,15,15,15,55,55,1.0,1.0
@DISEASE_Cerebellar_Ataxia,Cerebellar Ataxia,1,1,@DISEASE_Cerebellar_Ataxia,Cerebellar Ataxia,32,32,32,109,109,2.0,2.0
@DISEASE_Cerebral_Amyloid_Angiopathy,Cerebral Amyloid Angiopathy,1,2,@DISEASE_Cerebral_Amyloid_Angiopathy,Cerebral Amyloid Angiopathy,10,10,10,24,24,1.0,1.0
@DISEASE_Cerebral_Hemorrhage,Cerebral Hemorrhage,2,5,@DISEASE_Cerebral_Hemorrhage,Cerebral Hemorrhage,59,57,59,593,828,3.0,3.0
@DISEASE_Cerebral_Infarction,Cerebral Infarction,9,11,@DISEASE_Cerebral_Infarction,Cerebral Infarction,102,93,102,1365,3735,4.5,4.5
@DISEASE_Cerebral_Palsy,Cerebral Palsy,14,19,@DISEASE_Cerebral_Palsy,Cerebral Palsy,73,71,73,481,629,3.0,3.0
@DISEASE_Cerebral_Small_Vessel_Diseases,Cerebral Small Vessel Diseases,6,8,@DISEASE_Cerebral_Small_Vessel_Diseases,Cerebral Small Vessel Diseases,26,26,26,62,62,1.0,1.0
@DISEASE_Cerebral_palsy_spastic_diplegic,Cerebral palsy spastic diplegic,1,1,@DISEASE_Cerebral_palsy_spastic_diplegic,Cerebral palsy spastic diplegic,1,1,1,2,2,2.0,2.0
@DISEASE_Cerebrovascular_Disorders,Cerebrovascular Disorders,7,10,@DISEASE_Cerebrovascular_Disorders,Cerebrovascular Disorders,71,70,71,643,852,4.0,4.0
@DISEASE_Chagas_Cardiomyopathy,Chagas Cardiomyopathy,1,1,@DISEASE_Chagas_Cardiomyopathy,Chagas Cardiomyopathy,6,6,6,17,17,2.5,2.5
@DISEASE_Chalazion,Chalazion,1,1,@DISEASE_Chalazion,Chalazion,7,6,7,42,42,2.0,2.0
@DISEASE_Charcot_Marie_Tooth_Disease,Charcot Marie Tooth Disease,1,1,@DISEASE_Charcot_Marie_Tooth_Disease,Charcot Marie Tooth Disease,13,13,13,26,26,1.0,1.0
@DISEASE_Chemical_and_Drug_Induced_Liver_Injury,Chemical and Drug Induced Liver Injury,1,1,@DISEASE_Chemical_and_Drug_Induced_Liver_Injury,Chemical and Drug Induced Liver Injury,102,91,102,2448,4569,11.0,11.0
@DISEASE_Chest_Pain,Chest Pain,5,6,@DISEASE_Chest_Pain,Chest Pain,97,90,97,1145,1231,5.0,5.0
@DISEASE_Cheyne_Stokes_Respiration,Cheyne Stokes Respiration,1,1,@DISEASE_Cheyne_Stokes_Respiration,Cheyne Stokes Respiration,1,1,1,1,1,1.0,1.0
@DISEASE_Chickenpox,Chickenpox,3,3,@DISEASE_Chickenpox,Chickenpox,17,16,17,190,509,5.0,5.0
@DISEASE_Child_Nutrition_Disorders,Child Nutrition Disorders,1,2,@DISEASE_Child_Nutrition_Disorders,Child Nutrition Disorders,9,9,9,9,9,1.0,1.0
@DISEASE_Chills,Chills,1,1,@DISEASE_Chills,Chills,34,33,34,192,192,2.0,2.0
@DISEASE_Chlamydia_Infections,Chlamydia Infections,1,1,@DISEASE_Chlamydia_Infections,Chlamydia Infections,11,10,11,152,244,3.0,3.0
@DISEASE_Cholangiocarcinoma,Cholangiocarcinoma,2,2,@DISEASE_Cholangiocarcinoma,Cholangiocarcinoma,29,29,29,126,126,2.0,2.0
@DISEASE_Cholangitis,Cholangitis,1,2,@DISEASE_Cholangitis,Cholangitis,14,12,14,77,77,2.5,2.5
@DISEASE_Cholecystitis,Cholecystitis,3,9,@DISEASE_Cholecystitis,Cholecystitis,19,18,19,42,42,2.0,2.0
@DISEASE_Cholecystitis_Acute,Cholecystitis Acute,3,5,@DISEASE_Cholecystitis_Acute,Cholecystitis Acute,15,15,15,33,33,2.0,2.0
@DISEASE_Cholera,Cholera,2,3,@DISEASE_Cholera,Cholera,17,16,17,141,141,2.0,2.0
@DISEASE_Cholestasis,Cholestasis,1,1,@DISEASE_Cholestasis,Cholestasis,42,41,42,563,604,9.0,9.0
@DISEASE_Cholesteatoma,Cholesteatoma,1,1,@DISEASE_Cholesteatoma,Cholesteatoma,8,8,8,11,11,1.0,1.0
@DISEASE_Chondrosarcoma,Chondrosarcoma,1,1,@DISEASE_Chondrosarcoma,Chondrosarcoma,12,12,12,19,19,1.0,1.0
@DISEASE_Chordoma,Chordoma,1,2,@DISEASE_Chordoma,Chordoma,2,2,2,3,3,1.5,1.5
@DISEASE_Chorioamnionitis,Chorioamnionitis,1,1,@DISEASE_Chorioamnionitis,Chorioamnionitis,12,9,12,48,48,1.5,1.5
@DISEASE_Choriocarcinoma,Choriocarcinoma,1,2,@DISEASE_Choriocarcinoma,Choriocarcinoma,8,8,8,144,236,5.0,5.0
@DISEASE_Chorioretinitis,Chorioretinitis,1,1,@DISEASE_Chorioretinitis,Chorioretinitis,17,14,17,62,62,2.0,2.0
@DISEASE_Choroidal_Neovascularization,Choroidal Neovascularization,2,2,@DISEASE_Choroidal_Neovascularization,Choroidal Neovascularization,25,22,25,180,180,2.0,2.0
@DISEASE_Choroideremia,Choroideremia,1,2,@DISEASE_Choroideremia,Choroideremia,1,1,1,1,1,1.0,1.0
@DISEASE_Chromosome_Aberrations,Chromosome Aberrations,1,1,@DISEASE_Chromosome_Aberrations,Chromosome Aberrations,29,28,29,136,136,3.0,3.0
@DISEASE_Chronic_Disease,Chronic Disease,4,10,@DISEASE_Chronic_Disease,Chronic Disease,103,93,103,705,705,3.0,3.0
@DISEASE_Chronic_Kidney_Disease_Mineral_and_Bone_Disorder,Chronic Kidney Disease Mineral and Bone Disorder,1,1,@DISEASE_Chronic_Kidney_Disease_Mineral_and_Bone_Disorder,Chronic Kidney Disease Mineral and Bone Disorder,55,52,55,291,291,3.0,3.0
@DISEASE_Chronic_Pain,Chronic Pain,74,112,@DISEASE_Chronic_Pain,Chronic Pain,85,76,85,1174,1358,3.0,3.0
@DISEASE_Chronic_Periodontitis,Chronic Periodontitis,19,21,@DISEASE_Chronic_Periodontitis,Chronic Periodontitis,24,22,24,271,278,4.5,4.5
@DISEASE_Chronic_Urticaria,Chronic Urticaria,2,2,@DISEASE_Chronic_Urticaria,Chronic Urticaria,37,35,37,436,436,2.0,2.0
@DISEASE_Chronic_recurrent_multifocal_osteomyelitis,Chronic recurrent multifocal osteomyelitis,1,4,@DISEASE_Chronic_recurrent_multifocal_osteomyelitis,Chronic recurrent multifocal osteomyelitis,9,9,9,38,38,2.0,2.0
@DISEASE_Churg_Strauss_Syndrome,Churg Strauss Syndrome,1,1,@DISEASE_Churg_Strauss_Syndrome,Churg Strauss Syndrome,19,17,19,249,249,2.0,2.0
@DISEASE_Chylothorax,Chylothorax,1,1,@DISEASE_Chylothorax,Chylothorax,10,10,10,31,31,2.5,2.5
@DISEASE_Cicatrix,Cicatrix,2,2,@DISEASE_Cicatrix,Cicatrix,47,43,47,274,274,2.0,2.0
@DISEASE_Cicatrix_Hypertrophic,Cicatrix Hypertrophic,1,1,@DISEASE_Cicatrix_Hypertrophic,Cicatrix Hypertrophic,15,12,15,166,166,2.0,2.0
@DISEASE_Clear_cell_metastatic_renal_cell_carcinoma,Clear cell metastatic renal cell carcinoma,1,1,@DISEASE_Clear_cell_metastatic_renal_cell_carcinoma,Clear cell metastatic renal cell carcinoma,9,9,9,15,15,1.0,1.0
@DISEASE_Cleft_Palate,Cleft Palate,1,1,@DISEASE_Cleft_Palate,Cleft Palate,52,50,52,279,280,2.0,2.0
@DISEASE_Clubfoot,Clubfoot,1,1,@DISEASE_Clubfoot,Clubfoot,7,7,7,15,15,1.0,1.0
@DISEASE_Cluster_Headache,Cluster Headache,4,4,@DISEASE_Cluster_Headache,Cluster Headache,35,32,35,292,350,2.0,2.0
@DISEASE_Cocaine_Related_Disorders,Cocaine Related Disorders,27,29,@DISEASE_Cocaine_Related_Disorders,Cocaine Related Disorders,39,39,39,362,362,4.0,4.0
@DISEASE_Cognition_Disorders,Cognition Disorders,9,9,@DISEASE_Cognition_Disorders,Cognition Disorders,115,106,115,2715,3688,12.0,12.0
@DISEASE_Cognitive_Dysfunction,Cognitive Dysfunction,8,8,@DISEASE_Cognitive_Dysfunction,Cognitive Dysfunction,75,72,75,541,541,3.0,3.0
@DISEASE_Colic,Colic,1,1,@DISEASE_Colic,Colic,28,27,28,112,112,3.0,3.0
@DISEASE_Colitis,Colitis,2,3,@DISEASE_Colitis,Colitis,90,80,90,693,753,3.0,3.0
@DISEASE_Colitis_Ulcerative,Colitis Ulcerative,34,37,@DISEASE_Colitis_Ulcerative,Colitis Ulcerative,81,71,81,795,1400,2.0,2.0
@DISEASE_Colonic_Neoplasms,Colonic Neoplasms,1,3,@DISEASE_Colonic_Neoplasms,Colonic Neoplasms,57,55,57,345,345,2.0,2.0
@DISEASE_Colorectal_Neoplasms,Colorectal Neoplasms,9,10,@DISEASE_Colorectal_Neoplasms,Colorectal Neoplasms,103,91,103,1416,3216,4.0,4.0
@DISEASE_Coma,Coma,4,5,@DISEASE_Coma,Coma,39,38,39,493,493,6.0,6.0
@DISEASE_Combat_Disorders,Combat Disorders,1,2,@DISEASE_Combat_Disorders,Combat Disorders,1,1,1,2,2,2.0,2.0
@DISEASE_Common_Cold,Common Cold,5,5,@DISEASE_Common_Cold,Common Cold,24,22,24,129,129,2.0,2.0
@DISEASE_Community_Acquired_Infections,Community Acquired Infections,2,2,@DISEASE_Community_Acquired_Infections,Community Acquired Infections,7,6,7,18,18,1.0,1.0
@DISEASE_Complex_Regional_Pain_Syndromes,Complex Regional Pain Syndromes,5,5,@DISEASE_Complex_Regional_Pain_Syndromes,Complex Regional Pain Syndromes,34,33,34,139,139,2.0,2.0
@DISEASE_Conduct_Disorder,Conduct Disorder,3,3,@DISEASE_Conduct_Disorder,Conduct Disorder,20,20,20,93,93,2.5,2.5
@DISEASE_Congenital_Abnormalities,Congenital Abnormalities,1,3,@DISEASE_Congenital_Abnormalities,Congenital Abnormalities,52,50,52,441,494,4.0,4.0
@DISEASE_Congenital_Hyperinsulinism,Congenital Hyperinsulinism,1,1,@DISEASE_Congenital_Hyperinsulinism,Congenital Hyperinsulinism,17,16,17,75,75,2.0,2.0
@DISEASE_Congenital_Hypothyroidism,Congenital Hypothyroidism,9,10,@DISEASE_Congenital_Hypothyroidism,Congenital Hypothyroidism,10,8,10,307,670,1.5,1.5
@DISEASE_Conjunctivitis,Conjunctivitis,4,6,@DISEASE_Conjunctivitis,Conjunctivitis,31,27,31,214,214,4.0,4.0
@DISEASE_Conjunctivitis_Allergic,Conjunctivitis Allergic,11,12,@DISEASE_Conjunctivitis_Allergic,Conjunctivitis Allergic,18,14,18,93,93,3.5,3.5
@DISEASE_Conjunctivitis_Bacterial,Conjunctivitis Bacterial,7,7,@DISEASE_Conjunctivitis_Bacterial,Conjunctivitis Bacterial,19,17,19,113,113,2.0,2.0
@DISEASE_Conjunctivitis_Viral,Conjunctivitis Viral,1,1,@DISEASE_Conjunctivitis_Viral,Conjunctivitis Viral,1,1,1,1,1,1.0,1.0
@DISEASE_Connective_Tissue_Diseases,Connective Tissue Diseases,6,7,@DISEASE_Connective_Tissue_Diseases,Connective Tissue Diseases,25,25,25,160,160,2.0,2.0
@DISEASE_Constipation,Constipation,22,31,@DISEASE_Constipation,Constipation,62,59,62,686,713,5.0,5.0
@DISEASE_Contracture,Contracture,1,2,@DISEASE_Contracture,Contracture,51,47,51,331,332,2.0,2.0
@DISEASE_Conversion_Disorder,Conversion Disorder,1,1,@DISEASE_Conversion_Disorder,Conversion Disorder,90,88,90,343,343,3.0,3.0
@DISEASE_Corneal_Edema,Corneal Edema,1,1,@DISEASE_Corneal_Edema,Corneal Edema,18,16,18,68,68,2.0,2.0
@DISEASE_Corneal_Neovascularization,Corneal Neovascularization,1,1,@DISEASE_Corneal_Neovascularization,Corneal Neovascularization,20,18,20,88,88,2.0,2.0
@DISEASE_Corneal_Ulcer,Corneal Ulcer,3,3,@DISEASE_Corneal_Ulcer,Corneal Ulcer,22,18,22,181,181,3.0,3.0
@DISEASE_Coronary_Aneurysm,Coronary Aneurysm,1,1,@DISEASE_Coronary_Aneurysm,Coronary Aneurysm,48,45,48,527,624,4.0,4.0
@DISEASE_Coronary_Artery_Disease,Coronary Artery Disease,173,229,@DISEASE_Coronary_Artery_Disease,Coronary Artery Disease,95,83,95,2495,4703,10.0,10.0
@DISEASE_Coronary_Artery_Dissection_Spontaneous,Coronary Artery Dissection Spontaneous,1,1,@DISEASE_Coronary_Artery_Dissection_Spontaneous,Coronary Artery Dissection Spontaneous,14,14,14,50,50,1.0,1.0
@DISEASE_Coronary_Disease,Coronary Disease,35,76,@DISEASE_Coronary_Disease,Coronary Disease,82,73,82,1802,2724,5.0,5.0
@DISEASE_Coronary_Occlusion,Coronary Occlusion,1,1,@DISEASE_Coronary_Occlusion,Coronary Occlusion,45,41,45,330,330,2.0,2.0
@DISEASE_Coronary_Restenosis,Coronary Restenosis,2,2,@DISEASE_Coronary_Restenosis,Coronary Restenosis,48,45,48,361,361,3.5,3.5
@DISEASE_Coronary_Thrombosis,Coronary Thrombosis,2,2,@DISEASE_Coronary_Thrombosis,Coronary Thrombosis,14,14,14,122,122,1.0,1.0
@DISEASE_Coronary_Vasospasm,Coronary Vasospasm,3,3,@DISEASE_Coronary_Vasospasm,Coronary Vasospasm,25,22,25,320,320,3.0,3.0
@DISEASE_Coronavirus_Infections,Coronavirus Infections,17,22,@DISEASE_Coronavirus_Infections,Coronavirus Infections,31,31,31,137,137,1.0,1.0
@DISEASE_Cough,Cough,14,14,@DISEASE_Cough,Cough,96,83,96,1738,1847,7.0,7.0
@DISEASE_Craniocerebral_Trauma,Craniocerebral Trauma,3,4,@DISEASE_Craniocerebral_Trauma,Craniocerebral Trauma,61,57,61,309,309,3.0,3.0
@DISEASE_Craniopharyngioma,Craniopharyngioma,2,2,@DISEASE_Craniopharyngioma,Craniopharyngioma,10,10,10,17,17,1.0,1.0
@DISEASE_Craniosynostoses,Craniosynostoses,1,2,@DISEASE_Craniosynostoses,Craniosynostoses,16,16,16,23,23,1.5,1.5
@DISEASE_Critical_Illness,Critical Illness,26,33,@DISEASE_Critical_Illness,Critical Illness,71,66,71,688,688,5.0,5.0
@DISEASE_Crohn_Disease,Crohn Disease,30,33,@DISEASE_Crohn_Disease,Crohn Disease,55,51,55,763,2371,3.0,3.0
@DISEASE_Cryptococcosis,Cryptococcosis,1,1,@DISEASE_Cryptococcosis,Cryptococcosis,15,14,15,68,68,1.0,1.0
@DISEASE_Cryptogenic_Organizing_Pneumonia,Cryptogenic Organizing Pneumonia,1,2,@DISEASE_Cryptogenic_Organizing_Pneumonia,Cryptogenic Organizing Pneumonia,9,8,9,91,91,1.0,1.0
@DISEASE_Cryptorchidism,Cryptorchidism,1,1,@DISEASE_Cryptorchidism,Cryptorchidism,9,8,9,139,158,1.0,1.0
@DISEASE_Cumulative_Trauma_Disorders,Cumulative Trauma Disorders,1,1,@DISEASE_Cumulative_Trauma_Disorders,Cumulative Trauma Disorders,14,14,14,25,25,1.0,1.0
@DISEASE_Cushing_Syndrome,Cushing Syndrome,2,2,@DISEASE_Cushing_Syndrome,Cushing Syndrome,30,30,30,305,389,3.0,3.0
@DISEASE_Cystic_Fibrosis,Cystic Fibrosis,42,49,@DISEASE_Cystic_Fibrosis,Cystic Fibrosis,66,60,66,568,674,4.0,4.0
@DISEASE_Cystinuria,Cystinuria,3,3,@DISEASE_Cystinuria,Cystinuria,2,2,2,2,2,1.0,1.0
@DISEASE_Cystitis,Cystitis,6,14,@DISEASE_Cystitis,Cystitis,34,30,34,357,381,2.0,2.0
@DISEASE_Cystitis_Interstitial,Cystitis Interstitial,8,9,@DISEASE_Cystitis_Interstitial,Cystitis Interstitial,33,32,33,171,171,2.0,2.0
@DISEASE_Cystocele,Cystocele,1,1,@DISEASE_Cystocele,Cystocele,1,1,1,1,1,1.0,1.0
@DISEASE_Cysts,Cysts,1,1,@DISEASE_Cysts,Cysts,59,54,59,438,438,3.0,3.0
@DISEASE_Cytokine_Release_Syndrome,Cytokine Release Syndrome,1,1,@DISEASE_Cytokine_Release_Syndrome,Cytokine Release Syndrome,61,58,61,201,201,2.0,2.0
@DISEASE_Cytomegalovirus_Infections,Cytomegalovirus Infections,30,34,@DISEASE_Cytomegalovirus_Infections,Cytomegalovirus Infections,29,27,29,372,613,2.0,2.0
@DISEASE_Cytomegalovirus_Retinitis,Cytomegalovirus Retinitis,24,26,@DISEASE_Cytomegalovirus_Retinitis,Cytomegalovirus Retinitis,10,9,10,38,38,1.5,1.5
@DISEASE_De_Quervain_Disease,De Quervain Disease,3,7,@DISEASE_De_Quervain_Disease,De Quervain Disease,8,6,8,28,28,1.0,1.0
@DISEASE_Death,Death,5,7,@DISEASE_Death,Death,140,120,140,3983,5092,14.5,14.5
@DISEASE_Death_Sudden,Death Sudden,1,3,@DISEASE_Death_Sudden,Death Sudden,31,30,31,193,193,2.0,2.0
@DISEASE_Death_Sudden_Cardiac,Death Sudden Cardiac,9,15,@DISEASE_Death_Sudden_Cardiac,Death Sudden Cardiac,32,31,32,147,147,3.0,3.0
@DISEASE_Dehydration,Dehydration,5,5,@DISEASE_Dehydration,Dehydration,36,35,36,263,263,3.0,3.0
@DISEASE_Delayed_Emergence_from_Anesthesia,Delayed Emergence from Anesthesia,1,1,@DISEASE_Delayed_Emergence_from_Anesthesia,Delayed Emergence from Anesthesia,21,21,21,104,104,2.0,2.0
@DISEASE_Delayed_Graft_Function,Delayed Graft Function,1,1,@DISEASE_Delayed_Graft_Function,Delayed Graft Function,1,1,1,1,1,1.0,1.0
@DISEASE_Delirium,Delirium,36,41,@DISEASE_Delirium,Delirium,46,46,46,570,603,6.0,6.0
@DISEASE_Dementia,Dementia,53,95,@DISEASE_Dementia,Dementia,84,84,84,1317,1879,6.0,6.0
@DISEASE_Dementia_Vascular,Dementia Vascular,13,16,@DISEASE_Dementia_Vascular,Dementia Vascular,52,52,52,317,317,2.0,2.0
@DISEASE_Dengue,Dengue,3,3,@DISEASE_Dengue,Dengue,24,24,24,76,76,1.0,1.0
@DISEASE_Dental_Caries,Dental Caries,4,4,@DISEASE_Dental_Caries,Dental Caries,16,16,16,43,43,2.0,2.0
@DISEASE_Dental_Occlusion_Traumatic,Dental Occlusion Traumatic,1,1,@DISEASE_Dental_Occlusion_Traumatic,Dental Occlusion Traumatic,1,1,1,1,1,1.0,1.0
@DISEASE_Dental_Pulp_Exposure,Dental Pulp Exposure,1,2,@DISEASE_Dental_Pulp_Exposure,Dental Pulp Exposure,1,1,1,1,1,1.0,1.0
@DISEASE_Dental_Pulp_Necrosis,Dental Pulp Necrosis,1,1,@DISEASE_Dental_Pulp_Necrosis,Dental Pulp Necrosis,7,6,7,13,13,1.0,1.0
@DISEASE_Dentin_Sensitivity,Dentin Sensitivity,7,7,@DISEASE_Dentin_Sensitivity,Dentin Sensitivity,16,15,16,34,34,2.0,2.0
@DISEASE_Dentofacial_Deformities,Dentofacial Deformities,1,2,@DISEASE_Dentofacial_Deformities,Dentofacial Deformities,2,2,2,2,2,1.0,1.0
@DISEASE_Depression_Postpartum,Depression Postpartum,15,17,@DISEASE_Depression_Postpartum,Depression Postpartum,40,40,40,240,240,3.0,3.0
@DISEASE_Depressive_Disorder,Depressive Disorder,56,88,@DISEASE_Depressive_Disorder,Depressive Disorder,146,120,146,5487,17580,19.5,19.5
@DISEASE_Depressive_Disorder_Major,Depressive Disorder Major,351,647,@DISEASE_Depressive_Disorder_Major,Depressive Disorder Major,79,73,79,1865,5798,7.0,7.0
@DISEASE_Depressive_Disorder_Treatment_Resistant,Depressive Disorder Treatment Resistant,7,20,@DISEASE_Depressive_Disorder_Treatment_Resistant,Depressive Disorder Treatment Resistant,38,37,38,370,370,3.0,3.0
@DISEASE_Dermatitis,Dermatitis,4,7,@DISEASE_Dermatitis,Dermatitis,51,42,51,400,400,4.0,4.0
@DISEASE_Dermatitis_Allergic_Contact,Dermatitis Allergic Contact,1,3,@DISEASE_Dermatitis_Allergic_Contact,Dermatitis Allergic Contact,18,17,18,63,63,3.0,3.0
@DISEASE_Dermatitis_Atopic,Dermatitis Atopic,33,39,@DISEASE_Dermatitis_Atopic,Dermatitis Atopic,48,41,48,531,586,5.0,5.0
@DISEASE_Dermatitis_Contact,Dermatitis Contact,3,4,@DISEASE_Dermatitis_Contact,Dermatitis Contact,32,30,32,137,137,2.0,2.0
@DISEASE_Dermatitis_Perioral,Dermatitis Perioral,1,1,@DISEASE_Dermatitis_Perioral,Dermatitis Perioral,18,17,18,63,63,2.0,2.0
@DISEASE_Dermatitis_Seborrheic,Dermatitis Seborrheic,5,6,@DISEASE_Dermatitis_Seborrheic,Dermatitis Seborrheic,22,19,22,117,117,2.0,2.0
@DISEASE_Dermatomyositis,Dermatomyositis,2,5,@DISEASE_Dermatomyositis,Dermatomyositis,24,21,24,489,687,2.0,2.0
@DISEASE_Developmental_Disabilities,Developmental Disabilities,3,10,@DISEASE_Developmental_Disabilities,Developmental Disabilities,50,48,50,405,415,2.5,2.5
@DISEASE_Diabetes_Complications,Diabetes Complications,5,6,@DISEASE_Diabetes_Complications,Diabetes Complications,33,33,33,148,148,2.0,2.0
@DISEASE_Diabetes_Gestational,Diabetes Gestational,13,18,@DISEASE_Diabetes_Gestational,Diabetes Gestational,36,33,36,509,913,5.5,5.5
@DISEASE_Diabetes_Insipidus,Diabetes Insipidus,1,1,@DISEASE_Diabetes_Insipidus,Diabetes Insipidus,16,15,16,101,101,2.5,2.5
@DISEASE_Diabetes_Insipidus_Nephrogenic,Diabetes Insipidus Nephrogenic,1,2,@DISEASE_Diabetes_Insipidus_Nephrogenic,Diabetes Insipidus Nephrogenic,15,15,15,88,88,3.0,3.0
@DISEASE_Diabetes_Mellitus,Diabetes Mellitus,201,294,@DISEASE_Diabetes_Mellitus,Diabetes Mellitus,159,126,159,5341,14073,17.0,17.0
@DISEASE_Diabetes_Mellitus_Type_1,Diabetes Mellitus Type 1,249,286,@DISEASE_Diabetes_Mellitus_Type_1,Diabetes Mellitus Type 1,101,91,101,1264,1691,4.0,4.0
@DISEASE_Diabetes_Mellitus_Type_2,Diabetes Mellitus Type 2,992,1322,@DISEASE_Diabetes_Mellitus_Type_2,Diabetes Mellitus Type 2,138,109,138,3656,18638,8.0,8.0
@DISEASE_Diabetic_Cardiomyopathies,Diabetic Cardiomyopathies,1,2,@DISEASE_Diabetic_Cardiomyopathies,Diabetic Cardiomyopathies,32,31,32,158,158,2.0,2.0
@DISEASE_Diabetic_Foot,Diabetic Foot,5,5,@DISEASE_Diabetic_Foot,Diabetic Foot,39,37,39,141,141,1.0,1.0
@DISEASE_Diabetic_Ketoacidosis,Diabetic Ketoacidosis,8,10,@DISEASE_Diabetic_Ketoacidosis,Diabetic Ketoacidosis,29,26,29,311,311,3.0,3.0
@DISEASE_Diabetic_Nephropathies,Diabetic Nephropathies,47,68,@DISEASE_Diabetic_Nephropathies,Diabetic Nephropathies,69,65,69,1064,1176,7.0,7.0
@DISEASE_Diabetic_Neuropathies,Diabetic Neuropathies,21,28,@DISEASE_Diabetic_Neuropathies,Diabetic Neuropathies,61,60,61,701,1021,4.0,4.0
@DISEASE_Diabetic_Retinopathy,Diabetic Retinopathy,15,21,@DISEASE_Diabetic_Retinopathy,Diabetic Retinopathy,56,50,56,353,358,2.0,2.0
@DISEASE_Diarrhea,Diarrhea,21,24,@DISEASE_Diarrhea,Diarrhea,93,88,93,2243,2850,11.0,11.0
@DISEASE_Digestive_System_Neoplasms,Digestive System Neoplasms,1,1,@DISEASE_Digestive_System_Neoplasms,Digestive System Neoplasms,5,5,5,19,19,3.0,3.0
@DISEASE_Disease_Progression,Disease Progression,2,2,@DISEASE_Disease_Progression,Disease Progression,30,26,30,184,383,2.0,2.0
@DISEASE_Disease_Resistance,Disease Resistance,1,1,@DISEASE_Disease_Resistance,Disease Resistance,47,43,47,222,222,2.0,2.0
@DISEASE_Disseminated_Intravascular_Coagulation,Disseminated Intravascular Coagulation,1,1,@DISEASE_Disseminated_Intravascular_Coagulation,Disseminated Intravascular Coagulation,27,26,27,207,207,4.0,4.0
@DISEASE_Diverticulitis,Diverticulitis,3,3,@DISEASE_Diverticulitis,Diverticulitis,13,12,13,49,49,2.0,2.0
@DISEASE_Diverticulitis_Colonic,Diverticulitis Colonic,1,3,@DISEASE_Diverticulitis_Colonic,Diverticulitis Colonic,2,2,2,2,2,1.0,1.0
@DISEASE_Dizziness,Dizziness,3,4,@DISEASE_Dizziness,Dizziness,83,81,83,1810,2045,16.0,16.0
@DISEASE_Down_Syndrome,Down Syndrome,15,18,@DISEASE_Down_Syndrome,Down Syndrome,50,49,50,406,414,2.0,2.0
@DISEASE_Drug_Hypersensitivity,Drug Hypersensitivity,1,1,@DISEASE_Drug_Hypersensitivity,Drug Hypersensitivity,121,103,121,2810,3345,10.0,10.0
@DISEASE_Drug_Hypersensitivity_Syndrome,Drug Hypersensitivity Syndrome,1,1,@DISEASE_Drug_Hypersensitivity_Syndrome,Drug Hypersensitivity Syndrome,35,32,35,341,341,3.0,3.0
@DISEASE_Drug_Metabolism_Poor_CYP2C19_Related,Drug Metabolism Poor CYP2C19 Related,1,5,@DISEASE_Drug_Metabolism_Poor_CYP2C19_Related,Drug Metabolism Poor CYP2C19 Related,3,3,3,10,10,1.0,1.0
@DISEASE_Drug_Overdose,Drug Overdose,2,2,@DISEASE_Drug_Overdose,Drug Overdose,69,67,69,1536,2657,14.0,14.0
@DISEASE_Drug_Related_Side_Effects_and_Adverse_Reactions,Drug Related Side Effects and Adverse Reactions,2,3,@DISEASE_Drug_Related_Side_Effects_and_Adverse_Reactions,Drug Related Side Effects and Adverse Reactions,148,119,148,4849,6895,24.0,24.0
@DISEASE_Drug_Resistant_Epilepsy,Drug Resistant Epilepsy,1,1,@DISEASE_Drug_Resistant_Epilepsy,Drug Resistant Epilepsy,59,58,59,677,901,2.0,2.0
@DISEASE_Dry_Eye_Syndromes,Dry Eye Syndromes,3,5,@DISEASE_Dry_Eye_Syndromes,Dry Eye Syndromes,40,36,40,187,187,3.0,3.0
@DISEASE_Ductus_Arteriosus_Patent,Ductus Arteriosus Patent,17,19,@DISEASE_Ductus_Arteriosus_Patent,Ductus Arteriosus Patent,27,25,27,321,830,1.0,1.0
@DISEASE_Dumping_Syndrome,Dumping Syndrome,2,2,@DISEASE_Dumping_Syndrome,Dumping Syndrome,3,3,3,4,4,1.0,1.0
@DISEASE_Duodenal_Neoplasms,Duodenal Neoplasms,1,1,@DISEASE_Duodenal_Neoplasms,Duodenal Neoplasms,7,7,7,12,12,1.0,1.0
@DISEASE_Duodenal_Ulcer,Duodenal Ulcer,8,11,@DISEASE_Duodenal_Ulcer,Duodenal Ulcer,36,35,36,520,1211,2.0,2.0
@DISEASE_Dupuytren_Contracture,Dupuytren Contracture,2,6,@DISEASE_Dupuytren_Contracture,Dupuytren Contracture,17,16,17,27,27,1.0,1.0
@DISEASE_Dysbiosis,Dysbiosis,2,2,@DISEASE_Dysbiosis,Dysbiosis,26,25,26,81,81,2.0,2.0
@DISEASE_Dyskinesia_Drug_Induced,Dyskinesia Drug Induced,3,3,@DISEASE_Dyskinesia_Drug_Induced,Dyskinesia Drug Induced,60,59,60,597,597,4.0,4.0
@DISEASE_Dyskinesias,Dyskinesias,3,3,@DISEASE_Dyskinesias,Dyskinesias,57,56,57,257,257,3.0,3.0
@DISEASE_Dyslipidemias,Dyslipidemias,127,188,@DISEASE_Dyslipidemias,Dyslipidemias,64,56,64,1145,1837,5.0,5.0
@DISEASE_Dysmenorrhea,Dysmenorrhea,19,25,@DISEASE_Dysmenorrhea,Dysmenorrhea,56,42,56,805,976,3.0,3.0
@DISEASE_Dyspareunia,Dyspareunia,4,4,@DISEASE_Dyspareunia,Dyspareunia,27,23,27,114,114,2.0,2.0
@DISEASE_Dyspepsia,Dyspepsia,31,44,@DISEASE_Dyspepsia,Dyspepsia,48,46,48,653,785,5.0,5.0
@DISEASE_Dysphonia,Dysphonia,1,1,@DISEASE_Dysphonia,Dysphonia,17,17,17,43,43,2.0,2.0
@DISEASE_Dyspnea,Dyspnea,13,15,@DISEASE_Dyspnea,Dyspnea,111,96,111,1658,1941,6.0,6.0
@DISEASE_Dyssomnias,Dyssomnias,4,4,@DISEASE_Dyssomnias,Dyssomnias,6,6,6,10,10,1.0,1.0
@DISEASE_Dysthymic_Disorder,Dysthymic Disorder,5,13,@DISEASE_Dysthymic_Disorder,Dysthymic Disorder,22,22,22,192,192,6.0,6.0
@DISEASE_Dysuria,Dysuria,1,1,@DISEASE_Dysuria,Dysuria,34,32,34,108,108,1.0,1.0
@DISEASE_Earache,Earache,1,1,@DISEASE_Earache,Earache,17,16,17,83,83,3.0,3.0
@DISEASE_Eclampsia,Eclampsia,1,1,@DISEASE_Eclampsia,Eclampsia,14,14,14,88,88,2.0,2.0
@DISEASE_Eczema,Eczema,6,8,@DISEASE_Eczema,Eczema,43,36,43,186,186,2.0,2.0
@DISEASE_Edema,Edema,11,16,@DISEASE_Edema,Edema,144,116,144,3219,4239,8.0,8.0
@DISEASE_Elbow_Fractures,Elbow Fractures,2,5,@DISEASE_Elbow_Fractures,Elbow Fractures,2,2,2,1,1,0.5,0.5
@DISEASE_Embolism,Embolism,4,6,@DISEASE_Embolism,Embolism,33,33,33,497,1531,2.0,2.0
@DISEASE_Embolism_Paradoxical,Embolism Paradoxical,1,1,@DISEASE_Embolism_Paradoxical,Embolism Paradoxical,19,18,19,59,59,1.0,1.0
@DISEASE_Embolism_and_Thrombosis,Embolism and Thrombosis,3,3,@DISEASE_Embolism_and_Thrombosis,Embolism and Thrombosis,6,6,6,17,17,2.0,2.0
@DISEASE_Emergence_Delirium,Emergence Delirium,3,3,@DISEASE_Emergence_Delirium,Emergence Delirium,20,20,20,79,79,2.0,2.0
@DISEASE_Emergencies,Emergencies,1,1,@DISEASE_Emergencies,Emergencies,35,33,35,79,79,1.0,1.0
@DISEASE_Emphysema,Emphysema,9,11,@DISEASE_Emphysema,Emphysema,34,31,34,77,77,1.0,1.0
@DISEASE_Empyema,Empyema,3,4,@DISEASE_Empyema,Empyema,18,16,18,96,96,1.5,1.5
@DISEASE_Empyema_Pleural,Empyema Pleural,1,1,@DISEASE_Empyema_Pleural,Empyema Pleural,8,7,8,29,29,3.0,3.0
@DISEASE_Encephalitis,Encephalitis,1,2,@DISEASE_Encephalitis,Encephalitis,48,43,48,478,591,2.0,2.0
@DISEASE_Encephalitis_Tick_Borne,Encephalitis Tick Borne,2,2,@DISEASE_Encephalitis_Tick_Borne,Encephalitis Tick Borne,1,1,1,1,1,1.0,1.0
@DISEASE_Endocarditis,Endocarditis,4,6,@DISEASE_Endocarditis,Endocarditis,25,22,25,499,543,5.0,5.0
@DISEASE_Endocrine_System_Diseases,Endocrine System Diseases,15,17,@DISEASE_Endocrine_System_Diseases,Endocrine System Diseases,41,36,41,607,633,4.0,4.0
@DISEASE_Endometrial_Hyperplasia,Endometrial Hyperplasia,6,8,@DISEASE_Endometrial_Hyperplasia,Endometrial Hyperplasia,20,16,20,372,438,2.5,2.5
@DISEASE_Endometrial_Neoplasms,Endometrial Neoplasms,2,3,@DISEASE_Endometrial_Neoplasms,Endometrial Neoplasms,44,37,44,581,1070,2.0,2.0
@DISEASE_Endometriosis,Endometriosis,35,40,@DISEASE_Endometriosis,Endometriosis,56,48,56,585,848,2.0,2.0
@DISEASE_Endometritis,Endometritis,4,5,@DISEASE_Endometritis,Endometritis,20,14,20,196,196,2.5,2.5
@DISEASE_Endophthalmitis,Endophthalmitis,4,4,@DISEASE_Endophthalmitis,Endophthalmitis,16,13,16,239,239,5.5,5.5
@DISEASE_Endotoxemia,Endotoxemia,1,2,@DISEASE_Endotoxemia,Endotoxemia,39,36,39,118,118,2.0,2.0
@DISEASE_Enterobacteriaceae_Infections,Enterobacteriaceae Infections,2,5,@DISEASE_Enterobacteriaceae_Infections,Enterobacteriaceae Infections,9,7,9,125,125,7.0,7.0
@DISEASE_Enterocolitis,Enterocolitis,1,1,@DISEASE_Enterocolitis,Enterocolitis,15,15,15,70,70,3.0,3.0
@DISEASE_Enterocolitis_Necrotizing,Enterocolitis Necrotizing,1,1,@DISEASE_Enterocolitis_Necrotizing,Enterocolitis Necrotizing,21,19,21,59,59,2.0,2.0
@DISEASE_Enuresis,Enuresis,1,1,@DISEASE_Enuresis,Enuresis,19,19,19,91,91,2.0,2.0
@DISEASE_Eosinophilia,Eosinophilia,2,2,@DISEASE_Eosinophilia,Eosinophilia,54,47,54,536,586,3.0,3.0
@DISEASE_Eosinophilic_Esophagitis,Eosinophilic Esophagitis,17,19,@DISEASE_Eosinophilic_Esophagitis,Eosinophilic Esophagitis,16,16,16,140,140,1.0,1.0
@DISEASE_Ependymoma,Ependymoma,1,1,@DISEASE_Ependymoma,Ependymoma,12,12,12,23,23,1.0,1.0
@DISEASE_Epidermolysis_Bullosa,Epidermolysis Bullosa,3,3,@DISEASE_Epidermolysis_Bullosa,Epidermolysis Bullosa,7,7,7,14,14,2.0,2.0
@DISEASE_Epidermolysis_Bullosa_Dystrophica,Epidermolysis Bullosa Dystrophica,1,1,@DISEASE_Epidermolysis_Bullosa_Dystrophica,Epidermolysis Bullosa Dystrophica,5,5,5,15,15,2.0,2.0
@DISEASE_Epidermolysis_Bullosa_Junctional,Epidermolysis Bullosa Junctional,1,1,@DISEASE_Epidermolysis_Bullosa_Junctional,Epidermolysis Bullosa Junctional,2,2,2,2,2,1.0,1.0
@DISEASE_Epidermolysis_Bullosa_Simplex,Epidermolysis Bullosa Simplex,2,2,@DISEASE_Epidermolysis_Bullosa_Simplex,Epidermolysis Bullosa Simplex,12,12,12,23,23,1.0,1.0
@DISEASE_Epilepsia_Partialis_Continua,Epilepsia Partialis Continua,1,2,@DISEASE_Epilepsia_Partialis_Continua,Epilepsia Partialis Continua,9,9,9,37,37,2.0,2.0
@DISEASE_Epilepsies_Myoclonic,Epilepsies Myoclonic,1,1,@DISEASE_Epilepsies_Myoclonic,Epilepsies Myoclonic,21,21,21,244,328,2.0,2.0
@DISEASE_Epilepsies_Partial,Epilepsies Partial,35,38,@DISEASE_Epilepsies_Partial,Epilepsies Partial,36,35,36,483,584,2.0,2.0
@DISEASE_Epilepsy,Epilepsy,185,240,@DISEASE_Epilepsy,Epilepsy,103,95,103,1572,8298,6.0,6.0
@DISEASE_Epilepsy_Absence,Epilepsy Absence,2,3,@DISEASE_Epilepsy_Absence,Epilepsy Absence,38,37,38,362,569,2.0,2.0
@DISEASE_Epilepsy_Complex_Partial,Epilepsy Complex Partial,1,1,@DISEASE_Epilepsy_Complex_Partial,Epilepsy Complex Partial,8,8,8,26,26,2.5,2.5
@DISEASE_Epilepsy_Generalized,Epilepsy Generalized,6,6,@DISEASE_Epilepsy_Generalized,Epilepsy Generalized,29,29,29,231,248,1.0,1.0
@DISEASE_Epilepsy_Idiopathic_Generalized,Epilepsy Idiopathic Generalized,1,1,@DISEASE_Epilepsy_Idiopathic_Generalized,Epilepsy Idiopathic Generalized,12,12,12,269,339,1.0,1.0
@DISEASE_Epilepsy_Post_Traumatic,Epilepsy Post Traumatic,2,2,@DISEASE_Epilepsy_Post_Traumatic,Epilepsy Post Traumatic,65,64,65,226,226,2.0,2.0
@DISEASE_Epilepsy_Rolandic,Epilepsy Rolandic,3,3,@DISEASE_Epilepsy_Rolandic,Epilepsy Rolandic,14,14,14,120,120,2.0,2.0
@DISEASE_Epilepsy_Temporal_Lobe,Epilepsy Temporal Lobe,1,3,@DISEASE_Epilepsy_Temporal_Lobe,Epilepsy Temporal Lobe,34,34,34,158,158,2.0,2.0
@DISEASE_Epilepsy_Tonic_Clonic,Epilepsy Tonic Clonic,5,5,@DISEASE_Epilepsy_Tonic_Clonic,Epilepsy Tonic Clonic,55,55,55,688,702,4.0,4.0
@DISEASE_Epiretinal_Membrane,Epiretinal Membrane,3,3,@DISEASE_Epiretinal_Membrane,Epiretinal Membrane,9,8,9,65,65,3.0,3.0
@DISEASE_Epistaxis,Epistaxis,1,1,@DISEASE_Epistaxis,Epistaxis,31,31,31,227,227,3.0,3.0
@DISEASE_Epstein_Barr_Virus_Infections,Epstein Barr Virus Infections,2,3,@DISEASE_Epstein_Barr_Virus_Infections,Epstein Barr Virus Infections,23,19,23,254,339,1.0,1.0
@DISEASE_Erectile_Dysfunction,Erectile Dysfunction,19,22,@DISEASE_Erectile_Dysfunction,Erectile Dysfunction,67,60,67,720,2954,4.0,4.0
@DISEASE_Erythema_Chronicum_Migrans,Erythema Chronicum Migrans,4,5,@DISEASE_Erythema_Chronicum_Migrans,Erythema Chronicum Migrans,2,2,2,21,21,10.5,10.5
@DISEASE_Erythema_Multiforme,Erythema Multiforme,1,3,@DISEASE_Erythema_Multiforme,Erythema Multiforme,24,20,24,171,171,3.0,3.0
@DISEASE_Erythromelalgia,Erythromelalgia,1,1,@DISEASE_Erythromelalgia,Erythromelalgia,17,16,17,110,110,2.0,2.0
@DISEASE_Esophageal_Achalasia,Esophageal Achalasia,1,1,@DISEASE_Esophageal_Achalasia,Esophageal Achalasia,20,19,20,88,88,1.0,1.0
@DISEASE_Esophageal_Diseases,Esophageal Diseases,2,2,@DISEASE_Esophageal_Diseases,Esophageal Diseases,21,21,21,46,46,2.0,2.0
@DISEASE_Esophageal_Motility_Disorders,Esophageal Motility Disorders,2,2,@DISEASE_Esophageal_Motility_Disorders,Esophageal Motility Disorders,26,25,26,49,49,1.0,1.0
@DISEASE_Esophageal_Neoplasms,Esophageal Neoplasms,2,2,@DISEASE_Esophageal_Neoplasms,Esophageal Neoplasms,48,46,48,256,256,2.0,2.0
@DISEASE_Esophageal_Squamous_Cell_Carcinoma,Esophageal Squamous Cell Carcinoma,2,2,@DISEASE_Esophageal_Squamous_Cell_Carcinoma,Esophageal Squamous Cell Carcinoma,47,45,47,341,343,2.0,2.0
@DISEASE_Esophageal_Stenosis,Esophageal Stenosis,2,5,@DISEASE_Esophageal_Stenosis,Esophageal Stenosis,17,16,17,94,94,2.0,2.0
@DISEASE_Esophageal_and_Gastric_Varices,Esophageal and Gastric Varices,4,5,@DISEASE_Esophageal_and_Gastric_Varices,Esophageal and Gastric Varices,22,20,22,166,175,2.0,2.0
@DISEASE_Esophagitis,Esophagitis,6,9,@DISEASE_Esophagitis,Esophagitis,46,44,46,568,630,3.0,3.0
@DISEASE_Essential_Hypertension,Essential Hypertension,104,170,@DISEASE_Essential_Hypertension,Essential Hypertension,66,49,66,1817,3548,4.0,4.0
@DISEASE_Essential_Tremor,Essential Tremor,12,12,@DISEASE_Essential_Tremor,Essential Tremor,45,45,45,381,483,3.0,3.0
@DISEASE_Euthyroid_Sick_Syndromes,Euthyroid Sick Syndromes,4,4,@DISEASE_Euthyroid_Sick_Syndromes,Euthyroid Sick Syndromes,10,9,10,216,301,1.0,1.0
@DISEASE_Exfoliation_Syndrome,Exfoliation Syndrome,1,1,@DISEASE_Exfoliation_Syndrome,Exfoliation Syndrome,18,17,18,41,41,2.0,2.0
@DISEASE_Exocrine_Pancreatic_Insufficiency,Exocrine Pancreatic Insufficiency,1,1,@DISEASE_Exocrine_Pancreatic_Insufficiency,Exocrine Pancreatic Insufficiency,10,10,10,53,53,1.5,1.5
@DISEASE_Extensively_Drug_Resistant_Tuberculosis,Extensively Drug Resistant Tuberculosis,4,4,@DISEASE_Extensively_Drug_Resistant_Tuberculosis,Extensively Drug Resistant Tuberculosis,6,6,6,29,29,3.0,3.0
@DISEASE_Eye_Diseases,Eye Diseases,4,5,@DISEASE_Eye_Diseases,Eye Diseases,54,48,54,294,294,2.0,2.0
@DISEASE_Eye_Infections,Eye Infections,1,2,@DISEASE_Eye_Infections,Eye Infections,35,31,35,132,132,2.0,2.0
@DISEASE_Eye_Infections_Bacterial,Eye Infections Bacterial,2,2,@DISEASE_Eye_Infections_Bacterial,Eye Infections Bacterial,1,1,1,5,5,5.0,5.0
@DISEASE_Eyelid_Diseases,Eyelid Diseases,1,1,@DISEASE_Eyelid_Diseases,Eyelid Diseases,32,31,32,129,129,2.0,2.0
@DISEASE_Fabry_Disease,Fabry Disease,1,1,@DISEASE_Fabry_Disease,Fabry Disease,24,24,24,45,45,1.0,1.0
@DISEASE_Facial_Neuralgia,Facial Neuralgia,1,1,@DISEASE_Facial_Neuralgia,Facial Neuralgia,3,3,3,3,3,1.0,1.0
@DISEASE_Facial_Pain,Facial Pain,1,2,@DISEASE_Facial_Pain,Facial Pain,50,48,50,158,158,2.0,2.0
@DISEASE_Failed_Back_Surgery_Syndrome,Failed Back Surgery Syndrome,3,4,@DISEASE_Failed_Back_Surgery_Syndrome,Failed Back Surgery Syndrome,22,21,22,34,34,1.0,1.0
@DISEASE_Fallopian_Tube_Neoplasms,Fallopian Tube Neoplasms,1,1,@DISEASE_Fallopian_Tube_Neoplasms,Fallopian Tube Neoplasms,6,6,6,10,10,1.5,1.5
@DISEASE_Familial_Primary_Pulmonary_Hypertension,Familial Primary Pulmonary Hypertension,1,1,@DISEASE_Familial_Primary_Pulmonary_Hypertension,Familial Primary Pulmonary Hypertension,29,28,29,129,129,1.0,1.0
@DISEASE_Fanconi_Anemia,Fanconi Anemia,1,2,@DISEASE_Fanconi_Anemia,Fanconi Anemia,8,8,8,10,10,1.0,1.0
@DISEASE_Fasciitis_Plantar,Fasciitis Plantar,4,6,@DISEASE_Fasciitis_Plantar,Fasciitis Plantar,7,5,7,29,29,2.0,2.0
@DISEASE_Fatigue,Fatigue,27,30,@DISEASE_Fatigue,Fatigue,118,107,118,2054,2132,10.0,10.0
@DISEASE_Fatigue_Syndrome_Chronic,Fatigue Syndrome Chronic,7,7,@DISEASE_Fatigue_Syndrome_Chronic,Fatigue Syndrome Chronic,46,46,46,131,131,2.0,2.0
@DISEASE_Fatty_Liver,Fatty Liver,11,14,@DISEASE_Fatty_Liver,Fatty Liver,62,57,62,946,1022,4.0,4.0
@DISEASE_Febrile_Neutropenia,Febrile Neutropenia,3,7,@DISEASE_Febrile_Neutropenia,Febrile Neutropenia,12,11,12,107,107,3.5,3.5
@DISEASE_Fecal_Incontinence,Fecal Incontinence,4,5,@DISEASE_Fecal_Incontinence,Fecal Incontinence,23,22,23,48,48,1.0,1.0
@DISEASE_Feeding_and_Eating_Disorders,Feeding and Eating Disorders,1,1,@DISEASE_Feeding_and_Eating_Disorders,Feeding and Eating Disorders,69,65,69,761,761,6.0,6.0
@DISEASE_Femoracetabular_Impingement,Femoracetabular Impingement,2,3,@DISEASE_Femoracetabular_Impingement,Femoracetabular Impingement,6,6,6,9,9,1.5,1.5
@DISEASE_Femoral_Neck_Fractures,Femoral Neck Fractures,2,2,@DISEASE_Femoral_Neck_Fractures,Femoral Neck Fractures,18,17,18,66,66,1.5,1.5
@DISEASE_Femur_Head_Necrosis,Femur Head Necrosis,1,1,@DISEASE_Femur_Head_Necrosis,Femur Head Necrosis,22,22,22,62,62,2.0,2.0
@DISEASE_Fetal_Alcohol_Spectrum_Disorders,Fetal Alcohol Spectrum Disorders,1,1,@DISEASE_Fetal_Alcohol_Spectrum_Disorders,Fetal Alcohol Spectrum Disorders,13,12,13,35,35,1.0,1.0
@DISEASE_Fetal_Death,Fetal Death,1,1,@DISEASE_Fetal_Death,Fetal Death,18,16,18,139,139,5.5,5.5
@DISEASE_Fetal_Growth_Retardation,Fetal Growth Retardation,2,2,@DISEASE_Fetal_Growth_Retardation,Fetal Growth Retardation,41,37,41,463,528,3.0,3.0
@DISEASE_Fetal_Hypoxia,Fetal Hypoxia,1,1,@DISEASE_Fetal_Hypoxia,Fetal Hypoxia,3,3,3,6,6,1.0,1.0
@DISEASE_Fetal_Nutrition_Disorders,Fetal Nutrition Disorders,1,2,@DISEASE_Fetal_Nutrition_Disorders,Fetal Nutrition Disorders,1,1,1,1,1,1.0,1.0
@DISEASE_Fever,Fever,15,21,@DISEASE_Fever,Fever,121,102,121,2833,7063,9.0,9.0
@DISEASE_Fibroma,Fibroma,1,2,@DISEASE_Fibroma,Fibroma,11,11,11,27,27,1.0,1.0
@DISEASE_Fibromyalgia,Fibromyalgia,67,85,@DISEASE_Fibromyalgia,Fibromyalgia,49,49,49,621,1021,3.0,3.0
@DISEASE_Fibrosis,Fibrosis,7,7,@DISEASE_Fibrosis,Fibrosis,124,105,124,3016,3612,10.0,10.0
@DISEASE_Fibrous_Dysplasia_Polyostotic,Fibrous Dysplasia Polyostotic,1,1,@DISEASE_Fibrous_Dysplasia_Polyostotic,Fibrous Dysplasia Polyostotic,30,29,30,82,82,2.0,2.0
@DISEASE_Filariasis,Filariasis,1,1,@DISEASE_Filariasis,Filariasis,5,5,5,14,14,1.0,1.0
@DISEASE_Finger_Injuries,Finger Injuries,2,4,@DISEASE_Finger_Injuries,Finger Injuries,9,9,9,12,12,1.0,1.0
@DISEASE_Fissure_in_Ano,Fissure in Ano,4,5,@DISEASE_Fissure_in_Ano,Fissure in Ano,13,12,13,159,163,2.0,2.0
@DISEASE_Fistula,Fistula,1,1,@DISEASE_Fistula,Fistula,42,39,42,227,227,2.0,2.0
@DISEASE_Flail_Chest,Flail Chest,1,2,@DISEASE_Flail_Chest,Flail Chest,3,2,3,6,6,2.0,2.0
@DISEASE_Flank_Pain,Flank Pain,1,3,@DISEASE_Flank_Pain,Flank Pain,27,27,27,71,71,2.0,2.0
@DISEASE_Flatfoot,Flatfoot,1,1,@DISEASE_Flatfoot,Flatfoot,4,4,4,10,10,2.5,2.5
@DISEASE_Fluorosis_Dental,Fluorosis Dental,1,1,@DISEASE_Fluorosis_Dental,Fluorosis Dental,7,7,7,13,13,2.0,2.0
@DISEASE_Flushing,Flushing,1,1,@DISEASE_Flushing,Flushing,70,61,70,736,774,4.0,4.0
@DISEASE_Folic_Acid_Deficiency,Folic Acid Deficiency,3,3,@DISEASE_Folic_Acid_Deficiency,Folic Acid Deficiency,4,4,4,116,121,7.5,7.5
@DISEASE_Folliculitis,Folliculitis,1,2,@DISEASE_Folliculitis,Folliculitis,22,19,22,104,104,2.0,2.0
@DISEASE_Foot_Ulcer,Foot Ulcer,1,1,@DISEASE_Foot_Ulcer,Foot Ulcer,19,19,19,31,31,1.0,1.0
@DISEASE_Foramen_Ovale_Patent,Foramen Ovale Patent,5,5,@DISEASE_Foramen_Ovale_Patent,Foramen Ovale Patent,7,7,7,106,106,6.0,6.0
@DISEASE_Fractures_Bone,Fractures Bone,6,9,@DISEASE_Fractures_Bone,Fractures Bone,87,83,87,1115,1620,6.0,6.0
@DISEASE_Fractures_Closed,Fractures Closed,1,1,@DISEASE_Fractures_Closed,Fractures Closed,1,1,1,1,1,1.0,1.0
@DISEASE_Fractures_Open,Fractures Open,2,2,@DISEASE_Fractures_Open,Fractures Open,13,12,13,38,38,2.0,2.0
@DISEASE_Fractures_Stress,Fractures Stress,1,2,@DISEASE_Fractures_Stress,Fractures Stress,10,10,10,59,59,2.0,2.0
@DISEASE_Fragile_X_Syndrome,Fragile X Syndrome,10,12,@DISEASE_Fragile_X_Syndrome,Fragile X Syndrome,24,24,24,197,197,4.0,4.0
@DISEASE_Frailty,Frailty,10,16,@DISEASE_Frailty,Frailty,20,20,20,161,161,4.0,4.0
@DISEASE_Friedreich_Ataxia,Friedreich Ataxia,1,1,@DISEASE_Friedreich_Ataxia,Friedreich Ataxia,11,11,11,18,18,1.0,1.0
@DISEASE_Frontal_Sinusitis,Frontal Sinusitis,1,1,@DISEASE_Frontal_Sinusitis,Frontal Sinusitis,1,1,1,1,1,1.0,1.0
@DISEASE_Frontotemporal_Dementia,Frontotemporal Dementia,2,2,@DISEASE_Frontotemporal_Dementia,Frontotemporal Dementia,26,26,26,105,105,2.5,2.5
@DISEASE_Frontotemporal_Lobar_Degeneration,Frontotemporal Lobar Degeneration,1,1,@DISEASE_Frontotemporal_Lobar_Degeneration,Frontotemporal Lobar Degeneration,7,7,7,15,15,2.0,2.0
@DISEASE_Fungemia,Fungemia,1,1,@DISEASE_Fungemia,Fungemia,3,3,3,9,9,2.0,2.0
@DISEASE_Funnel_Chest,Funnel Chest,1,1,@DISEASE_Funnel_Chest,Funnel Chest,11,10,11,12,12,1.0,1.0
@DISEASE_Furcation_Defects,Furcation Defects,2,2,@DISEASE_Furcation_Defects,Furcation Defects,8,8,8,20,20,1.0,1.0
@DISEASE_Gait_Disorders_Neurologic,Gait Disorders Neurologic,2,2,@DISEASE_Gait_Disorders_Neurologic,Gait Disorders Neurologic,56,55,56,299,299,3.0,3.0
@DISEASE_Gallstones,Gallstones,2,4,@DISEASE_Gallstones,Gallstones,24,23,24,116,116,2.0,2.0
@DISEASE_Gambling,Gambling,2,2,@DISEASE_Gambling,Gambling,19,19,19,94,94,4.0,4.0
@DISEASE_Ganglion_Cysts,Ganglion Cysts,2,6,@DISEASE_Ganglion_Cysts,Ganglion Cysts,18,16,18,39,39,1.0,1.0
@DISEASE_Gangliosidosis_GM1,Gangliosidosis GM1,1,2,@DISEASE_Gangliosidosis_GM1,Gangliosidosis GM1,1,1,1,1,1,1.0,1.0
@DISEASE_Gastrinoma,Gastrinoma,1,1,@DISEASE_Gastrinoma,Gastrinoma,6,6,6,44,44,2.5,2.5
@DISEASE_Gastritis,Gastritis,8,12,@DISEASE_Gastritis,Gastritis,45,44,45,493,535,3.0,3.0
@DISEASE_Gastritis_Atrophic,Gastritis Atrophic,1,1,@DISEASE_Gastritis_Atrophic,Gastritis Atrophic,10,10,10,104,104,2.5,2.5
@DISEASE_Gastroenteritis,Gastroenteritis,6,6,@DISEASE_Gastroenteritis,Gastroenteritis,19,17,19,201,209,3.0,3.0
@DISEASE_Gastroesophageal_Reflux,Gastroesophageal Reflux,36,43,@DISEASE_Gastroesophageal_Reflux,Gastroesophageal Reflux,61,59,61,669,1972,3.0,3.0
@DISEASE_Gastrointestinal_Diseases,Gastrointestinal Diseases,4,4,@DISEASE_Gastrointestinal_Diseases,Gastrointestinal Diseases,90,83,90,1917,2520,11.5,11.5
@DISEASE_Gastrointestinal_Hemorrhage,Gastrointestinal Hemorrhage,8,9,@DISEASE_Gastrointestinal_Hemorrhage,Gastrointestinal Hemorrhage,51,46,51,1118,2180,5.0,5.0
@DISEASE_Gastrointestinal_Neoplasms,Gastrointestinal Neoplasms,1,1,@DISEASE_Gastrointestinal_Neoplasms,Gastrointestinal Neoplasms,50,48,50,294,294,2.0,2.0
@DISEASE_Gastrointestinal_Stromal_Tumors,Gastrointestinal Stromal Tumors,1,2,@DISEASE_Gastrointestinal_Stromal_Tumors,Gastrointestinal Stromal Tumors,8,8,8,12,12,1.5,1.5
@DISEASE_Gastroparesis,Gastroparesis,9,11,@DISEASE_Gastroparesis,Gastroparesis,23,23,23,59,59,1.0,1.0
@DISEASE_Gender_Dysphoria,Gender Dysphoria,4,4,@DISEASE_Gender_Dysphoria,Gender Dysphoria,11,7,11,84,84,2.0,2.0
@DISEASE_Genetic_Diseases_Inborn,Genetic Diseases Inborn,1,1,@DISEASE_Genetic_Diseases_Inborn,Genetic Diseases Inborn,26,26,26,201,201,2.0,2.0
@DISEASE_Genetic_Diseases_X_Linked,Genetic Diseases X Linked,1,1,@DISEASE_Genetic_Diseases_X_Linked,Genetic Diseases X Linked,2,2,2,2,2,1.0,1.0
@DISEASE_Genital_Diseases_Female,Genital Diseases Female,2,5,@DISEASE_Genital_Diseases_Female,Genital Diseases Female,26,21,26,89,89,1.5,1.5
@DISEASE_Genital_Diseases_Male,Genital Diseases Male,3,5,@DISEASE_Genital_Diseases_Male,Genital Diseases Male,21,18,21,85,85,1.0,1.0
@DISEASE_Genital_Neoplasms_Male,Genital Neoplasms Male,1,2,@DISEASE_Genital_Neoplasms_Male,Genital Neoplasms Male,1,1,1,1,1,1.0,1.0
@DISEASE_Geographic_Atrophy,Geographic Atrophy,1,1,@DISEASE_Geographic_Atrophy,Geographic Atrophy,3,3,3,6,6,2.0,2.0
@DISEASE_Gestational_Trophoblastic_Disease,Gestational Trophoblastic Disease,1,1,@DISEASE_Gestational_Trophoblastic_Disease,Gestational Trophoblastic Disease,6,6,6,113,397,2.5,2.5
@DISEASE_Gestational_Weight_Gain,Gestational Weight Gain,2,3,@DISEASE_Gestational_Weight_Gain,Gestational Weight Gain,3,3,3,7,7,2.0,2.0
@DISEASE_Giant_Cell_Arteritis,Giant Cell Arteritis,4,6,@DISEASE_Giant_Cell_Arteritis,Giant Cell Arteritis,19,18,19,412,582,1.0,1.0
@DISEASE_Gingival_Recession,Gingival Recession,1,1,@DISEASE_Gingival_Recession,Gingival Recession,7,7,7,7,7,1.0,1.0
@DISEASE_Gingivitis,Gingivitis,1,1,@DISEASE_Gingivitis,Gingivitis,28,25,28,137,137,2.0,2.0
@DISEASE_Gitelman_Syndrome,Gitelman Syndrome,1,1,@DISEASE_Gitelman_Syndrome,Gitelman Syndrome,9,9,9,55,55,2.0,2.0
@DISEASE_Glaucoma,Glaucoma,99,100,@DISEASE_Glaucoma,Glaucoma,63,58,63,381,381,3.0,3.0
@DISEASE_Glaucoma_Angle_Closure,Glaucoma Angle Closure,4,4,@DISEASE_Glaucoma_Angle_Closure,Glaucoma Angle Closure,18,18,18,136,136,2.0,2.0
@DISEASE_Glaucoma_Open_Angle,Glaucoma Open Angle,100,100,@DISEASE_Glaucoma_Open_Angle,Glaucoma Open Angle,34,32,34,103,103,2.0,2.0
@DISEASE_Glioblastoma,Glioblastoma,16,17,@DISEASE_Glioblastoma,Glioblastoma,69,67,69,560,560,3.0,3.0
@DISEASE_Glioma,Glioma,8,8,@DISEASE_Glioma,Glioma,68,66,68,546,546,3.0,3.0
@DISEASE_Gliosarcoma,Gliosarcoma,1,1,@DISEASE_Gliosarcoma,Gliosarcoma,6,6,6,10,10,1.0,1.0
@DISEASE_Globus_Sensation,Globus Sensation,1,1,@DISEASE_Globus_Sensation,Globus Sensation,9,9,9,19,19,2.0,2.0
@DISEASE_Glomerulonephritis,Glomerulonephritis,5,7,@DISEASE_Glomerulonephritis,Glomerulonephritis,66,59,66,697,962,3.0,3.0
@DISEASE_Glomerulonephritis_IGA,Glomerulonephritis IGA,5,7,@DISEASE_Glomerulonephritis_IGA,Glomerulonephritis IGA,31,30,31,369,369,2.0,2.0
@DISEASE_Glomerulonephritis_Membranous,Glomerulonephritis Membranous,1,1,@DISEASE_Glomerulonephritis_Membranous,Glomerulonephritis Membranous,42,39,42,435,464,4.0,4.0
@DISEASE_Glomerulosclerosis_Focal_Segmental,Glomerulosclerosis Focal Segmental,7,12,@DISEASE_Glomerulosclerosis_Focal_Segmental,Glomerulosclerosis Focal Segmental,33,31,33,235,235,2.0,2.0
@DISEASE_Glucose_Intolerance,Glucose Intolerance,6,6,@DISEASE_Glucose_Intolerance,Glucose Intolerance,72,65,72,659,848,5.0,5.0
@DISEASE_Glucose_Metabolism_Disorders,Glucose Metabolism Disorders,10,13,@DISEASE_Glucose_Metabolism_Disorders,Glucose Metabolism Disorders,23,23,23,97,97,2.0,2.0
@DISEASE_Glycogen_Storage_Disease_Type_I,Glycogen Storage Disease Type I,1,1,@DISEASE_Glycogen_Storage_Disease_Type_I,Glycogen Storage Disease Type I,1,1,1,1,1,1.0,1.0
@DISEASE_Glycogen_Storage_Disease_Type_II,Glycogen Storage Disease Type II,1,1,@DISEASE_Glycogen_Storage_Disease_Type_II,Glycogen Storage Disease Type II,19,18,19,66,66,1.0,1.0
@DISEASE_Glycogen_Storage_Disease_Type_III,Glycogen Storage Disease Type III,1,3,@DISEASE_Glycogen_Storage_Disease_Type_III,Glycogen Storage Disease Type III,1,1,1,1,1,1.0,1.0
@DISEASE_Goiter,Goiter,3,3,@DISEASE_Goiter,Goiter,18,15,18,274,464,2.0,2.0
@DISEASE_Goiter_Nodular,Goiter Nodular,3,3,@DISEASE_Goiter_Nodular,Goiter Nodular,8,7,8,83,83,2.0,2.0
@DISEASE_Gonadal_Disorders,Gonadal Disorders,3,4,@DISEASE_Gonadal_Disorders,Gonadal Disorders,9,7,9,73,73,2.0,2.0
@DISEASE_Gonadal_Dysgenesis,Gonadal Dysgenesis,1,1,@DISEASE_Gonadal_Dysgenesis,Gonadal Dysgenesis,6,4,6,29,29,4.0,4.0
@DISEASE_Gonorrhea,Gonorrhea,5,5,@DISEASE_Gonorrhea,Gonorrhea,13,10,13,358,524,6.0,6.0
@DISEASE_Gout,Gout,68,84,@DISEASE_Gout,Gout,47,44,47,373,1283,2.0,2.0
@DISEASE_Graft_vs_Host_Disease,Graft vs Host Disease,7,9,@DISEASE_Graft_vs_Host_Disease,Graft vs Host Disease,39,37,39,489,1750,2.0,2.0
@DISEASE_Gram_Negative_Bacterial_Infections,Gram Negative Bacterial Infections,1,3,@DISEASE_Gram_Negative_Bacterial_Infections,Gram Negative Bacterial Infections,11,9,11,102,102,2.0,2.0
@DISEASE_Granulomatosis_with_Polyangiitis,Granulomatosis with Polyangiitis,2,2,@DISEASE_Granulomatosis_with_Polyangiitis,Granulomatosis with Polyangiitis,20,16,20,516,675,1.5,1.5
@DISEASE_Granulomatous_Disease_Chronic,Granulomatous Disease Chronic,1,1,@DISEASE_Granulomatous_Disease_Chronic,Granulomatous Disease Chronic,19,18,19,107,107,3.0,3.0
@DISEASE_Graves_Disease,Graves Disease,19,25,@DISEASE_Graves_Disease,Graves Disease,28,26,28,493,694,2.5,2.5
@DISEASE_Graves_Ophthalmopathy,Graves Ophthalmopathy,8,14,@DISEASE_Graves_Ophthalmopathy,Graves Ophthalmopathy,30,25,30,360,432,2.5,2.5
@DISEASE_Growth_Disorders,Growth Disorders,1,1,@DISEASE_Growth_Disorders,Growth Disorders,50,43,50,539,539,3.0,3.0
@DISEASE_HELLP_Syndrome,HELLP Syndrome,1,1,@DISEASE_HELLP_Syndrome,HELLP Syndrome,11,11,11,40,40,2.0,2.0
@DISEASE_HIV_Infections,HIV Infections,205,236,@DISEASE_HIV_Infections,HIV Infections,97,87,97,1269,1736,6.0,6.0
@DISEASE_HIV_Seropositivity,HIV Seropositivity,1,1,@DISEASE_HIV_Seropositivity,HIV Seropositivity,39,36,39,117,117,2.0,2.0
@DISEASE_HTLV_I_Infections,HTLV I Infections,1,1,@DISEASE_HTLV_I_Infections,HTLV I Infections,9,9,9,22,22,1.0,1.0
@DISEASE_Hair_Diseases,Hair Diseases,1,1,@DISEASE_Hair_Diseases,Hair Diseases,21,21,21,40,40,2.0,2.0
@DISEASE_Hallux_Valgus,Hallux Valgus,1,1,@DISEASE_Hallux_Valgus,Hallux Valgus,5,5,5,11,11,2.0,2.0
@DISEASE_Hand_Deformities_Congenital,Hand Deformities Congenital,1,2,@DISEASE_Hand_Deformities_Congenital,Hand Deformities Congenital,1,1,1,1,1,1.0,1.0
@DISEASE_Hand_Foot_Syndrome,Hand Foot Syndrome,1,1,@DISEASE_Hand_Foot_Syndrome,Hand Foot Syndrome,14,14,14,62,62,1.5,1.5
@DISEASE_Hand_Foot_and_Mouth_Disease,Hand Foot and Mouth Disease,2,2,@DISEASE_Hand_Foot_and_Mouth_Disease,Hand Foot and Mouth Disease,9,8,9,16,16,1.0,1.0
@DISEASE_Hand_Injuries,Hand Injuries,3,6,@DISEASE_Hand_Injuries,Hand Injuries,13,13,13,20,20,1.0,1.0
@DISEASE_Hashimoto_Disease,Hashimoto Disease,3,3,@DISEASE_Hashimoto_Disease,Hashimoto Disease,24,23,24,223,440,3.0,3.0
@DISEASE_Head_Injuries_Closed,Head Injuries Closed,1,1,@DISEASE_Head_Injuries_Closed,Head Injuries Closed,11,11,11,16,16,1.0,1.0
@DISEASE_Head_and_Neck_Neoplasms,Head and Neck Neoplasms,4,4,@DISEASE_Head_and_Neck_Neoplasms,Head and Neck Neoplasms,89,82,89,841,986,4.0,4.0
@DISEASE_Headache,Headache,33,49,@DISEASE_Headache,Headache,125,107,125,3928,5149,17.0,17.0
@DISEASE_Headache_Disorders,Headache Disorders,3,3,@DISEASE_Headache_Disorders,Headache Disorders,30,30,30,143,143,2.0,2.0
@DISEASE_Headache_Disorders_Primary,Headache Disorders Primary,2,3,@DISEASE_Headache_Disorders_Primary,Headache Disorders Primary,30,30,30,94,94,2.0,2.0
@DISEASE_Hearing_Loss,Hearing Loss,1,3,@DISEASE_Hearing_Loss,Hearing Loss,58,56,58,504,505,3.0,3.0
@DISEASE_Hearing_Loss_Conductive,Hearing Loss Conductive,1,1,@DISEASE_Hearing_Loss_Conductive,Hearing Loss Conductive,2,2,2,4,4,2.0,2.0
@DISEASE_Hearing_Loss_Sensorineural,Hearing Loss Sensorineural,2,2,@DISEASE_Hearing_Loss_Sensorineural,Hearing Loss Sensorineural,41,35,41,388,388,3.0,3.0
@DISEASE_Hearing_Loss_Sudden,Hearing Loss Sudden,2,6,@DISEASE_Hearing_Loss_Sudden,Hearing Loss Sudden,13,12,13,70,70,1.0,1.0
@DISEASE_Heart_Arrest,Heart Arrest,3,7,@DISEASE_Heart_Arrest,Heart Arrest,73,69,73,659,721,5.0,5.0
@DISEASE_Heart_Defects_Congenital,Heart Defects Congenital,6,8,@DISEASE_Heart_Defects_Congenital,Heart Defects Congenital,48,46,48,311,360,2.0,2.0
@DISEASE_Heart_Diseases,Heart Diseases,51,94,@DISEASE_Heart_Diseases,Heart Diseases,131,113,131,3382,3788,13.0,13.0
@DISEASE_Heart_Failure,Heart Failure,239,312,@DISEASE_Heart_Failure,Heart Failure,124,104,124,4201,11280,13.5,13.5
@DISEASE_Heart_Failure_Diastolic,Heart Failure Diastolic,12,19,@DISEASE_Heart_Failure_Diastolic,Heart Failure Diastolic,34,33,34,206,206,2.0,2.0
@DISEASE_Heart_Failure_Systolic,Heart Failure Systolic,9,11,@DISEASE_Heart_Failure_Systolic,Heart Failure Systolic,29,28,29,376,389,3.0,3.0
@DISEASE_Heart_Injuries,Heart Injuries,1,1,@DISEASE_Heart_Injuries,Heart Injuries,11,11,11,18,18,1.0,1.0
@DISEASE_Heart_Murmurs,Heart Murmurs,1,2,@DISEASE_Heart_Murmurs,Heart Murmurs,48,46,48,244,244,2.0,2.0
@DISEASE_Heart_Septal_Defects_Atrial,Heart Septal Defects Atrial,1,1,@DISEASE_Heart_Septal_Defects_Atrial,Heart Septal Defects Atrial,22,22,22,85,85,1.0,1.0
@DISEASE_Heart_Valve_Diseases,Heart Valve Diseases,5,7,@DISEASE_Heart_Valve_Diseases,Heart Valve Diseases,31,31,31,237,357,2.0,2.0
@DISEASE_Heartburn,Heartburn,15,19,@DISEASE_Heartburn,Heartburn,26,25,26,331,372,2.0,2.0
@DISEASE_Helicobacter_Infections,Helicobacter Infections,13,26,@DISEASE_Helicobacter_Infections,Helicobacter Infections,25,24,25,595,1988,7.0,7.0
@DISEASE_Hemangioma,Hemangioma,6,8,@DISEASE_Hemangioma,Hemangioma,23,22,23,238,611,3.0,3.0
@DISEASE_Hemangioma_Capillary,Hemangioma Capillary,1,1,@DISEASE_Hemangioma_Capillary,Hemangioma Capillary,7,5,7,43,43,2.0,2.0
@DISEASE_Hematologic_Diseases,Hematologic Diseases,6,6,@DISEASE_Hematologic_Diseases,Hematologic Diseases,77,70,77,732,756,4.0,4.0
@DISEASE_Hematoma,Hematoma,3,4,@DISEASE_Hematoma,Hematoma,47,45,47,452,580,2.0,2.0
@DISEASE_Hematoma_Subdural,Hematoma Subdural,2,5,@DISEASE_Hematoma_Subdural,Hematoma Subdural,21,21,21,124,124,2.0,2.0
@DISEASE_Hematoma_Subdural_Chronic,Hematoma Subdural Chronic,2,4,@DISEASE_Hematoma_Subdural_Chronic,Hematoma Subdural Chronic,10,10,10,80,80,1.0,1.0
@DISEASE_Hematuria,Hematuria,4,4,@DISEASE_Hematuria,Hematuria,36,35,36,375,375,2.0,2.0
@DISEASE_Hematuria_Benign_Familial,Hematuria Benign Familial,1,1,@DISEASE_Hematuria_Benign_Familial,Hematuria Benign Familial,5,5,5,6,6,1.0,1.0
@DISEASE_Hemochromatosis,Hemochromatosis,2,2,@DISEASE_Hemochromatosis,Hemochromatosis,18,16,18,62,62,1.0,1.0
@DISEASE_Hemoglobinopathies,Hemoglobinopathies,2,2,@DISEASE_Hemoglobinopathies,Hemoglobinopathies,7,7,7,14,14,2.0,2.0
@DISEASE_Hemolytic_Uremic_Syndrome,Hemolytic Uremic Syndrome,1,1,@DISEASE_Hemolytic_Uremic_Syndrome,Hemolytic Uremic Syndrome,64,62,64,350,350,3.0,3.0
@DISEASE_Hemophilia_A,Hemophilia A,1,1,@DISEASE_Hemophilia_A,Hemophilia A,15,15,15,149,149,3.0,3.0
@DISEASE_Hemophilia_B,Hemophilia B,1,1,@DISEASE_Hemophilia_B,Hemophilia B,9,9,9,11,11,1.0,1.0
@DISEASE_Hemopneumothorax,Hemopneumothorax,1,1,@DISEASE_Hemopneumothorax,Hemopneumothorax,2,2,2,2,2,1.0,1.0
@DISEASE_Hemorrhage,Hemorrhage,12,19,@DISEASE_Hemorrhage,Hemorrhage,124,99,124,3069,13323,8.0,8.0
@DISEASE_Hemorrhagic_Stroke,Hemorrhagic Stroke,2,2,@DISEASE_Hemorrhagic_Stroke,Hemorrhagic Stroke,23,22,23,238,238,2.0,2.0
@DISEASE_Hemorrhoids,Hemorrhoids,3,3,@DISEASE_Hemorrhoids,Hemorrhoids,16,15,16,28,28,1.0,1.0
@DISEASE_Hepatic_Encephalopathy,Hepatic Encephalopathy,6,7,@DISEASE_Hepatic_Encephalopathy,Hepatic Encephalopathy,35,35,35,127,127,2.0,2.0
@DISEASE_Hepatic_Insufficiency,Hepatic Insufficiency,3,3,@DISEASE_Hepatic_Insufficiency,Hepatic Insufficiency,9,9,9,18,18,2.0,2.0
@DISEASE_Hepatitis_Alcoholic,Hepatitis Alcoholic,1,2,@DISEASE_Hepatitis_Alcoholic,Hepatitis Alcoholic,21,21,21,139,139,2.0,2.0
@DISEASE_Hepatitis_Autoimmune,Hepatitis Autoimmune,2,3,@DISEASE_Hepatitis_Autoimmune,Hepatitis Autoimmune,20,19,20,288,510,1.5,1.5
@DISEASE_Hepatitis_B,Hepatitis B,6,10,@DISEASE_Hepatitis_B,Hepatitis B,42,40,42,212,212,2.0,2.0
@DISEASE_Hepatitis_B_Chronic,Hepatitis B Chronic,4,7,@DISEASE_Hepatitis_B_Chronic,Hepatitis B Chronic,27,25,27,131,131,1.0,1.0
@DISEASE_Hepatitis_C,Hepatitis C,23,27,@DISEASE_Hepatitis_C,Hepatitis C,41,41,41,123,123,2.0,2.0
@DISEASE_Hepatitis_C_Chronic,Hepatitis C Chronic,15,18,@DISEASE_Hepatitis_C_Chronic,Hepatitis C Chronic,50,50,50,180,180,2.0,2.0
@DISEASE_Hepatitis_D_Chronic,Hepatitis D Chronic,1,1,@DISEASE_Hepatitis_D_Chronic,Hepatitis D Chronic,3,3,3,3,3,1.0,1.0
@DISEASE_Hepatoblastoma,Hepatoblastoma,1,2,@DISEASE_Hepatoblastoma,Hepatoblastoma,17,17,17,31,31,2.0,2.0
@DISEASE_Hernia,Hernia,3,6,@DISEASE_Hernia,Hernia,22,20,22,51,51,1.0,1.0
@DISEASE_Hernia_Abdominal,Hernia Abdominal,2,5,@DISEASE_Hernia_Abdominal,Hernia Abdominal,9,9,9,16,16,1.0,1.0
@DISEASE_Hernia_Hiatal,Hernia Hiatal,2,3,@DISEASE_Hernia_Hiatal,Hernia Hiatal,7,7,7,14,14,2.0,2.0
@DISEASE_Hernia_Inguinal,Hernia Inguinal,11,12,@DISEASE_Hernia_Inguinal,Hernia Inguinal,31,29,31,112,112,2.0,2.0
@DISEASE_Hernia_Ventral,Hernia Ventral,3,4,@DISEASE_Hernia_Ventral,Hernia Ventral,7,7,7,9,9,1.0,1.0
@DISEASE_Heroin_Dependence,Heroin Dependence,7,7,@DISEASE_Heroin_Dependence,Heroin Dependence,21,20,21,67,67,2.0,2.0
@DISEASE_Herpes_Genitalis,Herpes Genitalis,8,11,@DISEASE_Herpes_Genitalis,Herpes Genitalis,10,10,10,211,491,1.5,1.5
@DISEASE_Herpes_Labialis,Herpes Labialis,15,17,@DISEASE_Herpes_Labialis,Herpes Labialis,13,13,13,155,200,1.0,1.0
@DISEASE_Herpes_Simplex,Herpes Simplex,31,42,@DISEASE_Herpes_Simplex,Herpes Simplex,29,25,29,257,1535,1.0,1.0
@DISEASE_Herpes_Zoster,Herpes Zoster,21,29,@DISEASE_Herpes_Zoster,Herpes Zoster,41,38,41,549,1213,3.0,3.0
@DISEASE_Herpes_Zoster_Ophthalmicus,Herpes Zoster Ophthalmicus,1,2,@DISEASE_Herpes_Zoster_Ophthalmicus,Herpes Zoster Ophthalmicus,11,10,11,140,140,2.0,2.0
@DISEASE_Herpesviridae_Infections,Herpesviridae Infections,2,4,@DISEASE_Herpesviridae_Infections,Herpesviridae Infections,9,8,9,136,136,2.0,2.0
@DISEASE_Hiccup,Hiccup,1,1,@DISEASE_Hiccup,Hiccup,28,27,28,234,237,3.0,3.0
@DISEASE_Hidradenitis_Suppurativa,Hidradenitis Suppurativa,10,11,@DISEASE_Hidradenitis_Suppurativa,Hidradenitis Suppurativa,32,28,32,358,649,2.0,2.0
@DISEASE_Hip_Fractures,Hip Fractures,17,22,@DISEASE_Hip_Fractures,Hip Fractures,41,38,41,489,581,3.0,3.0
@DISEASE_Histoplasmosis,Histoplasmosis,1,1,@DISEASE_Histoplasmosis,Histoplasmosis,13,12,13,134,134,2.0,2.0
@DISEASE_Hoarding_Disorder,Hoarding Disorder,1,1,@DISEASE_Hoarding_Disorder,Hoarding Disorder,3,3,3,6,6,2.0,2.0
@DISEASE_Hodgkin_Disease,Hodgkin Disease,2,2,@DISEASE_Hodgkin_Disease,Hodgkin Disease,35,34,35,376,584,1.0,1.0
@DISEASE_Homozygous_Familial_Hypercholesterolemia,Homozygous Familial Hypercholesterolemia,1,1,@DISEASE_Homozygous_Familial_Hypercholesterolemia,Homozygous Familial Hypercholesterolemia,7,7,7,43,43,3.0,3.0
@DISEASE_Horner_Syndrome,Horner Syndrome,1,1,@DISEASE_Horner_Syndrome,Horner Syndrome,21,21,21,58,58,1.0,1.0
@DISEASE_Hot_Flashes,Hot Flashes,30,40,@DISEASE_Hot_Flashes,Hot Flashes,40,36,40,424,424,2.5,2.5
@DISEASE_Humeral_Fractures,Humeral Fractures,1,1,@DISEASE_Humeral_Fractures,Humeral Fractures,17,16,17,24,24,1.0,1.0
@DISEASE_Huntington_Disease,Huntington Disease,4,4,@DISEASE_Huntington_Disease,Huntington Disease,65,64,65,251,251,2.0,2.0
@DISEASE_Hydatidiform_Mole,Hydatidiform Mole,1,2,@DISEASE_Hydatidiform_Mole,Hydatidiform Mole,10,10,10,64,64,1.5,1.5
@DISEASE_Hydrocephalus,Hydrocephalus,2,2,@DISEASE_Hydrocephalus,Hydrocephalus,37,35,37,158,158,3.0,3.0
@DISEASE_Hyperaldosteronism,Hyperaldosteronism,3,5,@DISEASE_Hyperaldosteronism,Hyperaldosteronism,25,25,25,179,262,2.0,2.0
@DISEASE_Hyperalgesia,Hyperalgesia,9,11,@DISEASE_Hyperalgesia,Hyperalgesia,99,87,99,1404,1696,5.0,5.0
@DISEASE_Hyperandrogenism,Hyperandrogenism,10,11,@DISEASE_Hyperandrogenism,Hyperandrogenism,24,20,24,346,434,3.0,3.0
@DISEASE_Hyperbilirubinemia_Neonatal,Hyperbilirubinemia Neonatal,1,1,@DISEASE_Hyperbilirubinemia_Neonatal,Hyperbilirubinemia Neonatal,5,5,5,9,9,2.0,2.0
@DISEASE_Hypercalcemia,Hypercalcemia,2,2,@DISEASE_Hypercalcemia,Hypercalcemia,37,36,37,556,630,3.0,3.0
@DISEASE_Hypercalciuria,Hypercalciuria,3,3,@DISEASE_Hypercalciuria,Hypercalciuria,22,22,22,173,173,1.5,1.5
@DISEASE_Hypercapnia,Hypercapnia,3,5,@DISEASE_Hypercapnia,Hypercapnia,29,28,29,74,74,1.0,1.0
@DISEASE_Hypercholesterolemia,Hypercholesterolemia,182,337,@DISEASE_Hypercholesterolemia,Hypercholesterolemia,51,47,51,906,2375,5.0,5.0
@DISEASE_Hyperemesis_Gravidarum,Hyperemesis Gravidarum,5,5,@DISEASE_Hyperemesis_Gravidarum,Hyperemesis Gravidarum,19,19,19,117,117,3.0,3.0
@DISEASE_Hyperglycemia,Hyperglycemia,22,24,@DISEASE_Hyperglycemia,Hyperglycemia,72,65,72,993,1284,5.0,5.0
@DISEASE_Hyperhidrosis,Hyperhidrosis,9,9,@DISEASE_Hyperhidrosis,Hyperhidrosis,26,26,26,158,158,2.0,2.0
@DISEASE_Hyperhomocysteinemia,Hyperhomocysteinemia,2,2,@DISEASE_Hyperhomocysteinemia,Hyperhomocysteinemia,27,27,27,285,1012,2.0,2.0
@DISEASE_Hyperinsulinism,Hyperinsulinism,2,3,@DISEASE_Hyperinsulinism,Hyperinsulinism,33,32,33,302,362,3.0,3.0
@DISEASE_Hyperkalemia,Hyperkalemia,16,18,@DISEASE_Hyperkalemia,Hyperkalemia,24,22,24,476,608,5.0,5.0
@DISEASE_Hyperlipidemia_Familial_Combined,Hyperlipidemia Familial Combined,1,1,@DISEASE_Hyperlipidemia_Familial_Combined,Hyperlipidemia Familial Combined,9,8,9,53,53,5.0,5.0
@DISEASE_Hyperlipidemias,Hyperlipidemias,104,145,@DISEASE_Hyperlipidemias,Hyperlipidemias,75,64,75,1051,1467,4.0,4.0
@DISEASE_Hyperlipoproteinemia_Type_III,Hyperlipoproteinemia Type III,2,2,@DISEASE_Hyperlipoproteinemia_Type_III,Hyperlipoproteinemia Type III,9,9,9,35,35,4.0,4.0
@DISEASE_Hyperlipoproteinemia_Type_IV,Hyperlipoproteinemia Type IV,1,1,@DISEASE_Hyperlipoproteinemia_Type_IV,Hyperlipoproteinemia Type IV,4,4,4,13,13,3.0,3.0
@DISEASE_Hyperlipoproteinemia_Type_V,Hyperlipoproteinemia Type V,1,1,@DISEASE_Hyperlipoproteinemia_Type_V,Hyperlipoproteinemia Type V,1,1,1,4,4,4.0,4.0
@DISEASE_Hyperlipoproteinemias,Hyperlipoproteinemias,2,2,@DISEASE_Hyperlipoproteinemias,Hyperlipoproteinemias,13,13,13,72,72,2.0,2.0
@DISEASE_Hypernatremia,Hypernatremia,2,2,@DISEASE_Hypernatremia,Hypernatremia,10,10,10,35,35,2.0,2.0
@DISEASE_Hyperoxaluria,Hyperoxaluria,2,3,@DISEASE_Hyperoxaluria,Hyperoxaluria,11,11,11,24,24,1.0,1.0
@DISEASE_Hyperparathyroidism,Hyperparathyroidism,7,7,@DISEASE_Hyperparathyroidism,Hyperparathyroidism,12,12,12,54,54,2.5,2.5
@DISEASE_Hyperparathyroidism_Primary,Hyperparathyroidism Primary,5,5,@DISEASE_Hyperparathyroidism_Primary,Hyperparathyroidism Primary,22,20,22,78,78,2.0,2.0
@DISEASE_Hyperparathyroidism_Secondary,Hyperparathyroidism Secondary,6,7,@DISEASE_Hyperparathyroidism_Secondary,Hyperparathyroidism Secondary,10,10,10,120,120,2.5,2.5
@DISEASE_Hyperphosphatemia,Hyperphosphatemia,1,4,@DISEASE_Hyperphosphatemia,Hyperphosphatemia,16,16,16,63,63,1.0,1.0
@DISEASE_Hyperpigmentation,Hyperpigmentation,1,1,@DISEASE_Hyperpigmentation,Hyperpigmentation,35,31,35,191,191,3.0,3.0
@DISEASE_Hyperplasia,Hyperplasia,1,1,@DISEASE_Hyperplasia,Hyperplasia,84,72,84,911,968,4.0,4.0
@DISEASE_Hyperprolactinemia,Hyperprolactinemia,5,5,@DISEASE_Hyperprolactinemia,Hyperprolactinemia,27,24,27,398,425,3.0,3.0
@DISEASE_Hypersensitivity,Hypersensitivity,1,4,@DISEASE_Hypersensitivity,Hypersensitivity,32,31,32,172,172,3.0,3.0
@DISEASE_Hypersplenism,Hypersplenism,1,1,@DISEASE_Hypersplenism,Hypersplenism,7,7,7,9,9,1.0,1.0
@DISEASE_Hypertension,Hypertension,774,1288,@DISEASE_Hypertension,Hypertension,163,117,163,5235,22835,12.0,12.0
@DISEASE_Hypertension_Portal,Hypertension Portal,40,52,@DISEASE_Hypertension_Portal,Hypertension Portal,46,44,46,377,497,3.0,3.0
@DISEASE_Hypertension_Pregnancy_Induced,Hypertension Pregnancy Induced,12,13,@DISEASE_Hypertension_Pregnancy_Induced,Hypertension Pregnancy Induced,31,28,31,242,242,2.0,2.0
@DISEASE_Hypertension_Pulmonary,Hypertension Pulmonary,16,18,@DISEASE_Hypertension_Pulmonary,Hypertension Pulmonary,74,67,74,840,1652,4.0,4.0
@DISEASE_Hypertension_Resistant_to_Conventional_Therapy,Hypertension Resistant to Conventional Therapy,8,13,@DISEASE_Hypertension_Resistant_to_Conventional_Therapy,Hypertension Resistant to Conventional Therapy,2,2,2,1,1,0.5,0.5
@DISEASE_Hyperthermia,Hyperthermia,1,1,@DISEASE_Hyperthermia,Hyperthermia,12,12,12,24,24,1.5,1.5
@DISEASE_Hyperthyroidism,Hyperthyroidism,12,12,@DISEASE_Hyperthyroidism,Hyperthyroidism,53,46,53,684,2479,3.0,3.0
@DISEASE_Hypertriglyceridemia,Hypertriglyceridemia,28,40,@DISEASE_Hypertriglyceridemia,Hypertriglyceridemia,36,36,36,352,428,3.5,3.5
@DISEASE_Hypertrophy_Left_Ventricular,Hypertrophy Left Ventricular,14,23,@DISEASE_Hypertrophy_Left_Ventricular,Hypertrophy Left Ventricular,52,48,52,794,1005,6.0,6.0
@DISEASE_Hyperuricemia,Hyperuricemia,30,30,@DISEASE_Hyperuricemia,Hyperuricemia,37,34,37,262,735,3.0,3.0
@DISEASE_Hypoalbuminemia,Hypoalbuminemia,1,1,@DISEASE_Hypoalbuminemia,Hypoalbuminemia,27,27,27,137,137,2.0,2.0
@DISEASE_Hypoalphalipoproteinemias,Hypoalphalipoproteinemias,1,1,@DISEASE_Hypoalphalipoproteinemias,Hypoalphalipoproteinemias,21,21,21,36,36,1.0,1.0
@DISEASE_Hypocalcemia,Hypocalcemia,4,4,@DISEASE_Hypocalcemia,Hypocalcemia,16,16,16,129,129,2.5,2.5
@DISEASE_Hypoglycemia,Hypoglycemia,10,13,@DISEASE_Hypoglycemia,Hypoglycemia,75,70,75,1253,1605,5.0,5.0
@DISEASE_Hypogonadism,Hypogonadism,45,46,@DISEASE_Hypogonadism,Hypogonadism,28,21,28,480,2254,3.5,3.5
@DISEASE_Hypokalemia,Hypokalemia,3,8,@DISEASE_Hypokalemia,Hypokalemia,41,39,41,574,614,3.0,3.0
@DISEASE_Hyponatremia,Hyponatremia,2,2,@DISEASE_Hyponatremia,Hyponatremia,44,42,44,403,403,3.0,3.0
@DISEASE_Hypoparathyroidism,Hypoparathyroidism,2,2,@DISEASE_Hypoparathyroidism,Hypoparathyroidism,14,13,14,118,118,3.5,3.5
@DISEASE_Hypophosphatemia,Hypophosphatemia,1,1,@DISEASE_Hypophosphatemia,Hypophosphatemia,11,11,11,32,32,3.0,3.0
@DISEASE_Hypopituitarism,Hypopituitarism,4,5,@DISEASE_Hypopituitarism,Hypopituitarism,27,21,27,223,244,2.0,2.0
@DISEASE_Hypoproteinemia,Hypoproteinemia,1,1,@DISEASE_Hypoproteinemia,Hypoproteinemia,13,13,13,36,36,1.0,1.0
@DISEASE_Hypospadias,Hypospadias,4,8,@DISEASE_Hypospadias,Hypospadias,15,10,15,126,126,3.0,3.0
@DISEASE_Hypotension,Hypotension,10,14,@DISEASE_Hypotension,Hypotension,113,96,113,2841,4747,10.0,10.0
@DISEASE_Hypotension_Orthostatic,Hypotension Orthostatic,5,10,@DISEASE_Hypotension_Orthostatic,Hypotension Orthostatic,32,31,32,239,239,4.0,4.0
@DISEASE_Hypothermia,Hypothermia,3,3,@DISEASE_Hypothermia,Hypothermia,63,56,63,524,524,4.0,4.0
@DISEASE_Hypothyroidism,Hypothyroidism,75,91,@DISEASE_Hypothyroidism,Hypothyroidism,62,55,62,831,6522,4.0,4.0
@DISEASE_Hypotrichosis,Hypotrichosis,1,1,@DISEASE_Hypotrichosis,Hypotrichosis,23,22,23,37,37,1.0,1.0
@DISEASE_Hypovolemia,Hypovolemia,1,1,@DISEASE_Hypovolemia,Hypovolemia,14,14,14,60,60,1.5,1.5
@DISEASE_Hypoxia,Hypoxia,6,6,@DISEASE_Hypoxia,Hypoxia,101,89,101,1770,1804,7.0,7.0
@DISEASE_Hypoxia_Brain,Hypoxia Brain,1,1,@DISEASE_Hypoxia_Brain,Hypoxia Brain,78,73,78,682,682,3.5,3.5
@DISEASE_Hypoxia_Ischemia_Brain,Hypoxia Ischemia Brain,1,1,@DISEASE_Hypoxia_Ischemia_Brain,Hypoxia Ischemia Brain,32,30,32,146,146,2.0,2.0
@DISEASE_Idiopathic_Hypersomnia,Idiopathic Hypersomnia,1,1,@DISEASE_Idiopathic_Hypersomnia,Idiopathic Hypersomnia,6,6,6,11,11,1.0,1.0
@DISEASE_Idiopathic_Pulmonary_Fibrosis,Idiopathic Pulmonary Fibrosis,8,11,@DISEASE_Idiopathic_Pulmonary_Fibrosis,Idiopathic Pulmonary Fibrosis,37,35,37,233,234,1.0,1.0
@DISEASE_IgA_Vasculitis,IgA Vasculitis,1,3,@DISEASE_IgA_Vasculitis,IgA Vasculitis,32,31,32,431,431,3.0,3.0
@DISEASE_IgG_Deficiency,IgG Deficiency,1,1,@DISEASE_IgG_Deficiency,IgG Deficiency,5,5,5,29,29,6.0,6.0
@DISEASE_Ileus,Ileus,3,8,@DISEASE_Ileus,Ileus,24,23,24,49,49,1.0,1.0
@DISEASE_Immune_Reconstitution_Inflammatory_Syndrome,Immune Reconstitution Inflammatory Syndrome,2,5,@DISEASE_Immune_Reconstitution_Inflammatory_Syndrome,Immune Reconstitution Inflammatory Syndrome,12,12,12,68,68,3.0,3.0
@DISEASE_Immune_System_Diseases,Immune System Diseases,5,5,@DISEASE_Immune_System_Diseases,Immune System Diseases,40,38,40,213,213,2.0,2.0
@DISEASE_Immunologic_Deficiency_Syndromes,Immunologic Deficiency Syndromes,1,2,@DISEASE_Immunologic_Deficiency_Syndromes,Immunologic Deficiency Syndromes,72,61,72,746,1138,2.0,2.0
@DISEASE_Impetigo,Impetigo,1,1,@DISEASE_Impetigo,Impetigo,14,13,14,62,62,3.0,3.0
@DISEASE_Inappropriate_ADH_Syndrome,Inappropriate ADH Syndrome,1,1,@DISEASE_Inappropriate_ADH_Syndrome,Inappropriate ADH Syndrome,15,15,15,91,91,3.0,3.0
@DISEASE_Infant_Newborn_Diseases,Infant Newborn Diseases,1,1,@DISEASE_Infant_Newborn_Diseases,Infant Newborn Diseases,28,26,28,94,94,2.0,2.0
@DISEASE_Infarction_Anterior_Cerebral_Artery,Infarction Anterior Cerebral Artery,1,1,@DISEASE_Infarction_Anterior_Cerebral_Artery,Infarction Anterior Cerebral Artery,8,8,8,19,19,1.5,1.5
@DISEASE_Infarction_Middle_Cerebral_Artery,Infarction Middle Cerebral Artery,1,1,@DISEASE_Infarction_Middle_Cerebral_Artery,Infarction Middle Cerebral Artery,73,69,73,442,442,3.0,3.0
@DISEASE_Infections,Infections,47,66,@DISEASE_Infections,Infections,138,113,138,3306,8138,6.0,6.0
@DISEASE_Infectious_Mononucleosis,Infectious Mononucleosis,1,2,@DISEASE_Infectious_Mononucleosis,Infectious Mononucleosis,18,17,18,96,96,2.0,2.0
@DISEASE_Infertility,Infertility,63,78,@DISEASE_Infertility,Infertility,60,47,60,750,913,3.0,3.0
@DISEASE_Infertility_Female,Infertility Female,23,27,@DISEASE_Infertility_Female,Infertility Female,10,10,10,22,22,1.5,1.5
@DISEASE_Infertility_Male,Infertility Male,10,11,@DISEASE_Infertility_Male,Infertility Male,25,23,25,181,181,3.0,3.0
@DISEASE_Inflammation,Inflammation,62,82,@DISEASE_Inflammation,Inflammation,198,132,198,8093,22801,23.5,23.5
@DISEASE_Inflammatory_Bowel_Diseases,Inflammatory Bowel Diseases,25,29,@DISEASE_Inflammatory_Bowel_Diseases,Inflammatory Bowel Diseases,71,67,71,795,1458,3.0,3.0
@DISEASE_Influenza_Human,Influenza Human,1,1,@DISEASE_Influenza_Human,Influenza Human,56,53,56,397,398,3.0,3.0
@DISEASE_Insomnia_Fatal_Familial,Insomnia Fatal Familial,1,1,@DISEASE_Insomnia_Fatal_Familial,Insomnia Fatal Familial,1,1,1,4,4,4.0,4.0
@DISEASE_Insulin_Resistance,Insulin Resistance,61,73,@DISEASE_Insulin_Resistance,Insulin Resistance,81,73,81,1540,3283,8.0,8.0
@DISEASE_Intellectual_Disability,Intellectual Disability,5,12,@DISEASE_Intellectual_Disability,Intellectual Disability,57,56,57,483,483,4.0,4.0
@DISEASE_Intermittent_Claudication,Intermittent Claudication,5,6,@DISEASE_Intermittent_Claudication,Intermittent Claudication,40,38,40,204,204,3.0,3.0
@DISEASE_Intervertebral_Disc_Displacement,Intervertebral Disc Displacement,1,1,@DISEASE_Intervertebral_Disc_Displacement,Intervertebral Disc Displacement,32,26,32,88,88,2.0,2.0
@DISEASE_Intestinal_Failure,Intestinal Failure,1,1,@DISEASE_Intestinal_Failure,Intestinal Failure,5,5,5,5,5,1.0,1.0
@DISEASE_Intestinal_Obstruction,Intestinal Obstruction,1,2,@DISEASE_Intestinal_Obstruction,Intestinal Obstruction,12,12,12,24,24,2.0,2.0
@DISEASE_Intra_Abdominal_Hypertension,Intra Abdominal Hypertension,1,1,@DISEASE_Intra_Abdominal_Hypertension,Intra Abdominal Hypertension,4,4,4,5,5,1.0,1.0
@DISEASE_Intraabdominal_Infections,Intraabdominal Infections,1,1,@DISEASE_Intraabdominal_Infections,Intraabdominal Infections,14,13,14,176,176,2.0,2.0
@DISEASE_Intracranial_Aneurysm,Intracranial Aneurysm,6,7,@DISEASE_Intracranial_Aneurysm,Intracranial Aneurysm,38,38,38,279,283,2.0,2.0
@DISEASE_Intracranial_Arterial_Diseases,Intracranial Arterial Diseases,1,1,@DISEASE_Intracranial_Arterial_Diseases,Intracranial Arterial Diseases,23,23,23,111,111,1.0,1.0
@DISEASE_Intracranial_Arteriosclerosis,Intracranial Arteriosclerosis,1,3,@DISEASE_Intracranial_Arteriosclerosis,Intracranial Arteriosclerosis,14,14,14,76,76,2.0,2.0
@DISEASE_Intracranial_Hemorrhage_Hypertensive,Intracranial Hemorrhage Hypertensive,3,5,@DISEASE_Intracranial_Hemorrhage_Hypertensive,Intracranial Hemorrhage Hypertensive,9,9,9,11,11,1.0,1.0
@DISEASE_Intracranial_Hemorrhages,Intracranial Hemorrhages,11,17,@DISEASE_Intracranial_Hemorrhages,Intracranial Hemorrhages,29,28,29,498,761,2.0,2.0
@DISEASE_Intracranial_Hypertension,Intracranial Hypertension,2,2,@DISEASE_Intracranial_Hypertension,Intracranial Hypertension,35,34,35,209,209,3.0,3.0
@DISEASE_Intraocular_Lymphoma,Intraocular Lymphoma,1,1,@DISEASE_Intraocular_Lymphoma,Intraocular Lymphoma,24,22,24,218,218,2.5,2.5
@DISEASE_Iridocyclitis,Iridocyclitis,1,1,@DISEASE_Iridocyclitis,Iridocyclitis,16,14,16,43,43,1.0,1.0
@DISEASE_Iritis,Iritis,1,1,@DISEASE_Iritis,Iritis,13,11,13,48,48,2.0,2.0
@DISEASE_Iron_Deficiencies,Iron Deficiencies,87,92,@DISEASE_Iron_Deficiencies,Iron Deficiencies,21,19,21,274,314,2.0,2.0
@DISEASE_Iron_Metabolism_Disorders,Iron Metabolism Disorders,5,5,@DISEASE_Iron_Metabolism_Disorders,Iron Metabolism Disorders,1,1,1,1,1,1.0,1.0
@DISEASE_Iron_Overload,Iron Overload,4,4,@DISEASE_Iron_Overload,Iron Overload,51,49,51,320,320,4.0,4.0
@DISEASE_Irritable_Bowel_Syndrome,Irritable Bowel Syndrome,6,9,@DISEASE_Irritable_Bowel_Syndrome,Irritable Bowel Syndrome,56,55,56,270,270,2.0,2.0
@DISEASE_Ischemia,Ischemia,6,6,@DISEASE_Ischemia,Ischemia,121,108,121,2392,2814,7.0,7.0
@DISEASE_Ischemic_Attack_Transient,Ischemic Attack Transient,17,30,@DISEASE_Ischemic_Attack_Transient,Ischemic Attack Transient,48,46,48,613,1663,2.5,2.5
@DISEASE_Ischemic_Stroke,Ischemic Stroke,66,96,@DISEASE_Ischemic_Stroke,Ischemic Stroke,34,33,34,286,319,2.5,2.5
@DISEASE_Isolated_Systolic_Hypertension,Isolated Systolic Hypertension,1,1,@DISEASE_Isolated_Systolic_Hypertension,Isolated Systolic Hypertension,40,34,40,389,389,3.0,3.0
@DISEASE_Jaundice,Jaundice,1,1,@DISEASE_Jaundice,Jaundice,42,41,42,497,497,7.0,7.0
@DISEASE_Jaundice_Neonatal,Jaundice Neonatal,3,3,@DISEASE_Jaundice_Neonatal,Jaundice Neonatal,5,5,5,6,6,1.0,1.0
@DISEASE_Jaundice_Obstructive,Jaundice Obstructive,1,1,@DISEASE_Jaundice_Obstructive,Jaundice Obstructive,32,31,32,83,83,1.0,1.0
@DISEASE_Jaw_Fractures,Jaw Fractures,1,2,@DISEASE_Jaw_Fractures,Jaw Fractures,2,2,2,2,2,1.0,1.0
@DISEASE_Joint_Diseases,Joint Diseases,3,4,@DISEASE_Joint_Diseases,Joint Diseases,48,41,48,407,484,2.0,2.0
@DISEASE_Juvenile_osteoporosis,Juvenile osteoporosis,1,1,@DISEASE_Juvenile_osteoporosis,Juvenile osteoporosis,5,5,5,17,17,3.0,3.0
@DISEASE_Kallmann_Syndrome,Kallmann Syndrome,2,2,@DISEASE_Kallmann_Syndrome,Kallmann Syndrome,10,7,10,41,41,1.0,1.0
@DISEASE_Keloid,Keloid,12,12,@DISEASE_Keloid,Keloid,19,15,19,233,311,1.0,1.0
@DISEASE_Keratitis,Keratitis,2,2,@DISEASE_Keratitis,Keratitis,26,20,26,355,390,6.0,6.0
@DISEASE_Keratitis_Herpetic,Keratitis Herpetic,3,3,@DISEASE_Keratitis_Herpetic,Keratitis Herpetic,15,13,15,158,318,1.0,1.0
@DISEASE_Keratoconus,Keratoconus,7,8,@DISEASE_Keratoconus,Keratoconus,11,11,11,20,20,2.0,2.0
@DISEASE_Keratosis_Actinic,Keratosis Actinic,11,11,@DISEASE_Keratosis_Actinic,Keratosis Actinic,7,6,7,110,162,2.0,2.0
@DISEASE_Ketosis,Ketosis,1,1,@DISEASE_Ketosis,Ketosis,27,26,27,158,158,3.0,3.0
@DISEASE_Kidney_Calculi,Kidney Calculi,5,9,@DISEASE_Kidney_Calculi,Kidney Calculi,50,48,50,475,540,3.0,3.0
@DISEASE_Kidney_Diseases,Kidney Diseases,11,15,@DISEASE_Kidney_Diseases,Kidney Diseases,118,109,118,3843,5010,18.0,18.0
@DISEASE_Kidney_Failure_Chronic,Kidney Failure Chronic,18,19,@DISEASE_Kidney_Failure_Chronic,Kidney Failure Chronic,117,107,117,1541,1541,6.0,6.0
@DISEASE_Klinefelter_Syndrome,Klinefelter Syndrome,5,5,@DISEASE_Klinefelter_Syndrome,Klinefelter Syndrome,17,12,17,163,333,1.0,1.0
@DISEASE_Knee_Injuries,Knee Injuries,2,2,@DISEASE_Knee_Injuries,Knee Injuries,44,40,44,332,332,4.0,4.0
@DISEASE_Kwashiorkor,Kwashiorkor,1,1,@DISEASE_Kwashiorkor,Kwashiorkor,6,6,6,12,12,1.0,1.0
@DISEASE_Labor_Pain,Labor Pain,7,8,@DISEASE_Labor_Pain,Labor Pain,37,34,37,313,328,2.0,2.0
@DISEASE_Lacerations,Lacerations,2,5,@DISEASE_Lacerations,Lacerations,13,13,13,27,27,2.0,2.0
@DISEASE_Language_Disorders,Language Disorders,1,1,@DISEASE_Language_Disorders,Language Disorders,11,11,11,42,42,3.0,3.0
@DISEASE_Laryngeal_Diseases,Laryngeal Diseases,2,2,@DISEASE_Laryngeal_Diseases,Laryngeal Diseases,8,8,8,17,17,2.5,2.5
@DISEASE_Laryngeal_Nerve_Injuries,Laryngeal Nerve Injuries,1,1,@DISEASE_Laryngeal_Nerve_Injuries,Laryngeal Nerve Injuries,4,4,4,5,5,1.0,1.0
@DISEASE_Laryngomalacia,Laryngomalacia,2,2,@DISEASE_Laryngomalacia,Laryngomalacia,2,2,2,4,4,2.0,2.0
@DISEASE_Laryngopharyngeal_Reflux,Laryngopharyngeal Reflux,4,4,@DISEASE_Laryngopharyngeal_Reflux,Laryngopharyngeal Reflux,6,6,6,76,76,11.0,11.0
@DISEASE_Learning_Disabilities,Learning Disabilities,1,1,@DISEASE_Learning_Disabilities,Learning Disabilities,63,63,63,490,490,3.0,3.0
@DISEASE_Leg_Injuries,Leg Injuries,1,1,@DISEASE_Leg_Injuries,Leg Injuries,7,6,7,6,6,1.0,1.0
@DISEASE_Leg_Ulcer,Leg Ulcer,1,1,@DISEASE_Leg_Ulcer,Leg Ulcer,24,24,24,70,70,2.0,2.0
@DISEASE_Legionnaires'_Disease,Legionnaires' Disease,1,1,@DISEASE_Legionnaires'_Disease,Legionnaires' Disease,5,4,5,37,37,1.0,1.0
@DISEASE_Leiomyoma,Leiomyoma,2,2,@DISEASE_Leiomyoma,Leiomyoma,33,29,33,329,363,2.0,2.0
@DISEASE_Leiomyomatosis,Leiomyomatosis,1,1,@DISEASE_Leiomyomatosis,Leiomyomatosis,4,4,4,5,5,1.0,1.0
@DISEASE_Leishmaniasis,Leishmaniasis,1,1,@DISEASE_Leishmaniasis,Leishmaniasis,21,20,21,140,140,2.0,2.0
@DISEASE_Leishmaniasis_Cutaneous,Leishmaniasis Cutaneous,4,4,@DISEASE_Leishmaniasis_Cutaneous,Leishmaniasis Cutaneous,23,22,23,133,133,2.0,2.0
@DISEASE_Lennox_Gastaut_Syndrome,Lennox Gastaut Syndrome,1,1,@DISEASE_Lennox_Gastaut_Syndrome,Lennox Gastaut Syndrome,12,12,12,267,268,2.5,2.5
@DISEASE_Leprosy,Leprosy,3,5,@DISEASE_Leprosy,Leprosy,20,19,20,107,107,2.0,2.0
@DISEASE_Leukemia,Leukemia,55,93,@DISEASE_Leukemia,Leukemia,64,56,64,739,1113,2.5,2.5
@DISEASE_Leukemia_Biphenotypic_Acute,Leukemia Biphenotypic Acute,2,2,@DISEASE_Leukemia_Biphenotypic_Acute,Leukemia Biphenotypic Acute,7,7,7,53,53,3.0,3.0
@DISEASE_Leukemia_Hairy_Cell,Leukemia Hairy Cell,1,1,@DISEASE_Leukemia_Hairy_Cell,Leukemia Hairy Cell,12,12,12,23,23,1.0,1.0
@DISEASE_Leukemia_Lymphocytic_Chronic_B_Cell,Leukemia Lymphocytic Chronic B Cell,3,4,@DISEASE_Leukemia_Lymphocytic_Chronic_B_Cell,Leukemia Lymphocytic Chronic B Cell,47,44,47,352,387,2.0,2.0
@DISEASE_Leukemia_Mast_Cell,Leukemia Mast Cell,1,1,@DISEASE_Leukemia_Mast_Cell,Leukemia Mast Cell,6,6,6,22,22,1.0,1.0
@DISEASE_Leukemia_Myelogenous_Chronic_BCR_ABL_Positive,Leukemia Myelogenous Chronic BCR ABL Positive,1,1,@DISEASE_Leukemia_Myelogenous_Chronic_BCR_ABL_Positive,Leukemia Myelogenous Chronic BCR ABL Positive,41,39,41,250,250,2.0,2.0
@DISEASE_Leukemia_Myeloid,Leukemia Myeloid,1,1,@DISEASE_Leukemia_Myeloid,Leukemia Myeloid,21,21,21,77,77,1.0,1.0
@DISEASE_Leukemia_Myeloid_Acute,Leukemia Myeloid Acute,16,20,@DISEASE_Leukemia_Myeloid_Acute,Leukemia Myeloid Acute,58,53,58,741,862,3.0,3.0
@DISEASE_Leukemia_Myeloid_Chronic_Atypical_BCR_ABL_Negative,Leukemia Myeloid Chronic Atypical BCR ABL Negative,1,1,@DISEASE_Leukemia_Myeloid_Chronic_Atypical_BCR_ABL_Negative,Leukemia Myeloid Chronic Atypical BCR ABL Negative,1,1,1,1,1,1.0,1.0
@DISEASE_Leukemia_Myeloid_Chronic_Phase,Leukemia Myeloid Chronic Phase,2,2,@DISEASE_Leukemia_Myeloid_Chronic_Phase,Leukemia Myeloid Chronic Phase,4,4,4,4,4,1.0,1.0
@DISEASE_Leukemia_Myelomonocytic_Chronic,Leukemia Myelomonocytic Chronic,6,6,@DISEASE_Leukemia_Myelomonocytic_Chronic,Leukemia Myelomonocytic Chronic,9,9,9,20,20,2.0,2.0
@DISEASE_Leukemia_Myelomonocytic_Juvenile,Leukemia Myelomonocytic Juvenile,4,6,@DISEASE_Leukemia_Myelomonocytic_Juvenile,Leukemia Myelomonocytic Juvenile,5,5,5,7,7,1.0,1.0
@DISEASE_Leukemia_Neutrophilic_Chronic,Leukemia Neutrophilic Chronic,2,2,@DISEASE_Leukemia_Neutrophilic_Chronic,Leukemia Neutrophilic Chronic,1,1,1,1,1,1.0,1.0
@DISEASE_Leukemia_Plasma_Cell,Leukemia Plasma Cell,2,2,@DISEASE_Leukemia_Plasma_Cell,Leukemia Plasma Cell,8,8,8,40,40,2.0,2.0
@DISEASE_Leukemia_Prolymphocytic,Leukemia Prolymphocytic,4,4,@DISEASE_Leukemia_Prolymphocytic,Leukemia Prolymphocytic,3,3,3,5,5,1.0,1.0
@DISEASE_Leukemia_Promyelocytic_Acute,Leukemia Promyelocytic Acute,2,3,@DISEASE_Leukemia_Promyelocytic_Acute,Leukemia Promyelocytic Acute,22,22,22,117,117,2.0,2.0
@DISEASE_Leukemia_T_Cell,Leukemia T Cell,1,1,@DISEASE_Leukemia_T_Cell,Leukemia T Cell,25,23,25,136,136,2.0,2.0
@DISEASE_Leukodystrophy_Globoid_Cell,Leukodystrophy Globoid Cell,2,3,@DISEASE_Leukodystrophy_Globoid_Cell,Leukodystrophy Globoid Cell,3,3,3,2,2,1.0,1.0
@DISEASE_Leukodystrophy_Metachromatic,Leukodystrophy Metachromatic,3,4,@DISEASE_Leukodystrophy_Metachromatic,Leukodystrophy Metachromatic,6,6,6,8,8,1.0,1.0
@DISEASE_Leukoencephalopathy_Progressive_Multifocal,Leukoencephalopathy Progressive Multifocal,1,2,@DISEASE_Leukoencephalopathy_Progressive_Multifocal,Leukoencephalopathy Progressive Multifocal,8,8,8,94,94,4.0,4.0
@DISEASE_Leukoplakia_Hairy,Leukoplakia Hairy,1,1,@DISEASE_Leukoplakia_Hairy,Leukoplakia Hairy,3,3,3,24,24,3.0,3.0
@DISEASE_Leukoplakia_Oral,Leukoplakia Oral,3,3,@DISEASE_Leukoplakia_Oral,Leukoplakia Oral,5,5,5,8,8,1.0,1.0
@DISEASE_Lewy_Body_Disease,Lewy Body Disease,4,4,@DISEASE_Lewy_Body_Disease,Lewy Body Disease,24,24,24,188,188,2.0,2.0
@DISEASE_Lichen_Planus_Oral,Lichen Planus Oral,27,27,@DISEASE_Lichen_Planus_Oral,Lichen Planus Oral,18,17,18,192,192,4.5,4.5
@DISEASE_Lipid_Metabolism_Disorders,Lipid Metabolism Disorders,5,5,@DISEASE_Lipid_Metabolism_Disorders,Lipid Metabolism Disorders,15,14,15,32,32,1.0,1.0
@DISEASE_Lipodystrophy,Lipodystrophy,5,6,@DISEASE_Lipodystrophy,Lipodystrophy,8,8,8,26,26,1.5,1.5
@DISEASE_Listeriosis,Listeriosis,1,1,@DISEASE_Listeriosis,Listeriosis,11,10,11,73,73,3.0,3.0
@DISEASE_Liver_Abscess,Liver Abscess,1,2,@DISEASE_Liver_Abscess,Liver Abscess,16,15,16,85,85,2.0,2.0
@DISEASE_Liver_Abscess_Pyogenic,Liver Abscess Pyogenic,1,1,@DISEASE_Liver_Abscess_Pyogenic,Liver Abscess Pyogenic,5,5,5,8,8,1.0,1.0
@DISEASE_Liver_Cirrhosis,Liver Cirrhosis,47,60,@DISEASE_Liver_Cirrhosis,Liver Cirrhosis,97,83,97,1055,1136,5.0,5.0
@DISEASE_Liver_Cirrhosis_Alcoholic,Liver Cirrhosis Alcoholic,1,1,@DISEASE_Liver_Cirrhosis_Alcoholic,Liver Cirrhosis Alcoholic,25,24,25,98,98,2.0,2.0
@DISEASE_Liver_Diseases,Liver Diseases,4,7,@DISEASE_Liver_Diseases,Liver Diseases,114,102,114,1812,2091,7.0,7.0
@DISEASE_Liver_Failure,Liver Failure,4,6,@DISEASE_Liver_Failure,Liver Failure,100,91,100,1958,4055,9.5,9.5
@DISEASE_Liver_Failure_Acute,Liver Failure Acute,4,5,@DISEASE_Liver_Failure_Acute,Liver Failure Acute,54,51,54,484,2035,4.0,4.0
@DISEASE_Long_QT_Syndrome,Long QT Syndrome,7,10,@DISEASE_Long_QT_Syndrome,Long QT Syndrome,71,69,71,1060,1179,6.0,6.0
@DISEASE_Low_Back_Pain,Low Back Pain,43,75,@DISEASE_Low_Back_Pain,Low Back Pain,84,69,84,923,989,3.0,3.0
@DISEASE_Low_Tension_Glaucoma,Low Tension Glaucoma,1,1,@DISEASE_Low_Tension_Glaucoma,Low Tension Glaucoma,6,6,6,13,13,1.0,1.0
@DISEASE_Lower_Urinary_Tract_Symptoms,Lower Urinary Tract Symptoms,27,27,@DISEASE_Lower_Urinary_Tract_Symptoms,Lower Urinary Tract Symptoms,37,35,37,376,631,2.0,2.0
@DISEASE_Lung_Diseases,Lung Diseases,9,12,@DISEASE_Lung_Diseases,Lung Diseases,101,88,101,1326,1475,4.0,4.0
@DISEASE_Lung_Diseases_Interstitial,Lung Diseases Interstitial,1,2,@DISEASE_Lung_Diseases_Interstitial,Lung Diseases Interstitial,43,39,43,619,996,2.0,2.0
@DISEASE_Lung_Diseases_Obstructive,Lung Diseases Obstructive,6,8,@DISEASE_Lung_Diseases_Obstructive,Lung Diseases Obstructive,15,14,15,46,46,1.0,1.0
@DISEASE_Lung_Injury,Lung Injury,2,3,@DISEASE_Lung_Injury,Lung Injury,72,66,72,483,483,3.0,3.0
@DISEASE_Lung_Neoplasms,Lung Neoplasms,3,4,@DISEASE_Lung_Neoplasms,Lung Neoplasms,100,96,100,914,968,2.5,2.5
@DISEASE_Lupus_Erythematosus_Cutaneous,Lupus Erythematosus Cutaneous,1,1,@DISEASE_Lupus_Erythematosus_Cutaneous,Lupus Erythematosus Cutaneous,15,15,15,162,162,2.0,2.0
@DISEASE_Lupus_Erythematosus_Systemic,Lupus Erythematosus Systemic,38,52,@DISEASE_Lupus_Erythematosus_Systemic,Lupus Erythematosus Systemic,85,76,85,1342,3836,3.0,3.0
@DISEASE_Lupus_Nephritis,Lupus Nephritis,7,13,@DISEASE_Lupus_Nephritis,Lupus Nephritis,23,21,23,425,534,1.0,1.0
@DISEASE_Lyme_Disease,Lyme Disease,7,9,@DISEASE_Lyme_Disease,Lyme Disease,18,16,18,229,392,1.0,1.0
@DISEASE_Lyme_Neuroborreliosis,Lyme Neuroborreliosis,3,3,@DISEASE_Lyme_Neuroborreliosis,Lyme Neuroborreliosis,10,10,10,101,101,1.5,1.5
@DISEASE_Lymphangioleiomyomatosis,Lymphangioleiomyomatosis,5,6,@DISEASE_Lymphangioleiomyomatosis,Lymphangioleiomyomatosis,8,8,8,61,61,4.0,4.0
@DISEASE_Lymphatic_Metastasis,Lymphatic Metastasis,1,1,@DISEASE_Lymphatic_Metastasis,Lymphatic Metastasis,17,17,17,78,78,2.0,2.0
@DISEASE_Lymphedema,Lymphedema,3,3,@DISEASE_Lymphedema,Lymphedema,21,21,21,105,105,2.0,2.0
@DISEASE_Lymphohistiocytosis_Hemophagocytic,Lymphohistiocytosis Hemophagocytic,1,2,@DISEASE_Lymphohistiocytosis_Hemophagocytic,Lymphohistiocytosis Hemophagocytic,19,18,19,285,285,3.0,3.0
@DISEASE_Lymphoma,Lymphoma,87,124,@DISEASE_Lymphoma,Lymphoma,66,57,66,627,2080,2.0,2.0
@DISEASE_Lymphoma_AIDS_Related,Lymphoma AIDS Related,2,2,@DISEASE_Lymphoma_AIDS_Related,Lymphoma AIDS Related,8,8,8,11,11,1.0,1.0
@DISEASE_Lymphoma_B_Cell,Lymphoma B Cell,5,5,@DISEASE_Lymphoma_B_Cell,Lymphoma B Cell,29,28,29,285,345,2.0,2.0
@DISEASE_Lymphoma_B_Cell_Marginal_Zone,Lymphoma B Cell Marginal Zone,2,2,@DISEASE_Lymphoma_B_Cell_Marginal_Zone,Lymphoma B Cell Marginal Zone,26,25,26,155,155,2.0,2.0
@DISEASE_Lymphoma_Extranodal_NK_T_Cell,Lymphoma Extranodal NK T Cell,1,1,@DISEASE_Lymphoma_Extranodal_NK_T_Cell,Lymphoma Extranodal NK T Cell,3,3,3,36,36,8.0,8.0
@DISEASE_Lymphoma_Follicular,Lymphoma Follicular,10,10,@DISEASE_Lymphoma_Follicular,Lymphoma Follicular,16,14,16,94,94,2.0,2.0
@DISEASE_Lymphoma_Large_B_Cell_Diffuse,Lymphoma Large B Cell Diffuse,23,29,@DISEASE_Lymphoma_Large_B_Cell_Diffuse,Lymphoma Large B Cell Diffuse,31,30,31,371,640,2.0,2.0
@DISEASE_Lymphoma_Large_Cell_Anaplastic,Lymphoma Large Cell Anaplastic,4,5,@DISEASE_Lymphoma_Large_Cell_Anaplastic,Lymphoma Large Cell Anaplastic,5,5,5,57,57,5.0,5.0
@DISEASE_Lymphoma_Mantle_Cell,Lymphoma Mantle Cell,9,11,@DISEASE_Lymphoma_Mantle_Cell,Lymphoma Mantle Cell,15,15,15,82,82,1.0,1.0
@DISEASE_Lymphoma_Non_Hodgkin,Lymphoma Non Hodgkin,22,30,@DISEASE_Lymphoma_Non_Hodgkin,Lymphoma Non Hodgkin,52,48,52,524,1046,2.0,2.0
@DISEASE_Lymphoma_Primary_Cutaneous_Anaplastic_Large_Cell,Lymphoma Primary Cutaneous Anaplastic Large Cell,1,1,@DISEASE_Lymphoma_Primary_Cutaneous_Anaplastic_Large_Cell,Lymphoma Primary Cutaneous Anaplastic Large Cell,2,2,2,23,23,11.5,11.5
@DISEASE_Lymphoma_T_Cell,Lymphoma T Cell,3,3,@DISEASE_Lymphoma_T_Cell,Lymphoma T Cell,26,25,26,194,194,2.0,2.0
@DISEASE_Lymphoma_T_Cell_Cutaneous,Lymphoma T Cell Cutaneous,4,4,@DISEASE_Lymphoma_T_Cell_Cutaneous,Lymphoma T Cell Cutaneous,17,17,17,84,84,1.0,1.0
@DISEASE_Lymphoma_T_Cell_Peripheral,Lymphoma T Cell Peripheral,9,11,@DISEASE_Lymphoma_T_Cell_Peripheral,Lymphoma T Cell Peripheral,9,8,9,63,63,2.0,2.0
@DISEASE_Lymphoproliferative_Disorders,Lymphoproliferative Disorders,8,9,@DISEASE_Lymphoproliferative_Disorders,Lymphoproliferative Disorders,24,23,24,258,513,2.0,2.0
@DISEASE_Macular_Degeneration,Macular Degeneration,5,5,@DISEASE_Macular_Degeneration,Macular Degeneration,43,40,43,481,506,4.0,4.0
@DISEASE_Macular_Edema,Macular Edema,8,10,@DISEASE_Macular_Edema,Macular Edema,43,39,43,488,1419,3.0,3.0
@DISEASE_Malaria,Malaria,33,35,@DISEASE_Malaria,Malaria,43,42,43,572,708,2.0,2.0
@DISEASE_Malaria_Cerebral,Malaria Cerebral,2,2,@DISEASE_Malaria_Cerebral,Malaria Cerebral,12,12,12,33,33,2.0,2.0
@DISEASE_Malaria_Falciparum,Malaria Falciparum,8,8,@DISEASE_Malaria_Falciparum,Malaria Falciparum,22,21,22,164,164,1.0,1.0
@DISEASE_Malnutrition,Malnutrition,15,15,@DISEASE_Malnutrition,Malnutrition,44,39,44,413,485,3.0,3.0
@DISEASE_Mania,Mania,15,15,@DISEASE_Mania,Mania,23,23,23,220,220,5.0,5.0
@DISEASE_Marfan_Syndrome,Marfan Syndrome,9,17,@DISEASE_Marfan_Syndrome,Marfan Syndrome,19,18,19,154,155,2.0,2.0
@DISEASE_Marijuana_Abuse,Marijuana Abuse,5,5,@DISEASE_Marijuana_Abuse,Marijuana Abuse,21,21,21,61,61,2.0,2.0
@DISEASE_Masked_Hypertension,Masked Hypertension,1,2,@DISEASE_Masked_Hypertension,Masked Hypertension,2,2,2,3,3,1.5,1.5
@DISEASE_Mastitis,Mastitis,2,4,@DISEASE_Mastitis,Mastitis,23,20,23,117,117,2.0,2.0
@DISEASE_Mastocytosis,Mastocytosis,1,1,@DISEASE_Mastocytosis,Mastocytosis,13,13,13,20,20,1.0,1.0
@DISEASE_Mastoiditis,Mastoiditis,1,2,@DISEASE_Mastoiditis,Mastoiditis,11,10,11,23,23,2.0,2.0
@DISEASE_Maternal_Death,Maternal Death,2,2,@DISEASE_Maternal_Death,Maternal Death,3,3,3,4,4,1.0,1.0
@DISEASE_Maturity_Onset_Diabetes_of_the_Young_Type_1,Maturity Onset Diabetes of the Young Type 1,1,1,@DISEASE_Maturity_Onset_Diabetes_of_the_Young_Type_1,Maturity Onset Diabetes of the Young Type 1,2,2,2,3,3,1.5,1.5
@DISEASE_Maturity_Onset_Diabetes_of_the_Young_Type_3,Maturity Onset Diabetes of the Young Type 3,2,2,@DISEASE_Maturity_Onset_Diabetes_of_the_Young_Type_3,Maturity Onset Diabetes of the Young Type 3,3,3,3,4,4,1.0,1.0
@DISEASE_Maxillary_Sinusitis,Maxillary Sinusitis,5,7,@DISEASE_Maxillary_Sinusitis,Maxillary Sinusitis,11,10,11,85,85,2.0,2.0
@DISEASE_Measles,Measles,1,1,@DISEASE_Measles,Measles,12,12,12,20,20,1.0,1.0
@DISEASE_Mediastinal_Diseases,Mediastinal Diseases,1,1,@DISEASE_Mediastinal_Diseases,Mediastinal Diseases,10,10,10,27,27,1.5,1.5
@DISEASE_Medulloblastoma,Medulloblastoma,2,4,@DISEASE_Medulloblastoma,Medulloblastoma,18,18,18,114,114,2.0,2.0
@DISEASE_Meibomian_Gland_Dysfunction,Meibomian Gland Dysfunction,4,5,@DISEASE_Meibomian_Gland_Dysfunction,Meibomian Gland Dysfunction,7,7,7,36,36,1.0,1.0
@DISEASE_Melanoma,Melanoma,16,16,@DISEASE_Melanoma,Melanoma,75,71,75,667,667,4.0,4.0
@DISEASE_Melioidosis,Melioidosis,1,1,@DISEASE_Melioidosis,Melioidosis,9,7,9,240,284,7.0,7.0
@DISEASE_Memory_Disorders,Memory Disorders,2,2,@DISEASE_Memory_Disorders,Memory Disorders,96,91,96,1392,1476,6.5,6.5
@DISEASE_Meniere_Disease,Meniere Disease,4,5,@DISEASE_Meniere_Disease,Meniere Disease,27,24,27,90,90,1.0,1.0
@DISEASE_Meningioma,Meningioma,1,1,@DISEASE_Meningioma,Meningioma,32,31,32,139,139,1.0,1.0
@DISEASE_Meningitis,Meningitis,2,2,@DISEASE_Meningitis,Meningitis,8,8,8,21,21,2.5,2.5
@DISEASE_Meningitis_Aseptic,Meningitis Aseptic,1,2,@DISEASE_Meningitis_Aseptic,Meningitis Aseptic,14,14,14,147,147,6.5,6.5
@DISEASE_Meningitis_Bacterial,Meningitis Bacterial,4,6,@DISEASE_Meningitis_Bacterial,Meningitis Bacterial,14,13,14,49,49,2.0,2.0
@DISEASE_Meningitis_Cryptococcal,Meningitis Cryptococcal,1,1,@DISEASE_Meningitis_Cryptococcal,Meningitis Cryptococcal,15,15,15,60,60,1.0,1.0
@DISEASE_Meningitis_Fungal,Meningitis Fungal,1,1,@DISEASE_Meningitis_Fungal,Meningitis Fungal,3,3,3,16,16,2.0,2.0
@DISEASE_Meningitis_Viral,Meningitis Viral,1,2,@DISEASE_Meningitis_Viral,Meningitis Viral,5,5,5,19,19,1.0,1.0
@DISEASE_Meningococcal_Infections,Meningococcal Infections,1,1,@DISEASE_Meningococcal_Infections,Meningococcal Infections,7,7,7,71,71,1.0,1.0
@DISEASE_Menopause_Premature,Menopause Premature,2,4,@DISEASE_Menopause_Premature,Menopause Premature,37,31,37,363,528,3.0,3.0
@DISEASE_Menorrhagia,Menorrhagia,9,14,@DISEASE_Menorrhagia,Menorrhagia,39,30,39,397,738,3.0,3.0
@DISEASE_Menstruation_Disturbances,Menstruation Disturbances,3,3,@DISEASE_Menstruation_Disturbances,Menstruation Disturbances,33,30,33,205,205,2.0,2.0
@DISEASE_Mental_Disorders,Mental Disorders,30,43,@DISEASE_Mental_Disorders,Mental Disorders,124,108,124,3594,4630,13.5,13.5
@DISEASE_Mental_Fatigue,Mental Fatigue,1,1,@DISEASE_Mental_Fatigue,Mental Fatigue,8,8,8,19,19,1.0,1.0
@DISEASE_Mental_Retardation_X_Linked,Mental Retardation X Linked,1,1,@DISEASE_Mental_Retardation_X_Linked,Mental Retardation X Linked,2,2,2,3,3,1.5,1.5
@DISEASE_Mesothelioma,Mesothelioma,3,3,@DISEASE_Mesothelioma,Mesothelioma,10,10,10,25,25,2.0,2.0
@DISEASE_Mesothelioma_Malignant,Mesothelioma Malignant,1,1,@DISEASE_Mesothelioma_Malignant,Mesothelioma Malignant,20,20,20,65,65,2.5,2.5
@DISEASE_Metabolic_Diseases,Metabolic Diseases,2,2,@DISEASE_Metabolic_Diseases,Metabolic Diseases,79,72,79,647,735,3.0,3.0
@DISEASE_Metabolic_Syndrome,Metabolic Syndrome,69,90,@DISEASE_Metabolic_Syndrome,Metabolic Syndrome,83,74,83,1463,2021,7.0,7.0
@DISEASE_Metabolism_Inborn_Errors,Metabolism Inborn Errors,1,1,@DISEASE_Metabolism_Inborn_Errors,Metabolism Inborn Errors,9,8,9,49,49,2.0,2.0
@DISEASE_Methylmalonic_acidemia,Methylmalonic acidemia,1,1,@DISEASE_Methylmalonic_acidemia,Methylmalonic acidemia,10,9,10,125,206,2.0,2.0
@DISEASE_Metrorrhagia,Metrorrhagia,2,2,@DISEASE_Metrorrhagia,Metrorrhagia,28,23,28,160,160,2.5,2.5
@DISEASE_Microscopic_Polyangiitis,Microscopic Polyangiitis,2,2,@DISEASE_Microscopic_Polyangiitis,Microscopic Polyangiitis,8,7,8,97,97,5.5,5.5
@DISEASE_Microvascular_Angina,Microvascular Angina,5,8,@DISEASE_Microvascular_Angina,Microvascular Angina,41,40,41,148,148,2.0,2.0
@DISEASE_Migraine_Disorders,Migraine Disorders,49,70,@DISEASE_Migraine_Disorders,Migraine Disorders,99,88,99,1918,4785,6.0,6.0
@DISEASE_Migraine_with_Aura,Migraine with Aura,10,11,@DISEASE_Migraine_with_Aura,Migraine with Aura,29,29,29,159,159,2.0,2.0
@DISEASE_Migraine_without_Aura,Migraine without Aura,14,17,@DISEASE_Migraine_without_Aura,Migraine without Aura,38,36,38,229,229,2.0,2.0
@DISEASE_Mitral_Valve_Insufficiency,Mitral Valve Insufficiency,3,3,@DISEASE_Mitral_Valve_Insufficiency,Mitral Valve Insufficiency,50,47,50,391,391,4.0,4.0
@DISEASE_Mitral_Valve_Prolapse,Mitral Valve Prolapse,1,1,@DISEASE_Mitral_Valve_Prolapse,Mitral Valve Prolapse,17,17,17,41,41,1.0,1.0
@DISEASE_Mitral_Valve_Stenosis,Mitral Valve Stenosis,2,3,@DISEASE_Mitral_Valve_Stenosis,Mitral Valve Stenosis,23,23,23,165,165,3.0,3.0
@DISEASE_Mixed_Dementias,Mixed Dementias,2,2,@DISEASE_Mixed_Dementias,Mixed Dementias,5,5,5,6,6,1.0,1.0
@DISEASE_Mobility_Limitation,Mobility Limitation,3,4,@DISEASE_Mobility_Limitation,Mobility Limitation,33,33,33,100,100,1.0,1.0
@DISEASE_Molluscum_Contagiosum,Molluscum Contagiosum,1,1,@DISEASE_Molluscum_Contagiosum,Molluscum Contagiosum,8,8,8,21,21,1.0,1.0
@DISEASE_Monoclonal_Gammopathy_of_Undetermined_Significance,Monoclonal Gammopathy of Undetermined Significance,1,1,@DISEASE_Monoclonal_Gammopathy_of_Undetermined_Significance,Monoclonal Gammopathy of Undetermined Significance,8,7,8,21,21,1.0,1.0
@DISEASE_Mood_Disorders,Mood Disorders,20,30,@DISEASE_Mood_Disorders,Mood Disorders,75,73,75,1164,1248,5.0,5.0
@DISEASE_Morphine_Dependence,Morphine Dependence,2,2,@DISEASE_Morphine_Dependence,Morphine Dependence,18,18,18,31,31,1.0,1.0
@DISEASE_Morton_Neuroma,Morton Neuroma,1,1,@DISEASE_Morton_Neuroma,Morton Neuroma,4,3,4,7,7,1.0,1.0
@DISEASE_Motor_Neuron_Disease,Motor Neuron Disease,1,1,@DISEASE_Motor_Neuron_Disease,Motor Neuron Disease,26,25,26,67,67,2.0,2.0
@DISEASE_Mouth_Breathing,Mouth Breathing,1,1,@DISEASE_Mouth_Breathing,Mouth Breathing,4,4,4,11,11,1.5,1.5
@DISEASE_Movement_Disorders,Movement Disorders,2,2,@DISEASE_Movement_Disorders,Movement Disorders,66,63,66,451,451,4.0,4.0
@DISEASE_Mucopolysaccharidoses,Mucopolysaccharidoses,1,1,@DISEASE_Mucopolysaccharidoses,Mucopolysaccharidoses,3,3,3,3,3,1.0,1.0
@DISEASE_Mucopolysaccharidosis_I,Mucopolysaccharidosis I,1,1,@DISEASE_Mucopolysaccharidosis_I,Mucopolysaccharidosis I,6,6,6,10,10,1.5,1.5
@DISEASE_Mucopolysaccharidosis_II,Mucopolysaccharidosis II,1,1,@DISEASE_Mucopolysaccharidosis_II,Mucopolysaccharidosis II,6,6,6,6,6,1.0,1.0
@DISEASE_Mucositis,Mucositis,4,5,@DISEASE_Mucositis,Mucositis,56,53,56,472,703,3.0,3.0
@DISEASE_Multiple_Myeloma,Multiple Myeloma,42,53,@DISEASE_Multiple_Myeloma,Multiple Myeloma,65,63,65,586,1161,3.0,3.0
@DISEASE_Multiple_Pulmonary_Nodules,Multiple Pulmonary Nodules,1,1,@DISEASE_Multiple_Pulmonary_Nodules,Multiple Pulmonary Nodules,18,17,18,71,71,2.0,2.0
@DISEASE_Multiple_Sclerosis,Multiple Sclerosis,49,66,@DISEASE_Multiple_Sclerosis,Multiple Sclerosis,92,83,92,1325,1705,5.0,5.0
@DISEASE_Multiple_Sclerosis_Relapsing_Remitting,Multiple Sclerosis Relapsing Remitting,18,36,@DISEASE_Multiple_Sclerosis_Relapsing_Remitting,Multiple Sclerosis Relapsing Remitting,30,29,30,138,138,2.0,2.0
@DISEASE_Multiple_System_Atrophy,Multiple System Atrophy,4,4,@DISEASE_Multiple_System_Atrophy,Multiple System Atrophy,17,17,17,39,39,2.0,2.0
@DISEASE_Multiple_Trauma,Multiple Trauma,3,4,@DISEASE_Multiple_Trauma,Multiple Trauma,21,21,21,37,37,1.0,1.0
@DISEASE_Muscle_Cramp,Muscle Cramp,5,7,@DISEASE_Muscle_Cramp,Muscle Cramp,48,47,48,182,182,2.0,2.0
@DISEASE_Muscle_Spasticity,Muscle Spasticity,7,7,@DISEASE_Muscle_Spasticity,Muscle Spasticity,46,43,46,380,1444,2.0,2.0
@DISEASE_Muscle_Weakness,Muscle Weakness,6,8,@DISEASE_Muscle_Weakness,Muscle Weakness,89,83,89,1200,1494,5.0,5.0
@DISEASE_Muscular_Diseases,Muscular Diseases,3,3,@DISEASE_Muscular_Diseases,Muscular Diseases,63,58,63,932,1056,4.0,4.0
@DISEASE_Muscular_Dystrophies,Muscular Dystrophies,1,2,@DISEASE_Muscular_Dystrophies,Muscular Dystrophies,23,21,23,62,62,2.0,2.0
@DISEASE_Muscular_Dystrophies_Limb_Girdle,Muscular Dystrophies Limb Girdle,1,1,@DISEASE_Muscular_Dystrophies_Limb_Girdle,Muscular Dystrophies Limb Girdle,6,6,6,21,21,1.0,1.0
@DISEASE_Muscular_Dystrophy_Duchenne,Muscular Dystrophy Duchenne,8,8,@DISEASE_Muscular_Dystrophy_Duchenne,Muscular Dystrophy Duchenne,55,49,55,402,441,2.0,2.0
@DISEASE_Musculoskeletal_Abnormalities,Musculoskeletal Abnormalities,2,2,@DISEASE_Musculoskeletal_Abnormalities,Musculoskeletal Abnormalities,11,11,11,18,18,1.0,1.0
@DISEASE_Musculoskeletal_Diseases,Musculoskeletal Diseases,4,5,@DISEASE_Musculoskeletal_Diseases,Musculoskeletal Diseases,68,57,68,379,379,3.0,3.0
@DISEASE_Musculoskeletal_Pain,Musculoskeletal Pain,12,16,@DISEASE_Musculoskeletal_Pain,Musculoskeletal Pain,44,41,44,290,290,2.0,2.0
@DISEASE_Myalgia,Myalgia,1,1,@DISEASE_Myalgia,Myalgia,94,82,94,1100,1101,4.0,4.0
@DISEASE_Myasthenia_Gravis,Myasthenia Gravis,2,2,@DISEASE_Myasthenia_Gravis,Myasthenia Gravis,33,32,33,371,621,2.0,2.0
@DISEASE_Mycobacterium_Infections_Nontuberculous,Mycobacterium Infections Nontuberculous,4,4,@DISEASE_Mycobacterium_Infections_Nontuberculous,Mycobacterium Infections Nontuberculous,12,10,12,84,84,2.5,2.5
@DISEASE_Mycobacterium_avium_intracellulare_Infection,Mycobacterium avium intracellulare Infection,6,6,@DISEASE_Mycobacterium_avium_intracellulare_Infection,Mycobacterium avium intracellulare Infection,13,13,13,49,49,2.0,2.0
@DISEASE_Mycoplasma_Infections,Mycoplasma Infections,1,1,@DISEASE_Mycoplasma_Infections,Mycoplasma Infections,8,8,8,71,71,2.0,2.0
@DISEASE_Mycoses,Mycoses,2,2,@DISEASE_Mycoses,Mycoses,49,44,49,311,533,2.0,2.0
@DISEASE_Mycosis_Fungoides,Mycosis Fungoides,3,3,@DISEASE_Mycosis_Fungoides,Mycosis Fungoides,22,21,22,130,130,1.0,1.0
@DISEASE_Myelodysplastic_Myeloproliferative_Diseases,Myelodysplastic Myeloproliferative Diseases,3,5,@DISEASE_Myelodysplastic_Myeloproliferative_Diseases,Myelodysplastic Myeloproliferative Diseases,2,2,2,2,2,1.0,1.0
@DISEASE_Myelodysplastic_Syndromes,Myelodysplastic Syndromes,39,49,@DISEASE_Myelodysplastic_Syndromes,Myelodysplastic Syndromes,35,33,35,215,215,2.0,2.0
@DISEASE_Myeloproliferative_Disorders,Myeloproliferative Disorders,2,2,@DISEASE_Myeloproliferative_Disorders,Myeloproliferative Disorders,9,9,9,35,35,2.0,2.0
@DISEASE_Myocardial_Bridging,Myocardial Bridging,1,1,@DISEASE_Myocardial_Bridging,Myocardial Bridging,7,7,7,10,10,1.0,1.0
@DISEASE_Myocardial_Infarction,Myocardial Infarction,69,92,@DISEASE_Myocardial_Infarction,Myocardial Infarction,127,109,127,3722,8043,12.0,12.0
@DISEASE_Myocardial_Ischemia,Myocardial Ischemia,22,32,@DISEASE_Myocardial_Ischemia,Myocardial Ischemia,98,88,98,1627,2056,6.0,6.0
@DISEASE_Myocardial_Reperfusion_Injury,Myocardial Reperfusion Injury,1,1,@DISEASE_Myocardial_Reperfusion_Injury,Myocardial Reperfusion Injury,34,32,34,108,108,2.0,2.0
@DISEASE_Myocarditis,Myocarditis,1,1,@DISEASE_Myocarditis,Myocarditis,55,52,55,526,526,4.0,4.0
@DISEASE_Myofascial_Pain_Syndromes,Myofascial Pain Syndromes,4,4,@DISEASE_Myofascial_Pain_Syndromes,Myofascial Pain Syndromes,24,22,24,52,52,1.0,1.0
@DISEASE_Myoma,Myoma,2,2,@DISEASE_Myoma,Myoma,16,14,16,68,68,1.0,1.0
@DISEASE_Myopia_Degenerative,Myopia Degenerative,1,1,@DISEASE_Myopia_Degenerative,Myopia Degenerative,2,1,2,6,6,3.0,3.0
@DISEASE_Myositis,Myositis,2,2,@DISEASE_Myositis,Myositis,28,25,28,425,425,4.0,4.0
@DISEASE_Myositis_Inclusion_Body,Myositis Inclusion Body,1,1,@DISEASE_Myositis_Inclusion_Body,Myositis Inclusion Body,6,6,6,51,51,4.0,4.0
@DISEASE_Myotonia_Congenita,Myotonia Congenita,1,1,@DISEASE_Myotonia_Congenita,Myotonia Congenita,5,5,5,8,8,1.0,1.0
@DISEASE_Nail_Diseases,Nail Diseases,2,2,@DISEASE_Nail_Diseases,Nail Diseases,16,13,16,82,82,2.0,2.0
@DISEASE_Narcolepsy,Narcolepsy,2,2,@DISEASE_Narcolepsy,Narcolepsy,30,30,30,198,212,2.0,2.0
@DISEASE_Narcotic_Related_Disorders,Narcotic Related Disorders,1,1,@DISEASE_Narcotic_Related_Disorders,Narcotic Related Disorders,6,5,6,19,19,1.0,1.0
@DISEASE_Nasal_Obstruction,Nasal Obstruction,3,5,@DISEASE_Nasal_Obstruction,Nasal Obstruction,35,30,35,191,191,3.0,3.0
@DISEASE_Nasal_Polyps,Nasal Polyps,7,7,@DISEASE_Nasal_Polyps,Nasal Polyps,25,23,25,247,354,3.0,3.0
@DISEASE_Nasopharyngeal_Carcinoma,Nasopharyngeal Carcinoma,6,6,@DISEASE_Nasopharyngeal_Carcinoma,Nasopharyngeal Carcinoma,24,23,24,100,100,1.0,1.0
@DISEASE_Nasopharyngeal_Neoplasms,Nasopharyngeal Neoplasms,1,1,@DISEASE_Nasopharyngeal_Neoplasms,Nasopharyngeal Neoplasms,10,10,10,24,24,1.0,1.0
@DISEASE_Nausea,Nausea,37,54,@DISEASE_Nausea,Nausea,100,95,100,2797,3484,15.5,15.5
@DISEASE_Neck_Pain,Neck Pain,10,10,@DISEASE_Neck_Pain,Neck Pain,51,46,51,298,298,3.0,3.0
@DISEASE_Neisseriaceae_Infections,Neisseriaceae Infections,1,1,@DISEASE_Neisseriaceae_Infections,Neisseriaceae Infections,9,8,9,29,29,1.0,1.0
@DISEASE_Neonatal_Abstinence_Syndrome,Neonatal Abstinence Syndrome,8,8,@DISEASE_Neonatal_Abstinence_Syndrome,Neonatal Abstinence Syndrome,18,18,18,111,111,3.0,3.0
@DISEASE_Neonatal_Sepsis,Neonatal Sepsis,6,6,@DISEASE_Neonatal_Sepsis,Neonatal Sepsis,11,9,11,39,39,1.0,1.0
@DISEASE_Neoplasm_Metastasis,Neoplasm Metastasis,15,15,@DISEASE_Neoplasm_Metastasis,Neoplasm Metastasis,92,82,92,1121,1327,3.0,3.0
@DISEASE_Neoplasms,Neoplasms,28,36,@DISEASE_Neoplasms,Neoplasms,187,134,187,6491,20522,15.0,15.0
@DISEASE_Neoplasms_Adipose_Tissue,Neoplasms Adipose Tissue,1,1,@DISEASE_Neoplasms_Adipose_Tissue,Neoplasms Adipose Tissue,36,33,36,344,344,2.5,2.5
@DISEASE_Neoplasms_Fibrous_Tissue,Neoplasms Fibrous Tissue,1,2,@DISEASE_Neoplasms_Fibrous_Tissue,Neoplasms Fibrous Tissue,3,3,3,3,3,1.0,1.0
@DISEASE_Neoplasms_Germ_Cell_and_Embryonal,Neoplasms Germ Cell and Embryonal,1,1,@DISEASE_Neoplasms_Germ_Cell_and_Embryonal,Neoplasms Germ Cell and Embryonal,14,12,14,67,67,1.0,1.0
@DISEASE_Neoplasms_Plasma_Cell,Neoplasms Plasma Cell,3,3,@DISEASE_Neoplasms_Plasma_Cell,Neoplasms Plasma Cell,4,4,4,4,4,1.0,1.0
@DISEASE_Neoplasms_by_Histologic_Type,Neoplasms by Histologic Type,2,3,@DISEASE_Neoplasms_by_Histologic_Type,Neoplasms by Histologic Type,13,13,13,18,18,1.0,1.0
@DISEASE_Nephritis,Nephritis,1,1,@DISEASE_Nephritis,Nephritis,34,29,34,215,215,2.0,2.0
@DISEASE_Nephrocalcinosis,Nephrocalcinosis,1,1,@DISEASE_Nephrocalcinosis,Nephrocalcinosis,17,17,17,97,97,1.0,1.0
@DISEASE_Nephrolithiasis,Nephrolithiasis,17,28,@DISEASE_Nephrolithiasis,Nephrolithiasis,17,16,17,67,67,3.0,3.0
@DISEASE_Nephrotic_Syndrome,Nephrotic Syndrome,10,13,@DISEASE_Nephrotic_Syndrome,Nephrotic Syndrome,66,61,66,729,1503,4.5,4.5
@DISEASE_Nervous_System_Diseases,Nervous System Diseases,8,9,@DISEASE_Nervous_System_Diseases,Nervous System Diseases,90,86,90,1028,1029,5.0,5.0
@DISEASE_Netherton_Syndrome,Netherton Syndrome,1,1,@DISEASE_Netherton_Syndrome,Netherton Syndrome,9,9,9,21,21,2.0,2.0
@DISEASE_Neural_Tube_Defects,Neural Tube Defects,1,1,@DISEASE_Neural_Tube_Defects,Neural Tube Defects,18,17,18,361,2624,3.0,3.0
@DISEASE_Neuralgia,Neuralgia,7,7,@DISEASE_Neuralgia,Neuralgia,98,87,98,1682,3872,4.0,4.0
@DISEASE_Neuralgia_Postherpetic,Neuralgia Postherpetic,21,24,@DISEASE_Neuralgia_Postherpetic,Neuralgia Postherpetic,32,30,32,457,626,3.0,3.0
@DISEASE_Neurobehavioral_Manifestations,Neurobehavioral Manifestations,1,1,@DISEASE_Neurobehavioral_Manifestations,Neurobehavioral Manifestations,42,42,42,169,169,2.0,2.0
@DISEASE_Neuroblastoma,Neuroblastoma,8,8,@DISEASE_Neuroblastoma,Neuroblastoma,58,56,58,296,296,2.0,2.0
@DISEASE_Neurocognitive_Disorders,Neurocognitive Disorders,1,1,@DISEASE_Neurocognitive_Disorders,Neurocognitive Disorders,47,46,47,160,160,2.0,2.0
@DISEASE_Neurocysticercosis,Neurocysticercosis,1,1,@DISEASE_Neurocysticercosis,Neurocysticercosis,11,11,11,47,47,1.0,1.0
@DISEASE_Neurodegenerative_Diseases,Neurodegenerative Diseases,2,2,@DISEASE_Neurodegenerative_Diseases,Neurodegenerative Diseases,95,89,95,1111,1118,4.0,4.0
@DISEASE_Neurodevelopmental_Disorders,Neurodevelopmental Disorders,4,5,@DISEASE_Neurodevelopmental_Disorders,Neurodevelopmental Disorders,10,10,10,12,12,1.0,1.0
@DISEASE_Neuroendocrine_Tumors,Neuroendocrine Tumors,3,3,@DISEASE_Neuroendocrine_Tumors,Neuroendocrine Tumors,19,18,19,62,62,1.0,1.0
@DISEASE_Neurofibromatosis_1,Neurofibromatosis 1,4,4,@DISEASE_Neurofibromatosis_1,Neurofibromatosis 1,11,11,11,27,27,1.0,1.0
@DISEASE_Neuroma,Neuroma,1,2,@DISEASE_Neuroma,Neuroma,8,5,8,8,8,1.0,1.0
@DISEASE_Neuromuscular_Diseases,Neuromuscular Diseases,3,3,@DISEASE_Neuromuscular_Diseases,Neuromuscular Diseases,27,26,27,54,54,2.0,2.0
@DISEASE_Neuromyelitis_Optica,Neuromyelitis Optica,2,4,@DISEASE_Neuromyelitis_Optica,Neuromyelitis Optica,24,22,24,208,222,1.5,1.5
@DISEASE_Neurotic_Disorders,Neurotic Disorders,1,1,@DISEASE_Neurotic_Disorders,Neurotic Disorders,17,17,17,39,39,1.0,1.0
@DISEASE_Neutropenia,Neutropenia,10,16,@DISEASE_Neutropenia,Neutropenia,38,36,38,631,706,8.0,8.0
@DISEASE_Night_Eating_Syndrome,Night Eating Syndrome,1,2,@DISEASE_Night_Eating_Syndrome,Night Eating Syndrome,4,4,4,21,21,5.0,5.0
@DISEASE_No_Reflow_Phenomenon,No Reflow Phenomenon,2,2,@DISEASE_No_Reflow_Phenomenon,No Reflow Phenomenon,27,25,27,95,95,2.0,2.0
@DISEASE_Nocardia_Infections,Nocardia Infections,1,1,@DISEASE_Nocardia_Infections,Nocardia Infections,13,9,13,212,505,8.0,8.0
@DISEASE_Nocturia,Nocturia,1,1,@DISEASE_Nocturia,Nocturia,27,26,27,117,117,2.0,2.0
@DISEASE_Nocturnal_Enuresis,Nocturnal Enuresis,1,1,@DISEASE_Nocturnal_Enuresis,Nocturnal Enuresis,19,19,19,71,71,2.0,2.0
@DISEASE_Nodding_Syndrome,Nodding Syndrome,1,1,@DISEASE_Nodding_Syndrome,Nodding Syndrome,4,4,4,11,11,2.5,2.5
@DISEASE_Non_alcoholic_Fatty_Liver_Disease,Non alcoholic Fatty Liver Disease,25,31,@DISEASE_Non_alcoholic_Fatty_Liver_Disease,Non alcoholic Fatty Liver Disease,55,52,55,869,1212,5.0,5.0
@DISEASE_Noonan_Syndrome,Noonan Syndrome,1,2,@DISEASE_Noonan_Syndrome,Noonan Syndrome,15,13,15,21,21,1.0,1.0
@DISEASE_Nutrition_Disorders,Nutrition Disorders,3,3,@DISEASE_Nutrition_Disorders,Nutrition Disorders,3,3,3,15,15,4.0,4.0
@DISEASE_Nutritional_and_Metabolic_Diseases,Nutritional and Metabolic Diseases,1,1,@DISEASE_Nutritional_and_Metabolic_Diseases,Nutritional and Metabolic Diseases,2,2,2,3,3,1.5,1.5
@DISEASE_Obesity,Obesity,342,388,@DISEASE_Obesity,Obesity,141,120,141,3046,5731,9.0,9.0
@DISEASE_Obesity_Abdominal,Obesity Abdominal,4,6,@DISEASE_Obesity_Abdominal,Obesity Abdominal,26,23,26,138,138,2.0,2.0
@DISEASE_Obesity_Morbid,Obesity Morbid,32,41,@DISEASE_Obesity_Morbid,Obesity Morbid,21,20,21,49,49,1.0,1.0
@DISEASE_Obsessive_Compulsive_Disorder,Obsessive Compulsive Disorder,48,72,@DISEASE_Obsessive_Compulsive_Disorder,Obsessive Compulsive Disorder,53,53,53,1025,1443,7.0,7.0
@DISEASE_Obstetric_Labor_Complications,Obstetric Labor Complications,2,2,@DISEASE_Obstetric_Labor_Complications,Obstetric Labor Complications,9,9,9,30,30,2.0,2.0
@DISEASE_Obstetric_Labor_Premature,Obstetric Labor Premature,7,7,@DISEASE_Obstetric_Labor_Premature,Obstetric Labor Premature,24,21,24,343,435,5.0,5.0
@DISEASE_Ocular_Hypertension,Ocular Hypertension,148,150,@DISEASE_Ocular_Hypertension,Ocular Hypertension,27,25,27,130,130,2.0,2.0
@DISEASE_Olecranon_Fracture,Olecranon Fracture,1,1,@DISEASE_Olecranon_Fracture,Olecranon Fracture,2,2,2,2,2,1.0,1.0
@DISEASE_Oligodendroglioma,Oligodendroglioma,1,1,@DISEASE_Oligodendroglioma,Oligodendroglioma,6,6,6,6,6,1.0,1.0
@DISEASE_Oligospermia,Oligospermia,2,2,@DISEASE_Oligospermia,Oligospermia,22,18,22,147,147,2.0,2.0
@DISEASE_Oliguria,Oliguria,1,1,@DISEASE_Oliguria,Oliguria,24,24,24,153,153,2.0,2.0
@DISEASE_Onchocerciasis,Onchocerciasis,1,1,@DISEASE_Onchocerciasis,Onchocerciasis,2,2,2,40,40,20.0,20.0
@DISEASE_Onychomycosis,Onychomycosis,1,1,@DISEASE_Onychomycosis,Onychomycosis,9,9,9,100,100,1.0,1.0
@DISEASE_Opioid_Related_Disorders,Opioid Related Disorders,18,22,@DISEASE_Opioid_Related_Disorders,Opioid Related Disorders,53,53,53,525,615,3.0,3.0
@DISEASE_Opportunistic_Infections,Opportunistic Infections,2,2,@DISEASE_Opportunistic_Infections,Opportunistic Infections,17,16,17,149,170,2.0,2.0
@DISEASE_Optic_Neuritis,Optic Neuritis,2,5,@DISEASE_Optic_Neuritis,Optic Neuritis,22,20,22,277,364,3.0,3.0
@DISEASE_Optic_Neuropathy_Ischemic,Optic Neuropathy Ischemic,1,1,@DISEASE_Optic_Neuropathy_Ischemic,Optic Neuropathy Ischemic,55,50,55,519,519,2.0,2.0
@DISEASE_Orbital_Cellulitis,Orbital Cellulitis,2,3,@DISEASE_Orbital_Cellulitis,Orbital Cellulitis,10,9,10,30,30,2.0,2.0
@DISEASE_Orbital_Fractures,Orbital Fractures,1,1,@DISEASE_Orbital_Fractures,Orbital Fractures,5,5,5,7,7,1.0,1.0
@DISEASE_Oropharyngeal_Neoplasms,Oropharyngeal Neoplasms,1,1,@DISEASE_Oropharyngeal_Neoplasms,Oropharyngeal Neoplasms,25,23,25,91,91,2.0,2.0
@DISEASE_Orthostatic_Intolerance,Orthostatic Intolerance,3,4,@DISEASE_Orthostatic_Intolerance,Orthostatic Intolerance,8,8,8,15,15,1.0,1.0
@DISEASE_Ossification_Heterotopic,Ossification Heterotopic,5,5,@DISEASE_Ossification_Heterotopic,Ossification Heterotopic,20,20,20,137,137,2.5,2.5
@DISEASE_Osteoarthritis,Osteoarthritis,112,148,@DISEASE_Osteoarthritis,Osteoarthritis,96,82,96,1609,2781,4.5,4.5
@DISEASE_Osteoarthritis_Hip,Osteoarthritis Hip,15,21,@DISEASE_Osteoarthritis_Hip,Osteoarthritis Hip,23,19,23,105,105,3.0,3.0
@DISEASE_Osteoarthritis_Knee,Osteoarthritis Knee,101,122,@DISEASE_Osteoarthritis_Knee,Osteoarthritis Knee,56,47,56,853,981,4.0,4.0
@DISEASE_Osteogenesis_Imperfecta,Osteogenesis Imperfecta,2,2,@DISEASE_Osteogenesis_Imperfecta,Osteogenesis Imperfecta,14,14,14,70,70,1.0,1.0
@DISEASE_Osteomyelitis,Osteomyelitis,7,18,@DISEASE_Osteomyelitis,Osteomyelitis,36,31,36,440,501,2.5,2.5
@DISEASE_Osteonecrosis,Osteonecrosis,3,3,@DISEASE_Osteonecrosis,Osteonecrosis,30,30,30,304,304,3.0,3.0
@DISEASE_Osteoporosis,Osteoporosis,134,142,@DISEASE_Osteoporosis,Osteoporosis,83,71,83,1251,3489,3.0,3.0
@DISEASE_Osteoporosis_Postmenopausal,Osteoporosis Postmenopausal,36,37,@DISEASE_Osteoporosis_Postmenopausal,Osteoporosis Postmenopausal,20,17,20,107,107,1.0,1.0
@DISEASE_Osteoporotic_Fractures,Osteoporotic Fractures,1,1,@DISEASE_Osteoporotic_Fractures,Osteoporotic Fractures,46,40,46,387,747,2.0,2.0
@DISEASE_Osteoradionecrosis,Osteoradionecrosis,1,1,@DISEASE_Osteoradionecrosis,Osteoradionecrosis,4,4,4,5,5,1.0,1.0
@DISEASE_Osteosarcoma,Osteosarcoma,5,6,@DISEASE_Osteosarcoma,Osteosarcoma,46,46,46,325,1006,2.0,2.0
@DISEASE_Otitis_Externa,Otitis Externa,1,1,@DISEASE_Otitis_Externa,Otitis Externa,19,17,19,161,161,3.0,3.0
@DISEASE_Otitis_Media,Otitis Media,4,8,@DISEASE_Otitis_Media,Otitis Media,30,25,30,527,1008,3.5,3.5
@DISEASE_Otitis_Media_Suppurative,Otitis Media Suppurative,1,1,@DISEASE_Otitis_Media_Suppurative,Otitis Media Suppurative,11,9,11,106,106,2.0,2.0
@DISEASE_Ototoxicity,Ototoxicity,4,4,@DISEASE_Ototoxicity,Ototoxicity,73,71,73,569,569,5.0,5.0
@DISEASE_Out_of_Hospital_Cardiac_Arrest,Out of Hospital Cardiac Arrest,3,4,@DISEASE_Out_of_Hospital_Cardiac_Arrest,Out of Hospital Cardiac Arrest,6,6,6,12,12,2.0,2.0
@DISEASE_Ovarian_Cysts,Ovarian Cysts,1,1,@DISEASE_Ovarian_Cysts,Ovarian Cysts,22,17,22,248,341,2.0,2.0
@DISEASE_Ovarian_Hyperstimulation_Syndrome,Ovarian Hyperstimulation Syndrome,3,4,@DISEASE_Ovarian_Hyperstimulation_Syndrome,Ovarian Hyperstimulation Syndrome,31,28,31,289,382,1.0,1.0
@DISEASE_Ovarian_Neoplasms,Ovarian Neoplasms,1,1,@DISEASE_Ovarian_Neoplasms,Ovarian Neoplasms,82,69,82,975,1171,3.0,3.0
@DISEASE_Ovarian_Torsion,Ovarian Torsion,1,1,@DISEASE_Ovarian_Torsion,Ovarian Torsion,8,8,8,11,11,1.0,1.0
@DISEASE_Overweight,Overweight,68,77,@DISEASE_Overweight,Overweight,77,74,77,685,946,3.0,3.0
@DISEASE_Pachyonychia_Congenita,Pachyonychia Congenita,1,2,@DISEASE_Pachyonychia_Congenita,Pachyonychia Congenita,2,2,2,5,5,2.5,2.5
@DISEASE_Pain,Pain,313,493,@DISEASE_Pain,Pain,182,126,182,6622,22784,18.5,18.5
@DISEASE_Pain_Intractable,Pain Intractable,3,17,@DISEASE_Pain_Intractable,Pain Intractable,7,7,7,8,8,1.0,1.0
@DISEASE_Pain_Postoperative,Pain Postoperative,287,426,@DISEASE_Pain_Postoperative,Pain Postoperative,87,69,87,1449,3283,2.0,2.0
@DISEASE_Pain_Procedural,Pain Procedural,2,3,@DISEASE_Pain_Procedural,Pain Procedural,5,5,5,5,5,1.0,1.0
@DISEASE_Pancreatic_Carcinoma,Pancreatic Carcinoma,1,1,@DISEASE_Pancreatic_Carcinoma,Pancreatic Carcinoma,3,3,3,3,3,1.0,1.0
@DISEASE_Pancreatic_Diseases,Pancreatic Diseases,2,3,@DISEASE_Pancreatic_Diseases,Pancreatic Diseases,17,17,17,37,37,1.0,1.0
@DISEASE_Pancreatic_Fistula,Pancreatic Fistula,1,1,@DISEASE_Pancreatic_Fistula,Pancreatic Fistula,1,1,1,1,1,1.0,1.0
@DISEASE_Pancreatic_Neoplasms,Pancreatic Neoplasms,4,4,@DISEASE_Pancreatic_Neoplasms,Pancreatic Neoplasms,77,77,77,641,743,3.0,3.0
@DISEASE_Pancreatitis,Pancreatitis,7,8,@DISEASE_Pancreatitis,Pancreatitis,75,71,75,884,884,5.0,5.0
@DISEASE_Pancreatitis_Chronic,Pancreatitis Chronic,8,10,@DISEASE_Pancreatitis_Chronic,Pancreatitis Chronic,34,33,34,97,97,2.0,2.0
@DISEASE_Pancytopenia,Pancytopenia,1,1,@DISEASE_Pancytopenia,Pancytopenia,25,23,25,418,520,4.0,4.0
@DISEASE_Panic_Disorder,Panic Disorder,41,61,@DISEASE_Panic_Disorder,Panic Disorder,40,40,40,784,1079,6.0,6.0
@DISEASE_Panuveitis,Panuveitis,1,1,@DISEASE_Panuveitis,Panuveitis,15,13,15,147,147,4.0,4.0
@DISEASE_Papillary_Thyroid_Microcarcinoma,Papillary Thyroid Microcarcinoma,2,2,@DISEASE_Papillary_Thyroid_Microcarcinoma,Papillary Thyroid Microcarcinoma,2,2,2,19,19,9.5,9.5
@DISEASE_Papilledema,Papilledema,1,1,@DISEASE_Papilledema,Papilledema,32,30,32,293,293,2.5,2.5
@DISEASE_Paralysis_Hyperkalemic_Periodic,Paralysis Hyperkalemic Periodic,1,1,@DISEASE_Paralysis_Hyperkalemic_Periodic,Paralysis Hyperkalemic Periodic,8,8,8,20,20,2.5,2.5
@DISEASE_Paraplegia,Paraplegia,1,1,@DISEASE_Paraplegia,Paraplegia,38,36,38,225,225,2.0,2.0
@DISEASE_Paraproteinemias,Paraproteinemias,1,1,@DISEASE_Paraproteinemias,Paraproteinemias,10,9,10,48,48,1.5,1.5
@DISEASE_Parasitic_Diseases,Parasitic Diseases,1,1,@DISEASE_Parasitic_Diseases,Parasitic Diseases,19,19,19,56,56,2.0,2.0
@DISEASE_Parathyroid_Diseases,Parathyroid Diseases,2,3,@DISEASE_Parathyroid_Diseases,Parathyroid Diseases,10,10,10,21,21,1.0,1.0
@DISEASE_Parathyroid_Neoplasms,Parathyroid Neoplasms,1,1,@DISEASE_Parathyroid_Neoplasms,Parathyroid Neoplasms,7,7,7,11,11,2.0,2.0
@DISEASE_Paresis,Paresis,1,1,@DISEASE_Paresis,Paresis,56,55,56,494,494,3.0,3.0
@DISEASE_Paresthesia,Paresthesia,3,4,@DISEASE_Paresthesia,Paresthesia,49,47,49,440,440,3.0,3.0
@DISEASE_Parkinson_Disease,Parkinson Disease,27,30,@DISEASE_Parkinson_Disease,Parkinson Disease,106,102,106,1409,1444,5.0,5.0
@DISEASE_Patella_Fracture,Patella Fracture,1,1,@DISEASE_Patella_Fracture,Patella Fracture,3,3,3,3,3,1.0,1.0
@DISEASE_Pathologic_Processes,Pathologic Processes,1,3,@DISEASE_Pathologic_Processes,Pathologic Processes,8,8,8,15,15,1.5,1.5
@DISEASE_Pediatric_Obesity,Pediatric Obesity,5,5,@DISEASE_Pediatric_Obesity,Pediatric Obesity,41,38,41,183,183,2.0,2.0
@DISEASE_Pelvic_Floor_Disorders,Pelvic Floor Disorders,3,3,@DISEASE_Pelvic_Floor_Disorders,Pelvic Floor Disorders,10,9,10,13,13,1.0,1.0
@DISEASE_Pelvic_Inflammatory_Disease,Pelvic Inflammatory Disease,3,3,@DISEASE_Pelvic_Inflammatory_Disease,Pelvic Inflammatory Disease,19,16,19,248,253,2.0,2.0
@DISEASE_Pelvic_Organ_Prolapse,Pelvic Organ Prolapse,13,16,@DISEASE_Pelvic_Organ_Prolapse,Pelvic Organ Prolapse,7,6,7,26,26,2.0,2.0
@DISEASE_Pelvic_Pain,Pelvic Pain,13,14,@DISEASE_Pelvic_Pain,Pelvic Pain,39,35,39,158,158,2.0,2.0
@DISEASE_Pemphigoid_Bullous,Pemphigoid Bullous,7,10,@DISEASE_Pemphigoid_Bullous,Pemphigoid Bullous,24,22,24,405,405,2.0,2.0
@DISEASE_Pemphigus,Pemphigus,2,4,@DISEASE_Pemphigus,Pemphigus,25,21,25,398,538,3.0,3.0
@DISEASE_Peptic_Ulcer,Peptic Ulcer,22,31,@DISEASE_Peptic_Ulcer,Peptic Ulcer,49,48,49,815,1681,3.0,3.0
@DISEASE_Peptic_Ulcer_Hemorrhage,Peptic Ulcer Hemorrhage,12,16,@DISEASE_Peptic_Ulcer_Hemorrhage,Peptic Ulcer Hemorrhage,6,6,6,21,21,2.0,2.0
@DISEASE_Peri_Implantitis,Peri Implantitis,4,5,@DISEASE_Peri_Implantitis,Peri Implantitis,34,32,34,107,107,1.0,1.0
@DISEASE_Periapical_Abscess,Periapical Abscess,1,1,@DISEASE_Periapical_Abscess,Periapical Abscess,10,9,10,37,37,1.0,1.0
@DISEASE_Periapical_Diseases,Periapical Diseases,1,1,@DISEASE_Periapical_Diseases,Periapical Diseases,17,16,17,45,45,1.0,1.0
@DISEASE_Pericarditis,Pericarditis,1,1,@DISEASE_Pericarditis,Pericarditis,28,24,28,316,316,2.0,2.0
@DISEASE_Periodontal_Diseases,Periodontal Diseases,12,13,@DISEASE_Periodontal_Diseases,Periodontal Diseases,32,31,32,210,210,3.0,3.0
@DISEASE_Periodontal_Pocket,Periodontal Pocket,3,4,@DISEASE_Periodontal_Pocket,Periodontal Pocket,4,4,4,10,10,1.5,1.5
@DISEASE_Periodontitis,Periodontitis,20,23,@DISEASE_Periodontitis,Periodontitis,56,53,56,554,628,3.0,3.0
@DISEASE_Peripheral_Arterial_Disease,Peripheral Arterial Disease,17,32,@DISEASE_Peripheral_Arterial_Disease,Peripheral Arterial Disease,47,47,47,483,1054,2.0,2.0
@DISEASE_Peripheral_Vascular_Diseases,Peripheral Vascular Diseases,2,2,@DISEASE_Peripheral_Vascular_Diseases,Peripheral Vascular Diseases,38,38,38,177,177,2.0,2.0
@DISEASE_Peritoneal_Neoplasms,Peritoneal Neoplasms,2,3,@DISEASE_Peritoneal_Neoplasms,Peritoneal Neoplasms,22,22,22,64,64,1.0,1.0
@DISEASE_Peritonitis,Peritonitis,1,1,@DISEASE_Peritonitis,Peritonitis,79,71,79,558,571,3.0,3.0
@DISEASE_Peritonsillar_Abscess,Peritonsillar Abscess,3,5,@DISEASE_Peritonsillar_Abscess,Peritonsillar Abscess,4,4,4,23,23,5.5,5.5
@DISEASE_Peroxisomal_Disorders,Peroxisomal Disorders,1,1,@DISEASE_Peroxisomal_Disorders,Peroxisomal Disorders,2,2,2,2,2,1.0,1.0
@DISEASE_Persian_Gulf_Syndrome,Persian Gulf Syndrome,1,1,@DISEASE_Persian_Gulf_Syndrome,Persian Gulf Syndrome,6,6,6,6,6,1.0,1.0
@DISEASE_Persistent_Vegetative_State,Persistent Vegetative State,1,1,@DISEASE_Persistent_Vegetative_State,Persistent Vegetative State,34,34,34,77,77,2.0,2.0
@DISEASE_Personality_Disorders,Personality Disorders,2,2,@DISEASE_Personality_Disorders,Personality Disorders,73,70,73,1459,2035,6.0,6.0
@DISEASE_Peutz_Jeghers_Syndrome,Peutz Jeghers Syndrome,1,1,@DISEASE_Peutz_Jeghers_Syndrome,Peutz Jeghers Syndrome,1,1,1,1,1,1.0,1.0
@DISEASE_Pharyngitis,Pharyngitis,5,8,@DISEASE_Pharyngitis,Pharyngitis,51,47,51,417,417,2.0,2.0
@DISEASE_Phenylketonurias,Phenylketonurias,1,1,@DISEASE_Phenylketonurias,Phenylketonurias,19,19,19,88,88,2.0,2.0
@DISEASE_Pheochromocytoma,Pheochromocytoma,2,3,@DISEASE_Pheochromocytoma,Pheochromocytoma,30,29,30,152,152,1.0,1.0
@DISEASE_Phlebitis,Phlebitis,1,1,@DISEASE_Phlebitis,Phlebitis,16,16,16,51,51,2.0,2.0
@DISEASE_Phobia_Social,Phobia Social,14,15,@DISEASE_Phobia_Social,Phobia Social,32,32,32,475,479,5.0,5.0
@DISEASE_Phobia_Specific,Phobia Specific,1,1,@DISEASE_Phobia_Specific,Phobia Specific,8,8,8,10,10,1.0,1.0
@DISEASE_Phobic_Disorders,Phobic Disorders,1,1,@DISEASE_Phobic_Disorders,Phobic Disorders,25,25,25,119,119,3.0,3.0
@DISEASE_Photophobia,Photophobia,1,1,@DISEASE_Photophobia,Photophobia,37,35,37,194,194,3.0,3.0
@DISEASE_Photosensitivity_Disorders,Photosensitivity Disorders,1,1,@DISEASE_Photosensitivity_Disorders,Photosensitivity Disorders,19,16,19,48,48,2.0,2.0
@DISEASE_Pilonidal_Sinus,Pilonidal Sinus,2,2,@DISEASE_Pilonidal_Sinus,Pilonidal Sinus,11,11,11,13,13,1.0,1.0
@DISEASE_Placenta_Previa,Placenta Previa,2,2,@DISEASE_Placenta_Previa,Placenta Previa,5,4,5,10,10,1.0,1.0
@DISEASE_Placental_Insufficiency,Placental Insufficiency,1,1,@DISEASE_Placental_Insufficiency,Placental Insufficiency,10,10,10,37,37,2.5,2.5
@DISEASE_Plague,Plague,1,1,@DISEASE_Plague,Plague,14,13,14,82,82,1.0,1.0
@DISEASE_Plaque_Atherosclerotic,Plaque Atherosclerotic,4,5,@DISEASE_Plaque_Atherosclerotic,Plaque Atherosclerotic,50,47,50,474,474,4.0,4.0
@DISEASE_Plasmablastic_Lymphoma,Plasmablastic Lymphoma,1,1,@DISEASE_Plasmablastic_Lymphoma,Plasmablastic Lymphoma,4,4,4,17,17,4.5,4.5
@DISEASE_Platelet_Storage_Pool_Deficiency,Platelet Storage Pool Deficiency,1,2,@DISEASE_Platelet_Storage_Pool_Deficiency,Platelet Storage Pool Deficiency,4,4,4,6,6,1.0,1.0
@DISEASE_Pleural_Effusion,Pleural Effusion,4,6,@DISEASE_Pleural_Effusion,Pleural Effusion,48,43,48,440,452,3.0,3.0
@DISEASE_Pleural_Effusion_Malignant,Pleural Effusion Malignant,4,4,@DISEASE_Pleural_Effusion_Malignant,Pleural Effusion Malignant,10,8,10,37,37,1.0,1.0
@DISEASE_Pleurisy,Pleurisy,1,1,@DISEASE_Pleurisy,Pleurisy,24,22,24,106,106,2.0,2.0
@DISEASE_Pleuropulmonary_blastoma,Pleuropulmonary blastoma,1,1,@DISEASE_Pleuropulmonary_blastoma,Pleuropulmonary blastoma,3,3,3,6,6,1.0,1.0
@DISEASE_Pneumococcal_Infections,Pneumococcal Infections,1,1,@DISEASE_Pneumococcal_Infections,Pneumococcal Infections,20,17,20,158,158,2.0,2.0
@DISEASE_Pneumocystis_Infections,Pneumocystis Infections,2,2,@DISEASE_Pneumocystis_Infections,Pneumocystis Infections,16,14,16,135,135,2.0,2.0
@DISEASE_Pneumonia,Pneumonia,37,58,@DISEASE_Pneumonia,Pneumonia,99,88,99,1696,2470,4.0,4.0
@DISEASE_Pneumonia_Aspiration,Pneumonia Aspiration,3,3,@DISEASE_Pneumonia_Aspiration,Pneumonia Aspiration,31,29,31,115,115,2.0,2.0
@DISEASE_Pneumonia_Bacterial,Pneumonia Bacterial,6,8,@DISEASE_Pneumonia_Bacterial,Pneumonia Bacterial,16,14,16,68,68,3.0,3.0
@DISEASE_Pneumonia_Pneumocystis,Pneumonia Pneumocystis,8,9,@DISEASE_Pneumonia_Pneumocystis,Pneumonia Pneumocystis,22,20,22,447,1524,2.0,2.0
@DISEASE_Pneumonia_Ventilator_Associated,Pneumonia Ventilator Associated,6,8,@DISEASE_Pneumonia_Ventilator_Associated,Pneumonia Ventilator Associated,16,16,16,55,55,1.0,1.0
@DISEASE_Pneumothorax,Pneumothorax,2,2,@DISEASE_Pneumothorax,Pneumothorax,19,17,19,59,67,1.0,1.0
@DISEASE_Polycystic_Kidney_Autosomal_Dominant,Polycystic Kidney Autosomal Dominant,4,4,@DISEASE_Polycystic_Kidney_Autosomal_Dominant,Polycystic Kidney Autosomal Dominant,28,28,28,91,91,1.0,1.0
@DISEASE_Polycystic_Kidney_Diseases,Polycystic Kidney Diseases,2,2,@DISEASE_Polycystic_Kidney_Diseases,Polycystic Kidney Diseases,23,23,23,67,67,2.0,2.0
@DISEASE_Polycystic_Ovary_Syndrome,Polycystic Ovary Syndrome,58,71,@DISEASE_Polycystic_Ovary_Syndrome,Polycystic Ovary Syndrome,67,52,67,1230,4514,4.0,4.0
@DISEASE_Polycythemia_Vera,Polycythemia Vera,3,3,@DISEASE_Polycythemia_Vera,Polycythemia Vera,27,27,27,162,219,2.0,2.0
@DISEASE_Polydactyly,Polydactyly,1,1,@DISEASE_Polydactyly,Polydactyly,2,2,2,4,4,2.0,2.0
@DISEASE_Polymyalgia_Rheumatica,Polymyalgia Rheumatica,3,5,@DISEASE_Polymyalgia_Rheumatica,Polymyalgia Rheumatica,15,14,15,310,367,2.0,2.0
@DISEASE_Polymyositis,Polymyositis,2,5,@DISEASE_Polymyositis,Polymyositis,14,14,14,290,290,2.5,2.5
@DISEASE_Polyneuropathies,Polyneuropathies,4,6,@DISEASE_Polyneuropathies,Polyneuropathies,29,29,29,225,225,4.0,4.0
@DISEASE_Polyps,Polyps,1,1,@DISEASE_Polyps,Polyps,40,38,40,272,272,3.5,3.5
@DISEASE_Porphyria_Acute_Intermittent,Porphyria Acute Intermittent,1,1,@DISEASE_Porphyria_Acute_Intermittent,Porphyria Acute Intermittent,25,25,25,49,49,1.0,1.0
@DISEASE_Porphyria_Cutanea_Tarda,Porphyria Cutanea Tarda,1,1,@DISEASE_Porphyria_Cutanea_Tarda,Porphyria Cutanea Tarda,11,11,11,47,47,1.0,1.0
@DISEASE_Port_Wine_Stain,Port Wine Stain,1,1,@DISEASE_Port_Wine_Stain,Port Wine Stain,5,5,5,5,5,1.0,1.0
@DISEASE_Portal_Vein_Cavernous_Transformation_Of,Portal Vein Cavernous Transformation Of,2,3,@DISEASE_Portal_Vein_Cavernous_Transformation_Of,Portal Vein Cavernous Transformation Of,7,7,7,15,15,1.0,1.0
@DISEASE_Post_Concussion_Syndrome,Post Concussion Syndrome,2,3,@DISEASE_Post_Concussion_Syndrome,Post Concussion Syndrome,9,9,9,19,19,2.0,2.0
@DISEASE_Post_Dural_Puncture_Headache,Post Dural Puncture Headache,3,3,@DISEASE_Post_Dural_Puncture_Headache,Post Dural Puncture Headache,12,11,12,64,64,3.0,3.0
@DISEASE_Post_Exercise_Hypotension,Post Exercise Hypotension,1,1,@DISEASE_Post_Exercise_Hypotension,Post Exercise Hypotension,2,2,2,2,2,1.0,1.0
@DISEASE_Post_Traumatic_Headache,Post Traumatic Headache,5,7,@DISEASE_Post_Traumatic_Headache,Post Traumatic Headache,11,11,11,27,27,2.0,2.0
@DISEASE_Postoperative_Complications,Postoperative Complications,9,12,@DISEASE_Postoperative_Complications,Postoperative Complications,29,27,29,94,94,2.0,2.0
@DISEASE_Postoperative_Hemorrhage,Postoperative Hemorrhage,2,6,@DISEASE_Postoperative_Hemorrhage,Postoperative Hemorrhage,56,52,56,560,560,2.0,2.0
@DISEASE_Postoperative_Nausea_and_Vomiting,Postoperative Nausea and Vomiting,50,59,@DISEASE_Postoperative_Nausea_and_Vomiting,Postoperative Nausea and Vomiting,66,63,66,930,2235,4.0,4.0
@DISEASE_Postpartum_Hemorrhage,Postpartum Hemorrhage,2,2,@DISEASE_Postpartum_Hemorrhage,Postpartum Hemorrhage,19,19,19,53,53,1.0,1.0
@DISEASE_Postthrombotic_Syndrome,Postthrombotic Syndrome,1,1,@DISEASE_Postthrombotic_Syndrome,Postthrombotic Syndrome,18,18,18,47,47,1.0,1.0
@DISEASE_Postural_Orthostatic_Tachycardia_Syndrome,Postural Orthostatic Tachycardia Syndrome,6,6,@DISEASE_Postural_Orthostatic_Tachycardia_Syndrome,Postural Orthostatic Tachycardia Syndrome,29,29,29,109,109,2.0,2.0
@DISEASE_Potassium_aggravated_myotonia,Potassium aggravated myotonia,1,1,@DISEASE_Potassium_aggravated_myotonia,Potassium aggravated myotonia,2,2,2,2,2,1.0,1.0
@DISEASE_Pouchitis,Pouchitis,1,1,@DISEASE_Pouchitis,Pouchitis,6,6,6,82,82,1.5,1.5
@DISEASE_Prader_Willi_Syndrome,Prader Willi Syndrome,4,4,@DISEASE_Prader_Willi_Syndrome,Prader Willi Syndrome,23,23,23,71,71,1.0,1.0
@DISEASE_Pre_Eclampsia,Pre Eclampsia,13,16,@DISEASE_Pre_Eclampsia,Pre Eclampsia,65,56,65,998,1910,4.0,4.0
@DISEASE_Precancerous_Conditions,Precancerous Conditions,8,11,@DISEASE_Precancerous_Conditions,Precancerous Conditions,33,30,33,294,294,4.0,4.0
@DISEASE_Precursor_Cell_Lymphoblastic_Leukemia_Lymphoma,Precursor Cell Lymphoblastic Leukemia Lymphoma,1,1,@DISEASE_Precursor_Cell_Lymphoblastic_Leukemia_Lymphoma,Precursor Cell Lymphoblastic Leukemia Lymphoma,52,47,52,559,1933,2.0,2.0
@DISEASE_Prediabetic_State,Prediabetic State,14,16,@DISEASE_Prediabetic_State,Prediabetic State,35,34,35,270,416,3.0,3.0
@DISEASE_Pregnancy_Complications,Pregnancy Complications,10,14,@DISEASE_Pregnancy_Complications,Pregnancy Complications,25,24,25,141,141,2.0,2.0
@DISEASE_Pregnancy_Complications_Infectious,Pregnancy Complications Infectious,1,2,@DISEASE_Pregnancy_Complications_Infectious,Pregnancy Complications Infectious,1,1,1,1,1,1.0,1.0
@DISEASE_Pregnancy_Ectopic,Pregnancy Ectopic,5,6,@DISEASE_Pregnancy_Ectopic,Pregnancy Ectopic,13,12,13,281,1195,2.0,2.0
@DISEASE_Pregnancy_Prolonged,Pregnancy Prolonged,2,2,@DISEASE_Pregnancy_Prolonged,Pregnancy Prolonged,8,7,8,34,34,1.0,1.0
@DISEASE_Prehypertension,Prehypertension,5,6,@DISEASE_Prehypertension,Prehypertension,18,18,18,42,42,2.0,2.0
@DISEASE_Premature_Birth,Premature Birth,9,10,@DISEASE_Premature_Birth,Premature Birth,56,51,56,835,1560,4.0,4.0
@DISEASE_Premature_Ejaculation,Premature Ejaculation,7,8,@DISEASE_Premature_Ejaculation,Premature Ejaculation,33,31,33,544,554,3.0,3.0
@DISEASE_Premenstrual_Dysphoric_Disorder,Premenstrual Dysphoric Disorder,6,6,@DISEASE_Premenstrual_Dysphoric_Disorder,Premenstrual Dysphoric Disorder,25,24,25,265,265,3.0,3.0
@DISEASE_Premenstrual_Syndrome,Premenstrual Syndrome,15,17,@DISEASE_Premenstrual_Syndrome,Premenstrual Syndrome,35,30,35,344,346,3.0,3.0
@DISEASE_Pressure_Ulcer,Pressure Ulcer,1,1,@DISEASE_Pressure_Ulcer,Pressure Ulcer,70,63,70,555,555,3.0,3.0
@DISEASE_Primary_Myelofibrosis,Primary Myelofibrosis,4,4,@DISEASE_Primary_Myelofibrosis,Primary Myelofibrosis,17,16,17,100,100,1.0,1.0
@DISEASE_Primary_Ovarian_Insufficiency,Primary Ovarian Insufficiency,2,4,@DISEASE_Primary_Ovarian_Insufficiency,Primary Ovarian Insufficiency,26,20,26,228,239,1.0,1.0
@DISEASE_Progeria,Progeria,2,2,@DISEASE_Progeria,Progeria,6,6,6,16,16,1.5,1.5
@DISEASE_Progesterone_Resistance,Progesterone Resistance,1,2,@DISEASE_Progesterone_Resistance,Progesterone Resistance,5,3,5,32,32,1.0,1.0
@DISEASE_Prolactinoma,Prolactinoma,1,1,@DISEASE_Prolactinoma,Prolactinoma,16,13,16,108,108,1.0,1.0
@DISEASE_Propionic_Acidemia,Propionic Acidemia,1,1,@DISEASE_Propionic_Acidemia,Propionic Acidemia,3,3,3,8,8,2.0,2.0
@DISEASE_Prostatic_Hyperplasia,Prostatic Hyperplasia,45,52,@DISEASE_Prostatic_Hyperplasia,Prostatic Hyperplasia,65,58,65,694,2218,2.0,2.0
@DISEASE_Prostatic_Intraepithelial_Neoplasia,Prostatic Intraepithelial Neoplasia,1,1,@DISEASE_Prostatic_Intraepithelial_Neoplasia,Prostatic Intraepithelial Neoplasia,7,7,7,51,51,5.0,5.0
@DISEASE_Prostatic_Neoplasms,Prostatic Neoplasms,22,27,@DISEASE_Prostatic_Neoplasms,Prostatic Neoplasms,96,85,96,1596,3380,4.0,4.0
@DISEASE_Prostatitis,Prostatitis,1,1,@DISEASE_Prostatitis,Prostatitis,87,75,87,1145,1577,4.0,4.0
@DISEASE_Proteinuria,Proteinuria,24,29,@DISEASE_Proteinuria,Proteinuria,84,77,84,1507,2219,8.0,8.0
@DISEASE_Protoporphyria_Erythropoietic,Protoporphyria Erythropoietic,1,1,@DISEASE_Protoporphyria_Erythropoietic,Protoporphyria Erythropoietic,3,3,3,3,3,1.0,1.0
@DISEASE_Pruritus,Pruritus,10,11,@DISEASE_Pruritus,Pruritus,96,77,96,1638,1701,8.0,8.0
@DISEASE_Psoriasis,Psoriasis,68,75,@DISEASE_Psoriasis,Psoriasis,72,62,72,942,4112,4.0,4.0
@DISEASE_Psychological_Distress,Psychological Distress,1,1,@DISEASE_Psychological_Distress,Psychological Distress,53,51,53,273,273,2.0,2.0
@DISEASE_Psychological_Trauma,Psychological Trauma,1,1,@DISEASE_Psychological_Trauma,Psychological Trauma,29,29,29,163,163,4.0,4.0
@DISEASE_Psychomotor_Agitation,Psychomotor Agitation,9,10,@DISEASE_Psychomotor_Agitation,Psychomotor Agitation,60,59,60,1097,1152,8.0,8.0
@DISEASE_Psychotic_Disorders,Psychotic Disorders,28,38,@DISEASE_Psychotic_Disorders,Psychotic Disorders,79,78,79,1418,2242,12.0,12.0
@DISEASE_Pterygium,Pterygium,1,2,@DISEASE_Pterygium,Pterygium,9,9,9,18,18,1.0,1.0
@DISEASE_Puberty_Delayed,Puberty Delayed,1,1,@DISEASE_Puberty_Delayed,Puberty Delayed,17,12,17,99,99,1.0,1.0
@DISEASE_Puberty_Precocious,Puberty Precocious,3,3,@DISEASE_Puberty_Precocious,Puberty Precocious,14,12,14,185,185,3.0,3.0
@DISEASE_Puerperal_Disorders,Puerperal Disorders,1,1,@DISEASE_Puerperal_Disorders,Puerperal Disorders,7,6,7,8,8,1.0,1.0
@DISEASE_Pulmonary_Arterial_Hypertension,Pulmonary Arterial Hypertension,24,30,@DISEASE_Pulmonary_Arterial_Hypertension,Pulmonary Arterial Hypertension,72,61,72,1253,1748,5.5,5.5
@DISEASE_Pulmonary_Disease_Chronic_Obstructive,Pulmonary Disease Chronic Obstructive,249,386,@DISEASE_Pulmonary_Disease_Chronic_Obstructive,Pulmonary Disease Chronic Obstructive,102,89,102,1696,3256,4.5,4.5
@DISEASE_Pulmonary_Edema,Pulmonary Edema,4,5,@DISEASE_Pulmonary_Edema,Pulmonary Edema,43,38,43,397,479,4.0,4.0
@DISEASE_Pulmonary_Embolism,Pulmonary Embolism,47,63,@DISEASE_Pulmonary_Embolism,Pulmonary Embolism,43,40,43,622,1429,3.0,3.0
@DISEASE_Pulmonary_Fibrosis,Pulmonary Fibrosis,3,4,@DISEASE_Pulmonary_Fibrosis,Pulmonary Fibrosis,55,51,55,385,385,2.0,2.0
@DISEASE_Pulpitis,Pulpitis,4,5,@DISEASE_Pulpitis,Pulpitis,27,22,27,153,153,2.0,2.0
@DISEASE_Pure_Autonomic_Failure,Pure Autonomic Failure,2,2,@DISEASE_Pure_Autonomic_Failure,Pure Autonomic Failure,1,1,1,2,2,2.0,2.0
@DISEASE_Purpura_Thrombocytopenic_Idiopathic,Purpura Thrombocytopenic Idiopathic,3,6,@DISEASE_Purpura_Thrombocytopenic_Idiopathic,Purpura Thrombocytopenic Idiopathic,31,29,31,414,709,3.0,3.0
@DISEASE_Purpura_Thrombotic_Thrombocytopenic,Purpura Thrombotic Thrombocytopenic,1,1,@DISEASE_Purpura_Thrombotic_Thrombocytopenic,Purpura Thrombotic Thrombocytopenic,16,16,16,248,248,4.0,4.0
@DISEASE_Pyelonephritis,Pyelonephritis,3,6,@DISEASE_Pyelonephritis,Pyelonephritis,30,27,30,318,318,2.0,2.0
@DISEASE_Pyloric_Stenosis,Pyloric Stenosis,1,1,@DISEASE_Pyloric_Stenosis,Pyloric Stenosis,13,13,13,27,27,2.0,2.0
@DISEASE_Pyoderma,Pyoderma,1,1,@DISEASE_Pyoderma,Pyoderma,18,16,18,93,93,3.0,3.0
@DISEASE_Pyoderma_Gangrenosum,Pyoderma Gangrenosum,4,4,@DISEASE_Pyoderma_Gangrenosum,Pyoderma Gangrenosum,24,22,24,356,356,1.0,1.0
@DISEASE_Pyomyositis,Pyomyositis,1,1,@DISEASE_Pyomyositis,Pyomyositis,9,8,9,14,14,1.0,1.0
@DISEASE_Q_Fever,Q Fever,1,1,@DISEASE_Q_Fever,Q Fever,11,10,11,201,264,2.0,2.0
@DISEASE_REM_Sleep_Behavior_Disorder,REM Sleep Behavior Disorder,5,5,@DISEASE_REM_Sleep_Behavior_Disorder,REM Sleep Behavior Disorder,34,33,34,177,177,3.0,3.0
@DISEASE_Rabies,Rabies,1,1,@DISEASE_Rabies,Rabies,8,8,8,8,8,1.0,1.0
@DISEASE_Radiculopathy,Radiculopathy,3,10,@DISEASE_Radiculopathy,Radiculopathy,39,35,39,187,187,3.0,3.0
@DISEASE_Radiodermatitis,Radiodermatitis,1,1,@DISEASE_Radiodermatitis,Radiodermatitis,8,8,8,13,13,1.0,1.0
@DISEASE_Rare_Diseases,Rare Diseases,1,1,@DISEASE_Rare_Diseases,Rare Diseases,3,3,3,3,3,1.0,1.0
@DISEASE_Raynaud_Disease,Raynaud Disease,1,1,@DISEASE_Raynaud_Disease,Raynaud Disease,39,37,39,314,357,2.0,2.0
@DISEASE_Rectal_Diseases,Rectal Diseases,1,2,@DISEASE_Rectal_Diseases,Rectal Diseases,48,46,48,203,203,2.0,2.0
@DISEASE_Rectal_Fistula,Rectal Fistula,1,1,@DISEASE_Rectal_Fistula,Rectal Fistula,4,4,4,10,10,2.0,2.0
@DISEASE_Rectal_Neoplasms,Rectal Neoplasms,1,1,@DISEASE_Rectal_Neoplasms,Rectal Neoplasms,29,29,29,134,134,2.0,2.0
@DISEASE_Rectocele,Rectocele,1,1,@DISEASE_Rectocele,Rectocele,1,1,1,1,1,1.0,1.0
@DISEASE_Recurrence,Recurrence,6,7,@DISEASE_Recurrence,Recurrence,28,28,28,66,66,2.0,2.0
@DISEASE_Recurrent_Laryngeal_Nerve_Injuries,Recurrent Laryngeal Nerve Injuries,1,1,@DISEASE_Recurrent_Laryngeal_Nerve_Injuries,Recurrent Laryngeal Nerve Injuries,3,2,3,5,5,2.0,2.0
@DISEASE_Recurrent_respiratory_papillomatosis,Recurrent respiratory papillomatosis,2,3,@DISEASE_Recurrent_respiratory_papillomatosis,Recurrent respiratory papillomatosis,5,5,5,18,18,3.0,3.0
@DISEASE_Refractive_Errors,Refractive Errors,1,1,@DISEASE_Refractive_Errors,Refractive Errors,4,4,4,7,7,1.5,1.5
@DISEASE_Refsum_Disease_Infantile,Refsum Disease Infantile,1,1,@DISEASE_Refsum_Disease_Infantile,Refsum Disease Infantile,3,3,3,5,5,2.0,2.0
@DISEASE_Relative_Energy_Deficiency_in_Sport,Relative Energy Deficiency in Sport,1,1,@DISEASE_Relative_Energy_Deficiency_in_Sport,Relative Energy Deficiency in Sport,4,4,4,7,7,1.0,1.0
@DISEASE_Renal_Artery_Obstruction,Renal Artery Obstruction,1,1,@DISEASE_Renal_Artery_Obstruction,Renal Artery Obstruction,58,57,58,460,481,3.0,3.0
@DISEASE_Renal_Colic,Renal Colic,5,6,@DISEASE_Renal_Colic,Renal Colic,21,21,21,215,215,1.0,1.0
@DISEASE_Renal_Insufficiency,Renal Insufficiency,13,15,@DISEASE_Renal_Insufficiency,Renal Insufficiency,112,96,112,2380,2491,11.5,11.5
@DISEASE_Renal_Insufficiency_Chronic,Renal Insufficiency Chronic,24,36,@DISEASE_Renal_Insufficiency_Chronic,Renal Insufficiency Chronic,105,95,105,2136,2316,7.0,7.0
@DISEASE_Reperfusion_Injury,Reperfusion Injury,3,3,@DISEASE_Reperfusion_Injury,Reperfusion Injury,100,92,100,1268,1317,5.0,5.0
@DISEASE_Respiratory_Aspiration,Respiratory Aspiration,1,1,@DISEASE_Respiratory_Aspiration,Respiratory Aspiration,5,5,5,7,7,1.0,1.0
@DISEASE_Respiratory_Distress_Syndrome,Respiratory Distress Syndrome,2,2,@DISEASE_Respiratory_Distress_Syndrome,Respiratory Distress Syndrome,88,77,88,917,1027,4.0,4.0
@DISEASE_Respiratory_Hypersensitivity,Respiratory Hypersensitivity,1,1,@DISEASE_Respiratory_Hypersensitivity,Respiratory Hypersensitivity,27,25,27,114,114,1.0,1.0
@DISEASE_Respiratory_Insufficiency,Respiratory Insufficiency,2,2,@DISEASE_Respiratory_Insufficiency,Respiratory Insufficiency,87,81,87,1324,1393,7.0,7.0
@DISEASE_Respiratory_Sounds,Respiratory Sounds,1,1,@DISEASE_Respiratory_Sounds,Respiratory Sounds,49,45,49,551,605,3.0,3.0
@DISEASE_Respiratory_Tract_Infections,Respiratory Tract Infections,12,18,@DISEASE_Respiratory_Tract_Infections,Respiratory Tract Infections,77,68,77,1046,1558,3.0,3.0
@DISEASE_Restless_Legs_Syndrome,Restless Legs Syndrome,16,26,@DISEASE_Restless_Legs_Syndrome,Restless Legs Syndrome,33,32,33,366,381,5.0,5.0
@DISEASE_Retinal_Detachment,Retinal Detachment,4,9,@DISEASE_Retinal_Detachment,Retinal Detachment,31,28,31,331,331,3.0,3.0
@DISEASE_Retinal_Vein_Occlusion,Retinal Vein Occlusion,2,3,@DISEASE_Retinal_Vein_Occlusion,Retinal Vein Occlusion,42,39,42,579,733,2.0,2.0
@DISEASE_Retinitis_Pigmentosa,Retinitis Pigmentosa,1,1,@DISEASE_Retinitis_Pigmentosa,Retinitis Pigmentosa,25,23,25,81,81,2.0,2.0
@DISEASE_Retinoblastoma,Retinoblastoma,1,2,@DISEASE_Retinoblastoma,Retinoblastoma,16,16,16,46,46,1.0,1.0
@DISEASE_Retinopathy_of_Prematurity,Retinopathy of Prematurity,6,6,@DISEASE_Retinopathy_of_Prematurity,Retinopathy of Prematurity,12,11,12,69,69,2.0,2.0
@DISEASE_Retinoschisis,Retinoschisis,1,1,@DISEASE_Retinoschisis,Retinoschisis,4,3,4,5,5,1.0,1.0
@DISEASE_Retropharyngeal_Abscess,Retropharyngeal Abscess,1,2,@DISEASE_Retropharyngeal_Abscess,Retropharyngeal Abscess,5,4,5,17,17,2.0,2.0
@DISEASE_Rett_Syndrome,Rett Syndrome,2,3,@DISEASE_Rett_Syndrome,Rett Syndrome,14,14,14,55,55,2.5,2.5
@DISEASE_Rhabdomyolysis,Rhabdomyolysis,1,1,@DISEASE_Rhabdomyolysis,Rhabdomyolysis,40,40,40,628,750,6.0,6.0
@DISEASE_Rhabdomyosarcoma,Rhabdomyosarcoma,2,3,@DISEASE_Rhabdomyosarcoma,Rhabdomyosarcoma,15,15,15,37,37,1.0,1.0
@DISEASE_Rhabdomyosarcoma_Embryonal,Rhabdomyosarcoma Embryonal,1,1,@DISEASE_Rhabdomyosarcoma_Embryonal,Rhabdomyosarcoma Embryonal,3,3,3,4,4,1.0,1.0
@DISEASE_Rheumatic_Diseases,Rheumatic Diseases,3,3,@DISEASE_Rheumatic_Diseases,Rheumatic Diseases,54,50,54,764,995,2.0,2.0
@DISEASE_Rheumatic_Heart_Disease,Rheumatic Heart Disease,4,8,@DISEASE_Rheumatic_Heart_Disease,Rheumatic Heart Disease,12,12,12,72,72,1.5,1.5
@DISEASE_Rhinitis,Rhinitis,14,17,@DISEASE_Rhinitis,Rhinitis,32,27,32,362,362,2.5,2.5
@DISEASE_Rhinitis_Allergic,Rhinitis Allergic,76,100,@DISEASE_Rhinitis_Allergic,Rhinitis Allergic,41,34,41,821,1132,2.0,2.0
@DISEASE_Rhinitis_Allergic_Perennial,Rhinitis Allergic Perennial,36,43,@DISEASE_Rhinitis_Allergic_Perennial,Rhinitis Allergic Perennial,15,12,15,256,256,20.0,20.0
@DISEASE_Rhinitis_Allergic_Seasonal,Rhinitis Allergic Seasonal,71,106,@DISEASE_Rhinitis_Allergic_Seasonal,Rhinitis Allergic Seasonal,25,21,25,571,581,4.0,4.0
@DISEASE_Rhinitis_Vasomotor,Rhinitis Vasomotor,2,3,@DISEASE_Rhinitis_Vasomotor,Rhinitis Vasomotor,44,36,44,390,409,3.0,3.0
@DISEASE_Rhinorrhea,Rhinorrhea,1,1,@DISEASE_Rhinorrhea,Rhinorrhea,13,13,13,33,33,1.0,1.0
@DISEASE_Rhinoscleroma,Rhinoscleroma,1,1,@DISEASE_Rhinoscleroma,Rhinoscleroma,5,5,5,31,31,2.0,2.0
@DISEASE_Rib_Fractures,Rib Fractures,5,12,@DISEASE_Rib_Fractures,Rib Fractures,14,14,14,25,25,1.0,1.0
@DISEASE_Rickets,Rickets,1,1,@DISEASE_Rickets,Rickets,10,10,10,160,165,2.0,2.0
@DISEASE_Romano_Ward_Syndrome,Romano Ward Syndrome,1,3,@DISEASE_Romano_Ward_Syndrome,Romano Ward Syndrome,3,3,3,23,23,5.0,5.0
@DISEASE_Rosacea,Rosacea,10,12,@DISEASE_Rosacea,Rosacea,36,34,36,211,264,2.0,2.0
@DISEASE_Rotator_Cuff_Injuries,Rotator Cuff Injuries,3,4,@DISEASE_Rotator_Cuff_Injuries,Rotator Cuff Injuries,34,30,34,106,106,2.0,2.0
@DISEASE_Rotator_Cuff_Tear_Arthropathy,Rotator Cuff Tear Arthropathy,1,1,@DISEASE_Rotator_Cuff_Tear_Arthropathy,Rotator Cuff Tear Arthropathy,3,3,3,3,3,1.0,1.0
@DISEASE_Rumination_Syndrome,Rumination Syndrome,1,1,@DISEASE_Rumination_Syndrome,Rumination Syndrome,15,15,15,24,24,1.0,1.0
@DISEASE_Rupture,Rupture,1,1,@DISEASE_Rupture,Rupture,45,43,45,299,299,3.0,3.0
@DISEASE_ST_Elevation_Myocardial_Infarction,ST Elevation Myocardial Infarction,15,21,@DISEASE_ST_Elevation_Myocardial_Infarction,ST Elevation Myocardial Infarction,50,46,50,631,1207,3.0,3.0
@DISEASE_Sacroiliitis,Sacroiliitis,1,1,@DISEASE_Sacroiliitis,Sacroiliitis,21,18,21,64,64,1.0,1.0
@DISEASE_Sandhoff_Disease,Sandhoff Disease,1,2,@DISEASE_Sandhoff_Disease,Sandhoff Disease,2,2,2,2,2,1.0,1.0
@DISEASE_Sarcoidosis,Sarcoidosis,9,10,@DISEASE_Sarcoidosis,Sarcoidosis,34,30,34,616,1125,2.5,2.5
@DISEASE_Sarcoidosis_Pulmonary,Sarcoidosis Pulmonary,6,7,@DISEASE_Sarcoidosis_Pulmonary,Sarcoidosis Pulmonary,10,9,10,134,134,6.5,6.5
@DISEASE_Sarcoma,Sarcoma,13,16,@DISEASE_Sarcoma,Sarcoma,28,27,28,139,139,2.0,2.0
@DISEASE_Sarcoma_Alveolar_Soft_Part,Sarcoma Alveolar Soft Part,2,3,@DISEASE_Sarcoma_Alveolar_Soft_Part,Sarcoma Alveolar Soft Part,2,2,2,3,3,1.5,1.5
@DISEASE_Sarcoma_Ewing,Sarcoma Ewing,1,1,@DISEASE_Sarcoma_Ewing,Sarcoma Ewing,21,21,21,40,40,1.0,1.0
@DISEASE_Sarcoma_Kaposi,Sarcoma Kaposi,3,3,@DISEASE_Sarcoma_Kaposi,Sarcoma Kaposi,18,17,18,99,99,2.5,2.5
@DISEASE_Sarcopenia,Sarcopenia,19,21,@DISEASE_Sarcopenia,Sarcopenia,15,15,15,147,147,3.0,3.0
@DISEASE_Scabies,Scabies,1,1,@DISEASE_Scabies,Scabies,9,8,9,17,17,2.0,2.0
@DISEASE_Schizophrenia,Schizophrenia,296,369,@DISEASE_Schizophrenia,Schizophrenia,90,85,90,1616,3533,7.0,7.0
@DISEASE_Schizophrenia_Spectrum_and_Other_Psychotic_Disorders,Schizophrenia Spectrum and Other Psychotic Disorders,1,1,@DISEASE_Schizophrenia_Spectrum_and_Other_Psychotic_Disorders,Schizophrenia Spectrum and Other Psychotic Disorders,29,29,29,95,95,2.0,2.0
@DISEASE_Schizophrenia_Treatment_Resistant,Schizophrenia Treatment Resistant,6,11,@DISEASE_Schizophrenia_Treatment_Resistant,Schizophrenia Treatment Resistant,7,7,7,19,19,2.0,2.0
@DISEASE_Sciatica,Sciatica,7,8,@DISEASE_Sciatica,Sciatica,33,28,33,115,115,2.0,2.0
@DISEASE_Scleritis,Scleritis,1,1,@DISEASE_Scleritis,Scleritis,27,23,27,268,268,3.0,3.0
@DISEASE_Scleroderma_Systemic,Scleroderma Systemic,4,19,@DISEASE_Scleroderma_Systemic,Scleroderma Systemic,57,54,57,492,493,2.0,2.0
@DISEASE_Sclerosis,Sclerosis,1,1,@DISEASE_Sclerosis,Sclerosis,22,21,22,61,61,2.0,2.0
@DISEASE_Scoliosis,Scoliosis,7,8,@DISEASE_Scoliosis,Scoliosis,29,29,29,86,86,1.0,1.0
@DISEASE_Scrub_Typhus,Scrub Typhus,3,3,@DISEASE_Scrub_Typhus,Scrub Typhus,5,5,5,109,229,3.0,3.0
@DISEASE_Seasonal_Affective_Disorder,Seasonal Affective Disorder,2,2,@DISEASE_Seasonal_Affective_Disorder,Seasonal Affective Disorder,22,20,22,80,80,1.0,1.0
@DISEASE_Seizures,Seizures,59,66,@DISEASE_Seizures,Seizures,120,112,120,3461,10483,13.0,13.0
@DISEASE_Sensation_Disorders,Sensation Disorders,2,2,@DISEASE_Sensation_Disorders,Sensation Disorders,29,29,29,128,128,2.0,2.0
@DISEASE_Sepsis,Sepsis,25,35,@DISEASE_Sepsis,Sepsis,95,85,95,1203,1349,5.0,5.0
@DISEASE_Seroma,Seroma,1,1,@DISEASE_Seroma,Seroma,11,9,11,28,28,1.0,1.0
@DISEASE_Sertoli_Leydig_Cell_Tumor,Sertoli Leydig Cell Tumor,1,1,@DISEASE_Sertoli_Leydig_Cell_Tumor,Sertoli Leydig Cell Tumor,2,2,2,5,5,2.5,2.5
@DISEASE_Severe_Acute_Malnutrition,Severe Acute Malnutrition,3,3,@DISEASE_Severe_Acute_Malnutrition,Severe Acute Malnutrition,6,6,6,47,47,4.0,4.0
@DISEASE_Severe_Acute_Respiratory_Syndrome,Severe Acute Respiratory Syndrome,2,3,@DISEASE_Severe_Acute_Respiratory_Syndrome,Severe Acute Respiratory Syndrome,76,69,76,335,335,2.0,2.0
@DISEASE_Sex_Chromosome_Disorders,Sex Chromosome Disorders,1,1,@DISEASE_Sex_Chromosome_Disorders,Sex Chromosome Disorders,1,1,1,3,3,3.0,3.0
@DISEASE_Sexual_Dysfunctions_Psychological,Sexual Dysfunctions Psychological,1,3,@DISEASE_Sexual_Dysfunctions_Psychological,Sexual Dysfunctions Psychological,41,36,41,408,537,3.0,3.0
@DISEASE_Sexually_Transmitted_Diseases,Sexually Transmitted Diseases,8,9,@DISEASE_Sexually_Transmitted_Diseases,Sexually Transmitted Diseases,17,17,17,170,227,2.0,2.0
@DISEASE_Sexually_Transmitted_Diseases_Bacterial,Sexually Transmitted Diseases Bacterial,1,1,@DISEASE_Sexually_Transmitted_Diseases_Bacterial,Sexually Transmitted Diseases Bacterial,1,1,1,45,45,45.0,45.0
@DISEASE_Sezary_Syndrome,Sezary Syndrome,2,2,@DISEASE_Sezary_Syndrome,Sezary Syndrome,9,9,9,54,54,1.0,1.0
@DISEASE_Shock,Shock,1,1,@DISEASE_Shock,Shock,83,71,83,706,710,4.0,4.0
@DISEASE_Shock_Cardiogenic,Shock Cardiogenic,3,5,@DISEASE_Shock_Cardiogenic,Shock Cardiogenic,26,25,26,130,130,4.0,4.0
@DISEASE_Shock_Septic,Shock Septic,19,25,@DISEASE_Shock_Septic,Shock Septic,55,50,55,427,432,4.0,4.0
@DISEASE_Short_Bowel_Syndrome,Short Bowel Syndrome,2,2,@DISEASE_Short_Bowel_Syndrome,Short Bowel Syndrome,37,36,37,103,103,2.0,2.0
@DISEASE_Shoulder_Impingement_Syndrome,Shoulder Impingement Syndrome,3,4,@DISEASE_Shoulder_Impingement_Syndrome,Shoulder Impingement Syndrome,7,5,7,19,19,3.0,3.0
@DISEASE_Shoulder_Pain,Shoulder Pain,15,32,@DISEASE_Shoulder_Pain,Shoulder Pain,34,32,34,175,175,3.5,3.5
@DISEASE_Sick_Sinus_Syndrome,Sick Sinus Syndrome,1,2,@DISEASE_Sick_Sinus_Syndrome,Sick Sinus Syndrome,38,37,38,210,210,2.0,2.0
@DISEASE_Signs_and_Symptoms_Digestive,Signs and Symptoms Digestive,2,2,@DISEASE_Signs_and_Symptoms_Digestive,Signs and Symptoms Digestive,63,61,63,577,577,4.0,4.0
@DISEASE_Sinus_Thrombosis_Intracranial,Sinus Thrombosis Intracranial,1,2,@DISEASE_Sinus_Thrombosis_Intracranial,Sinus Thrombosis Intracranial,16,16,16,166,166,3.0,3.0
@DISEASE_Sinusitis,Sinusitis,18,25,@DISEASE_Sinusitis,Sinusitis,44,41,44,456,463,3.0,3.0
@DISEASE_Sjogren's_Syndrome,Sjogren's Syndrome,3,3,@DISEASE_Sjogren's_Syndrome,Sjogren's Syndrome,36,32,36,407,488,2.0,2.0
@DISEASE_Skin_Abnormalities,Skin Abnormalities,1,1,@DISEASE_Skin_Abnormalities,Skin Abnormalities,19,18,19,28,28,1.0,1.0
@DISEASE_Skin_Diseases,Skin Diseases,5,6,@DISEASE_Skin_Diseases,Skin Diseases,116,96,116,2110,2627,7.0,7.0
@DISEASE_Skin_Diseases_Bacterial,Skin Diseases Bacterial,4,5,@DISEASE_Skin_Diseases_Bacterial,Skin Diseases Bacterial,4,3,4,9,9,2.5,2.5
@DISEASE_Skin_Ulcer,Skin Ulcer,1,1,@DISEASE_Skin_Ulcer,Skin Ulcer,25,23,25,96,96,2.0,2.0
@DISEASE_Sleep_Apnea_Obstructive,Sleep Apnea Obstructive,41,43,@DISEASE_Sleep_Apnea_Obstructive,Sleep Apnea Obstructive,74,70,74,379,380,2.0,2.0
@DISEASE_Sleep_Apnea_Syndromes,Sleep Apnea Syndromes,3,3,@DISEASE_Sleep_Apnea_Syndromes,Sleep Apnea Syndromes,52,50,52,214,214,2.0,2.0
@DISEASE_Sleep_Bruxism,Sleep Bruxism,2,2,@DISEASE_Sleep_Bruxism,Sleep Bruxism,7,7,7,32,32,3.0,3.0
@DISEASE_Sleep_Deprivation,Sleep Deprivation,11,12,@DISEASE_Sleep_Deprivation,Sleep Deprivation,61,60,61,369,369,3.0,3.0
@DISEASE_Sleep_Disorders_Circadian_Rhythm,Sleep Disorders Circadian Rhythm,1,1,@DISEASE_Sleep_Disorders_Circadian_Rhythm,Sleep Disorders Circadian Rhythm,32,31,32,73,73,1.0,1.0
@DISEASE_Sleep_Disorders_Intrinsic,Sleep Disorders Intrinsic,3,3,@DISEASE_Sleep_Disorders_Intrinsic,Sleep Disorders Intrinsic,1,1,1,1,1,1.0,1.0
@DISEASE_Sleep_Initiation_and_Maintenance_Disorders,Sleep Initiation and Maintenance Disorders,22,22,@DISEASE_Sleep_Initiation_and_Maintenance_Disorders,Sleep Initiation and Maintenance Disorders,74,70,74,1436,1892,6.0,6.0
@DISEASE_Sleep_Wake_Disorders,Sleep Wake Disorders,1,1,@DISEASE_Sleep_Wake_Disorders,Sleep Wake Disorders,79,75,79,1148,1152,8.0,8.0
@DISEASE_Sleepiness,Sleepiness,1,1,@DISEASE_Sleepiness,Sleepiness,36,36,36,162,162,4.0,4.0
@DISEASE_Small_Cell_Lung_Carcinoma,Small Cell Lung Carcinoma,2,3,@DISEASE_Small_Cell_Lung_Carcinoma,Small Cell Lung Carcinoma,26,26,26,194,202,2.5,2.5
@DISEASE_Smith_Lemli_Opitz_Syndrome,Smith Lemli Opitz Syndrome,1,2,@DISEASE_Smith_Lemli_Opitz_Syndrome,Smith Lemli Opitz Syndrome,7,7,7,24,24,1.0,1.0
@DISEASE_Sneezing,Sneezing,1,1,@DISEASE_Sneezing,Sneezing,12,10,12,99,99,7.5,7.5
@DISEASE_Snoring,Snoring,2,4,@DISEASE_Snoring,Snoring,20,20,20,30,30,1.0,1.0
@DISEASE_Soft_Tissue_Infections,Soft Tissue Infections,2,2,@DISEASE_Soft_Tissue_Infections,Soft Tissue Infections,19,16,19,310,313,3.0,3.0
@DISEASE_Soft_Tissue_Injuries,Soft Tissue Injuries,2,3,@DISEASE_Soft_Tissue_Injuries,Soft Tissue Injuries,76,70,76,448,449,3.0,3.0
@DISEASE_Solitary_Fibrous_Tumors,Solitary Fibrous Tumors,1,1,@DISEASE_Solitary_Fibrous_Tumors,Solitary Fibrous Tumors,3,3,3,3,3,1.0,1.0
@DISEASE_Space_Motion_Sickness,Space Motion Sickness,1,1,@DISEASE_Space_Motion_Sickness,Space Motion Sickness,12,12,12,16,16,1.0,1.0
@DISEASE_Spasm,Spasm,2,2,@DISEASE_Spasm,Spasm,55,53,55,577,637,3.0,3.0
@DISEASE_Spasms_Infantile,Spasms Infantile,1,1,@DISEASE_Spasms_Infantile,Spasms Infantile,12,12,12,373,376,15.5,15.5
@DISEASE_Spastic_Paraplegia_Hereditary,Spastic Paraplegia Hereditary,1,1,@DISEASE_Spastic_Paraplegia_Hereditary,Spastic Paraplegia Hereditary,17,17,17,28,28,1.0,1.0
@DISEASE_Spermatic_Cord_Torsion,Spermatic Cord Torsion,1,1,@DISEASE_Spermatic_Cord_Torsion,Spermatic Cord Torsion,24,24,24,54,54,1.5,1.5
@DISEASE_Spinal_Cord_Compression,Spinal Cord Compression,1,1,@DISEASE_Spinal_Cord_Compression,Spinal Cord Compression,23,22,23,73,73,2.0,2.0
@DISEASE_Spinal_Cord_Diseases,Spinal Cord Diseases,3,4,@DISEASE_Spinal_Cord_Diseases,Spinal Cord Diseases,58,57,58,522,528,3.0,3.0
@DISEASE_Spinal_Cord_Injuries,Spinal Cord Injuries,46,58,@DISEASE_Spinal_Cord_Injuries,Spinal Cord Injuries,84,76,84,982,1438,4.0,4.0
@DISEASE_Spinal_Cord_Neoplasms,Spinal Cord Neoplasms,1,1,@DISEASE_Spinal_Cord_Neoplasms,Spinal Cord Neoplasms,10,10,10,14,14,1.0,1.0
@DISEASE_Spinal_Diseases,Spinal Diseases,2,9,@DISEASE_Spinal_Diseases,Spinal Diseases,24,22,24,66,66,1.5,1.5
@DISEASE_Spinal_Injuries,Spinal Injuries,1,2,@DISEASE_Spinal_Injuries,Spinal Injuries,15,14,15,38,38,1.0,1.0
@DISEASE_Spinal_Stenosis,Spinal Stenosis,3,5,@DISEASE_Spinal_Stenosis,Spinal Stenosis,11,10,11,21,21,1.0,1.0
@DISEASE_Splenomegaly,Splenomegaly,1,1,@DISEASE_Splenomegaly,Splenomegaly,32,32,32,194,194,2.0,2.0
@DISEASE_Spondylarthropathies,Spondylarthropathies,2,2,@DISEASE_Spondylarthropathies,Spondylarthropathies,12,11,12,82,82,2.0,2.0
@DISEASE_Spondylitis_Ankylosing,Spondylitis Ankylosing,36,44,@DISEASE_Spondylitis_Ankylosing,Spondylitis Ankylosing,34,33,34,380,640,1.0,1.0
@DISEASE_Spondylolisthesis,Spondylolisthesis,1,2,@DISEASE_Spondylolisthesis,Spondylolisthesis,9,9,9,11,11,1.0,1.0
@DISEASE_Sprains_and_Strains,Sprains and Strains,2,4,@DISEASE_Sprains_and_Strains,Sprains and Strains,23,22,23,67,67,1.0,1.0
@DISEASE_Squamous_Cell_Carcinoma_of_Head_and_Neck,Squamous Cell Carcinoma of Head and Neck,1,1,@DISEASE_Squamous_Cell_Carcinoma_of_Head_and_Neck,Squamous Cell Carcinoma of Head and Neck,45,45,45,372,498,2.0,2.0
@DISEASE_Staphylococcal_Infections,Staphylococcal Infections,8,15,@DISEASE_Staphylococcal_Infections,Staphylococcal Infections,34,32,34,442,752,2.5,2.5
@DISEASE_Staphylococcal_Skin_Infections,Staphylococcal Skin Infections,2,4,@DISEASE_Staphylococcal_Skin_Infections,Staphylococcal Skin Infections,3,3,3,10,10,3.0,3.0
@DISEASE_Status_Asthmaticus,Status Asthmaticus,7,8,@DISEASE_Status_Asthmaticus,Status Asthmaticus,82,71,82,1298,2542,4.0,4.0
@DISEASE_Status_Epilepticus,Status Epilepticus,21,25,@DISEASE_Status_Epilepticus,Status Epilepticus,54,52,54,664,1425,4.0,4.0
@DISEASE_Stenosis_Pulmonary_Vein,Stenosis Pulmonary Vein,1,1,@DISEASE_Stenosis_Pulmonary_Vein,Stenosis Pulmonary Vein,16,16,16,38,38,2.0,2.0
@DISEASE_Stevens_Johnson_Syndrome,Stevens Johnson Syndrome,2,2,@DISEASE_Stevens_Johnson_Syndrome,Stevens Johnson Syndrome,36,34,36,676,898,8.5,8.5
@DISEASE_Stillbirth,Stillbirth,2,2,@DISEASE_Stillbirth,Stillbirth,19,17,19,86,86,3.0,3.0
@DISEASE_Stomach_Diseases,Stomach Diseases,2,2,@DISEASE_Stomach_Diseases,Stomach Diseases,73,71,73,993,1720,6.0,6.0
@DISEASE_Stomach_Neoplasms,Stomach Neoplasms,3,3,@DISEASE_Stomach_Neoplasms,Stomach Neoplasms,78,72,78,864,1016,3.0,3.0
@DISEASE_Stomach_Ulcer,Stomach Ulcer,2,3,@DISEASE_Stomach_Ulcer,Stomach Ulcer,71,68,71,831,1448,2.0,2.0
@DISEASE_Stomatitis,Stomatitis,2,3,@DISEASE_Stomatitis,Stomatitis,37,34,37,252,349,2.0,2.0
@DISEASE_Stomatitis_Aphthous,Stomatitis Aphthous,1,1,@DISEASE_Stomatitis_Aphthous,Stomatitis Aphthous,30,28,30,171,171,1.0,1.0
@DISEASE_Stomatodynia,Stomatodynia,1,1,@DISEASE_Stomatodynia,Stomatodynia,1,1,1,1,1,1.0,1.0
@DISEASE_Strabismus,Strabismus,2,2,@DISEASE_Strabismus,Strabismus,27,26,27,113,113,2.0,2.0
@DISEASE_Streptococcal_Infections,Streptococcal Infections,1,2,@DISEASE_Streptococcal_Infections,Streptococcal Infections,24,21,24,276,276,2.5,2.5
@DISEASE_Stress_Disorders_Post_Traumatic,Stress Disorders Post Traumatic,62,82,@DISEASE_Stress_Disorders_Post_Traumatic,Stress Disorders Post Traumatic,67,66,67,994,1136,4.0,4.0
@DISEASE_Stress_Disorders_Traumatic_Acute,Stress Disorders Traumatic Acute,2,2,@DISEASE_Stress_Disorders_Traumatic_Acute,Stress Disorders Traumatic Acute,17,17,17,24,24,1.0,1.0
@DISEASE_Stroke,Stroke,114,188,@DISEASE_Stroke,Stroke,126,110,126,3393,11015,10.5,10.5
@DISEASE_Stroke_Lacunar,Stroke Lacunar,1,1,@DISEASE_Stroke_Lacunar,Stroke Lacunar,18,18,18,90,90,2.0,2.0
@DISEASE_Subarachnoid_Hemorrhage,Subarachnoid Hemorrhage,9,12,@DISEASE_Subarachnoid_Hemorrhage,Subarachnoid Hemorrhage,65,61,65,741,840,4.0,4.0
@DISEASE_Substance_Related_Disorders,Substance Related Disorders,20,26,@DISEASE_Substance_Related_Disorders,Substance Related Disorders,76,74,76,1213,1260,5.0,5.0
@DISEASE_Substance_Withdrawal_Syndrome,Substance Withdrawal Syndrome,5,5,@DISEASE_Substance_Withdrawal_Syndrome,Substance Withdrawal Syndrome,61,60,61,774,907,5.0,5.0
@DISEASE_Sunburn,Sunburn,1,1,@DISEASE_Sunburn,Sunburn,8,8,8,11,11,1.0,1.0
@DISEASE_Superior_Mesenteric_Artery_Syndrome,Superior Mesenteric Artery Syndrome,1,1,@DISEASE_Superior_Mesenteric_Artery_Syndrome,Superior Mesenteric Artery Syndrome,14,14,14,32,32,1.5,1.5
@DISEASE_Supranuclear_Palsy_Progressive,Supranuclear Palsy Progressive,1,1,@DISEASE_Supranuclear_Palsy_Progressive,Supranuclear Palsy Progressive,17,17,17,34,34,1.0,1.0
@DISEASE_Surgical_Wound,Surgical Wound,1,1,@DISEASE_Surgical_Wound,Surgical Wound,2,2,2,2,2,1.0,1.0
@DISEASE_Surgical_Wound_Infection,Surgical Wound Infection,3,3,@DISEASE_Surgical_Wound_Infection,Surgical Wound Infection,15,13,15,210,210,5.0,5.0
@DISEASE_Sweat_Gland_Diseases,Sweat Gland Diseases,1,1,@DISEASE_Sweat_Gland_Diseases,Sweat Gland Diseases,56,51,56,262,262,2.0,2.0
@DISEASE_Syncope,Syncope,3,4,@DISEASE_Syncope,Syncope,69,68,69,541,541,4.0,4.0
@DISEASE_Syncope_Vasovagal,Syncope Vasovagal,2,2,@DISEASE_Syncope_Vasovagal,Syncope Vasovagal,21,21,21,123,123,2.0,2.0
@DISEASE_Syndactyly,Syndactyly,1,1,@DISEASE_Syndactyly,Syndactyly,4,3,4,9,9,1.5,1.5
@DISEASE_Synovial_Cyst,Synovial Cyst,1,1,@DISEASE_Synovial_Cyst,Synovial Cyst,13,11,13,19,19,1.0,1.0
@DISEASE_Synovitis,Synovitis,1,8,@DISEASE_Synovitis,Synovitis,51,43,51,370,370,3.0,3.0
@DISEASE_Syphilis,Syphilis,5,6,@DISEASE_Syphilis,Syphilis,16,15,16,171,203,2.0,2.0
@DISEASE_Systemic_Inflammatory_Response_Syndrome,Systemic Inflammatory Response Syndrome,2,3,@DISEASE_Systemic_Inflammatory_Response_Syndrome,Systemic Inflammatory Response Syndrome,47,45,47,163,163,2.0,2.0
@DISEASE_Systemic_Vasculitis,Systemic Vasculitis,1,1,@DISEASE_Systemic_Vasculitis,Systemic Vasculitis,9,9,9,53,53,4.0,4.0
@DISEASE_TDP_43_Proteinopathies,TDP 43 Proteinopathies,1,1,@DISEASE_TDP_43_Proteinopathies,TDP 43 Proteinopathies,1,1,1,1,1,1.0,1.0
@DISEASE_Tachycardia,Tachycardia,5,9,@DISEASE_Tachycardia,Tachycardia,61,60,61,1147,1582,6.0,6.0
@DISEASE_Tachycardia_Supraventricular,Tachycardia Supraventricular,2,2,@DISEASE_Tachycardia_Supraventricular,Tachycardia Supraventricular,31,31,31,303,311,2.0,2.0
@DISEASE_Tachycardia_Ventricular,Tachycardia Ventricular,2,3,@DISEASE_Tachycardia_Ventricular,Tachycardia Ventricular,55,53,55,464,510,3.0,3.0
@DISEASE_Tachypnea,Tachypnea,1,1,@DISEASE_Tachypnea,Tachypnea,38,35,38,123,123,2.0,2.0
@DISEASE_Takayasu_Arteritis,Takayasu Arteritis,3,3,@DISEASE_Takayasu_Arteritis,Takayasu Arteritis,17,17,17,324,335,3.0,3.0
@DISEASE_Takotsubo_Cardiomyopathy,Takotsubo Cardiomyopathy,1,1,@DISEASE_Takotsubo_Cardiomyopathy,Takotsubo Cardiomyopathy,49,46,49,190,190,2.0,2.0
@DISEASE_Tardive_Dyskinesia,Tardive Dyskinesia,4,11,@DISEASE_Tardive_Dyskinesia,Tardive Dyskinesia,11,11,11,46,46,3.0,3.0
@DISEASE_Tarsal_Coalition,Tarsal Coalition,1,1,@DISEASE_Tarsal_Coalition,Tarsal Coalition,3,3,3,3,3,1.0,1.0
@DISEASE_Taste_Disorders,Taste Disorders,5,19,@DISEASE_Taste_Disorders,Taste Disorders,25,24,25,93,93,3.0,3.0
@DISEASE_Tauopathies,Tauopathies,2,2,@DISEASE_Tauopathies,Tauopathies,15,15,15,23,23,1.0,1.0
@DISEASE_Tay_Sachs_Disease,Tay Sachs Disease,1,2,@DISEASE_Tay_Sachs_Disease,Tay Sachs Disease,2,2,2,3,3,1.5,1.5
@DISEASE_Telangiectasia_Hereditary_Hemorrhagic,Telangiectasia Hereditary Hemorrhagic,1,1,@DISEASE_Telangiectasia_Hereditary_Hemorrhagic,Telangiectasia Hereditary Hemorrhagic,16,14,16,46,46,1.5,1.5
@DISEASE_Temporomandibular_Joint_Disorders,Temporomandibular Joint Disorders,1,1,@DISEASE_Temporomandibular_Joint_Disorders,Temporomandibular Joint Disorders,24,21,24,62,62,2.0,2.0
@DISEASE_Temporomandibular_Joint_Dysfunction_Syndrome,Temporomandibular Joint Dysfunction Syndrome,1,1,@DISEASE_Temporomandibular_Joint_Dysfunction_Syndrome,Temporomandibular Joint Dysfunction Syndrome,37,34,37,108,108,2.0,2.0
@DISEASE_Tendon_Injuries,Tendon Injuries,2,4,@DISEASE_Tendon_Injuries,Tendon Injuries,11,10,11,18,18,1.0,1.0
@DISEASE_Tennis_Elbow,Tennis Elbow,3,3,@DISEASE_Tennis_Elbow,Tennis Elbow,12,9,12,56,56,3.5,3.5
@DISEASE_Tension_Type_Headache,Tension Type Headache,4,5,@DISEASE_Tension_Type_Headache,Tension Type Headache,62,58,62,508,508,4.0,4.0
@DISEASE_Testicular_Hydrocele,Testicular Hydrocele,1,1,@DISEASE_Testicular_Hydrocele,Testicular Hydrocele,10,10,10,14,14,1.0,1.0
@DISEASE_Testicular_Neoplasms,Testicular Neoplasms,2,2,@DISEASE_Testicular_Neoplasms,Testicular Neoplasms,30,27,30,176,176,2.0,2.0
@DISEASE_Tetralogy_of_Fallot,Tetralogy of Fallot,1,1,@DISEASE_Tetralogy_of_Fallot,Tetralogy of Fallot,21,21,21,60,60,2.0,2.0
@DISEASE_Thalassemia,Thalassemia,4,4,@DISEASE_Thalassemia,Thalassemia,16,16,16,49,49,2.0,2.0
@DISEASE_Thoracic_Diseases,Thoracic Diseases,1,1,@DISEASE_Thoracic_Diseases,Thoracic Diseases,13,13,13,17,17,1.0,1.0
@DISEASE_Thoracic_Injuries,Thoracic Injuries,1,2,@DISEASE_Thoracic_Injuries,Thoracic Injuries,47,44,47,133,133,2.0,2.0
@DISEASE_Thrombocythemia_Essential,Thrombocythemia Essential,2,2,@DISEASE_Thrombocythemia_Essential,Thrombocythemia Essential,15,15,15,130,190,1.0,1.0
@DISEASE_Thrombocytopenia,Thrombocytopenia,5,7,@DISEASE_Thrombocytopenia,Thrombocytopenia,54,49,54,1261,1542,7.0,7.0
@DISEASE_Thromboembolism,Thromboembolism,17,20,@DISEASE_Thromboembolism,Thromboembolism,48,43,48,681,2903,3.0,3.0
@DISEASE_Thrombophilia,Thrombophilia,1,1,@DISEASE_Thrombophilia,Thrombophilia,23,23,23,322,337,5.0,5.0
@DISEASE_Thrombosis,Thrombosis,26,32,@DISEASE_Thrombosis,Thrombosis,76,66,76,1244,6143,6.0,6.0
@DISEASE_Thrombotic_Stroke,Thrombotic Stroke,1,1,@DISEASE_Thrombotic_Stroke,Thrombotic Stroke,4,4,4,19,19,4.0,4.0
@DISEASE_Thyroid_Cancer_Papillary,Thyroid Cancer Papillary,16,17,@DISEASE_Thyroid_Cancer_Papillary,Thyroid Cancer Papillary,22,21,22,194,194,2.0,2.0
@DISEASE_Thyroid_Diseases,Thyroid Diseases,18,19,@DISEASE_Thyroid_Diseases,Thyroid Diseases,22,19,22,361,649,2.0,2.0
@DISEASE_Thyroid_Neoplasms,Thyroid Neoplasms,11,11,@DISEASE_Thyroid_Neoplasms,Thyroid Neoplasms,26,25,26,412,985,2.0,2.0
@DISEASE_Thyroid_Nodule,Thyroid Nodule,19,21,@DISEASE_Thyroid_Nodule,Thyroid Nodule,47,38,47,377,402,2.0,2.0
@DISEASE_Thyroid_cancer_follicular,Thyroid cancer follicular,2,2,@DISEASE_Thyroid_cancer_follicular,Thyroid cancer follicular,3,3,3,10,10,2.0,2.0
@DISEASE_Thyroid_cancer_medullary,Thyroid cancer medullary,5,5,@DISEASE_Thyroid_cancer_medullary,Thyroid cancer medullary,7,7,7,20,20,2.0,2.0
@DISEASE_Thyroiditis,Thyroiditis,2,2,@DISEASE_Thyroiditis,Thyroiditis,37,33,37,442,688,3.0,3.0
@DISEASE_Thyroiditis_Autoimmune,Thyroiditis Autoimmune,10,12,@DISEASE_Thyroiditis_Autoimmune,Thyroiditis Autoimmune,20,19,20,233,304,5.0,5.0
@DISEASE_Thyroiditis_Subacute,Thyroiditis Subacute,3,4,@DISEASE_Thyroiditis_Subacute,Thyroiditis Subacute,27,26,27,206,206,4.0,4.0
@DISEASE_Tibial_Fractures,Tibial Fractures,1,2,@DISEASE_Tibial_Fractures,Tibial Fractures,15,15,15,23,23,1.0,1.0
@DISEASE_Tibial_Plateau_Fractures,Tibial Plateau Fractures,2,2,@DISEASE_Tibial_Plateau_Fractures,Tibial Plateau Fractures,5,5,5,5,5,1.0,1.0
@DISEASE_Tic_Disorders,Tic Disorders,6,7,@DISEASE_Tic_Disorders,Tic Disorders,21,20,21,132,132,2.0,2.0
@DISEASE_Tinea,Tinea,1,1,@DISEASE_Tinea,Tinea,14,14,14,97,97,1.5,1.5
@DISEASE_Tinea_Capitis,Tinea Capitis,1,1,@DISEASE_Tinea_Capitis,Tinea Capitis,5,5,5,48,48,4.0,4.0
@DISEASE_Tinea_Pedis,Tinea Pedis,6,6,@DISEASE_Tinea_Pedis,Tinea Pedis,7,7,7,33,33,1.0,1.0
@DISEASE_Tinea_Versicolor,Tinea Versicolor,2,2,@DISEASE_Tinea_Versicolor,Tinea Versicolor,5,5,5,91,91,1.0,1.0
@DISEASE_Tinnitus,Tinnitus,7,8,@DISEASE_Tinnitus,Tinnitus,64,62,64,330,330,2.5,2.5
@DISEASE_Tobacco_Use_Disorder,Tobacco Use Disorder,35,37,@DISEASE_Tobacco_Use_Disorder,Tobacco Use Disorder,19,19,19,160,252,2.0,2.0
@DISEASE_Tonsillitis,Tonsillitis,6,6,@DISEASE_Tonsillitis,Tonsillitis,21,20,21,136,136,1.0,1.0
@DISEASE_Tooth_Discoloration,Tooth Discoloration,1,1,@DISEASE_Tooth_Discoloration,Tooth Discoloration,14,14,14,44,44,2.0,2.0
@DISEASE_Tooth_Diseases,Tooth Diseases,2,2,@DISEASE_Tooth_Diseases,Tooth Diseases,36,35,36,144,144,2.0,2.0
@DISEASE_Tooth_Erosion,Tooth Erosion,1,2,@DISEASE_Tooth_Erosion,Tooth Erosion,52,46,52,541,636,3.0,3.0
@DISEASE_Tooth_Impacted,Tooth Impacted,2,2,@DISEASE_Tooth_Impacted,Tooth Impacted,9,9,9,15,15,1.0,1.0
@DISEASE_Tooth_Loss,Tooth Loss,2,3,@DISEASE_Tooth_Loss,Tooth Loss,57,55,57,254,254,2.0,2.0
@DISEASE_Tooth_Wear,Tooth Wear,1,1,@DISEASE_Tooth_Wear,Tooth Wear,2,2,2,2,2,1.0,1.0
@DISEASE_Toothache,Toothache,4,6,@DISEASE_Toothache,Toothache,13,13,13,41,41,2.0,2.0
@DISEASE_Torsades_de_Pointes,Torsades de Pointes,1,1,@DISEASE_Torsades_de_Pointes,Torsades de Pointes,18,18,18,144,144,3.5,3.5
@DISEASE_Tourette_Syndrome,Tourette Syndrome,5,6,@DISEASE_Tourette_Syndrome,Tourette Syndrome,36,35,36,346,349,3.0,3.0
@DISEASE_Toxoplasmosis,Toxoplasmosis,2,2,@DISEASE_Toxoplasmosis,Toxoplasmosis,26,22,26,258,263,2.0,2.0
@DISEASE_Toxoplasmosis_Cerebral,Toxoplasmosis Cerebral,3,4,@DISEASE_Toxoplasmosis_Cerebral,Toxoplasmosis Cerebral,7,6,7,79,79,2.0,2.0
@DISEASE_Toxoplasmosis_Ocular,Toxoplasmosis Ocular,1,1,@DISEASE_Toxoplasmosis_Ocular,Toxoplasmosis Ocular,7,5,7,103,103,7.0,7.0
@DISEASE_Tracheomalacia,Tracheomalacia,1,1,@DISEASE_Tracheomalacia,Tracheomalacia,3,3,3,3,3,1.0,1.0
@DISEASE_Trachoma,Trachoma,9,9,@DISEASE_Trachoma,Trachoma,2,2,2,10,10,5.0,5.0
@DISEASE_Trauma_Nervous_System,Trauma Nervous System,2,4,@DISEASE_Trauma_Nervous_System,Trauma Nervous System,33,31,33,91,91,2.0,2.0
@DISEASE_Trauma_and_Stressor_Related_Disorders,Trauma and Stressor Related Disorders,3,3,@DISEASE_Trauma_and_Stressor_Related_Disorders,Trauma and Stressor Related Disorders,11,11,11,15,15,1.0,1.0
@DISEASE_Tremor,Tremor,2,2,@DISEASE_Tremor,Tremor,74,72,74,998,1140,7.0,7.0
@DISEASE_Trichiasis,Trichiasis,2,2,@DISEASE_Trichiasis,Trichiasis,2,2,2,3,3,1.5,1.5
@DISEASE_Trigeminal_Neuralgia,Trigeminal Neuralgia,5,5,@DISEASE_Trigeminal_Neuralgia,Trigeminal Neuralgia,56,53,56,511,511,2.0,2.0
@DISEASE_Trismus,Trismus,6,7,@DISEASE_Trismus,Trismus,27,24,27,103,103,2.0,2.0
@DISEASE_Tuberculosis,Tuberculosis,43,48,@DISEASE_Tuberculosis,Tuberculosis,57,51,57,731,741,3.0,3.0
@DISEASE_Tuberculosis_Central_Nervous_System,Tuberculosis Central Nervous System,1,1,@DISEASE_Tuberculosis_Central_Nervous_System,Tuberculosis Central Nervous System,1,1,1,1,1,1.0,1.0
@DISEASE_Tuberculosis_Lymph_Node,Tuberculosis Lymph Node,1,1,@DISEASE_Tuberculosis_Lymph_Node,Tuberculosis Lymph Node,9,9,9,21,21,2.0,2.0
@DISEASE_Tuberculosis_Meningeal,Tuberculosis Meningeal,1,1,@DISEASE_Tuberculosis_Meningeal,Tuberculosis Meningeal,48,45,48,262,262,1.0,1.0
@DISEASE_Tuberculosis_Multidrug_Resistant,Tuberculosis Multidrug Resistant,5,6,@DISEASE_Tuberculosis_Multidrug_Resistant,Tuberculosis Multidrug Resistant,43,41,43,369,369,3.0,3.0
@DISEASE_Tuberculosis_Pulmonary,Tuberculosis Pulmonary,25,30,@DISEASE_Tuberculosis_Pulmonary,Tuberculosis Pulmonary,34,30,34,198,198,3.5,3.5
@DISEASE_Tuberous_Sclerosis,Tuberous Sclerosis,3,3,@DISEASE_Tuberous_Sclerosis,Tuberous Sclerosis,19,19,19,44,44,2.0,2.0
@DISEASE_Tumor_Lysis_Syndrome,Tumor Lysis Syndrome,2,2,@DISEASE_Tumor_Lysis_Syndrome,Tumor Lysis Syndrome,7,7,7,118,151,4.0,4.0
@DISEASE_Turner_Syndrome,Turner Syndrome,2,2,@DISEASE_Turner_Syndrome,Turner Syndrome,20,15,20,134,134,1.0,1.0
@DISEASE_Tympanic_Membrane_Perforation,Tympanic Membrane Perforation,1,1,@DISEASE_Tympanic_Membrane_Perforation,Tympanic Membrane Perforation,10,10,10,24,24,1.0,1.0
@DISEASE_Typhoid_Fever,Typhoid Fever,1,1,@DISEASE_Typhoid_Fever,Typhoid Fever,17,14,17,297,451,5.0,5.0
@DISEASE_Ulcer,Ulcer,6,8,@DISEASE_Ulcer,Ulcer,97,86,97,2097,3254,6.0,6.0
@DISEASE_Upper_Extremity_Deep_Vein_Thrombosis,Upper Extremity Deep Vein Thrombosis,1,1,@DISEASE_Upper_Extremity_Deep_Vein_Thrombosis,Upper Extremity Deep Vein Thrombosis,6,6,6,51,51,4.5,4.5
@DISEASE_Ureaplasma_Infections,Ureaplasma Infections,1,1,@DISEASE_Ureaplasma_Infections,Ureaplasma Infections,3,3,3,30,30,3.0,3.0
@DISEASE_Uremia,Uremia,1,1,@DISEASE_Uremia,Uremia,29,29,29,86,86,2.0,2.0
@DISEASE_Ureteral_Calculi,Ureteral Calculi,10,15,@DISEASE_Ureteral_Calculi,Ureteral Calculi,12,12,12,78,78,1.0,1.0
@DISEASE_Ureteral_Diseases,Ureteral Diseases,2,4,@DISEASE_Ureteral_Diseases,Ureteral Diseases,25,25,25,190,256,2.0,2.0
@DISEASE_Ureteral_Obstruction,Ureteral Obstruction,1,1,@DISEASE_Ureteral_Obstruction,Ureteral Obstruction,40,38,40,136,136,2.0,2.0
@DISEASE_Ureterolithiasis,Ureterolithiasis,5,5,@DISEASE_Ureterolithiasis,Ureterolithiasis,1,1,1,14,14,14.0,14.0
@DISEASE_Urethral_Stricture,Urethral Stricture,2,5,@DISEASE_Urethral_Stricture,Urethral Stricture,12,11,12,40,40,2.0,2.0
@DISEASE_Urethritis,Urethritis,2,3,@DISEASE_Urethritis,Urethritis,39,32,39,269,302,2.0,2.0
@DISEASE_Urinary_Bladder_Diseases,Urinary Bladder Diseases,1,1,@DISEASE_Urinary_Bladder_Diseases,Urinary Bladder Diseases,65,60,65,348,348,2.0,2.0
@DISEASE_Urinary_Bladder_Neoplasms,Urinary Bladder Neoplasms,1,1,@DISEASE_Urinary_Bladder_Neoplasms,Urinary Bladder Neoplasms,54,52,54,520,713,3.0,3.0
@DISEASE_Urinary_Bladder_Neurogenic,Urinary Bladder Neurogenic,2,2,@DISEASE_Urinary_Bladder_Neurogenic,Urinary Bladder Neurogenic,46,46,46,211,211,2.0,2.0
@DISEASE_Urinary_Bladder_Overactive,Urinary Bladder Overactive,7,9,@DISEASE_Urinary_Bladder_Overactive,Urinary Bladder Overactive,54,52,54,345,663,2.0,2.0
@DISEASE_Urinary_Calculi,Urinary Calculi,2,3,@DISEASE_Urinary_Calculi,Urinary Calculi,15,15,15,59,59,2.0,2.0
@DISEASE_Urinary_Incontinence,Urinary Incontinence,12,12,@DISEASE_Urinary_Incontinence,Urinary Incontinence,51,48,51,385,449,4.0,4.0
@DISEASE_Urinary_Incontinence_Stress,Urinary Incontinence Stress,19,22,@DISEASE_Urinary_Incontinence_Stress,Urinary Incontinence Stress,17,16,17,165,218,2.0,2.0
@DISEASE_Urinary_Incontinence_Urge,Urinary Incontinence Urge,5,7,@DISEASE_Urinary_Incontinence_Urge,Urinary Incontinence Urge,9,8,9,118,124,2.0,2.0
@DISEASE_Urinary_Retention,Urinary Retention,16,16,@DISEASE_Urinary_Retention,Urinary Retention,51,49,51,445,445,4.0,4.0
@DISEASE_Urinary_Tract_Infections,Urinary Tract Infections,49,72,@DISEASE_Urinary_Tract_Infections,Urinary Tract Infections,52,47,52,1060,3531,3.5,3.5
@DISEASE_Urination_Disorders,Urination Disorders,2,3,@DISEASE_Urination_Disorders,Urination Disorders,20,20,20,43,43,1.0,1.0
@DISEASE_Urogenital_Neoplasms,Urogenital Neoplasms,1,2,@DISEASE_Urogenital_Neoplasms,Urogenital Neoplasms,7,7,7,15,15,2.0,2.0
@DISEASE_Urolithiasis,Urolithiasis,11,14,@DISEASE_Urolithiasis,Urolithiasis,31,30,31,133,133,2.0,2.0
@DISEASE_Urologic_Diseases,Urologic Diseases,5,5,@DISEASE_Urologic_Diseases,Urologic Diseases,39,36,39,210,210,3.0,3.0
@DISEASE_Urticaria,Urticaria,7,10,@DISEASE_Urticaria,Urticaria,54,51,54,682,774,4.0,4.0
@DISEASE_Uterine_Cervical_Incompetence,Uterine Cervical Incompetence,1,1,@DISEASE_Uterine_Cervical_Incompetence,Uterine Cervical Incompetence,2,2,2,8,8,4.0,4.0
@DISEASE_Uterine_Diseases,Uterine Diseases,2,2,@DISEASE_Uterine_Diseases,Uterine Diseases,39,33,39,333,333,2.0,2.0
@DISEASE_Uterine_Hemorrhage,Uterine Hemorrhage,4,5,@DISEASE_Uterine_Hemorrhage,Uterine Hemorrhage,34,28,34,496,552,4.0,4.0
@DISEASE_Uterine_Neoplasms,Uterine Neoplasms,1,1,@DISEASE_Uterine_Neoplasms,Uterine Neoplasms,20,17,20,81,81,1.0,1.0
@DISEASE_Uveal_melanoma,Uveal melanoma,1,1,@DISEASE_Uveal_melanoma,Uveal melanoma,12,11,12,22,22,1.0,1.0
@DISEASE_Uveitis,Uveitis,15,19,@DISEASE_Uveitis,Uveitis,47,38,47,743,1145,3.0,3.0
@DISEASE_Uveitis_Anterior,Uveitis Anterior,5,7,@DISEASE_Uveitis_Anterior,Uveitis Anterior,29,24,29,281,281,3.0,3.0
@DISEASE_Uveitis_Intermediate,Uveitis Intermediate,1,1,@DISEASE_Uveitis_Intermediate,Uveitis Intermediate,9,7,9,26,26,3.0,3.0
@DISEASE_Uveitis_Posterior,Uveitis Posterior,1,1,@DISEASE_Uveitis_Posterior,Uveitis Posterior,16,14,16,85,85,3.5,3.5
@DISEASE_Vaginitis,Vaginitis,3,3,@DISEASE_Vaginitis,Vaginitis,38,32,38,380,380,2.0,2.0
@DISEASE_Vaginosis_Bacterial,Vaginosis Bacterial,16,20,@DISEASE_Vaginosis_Bacterial,Vaginosis Bacterial,14,11,14,155,262,4.5,4.5
@DISEASE_Varicella_Zoster_Virus_Infection,Varicella Zoster Virus Infection,4,7,@DISEASE_Varicella_Zoster_Virus_Infection,Varicella Zoster Virus Infection,11,10,11,175,410,3.0,3.0
@DISEASE_Varicocele,Varicocele,2,4,@DISEASE_Varicocele,Varicocele,12,12,12,118,119,1.0,1.0
@DISEASE_Varicose_Ulcer,Varicose Ulcer,1,1,@DISEASE_Varicose_Ulcer,Varicose Ulcer,40,39,40,155,155,1.0,1.0
@DISEASE_Varicose_Veins,Varicose Veins,1,1,@DISEASE_Varicose_Veins,Varicose Veins,42,39,42,349,516,2.0,2.0
@DISEASE_Vascular_Calcification,Vascular Calcification,7,7,@DISEASE_Vascular_Calcification,Vascular Calcification,26,26,26,273,279,2.0,2.0
@DISEASE_Vascular_Diseases,Vascular Diseases,15,20,@DISEASE_Vascular_Diseases,Vascular Diseases,87,76,87,1395,1591,7.0,7.0
@DISEASE_Vascular_Headaches,Vascular Headaches,2,2,@DISEASE_Vascular_Headaches,Vascular Headaches,5,5,5,8,8,1.0,1.0
@DISEASE_Vascular_Remodeling,Vascular Remodeling,1,3,@DISEASE_Vascular_Remodeling,Vascular Remodeling,40,37,40,156,156,2.0,2.0
@DISEASE_Vascular_Ring,Vascular Ring,1,1,@DISEASE_Vascular_Ring,Vascular Ring,1,1,1,1,1,1.0,1.0
@DISEASE_Vasculitis,Vasculitis,2,3,@DISEASE_Vasculitis,Vasculitis,36,32,36,665,807,3.0,3.0
@DISEASE_Vasoplegia,Vasoplegia,1,1,@DISEASE_Vasoplegia,Vasoplegia,3,3,3,7,7,1.0,1.0
@DISEASE_Venous_Thromboembolism,Venous Thromboembolism,68,84,@DISEASE_Venous_Thromboembolism,Venous Thromboembolism,32,29,32,714,4074,7.0,7.0
@DISEASE_Venous_Thrombosis,Venous Thrombosis,27,42,@DISEASE_Venous_Thrombosis,Venous Thrombosis,46,44,46,686,2342,4.5,4.5
@DISEASE_Ventricular_Dysfunction,Ventricular Dysfunction,4,5,@DISEASE_Ventricular_Dysfunction,Ventricular Dysfunction,30,30,30,84,84,1.5,1.5
@DISEASE_Ventricular_Dysfunction_Left,Ventricular Dysfunction Left,9,17,@DISEASE_Ventricular_Dysfunction_Left,Ventricular Dysfunction Left,68,62,68,1256,1288,11.0,11.0
@DISEASE_Ventricular_Dysfunction_Right,Ventricular Dysfunction Right,4,4,@DISEASE_Ventricular_Dysfunction_Right,Ventricular Dysfunction Right,26,24,26,66,66,1.0,1.0
@DISEASE_Ventricular_Fibrillation,Ventricular Fibrillation,3,3,@DISEASE_Ventricular_Fibrillation,Ventricular Fibrillation,69,63,69,599,656,5.0,5.0
@DISEASE_Ventricular_Outflow_Obstruction,Ventricular Outflow Obstruction,1,3,@DISEASE_Ventricular_Outflow_Obstruction,Ventricular Outflow Obstruction,7,7,7,20,20,2.0,2.0
@DISEASE_Ventricular_Premature_Complexes,Ventricular Premature Complexes,1,1,@DISEASE_Ventricular_Premature_Complexes,Ventricular Premature Complexes,43,41,43,276,276,2.0,2.0
@DISEASE_Ventricular_Remodeling,Ventricular Remodeling,3,3,@DISEASE_Ventricular_Remodeling,Ventricular Remodeling,72,65,72,957,984,5.5,5.5
@DISEASE_Vertebral_Artery_Dissection,Vertebral Artery Dissection,1,2,@DISEASE_Vertebral_Artery_Dissection,Vertebral Artery Dissection,10,10,10,57,57,1.5,1.5
@DISEASE_Vertigo,Vertigo,5,6,@DISEASE_Vertigo,Vertigo,47,46,47,269,269,3.0,3.0
@DISEASE_Vestibular_Diseases,Vestibular Diseases,1,1,@DISEASE_Vestibular_Diseases,Vestibular Diseases,25,25,25,62,62,2.0,2.0
@DISEASE_Virus_Diseases,Virus Diseases,2,3,@DISEASE_Virus_Diseases,Virus Diseases,66,64,66,516,555,2.0,2.0
@DISEASE_Visceral_Pain,Visceral Pain,3,5,@DISEASE_Visceral_Pain,Visceral Pain,32,32,32,125,125,2.0,2.0
@DISEASE_Vitamin_A_Deficiency,Vitamin A Deficiency,1,1,@DISEASE_Vitamin_A_Deficiency,Vitamin A Deficiency,6,6,6,83,83,2.0,2.0
@DISEASE_Vitamin_B_12_Deficiency,Vitamin B 12 Deficiency,14,15,@DISEASE_Vitamin_B_12_Deficiency,Vitamin B 12 Deficiency,10,10,10,311,950,2.0,2.0
@DISEASE_Vitamin_D_Deficiency,Vitamin D Deficiency,116,128,@DISEASE_Vitamin_D_Deficiency,Vitamin D Deficiency,30,30,30,288,838,2.5,2.5
@DISEASE_Vitiligo,Vitiligo,7,7,@DISEASE_Vitiligo,Vitiligo,23,22,23,196,196,7.0,7.0
@DISEASE_Vitreoretinopathy_Proliferative,Vitreoretinopathy Proliferative,2,2,@DISEASE_Vitreoretinopathy_Proliferative,Vitreoretinopathy Proliferative,14,12,14,90,90,1.0,1.0
@DISEASE_Vocal_Cord_Paralysis,Vocal Cord Paralysis,1,1,@DISEASE_Vocal_Cord_Paralysis,Vocal Cord Paralysis,18,17,18,51,51,1.0,1.0
@DISEASE_Voice_Disorders,Voice Disorders,2,3,@DISEASE_Voice_Disorders,Voice Disorders,54,53,54,201,201,3.0,3.0
@DISEASE_Vomiting,Vomiting,31,39,@DISEASE_Vomiting,Vomiting,103,95,103,2164,3139,11.0,11.0
@DISEASE_Vulvar_Diseases,Vulvar Diseases,2,2,@DISEASE_Vulvar_Diseases,Vulvar Diseases,25,24,25,79,79,2.0,2.0
@DISEASE_Vulvar_Lichen_Sclerosus,Vulvar Lichen Sclerosus,11,11,@DISEASE_Vulvar_Lichen_Sclerosus,Vulvar Lichen Sclerosus,9,8,9,57,57,2.0,2.0
@DISEASE_Vulvar_Vestibulitis,Vulvar Vestibulitis,2,2,@DISEASE_Vulvar_Vestibulitis,Vulvar Vestibulitis,6,6,6,6,6,1.0,1.0
@DISEASE_Vulvodynia,Vulvodynia,5,5,@DISEASE_Vulvodynia,Vulvodynia,14,13,14,63,63,2.0,2.0
@DISEASE_Vulvovaginitis,Vulvovaginitis,1,1,@DISEASE_Vulvovaginitis,Vulvovaginitis,18,17,18,88,88,2.5,2.5
@DISEASE_Waldenstrom_Macroglobulinemia,Waldenstrom Macroglobulinemia,4,4,@DISEASE_Waldenstrom_Macroglobulinemia,Waldenstrom Macroglobulinemia,13,13,13,66,66,1.0,1.0
@DISEASE_Water_Electrolyte_Imbalance,Water Electrolyte Imbalance,1,1,@DISEASE_Water_Electrolyte_Imbalance,Water Electrolyte Imbalance,18,18,18,60,60,1.0,1.0
@DISEASE_Weight_Gain,Weight Gain,9,10,@DISEASE_Weight_Gain,Weight Gain,109,97,109,2032,2674,8.0,8.0
@DISEASE_Weight_Loss,Weight Loss,22,23,@DISEASE_Weight_Loss,Weight Loss,127,112,127,2433,3276,8.0,8.0
@DISEASE_Wet_Macular_Degeneration,Wet Macular Degeneration,2,2,@DISEASE_Wet_Macular_Degeneration,Wet Macular Degeneration,5,5,5,6,6,1.0,1.0
@DISEASE_Whiplash_Injuries,Whiplash Injuries,1,2,@DISEASE_Whiplash_Injuries,Whiplash Injuries,9,9,9,22,22,1.0,1.0
@DISEASE_Whooping_Cough,Whooping Cough,1,1,@DISEASE_Whooping_Cough,Whooping Cough,15,13,15,62,62,2.0,2.0
@DISEASE_Williams_Syndrome,Williams Syndrome,1,1,@DISEASE_Williams_Syndrome,Williams Syndrome,4,4,4,10,10,2.5,2.5
@DISEASE_Wilms_Tumor,Wilms Tumor,1,1,@DISEASE_Wilms_Tumor,Wilms Tumor,7,7,7,15,15,1.0,1.0
@DISEASE_Wolfram_Syndrome,Wolfram Syndrome,1,1,@DISEASE_Wolfram_Syndrome,Wolfram Syndrome,2,2,2,4,4,2.0,2.0
@DISEASE_Wound_Infection,Wound Infection,5,9,@DISEASE_Wound_Infection,Wound Infection,27,25,27,241,241,1.0,1.0
@DISEASE_Wounds_and_Injuries,Wounds and Injuries,3,11,@DISEASE_Wounds_and_Injuries,Wounds and Injuries,124,111,124,1809,1894,8.0,8.0
@DISEASE_Wrist_Fractures,Wrist Fractures,2,2,@DISEASE_Wrist_Fractures,Wrist Fractures,21,20,21,47,47,1.0,1.0
@DISEASE_Wrist_Injuries,Wrist Injuries,1,1,@DISEASE_Wrist_Injuries,Wrist Injuries,11,9,11,17,17,1.0,1.0
@DISEASE_Xanthomatosis_Cerebrotendinous,Xanthomatosis Cerebrotendinous,1,1,@DISEASE_Xanthomatosis_Cerebrotendinous,Xanthomatosis Cerebrotendinous,11,11,11,20,20,1.0,1.0
@DISEASE_Xerostomia,Xerostomia,2,2,@DISEASE_Xerostomia,Xerostomia,45,42,45,627,650,5.0,5.0
@DISEASE_Zellweger_Syndrome,Zellweger Syndrome,2,2,@DISEASE_Zellweger_Syndrome,Zellweger Syndrome,10,10,10,18,18,1.0,1.0
@DISEASE_Zollinger_Ellison_Syndrome,Zollinger Ellison Syndrome,2,3,@DISEASE_Zollinger_Ellison_Syndrome,Zollinger Ellison Syndrome,4,4,4,140,145,16.0,16.0
@DISEASE_alpha_1_Antitrypsin_Deficiency,alpha 1 Antitrypsin Deficiency,2,7,@DISEASE_alpha_1_Antitrypsin_Deficiency,alpha 1 Antitrypsin Deficiency,4,4,4,8,8,2.0,2.0
@DISEASE_digital_ulcers,digital ulcers,1,1,@DISEASE_digital_ulcers,digital ulcers,21,20,21,78,78,2.0,2.0
@DISEASE_dopamine_beta_hydroxylase_deficiency,dopamine beta hydroxylase deficiency,1,1,@DISEASE_dopamine_beta_hydroxylase_deficiency,dopamine beta hydroxylase deficiency,5,5,5,7,7,1.0,1.0
@DISEASE_misophonia,misophonia,1,1,@DISEASE_misophonia,misophonia,5,5,5,6,6,1.0,1.0
@DISEASE_upper_airway_cough_syndrome,upper airway cough syndrome,1,1,@DISEASE_upper_airway_cough_syndrome,upper airway cough syndrome,14,13,14,25,25,1.0,1.0
@DISEASE_von_Hippel_Lindau_Disease,von Hippel Lindau Disease,1,1,@DISEASE_von_Hippel_Lindau_Disease,von Hippel Lindau Disease,3,3,3,9,9,1.0,1.0
@DISEASE_von_Willebrand_Diseases,von Willebrand Diseases,1,1,@DISEASE_von_Willebrand_Diseases,von Willebrand Diseases,12,12,12,54,54,2.0,2.0
