ct_disease_raw,match_status,mapped_pubtator_label,mapped_pubtator_id
"""Attention Deficit Hyperactivity Disorder""",unmatched,,
#39,unmatched,,
1. Major Depressive Disorder,unmatched,,
16)(p13,unmatched,,
16P11.2 Deletion Syndrome,matched_exact,16p11.2 Deletion Syndrome,@DISEASE_16p11.2_Deletion_Syndrome
16s rRNA,unmatched,,
17)(q22,unmatched,,
18F-FAPI PET/CT Examination,unmatched,,
2 Drugs Are Statin and SGLT2i,unmatched,,
2019 Novel Coronavirus,unmatched,,
2019 Novel Coronavirus Disease,unmatched,,
2019 Novel Coronavirus Infection,unmatched,,
2019-nCoV Disease,unmatched,,
2019-nCoV Infection,unmatched,,
21)(q22,unmatched,,
22)(q34.1,unmatched,,
22Q11 Deletion,unmatched,,
22Q11 Deletion Syndrome,unmatched,,
25-Hydroxyvitamin D Concentration,unmatched,,
"25-Hydroxyvitamin D3 Deficiency, Selective",unmatched,,
25-hydroxyvitamin D Concentration (Vitamin D Status),unmatched,,
30 Healthy People,unmatched,,
480 µmol/L),unmatched,,
A Feasibility Study on Hypertensive Heart Failure Treatment,unmatched,,
AAT Deficiency,unmatched,,
AATD,unmatched,,
ACE Inhibitor,unmatched,,
ACL,unmatched,,
ACL - Anterior Cruciate Ligament Rupture,unmatched,,
ACL Injuries,unmatched,,
ACL Injury,unmatched,,
ACL Reconstruction,unmatched,,
ACL Surgery,unmatched,,
ACL Tear,unmatched,,
ACNE VULGARIS,ambiguous,,
ACOS (Fixed Airflow Obstruction and Elevated Eosinophils),unmatched,,
ACS (Acute Coronary Syndrome),unmatched,,
ACS - Acute Coronary Syndrome,unmatched,,
ACTH,unmatched,,
ACUTE SINUSITIS,unmatched,,
AD,unmatched,,
ADD,unmatched,,
ADHD,unmatched,,
ADHD - Combined Type,unmatched,,
ADHD NOS,unmatched,,
ADHD Predominantly Hyperactivity Type,unmatched,,
ADHD Predominantly Inattentive Type,unmatched,,
ADHD Specifically With Executive Function Impairment,unmatched,,
ADHD or ADHD Traits,unmatched,,
ADHD with Sleep Onset Insomnia,unmatched,,
"ADHD, ADD",unmatched,,
"ADHD, Predominantly Hyperactive - Impulsive",unmatched,,
"ADHD, Predominantly Inattentive Type",unmatched,,
ADHD-add,unmatched,,
ADHD-not Other Specified,unmatched,,
ADHF,unmatched,,
ADPKD,unmatched,,
AFib,unmatched,,
AGA,unmatched,,
AIDS,unmatched,,
AIDS Dementia Complex,ambiguous,,
AIDS Related Lymphoma,ambiguous,,
AIDS-Related Opportunistic Infections,matched_exact,AIDS Related Opportunistic Infections,@DISEASE_AIDS_Related_Opportunistic_Infections
AKI - Acute Kidney Injury,unmatched,,
AL Amyloidosis,unmatched,,
ALK-positive Advanced Tumors,unmatched,,
ALL,unmatched,,
"ALL, Childhood",unmatched,,
ALLERGIC RHINITIS,ambiguous,,
ALOPECIA AREATA,ambiguous,,
ALS,unmatched,,
AMCI - Amnestic Mild Cognitive Impairment,unmatched,,
AMI,unmatched,,
AML,unmatched,,
AML (Acute Myelogenous Leukemia),unmatched,,
ANCA Associated Vasculitis,unmatched,,
ANCA Associated Vasculitis (AAV),unmatched,,
ANXIETY,ambiguous,,
AOD Craving,unmatched,,
AOD Effects and Consequences,unmatched,,
AODR Depressive State,unmatched,,
AORTIC VALVE DISEASES,unmatched,,
APL,unmatched,,
APLASTIC ANEMIA,ambiguous,,
APS-related Hyperprolactinaemia,unmatched,,
ARDS,unmatched,,
"ARDS, Human",unmatched,,
ARNI,unmatched,,
ART,unmatched,,
ASA Triad,unmatched,,
ASCVD,unmatched,,
ASD,unmatched,,
ASTHMA,ambiguous,,
"AUC,",unmatched,,
Abdominal Abscess,ambiguous,,
Abdominal Aortic Aneurysm,ambiguous,,
Abdominal Aortic Aneurysm Without Rupture,unmatched,,
Abdominal Contour Defects,unmatched,,
Abdominal Obesity,ambiguous,,
Abdominal Pain,ambiguous,,
Abdominal Surgeries,unmatched,,
Abdominal Surgery,unmatched,,
Abdominal Wall Hernia,unmatched,,
Abdominoplasty,unmatched,,
Ablation Techniques,unmatched,,
Able Bodied,unmatched,,
Abnormal Glucose Metabolism,unmatched,,
Abnormal Glucose Tolerance,unmatched,,
Abnormal Menstrual Cycle,unmatched,,
Abnormal Respiratory Airway Resistance,unmatched,,
Abnormal Uterine Bleeding,unmatched,,
Abnormal Uterine Bleeding Unrelated to Menstrual Cycle,unmatched,,
"Abnormal Uterine Bleeding, Endometrial Hemostatic Dysfunction",unmatched,,
"Abnormal Uterine Bleeding, Ovulatory Dysfunction",unmatched,,
"Abnormal Uterine Bleeding, Unspecified",unmatched,,
Abnormal Vaginal Flora,unmatched,,
"Abnormalities, Cardiovascular",ambiguous,,
"Abnormalities, Drug-Induced",ambiguous,,
Abortion Complication,unmatched,,
Abortion Second Trimester,unmatched,,
Abortion in First Trimester,unmatched,,
"Abortion, Habitual",ambiguous,,
"Abortion, Induced",unmatched,,
"Abortion,Induced",unmatched,,
Abscess,ambiguous,,
Abscess Soft Tissue,unmatched,,
"Abscess, Intra-Abdominal",unmatched,,
Abscesses,ambiguous,,
Absence Epilepsy,ambiguous,,
Absence Seizures,unmatched,,
"Absolute Number, Density of Immune Infiltrate and Dendritic Cells and Inflammatory Cytokines Expression Pattern.",unmatched,,
Absorption,unmatched,,
Abuse Liability of Staccato Alprazolam,unmatched,,
Abuse Opioids,unmatched,,
Abuse Potential,unmatched,,
Abuse Potential Study,unmatched,,
"Abuse, Drug",unmatched,,
Acanthamoeba Keratitis,ambiguous,,
Acanthosis Nigricans,ambiguous,,
Accelerated Phase Chronic Myelogenous Leukemia,unmatched,,
"Accelerated Phase Chronic Myelogenous Leukemia, BCR-ABL1 Positive",unmatched,,
Accidental Falls,unmatched,,
Accurate Medication,unmatched,,
Acetabular Labrum Tear,unmatched,,
Acetaminophen,unmatched,,
Acetaminophen (D000082),unmatched,,
Acetaminophen Overdose,unmatched,,
Acetaminophen Toxicity,unmatched,,
Achalasia,unmatched,,
Ache,unmatched,,
Achilles Tendinopathy,unmatched,,
Achilles Tendon,unmatched,,
Achilles Tendon Injury,unmatched,,
Achilles Tendon Surgery,unmatched,,
Achlorhydria,ambiguous,,
Acid Dyspepsia,unmatched,,
Acid Peptic Disorder,unmatched,,
Acid Reflux,unmatched,,
Acid Reflux Disease,unmatched,,
Acid Regurgitation,unmatched,,
Acid-Base Imbalance,ambiguous,,
Acidosis,ambiguous,,
"Acidosis, Renal Tubular",ambiguous,,
Acinetobacter Baumannii Infection,unmatched,,
Acinetobacter Baumannii-calcoaceticus Complex Infections,unmatched,,
Acne,unmatched,,
Acne Inversa,unmatched,,
Acne Scars - Mixed Atrophic and Hypertrophic,unmatched,,
Acne Vulgaris,ambiguous,,
Acneiform Rash,unmatched,,
Acquired Deformity of Elbow,unmatched,,
Acquired Hemophilia A,unmatched,,
Acquired Immunodeficiency Syndrome,ambiguous,,
Acromegaly,ambiguous,,
Actinic Keratoses,unmatched,,
Actinic Keratosis,ambiguous,,
Actinic Keratosis (AK),unmatched,,
Active Emergence From General Anesthesia,unmatched,,
Active Rheumatoid Arthritis,unmatched,,
Activity/Exercise Induced Bronchospasm,unmatched,,
Actue Coronary Syndromes,unmatched,,
Acupressure,unmatched,,
Acupressure (D056351),unmatched,,
Acupuncture,unmatched,,
"Acupuncture, Ear",unmatched,,
Acute,unmatched,,
Acute Abdomen,ambiguous,,
Acute Adrenal Insufficiency,unmatched,,
Acute Alcoholic Hepatitis,unmatched,,
Acute Anal Fissure,unmatched,,
Acute Ankle Sprain,unmatched,,
Acute Aortic Syndrome,ambiguous,,
Acute Apical Abscess,unmatched,,
Acute Appendicitis,unmatched,,
Acute Asthma,unmatched,,
Acute Asthma Exacerbation,unmatched,,
Acute Back Strain,unmatched,,
Acute Bacterial Conjunctivitis,unmatched,,
Acute Bacterial Sinusitis,unmatched,,
Acute Bacterial Sinusitis (ABS),unmatched,,
Acute Bacterial Skin and Skin Structure Infection,unmatched,,
Acute Bacterial Skin and Skin Structure Infections,unmatched,,
Acute Biphenotypic Leukemia,ambiguous,,
Acute Bipolar Depression,unmatched,,
Acute Bipolar Mania,unmatched,,
Acute Bipolar Manic Episode,unmatched,,
Acute Bleeding,unmatched,,
Acute Bleeding Esophageal Varices,unmatched,,
Acute Blunt Soft Tissue Injuries/Contusions,unmatched,,
Acute Brain Injury,unmatched,,
Acute Bronchiolitis,unmatched,,
Acute Cardiac Failure,unmatched,,
Acute Cardiac Pulmonary Edema,unmatched,,
Acute Cardiac Syndrome,unmatched,,
Acute Cerebrovascular Accident,unmatched,,
Acute Chest Syndrome,ambiguous,,
Acute Cholecystitis,ambiguous,,
Acute Cholecystitits,unmatched,,
Acute Compartment Syndrome,unmatched,,
Acute Coronary Disease,unmatched,,
Acute Coronary Syndrome,ambiguous,,
Acute Coronary Syndrome (ACS),unmatched,,
Acute Coronary Syndrome (ACS) Undergoing Percutaneous Coronary Intervention (PCI),unmatched,,
Acute Coronary Syndromes,ambiguous,,
Acute DVT of Lower Extremity,unmatched,,
Acute Decompensated Heart Failure,unmatched,,
Acute Decompensated Heart Failure (ADHF),unmatched,,
Acute Deep Vein Thrombosis,unmatched,,
Acute Dental Pain,unmatched,,
Acute Disease,ambiguous,,
Acute Diverticulitis,unmatched,,
Acute Exacerbation Copd,unmatched,,
Acute Exacerbation of Chronic Obstructive Airways Disease,unmatched,,
Acute Focal Appendicitis,unmatched,,
Acute Follicular Tonsillitis,unmatched,,
Acute GVH Disease,unmatched,,
Acute GVHD,unmatched,,
Acute Gastroenteritis,unmatched,,
Acute Gout,unmatched,,
Acute Gout Flare,unmatched,,
Acute Gouty Arthritis,unmatched,,
Acute Graft-versus-host Disease,unmatched,,
Acute Heart Failure,unmatched,,
Acute Heart Failure (AHF),unmatched,,
Acute Heart Failure With Reduced Ejection Fraction,unmatched,,
Acute Hepatic Porphyria (AHP),unmatched,,
Acute Herpes Zoster,unmatched,,
Acute Illness,unmatched,,
Acute Infection,unmatched,,
Acute Intermittent Porphyria (AIP),unmatched,,
Acute Ischemic Stroke,unmatched,,
Acute Kidney Disease,unmatched,,
Acute Kidney Failure,unmatched,,
Acute Kidney Injuries,ambiguous,,
Acute Kidney Injury,ambiguous,,
Acute Kidney Injury (AKI),unmatched,,
Acute Kidney Injury Due to Sepsis,unmatched,,
Acute Leukemia,unmatched,,
Acute Leukemia (Category),unmatched,,
Acute Leukemia of Ambiguous Lineage,unmatched,,
Acute Lithiasic Cholecystitis Grade I or II,unmatched,,
Acute Liver Failure,ambiguous,,
Acute Liver Injury,unmatched,,
"Acute Liver Injury, Drug Induced",unmatched,,
Acute Low Back Pain,unmatched,,
Acute Low-back Pain,unmatched,,
Acute Lower Respiratory Tract Infection,unmatched,,
Acute Lumbago,unmatched,,
Acute Lung Injury,ambiguous,,
Acute Lung Injury (ALI),unmatched,,
Acute Lymphoblastic Leukaemia,unmatched,,
Acute Lymphoblastic Leukemia,unmatched,,
Acute Lymphoblastic Leukemia (ALL),unmatched,,
Acute Lymphoblastic Leukemia (ALL) in Complete Remission,unmatched,,
Acute Lymphoblastic Leukemia ALL,unmatched,,
Acute Lymphoblastic Leukemia With Failed Remission,unmatched,,
Acute Lymphoblastic Leukemia in Remission,unmatched,,
"Acute Lymphoblastic Leukemia, Adult",unmatched,,
"Acute Lymphoblastic Leukemia, Pediatric",unmatched,,
"Acute Lymphoblastic Leukemia, in Relapse",unmatched,,
Acute Lymphocytic Leukemia,unmatched,,
Acute Lymphoid Leukemia,unmatched,,
Acute Lymphoid Leukemia (ALL),unmatched,,
Acute Mania in Bipolar Disorder,unmatched,,
Acute Migraine,unmatched,,
Acute Migraine Headache,unmatched,,
Acute Migraine With or Without Aura,unmatched,,
Acute Muscle Pain,unmatched,,
Acute Musculoskeletal Spasm Due to Low Back Pain,unmatched,,
Acute Myelocytic Leukemia,unmatched,,
Acute Myelogenous Leukemia,unmatched,,
Acute Myeloid Leukemia,ambiguous,,
Acute Myeloid Leukemia (AML),unmatched,,
Acute Myeloid Leukemia (AML) in Remission,unmatched,,
Acute Myeloid Leukemia in Remission,unmatched,,
Acute Myocardial Infarction,unmatched,,
Acute Myocardial Infarction (AMI),unmatched,,
Acute Myocardial Infarction of Anterior Wall,unmatched,,
Acute Myocarditis,unmatched,,
Acute Non-specific Low Back Pain,unmatched,,
Acute Otitis Media,unmatched,,
Acute Pain,ambiguous,,
Acute Pain Due to Trauma,unmatched,,
"Acute Pain, Postoperative",unmatched,,
Acute Pancreatitis,unmatched,,
Acute Porphyria,unmatched,,
Acute Post Operative Pain,unmatched,,
Acute Post-operative Pain,unmatched,,
Acute Post-surgical Pain,unmatched,,
Acute Posthemorrhagic Anemia,unmatched,,
Acute Postoperative Pain,unmatched,,
Acute Promyelocytic Leukemia,ambiguous,,
Acute Psychosis,unmatched,,
Acute Pulmonary Embolism,unmatched,,
Acute Renal Failure,unmatched,,
Acute Renal Injuries,unmatched,,
Acute Renal Injury,unmatched,,
Acute Respiratory Disease,unmatched,,
Acute Respiratory Distress Syndrome,unmatched,,
Acute Respiratory Distress Syndrome (ARDS),unmatched,,
Acute Respiratory Distress Syndrome ARDS,unmatched,,
Acute Respiratory Failure,unmatched,,
Acute Respiratory Infection,unmatched,,
Acute Respiratory Insufficiency,unmatched,,
Acute Respiratory Tract Infection,unmatched,,
Acute Respiratory Tract Infections,unmatched,,
Acute ST Segment Elevation Myocardial Infarction,unmatched,,
Acute ST-elevation Myocardial Infarction,unmatched,,
Acute Schizophrenia,unmatched,,
Acute Sciatica,unmatched,,
Acute Sinusitis,unmatched,,
Acute Stress Disorder,unmatched,,
Acute Stress Reaction,unmatched,,
Acute Stroke,unmatched,,
Acute T Cell Leukemia,unmatched,,
Acute Thoracic Herpes Zoster,unmatched,,
Acute Toothache Patients Above Moderate Pain After Teeth Extraction Surgery,unmatched,,
Acute Traumatic Stress Disorders,ambiguous,,
Acute Treatment of Migraine,unmatched,,
Acute Undifferentiated Leukemia,unmatched,,
Acute Upper Respiratory Tract Infection,unmatched,,
Acute Urticaria,unmatched,,
Acute Watery Diarrhea,unmatched,,
Acute Wheezy Bronchitis,unmatched,,
Acute and Chronic Inflammation,unmatched,,
Acute and Chronic Pain Following Modified Radical Mastectomy,unmatched,,
Acute intraCerebral Haemorrhage,unmatched,,
Acute on Chronic Liver Failure,ambiguous,,
Acute-On-Chronic Liver Failure,ambiguous,,
Acute-graft-versus-host Disease,unmatched,,
Acyclovir and Candida Antigen in Treatment of Plantar Wart,unmatched,,
Acyl-CoA Oxidase Deficiency,unmatched,,
Adalimumab,unmatched,,
Addiction,unmatched,,
Addiction Opiate,unmatched,,
"Addiction, Opioid",unmatched,,
"Addiction, Substance",unmatched,,
Addison's Disease,unmatched,,
Adebrelimab,unmatched,,
Adenine Phosphoribosyltransferase Deficiency,matched_exact,Adenine phosphoribosyltransferase deficiency,@DISEASE_Adenine_phosphoribosyltransferase_deficiency
Adenocarcinoma,ambiguous,,
Adenocarcinoma of Endometrium,unmatched,,
Adenocarcinoma of Lung Metastatic to Brain,unmatched,,
Adenocarcinoma of Rectum,unmatched,,
Adenocarcinoma of Unknown Primary,unmatched,,
Adenocarcinoma of the Gastroesophageal Junction,unmatched,,
Adenocarcinoma of the Prostate,unmatched,,
Adenocarcinoma of the Stomach,unmatched,,
"Adenocarcinoma, Prostate",unmatched,,
Adenoidectomy,unmatched,,
Adenomatous Polyp of Colon,unmatched,,
Adenomatous Polyposis Coli,ambiguous,,
Adenomyosis,ambiguous,,
"Adenotonsillar Hypertrophy,Under 12 Years.",unmatched,,
Adenotonsillectomy,unmatched,,
Adenotonsillitis,unmatched,,
Adenoviridae Infections,ambiguous,,
Adenovirus,unmatched,,
Adenylosuccinate Lyase Deficiency,unmatched,,
Adhd,unmatched,,
Adherence,unmatched,,
"Adherence, Medication",unmatched,,
"Adherence, Patient",unmatched,,
Adhesive Capsulitis,unmatched,,
Adhesive Capsulitis of Shoulder,unmatched,,
Adhesive Capsulitis of the Shoulder,unmatched,,
Adipose Derived Stem Cells,unmatched,,
Adiposity,unmatched,,
Adjustment Disorders,ambiguous,,
Adjuvant Bevacizumab,unmatched,,
Adjuvant Therapy,unmatched,,
Administration of Antibiotics in Intensive Care Units,unmatched,,
Admitting Hospital,unmatched,,
Adolescence,unmatched,,
Adolescent,unmatched,,
Adolescent Depression,unmatched,,
Adolescent Idiopathic Scoliosis (AIS),unmatched,,
Adolescent Obesity,unmatched,,
Adolescent Overweight,unmatched,,
Adrenal Gland Disease,unmatched,,
Adrenal Incidentalomas,matched_token_set,Adrenal incidentaloma,@DISEASE_Adrenal_incidentaloma
Adrenal Insufficiency,ambiguous,,
Adrenaline,unmatched,,
Adrenergic Beta-Receptor Blockader,unmatched,,
Adrenergic Receptor Antagonist Adverse Reaction,unmatched,,
Adrenocortical Carcinoma,ambiguous,,
Adrenoleukodystrophy,ambiguous,,
Adrenoleukodystrophy With Cerebral Involvement,unmatched,,
Adrenomyeloneuropathy,unmatched,,
Adult,unmatched,,
Adult ADHD,unmatched,,
Adult ALL,unmatched,,
Adult Acute Lymphoblastic Leukemia in Remission,unmatched,,
Adult Acute Lymphocytic Leukemia,unmatched,,
Adult Acute Megakaryoblastic Leukemia (M7),unmatched,,
Adult Acute Minimally Differentiated Myeloid Leukemia (M0),unmatched,,
Adult Acute Monoblastic Leukemia (M5a),unmatched,,
Adult Acute Monocytic Leukemia (M5b),unmatched,,
Adult Acute Myeloblastic Leukemia With Maturation (M2),unmatched,,
Adult Acute Myeloblastic Leukemia Without Maturation (M1),unmatched,,
Adult Acute Myeloid Leukemia With 11q23 (MLL) Abnormalities,unmatched,,
Adult Acute Myeloid Leukemia With Del(5q),unmatched,,
Adult Acute Myeloid Leukemia With Inv(16)(p13,unmatched,,
Adult Acute Myeloid Leukemia With t(15,unmatched,,
Adult Acute Myeloid Leukemia With t(16,unmatched,,
Adult Acute Myeloid Leukemia With t(8,unmatched,,
Adult Acute Myeloid Leukemia in Remission,unmatched,,
Adult Acute Myelomonocytic Leukemia (M4),unmatched,,
Adult Attention Deficit Hyperactivity Disorder,unmatched,,
Adult Attention Deficit Hyperactivity Disorder (ADHD) With Co-occuring Anxiety and Depressive Disorders,unmatched,,
Adult B Acute Lymphoblastic Leukemia With t(9,unmatched,,
Adult Cholangiocarcinoma,unmatched,,
Adult Diffuse Large B-Cell Lymphoma,unmatched,,
Adult Erythroleukemia (M6a),unmatched,,
Adult Grade III Lymphomatoid Granulomatosis,unmatched,,
Adult Healthy Volunteers,unmatched,,
Adult Nasal Type Extranodal NK/T-cell Lymphoma,unmatched,,
Adult Pure Erythroid Leukemia (M6b),unmatched,,
Adult Respiratory Distress Syndrome,unmatched,,
Adult Solid Neoplasm,unmatched,,
Adult Subjects With Anal Fissures.,unmatched,,
Adult Subjects With Type1Diabetes and Insulin Microsecretion,unmatched,,
Adults With Tonic Clonic Seizures and/or Partial Seizures,unmatched,,
Advanced Biliary Tract Carcinoma,unmatched,,
Advanced Breast Cancer,unmatched,,
Advanced Cancer,unmatched,,
Advanced Cancers,unmatched,,
Advanced Cervical Cancer,unmatched,,
Advanced Chronic Heart Failure,unmatched,,
Advanced Chronic Liver Disease,unmatched,,
Advanced Colorectal Cancer,unmatched,,
Advanced Colorectal Carcinoma,unmatched,,
Advanced Differentiated Thyroid Gland Carcinoma,unmatched,,
Advanced Digestive System Carcinoma,unmatched,,
Advanced Esophageal Cancers,unmatched,,
Advanced Esophageal Carcinoma,unmatched,,
Advanced Gastric Cancer,unmatched,,
Advanced Gastric Carcinoma,unmatched,,
Advanced Gastroesophageal Junction Adenocarcinoma,unmatched,,
Advanced Hepatocarcinoma,unmatched,,
Advanced Hepatocellular Carcinoma,unmatched,,
Advanced Hodgkin's Lymphoma,unmatched,,
Advanced Lung Carcinoma,unmatched,,
Advanced Lung Non-Small Cell Carcinoma,unmatched,,
Advanced Malignancies,unmatched,,
Advanced Malignant Neoplasm,unmatched,,
Advanced Malignant Solid Neoplasm,unmatched,,
Advanced Melanoma,unmatched,,
Advanced Non-small Cell Lung Cancer,unmatched,,
Advanced Pancreatic Adenocarcinoma,unmatched,,
Advanced Pancreatic Cancer,unmatched,,
Advanced Pancreatic Ductal Adenocarcinoma,unmatched,,
Advanced Solid Malignancies,unmatched,,
Advanced Solid Tumor,unmatched,,
Advanced Solid Tumors,unmatched,,
"Advanced Solid Tumors, Excluding Breast Cancer",unmatched,,
Advanced Solid Tumours,unmatched,,
Advanced Stage Diffuse Large B-Cell Non-Hodgkin's Lymphoma,unmatched,,
Advanced Unresectable or Metastatic Breast Cancer,unmatched,,
Advanced or Metastatic Breast Cancer,unmatched,,
Advanced or Metastatic Colorectal Cancer,unmatched,,
Advanced or Metastatic Gastrooesophageal Carcinoma,unmatched,,
"Advanced, Persistent, or Recurrent Endometrial Cancer",unmatched,,
Adverse Anesthesia Outcome,unmatched,,
Adverse Bone Health,unmatched,,
Adverse Cardiac Events,unmatched,,
Adverse Drug Event,unmatched,,
Adverse Drug Events,unmatched,,
Adverse Drug Events (ADEs),unmatched,,
Adverse Drug Reaction,unmatched,,
Adverse Drug Reactions,unmatched,,
Adverse Effect,unmatched,,
Adverse Effect of Beta-adrenoreceptor Antagonists,unmatched,,
Adverse Effect of Other General Anesthetics,unmatched,,
Adverse Effects,unmatched,,
Adverse Effects of Angiotensin-converting-enzyme Inhibitors,unmatched,,
Adverse Event,unmatched,,
Adverse Events,unmatched,,
Adverse Reaction,unmatched,,
Adverse Reaction to Drug,unmatched,,
Adverse Reaction to Other Drugs and Medicines,unmatched,,
Affect Altered,unmatched,,
Affect Blunted,unmatched,,
Affective,unmatched,,
Affective Disorder,unmatched,,
Affective Disorders,unmatched,,
"Affective Disorders, Psychotic",ambiguous,,
"Affective Psychosis, Bipolar",unmatched,,
Affective Symptoms,unmatched,,
Age Matched Healthy Volunteers (Non-smokers),unmatched,,
Age Related Cataract,unmatched,,
Age Related Macular Degeneration,unmatched,,
Age-Related Macular Degeneration,unmatched,,
Age-Related Osteoporosis,unmatched,,
Age-related Cataract,unmatched,,
Aged,unmatched,,
Ageing,unmatched,,
Aggression,unmatched,,
Aggressive Non-Hodgkin Lymphoma,unmatched,,
Aggressive Periodontitis,ambiguous,,
Aging,unmatched,,
Agitated,unmatched,,
Agitation,unmatched,,
Agitation Associated With Dementia of the Alzheimer's Type,unmatched,,
Agitation in Patients With Dementia of the Alzheimer's Type,unmatched,,
Agitation on Recovery From Sedation,unmatched,,
"Agitation, Psychomotor",ambiguous,,
"Agitation,Psychomotor",ambiguous,,
Agoraphobia,ambiguous,,
Agoraphobia With Panic Attacks,unmatched,,
Air Pollution,unmatched,,
Airflow Obstruction,unmatched,,
Airway Anesthesia,unmatched,,
Airway Complication of Anesthesia,unmatched,,
Airway Hyperactivity,unmatched,,
Airway Inflammation,unmatched,,
Airway Management,unmatched,,
Airway Management During Operative Procedure,unmatched,,
Airway Obstruction,ambiguous,,
Airway Reactivity,unmatched,,
Airway Remodeling,ambiguous,,
Airway Responsiveness,unmatched,,
Airways Allergic Inflammation of Asthmatic Children,unmatched,,
"Akathisia, Drug-Induced",ambiguous,,
Albumin,unmatched,,
Albuminuria,ambiguous,,
Alcohol,unmatched,,
Alcohol Abstinence,unmatched,,
Alcohol Abuse,unmatched,,
Alcohol Abuse/Dependence,unmatched,,
Alcohol Consumption,unmatched,,
Alcohol Dependence,unmatched,,
Alcohol Dependence (Primary Condition),unmatched,,
Alcohol Drinking,unmatched,,
Alcohol Drinking Related Problems,unmatched,,
Alcohol Liver Disease,unmatched,,
Alcohol Relapse Prevention,unmatched,,
Alcohol Use Disorder,unmatched,,
Alcohol Use Disorder (AUD),unmatched,,
Alcohol Use Disorder With Insomnia,unmatched,,
Alcohol Use Disorders,unmatched,,
Alcohol Withdrawal,unmatched,,
Alcohol Withdrawal Associated Autonomic Hyperactivity,unmatched,,
Alcohol Withdrawal Delirium,ambiguous,,
Alcohol Withdrawal Hallucinosis,unmatched,,
Alcohol Withdrawal Syndrome,unmatched,,
Alcohol Withdrawal Syndrome(AWS),unmatched,,
Alcohol Withdrawal-Induced Delirium Tremens,unmatched,,
Alcohol-Induced Disorders,unmatched,,
Alcohol-Related Disorders,ambiguous,,
Alcoholic Cirrhosis,unmatched,,
Alcoholic Hepatitis,ambiguous,,
Alcoholic Liver Disease,unmatched,,
Alcoholic Relapse,unmatched,,
Alcoholism,ambiguous,,
Aldosterone Blockade,unmatched,,
Aldosterone Disorder,unmatched,,
Aldosteronism,unmatched,,
Alkylating Agents,unmatched,,
All Cause Mortality,unmatched,,
All-cause Mortality,unmatched,,
Allergic,unmatched,,
Allergic Asthma,unmatched,,
Allergic Bronchopulmonary Aspergillosis,ambiguous,,
Allergic Conjunctivitis,ambiguous,,
Allergic Contact Dermatitis,ambiguous,,
Allergic Disease,unmatched,,
Allergic Rhinitis,ambiguous,,
Allergic Rhinitis (Disorder),unmatched,,
Allergic Rhinitis Due to Allergens,unmatched,,
Allergic Rhinitis Due to Weed Pollen,unmatched,,
Allergic Rhinoconjunctivitis,unmatched,,
Allergies,unmatched,,
Allergy,unmatched,,
Allogeneic Hematopoietic Cell Transplantation,unmatched,,
Allogeneic Hematopoietic Stem Cell Transplant Recipient,unmatched,,
Allogeneic Hematopoietic Stem Cell Transplantation,unmatched,,
Allogeneic Stem Cell Transplantation,unmatched,,
Allogenic Transfusion,unmatched,,
Allograft Rejection,unmatched,,
Alopecia,ambiguous,,
Alopecia Areata,ambiguous,,
"Alopecia, Androgenetic",unmatched,,
Alpha Blocker,unmatched,,
Alpha-1 Antitrypsin Deficiency,ambiguous,,
Alpha-Mannosidosis,unmatched,,
Alpha-methylacyl-CoA Racmase Deficiency,unmatched,,
Alport Nephropathy,unmatched,,
Alport Syndrome,unmatched,,
Alteration of Cognitive Function,unmatched,,
Altered Mental Status,unmatched,,
Alternative Medicine,unmatched,,
Altitude,unmatched,,
Aluminum Phosphide Poisoning,unmatched,,
Alveolar Bone Healing After Dental Extraction,unmatched,,
Alveolar Bone Loss,ambiguous,,
Alveolar Bone Loss Associated Chronic Periodontitis,unmatched,,
Alveolar Bone Resorption,unmatched,,
Alveolar Ridge Preservation,unmatched,,
Alveolar Soft Part Sarcomas,ambiguous,,
Alzheimer Blood Biomarkers,unmatched,,
Alzheimer Dementia,unmatched,,
Alzheimer Dementia (AD),unmatched,,
Alzheimer Disease,ambiguous,,
Alzheimer Disease (AD),unmatched,,
Alzheimer Disease 1,unmatched,,
Alzheimer Disease 3,unmatched,,
"Alzheimer Disease, Late Onset",unmatched,,
Alzheimer Type Dementia,unmatched,,
Alzheimer&#39,unmatched,,
Alzheimer's,unmatched,,
Alzheimer's Desease,unmatched,,
Alzheimer's Disease,unmatched,,
Alzheimer's Disease (AD),unmatched,,
Alzheimer's Type Dementia,unmatched,,
Alzheimer´s Disease,unmatched,,
Amantadine,unmatched,,
Amblyopia,ambiguous,,
Ambulatory,unmatched,,
Ambulatory Blood Pressure Monitoring,unmatched,,
Ambulatory Surgery,unmatched,,
Amenorrhea,ambiguous,,
Amikacin,unmatched,,
Amitriptyline,unmatched,,
Amount of Pioglitazone in Blood,unmatched,,
Amoxicillin,unmatched,,
Amoxicillin Allergy,unmatched,,
Amoxicillin Crystalluria,unmatched,,
Amoxicillin-clavulanate,unmatched,,
Amphetamine Addiction,unmatched,,
Amphetamine Dependence,unmatched,,
Amphetamine-Related Disorders,ambiguous,,
Ampullary Cancer,unmatched,,
Amputation,unmatched,,
Amputation Stumps,unmatched,,
Amputation Wound,unmatched,,
"Amputation, Traumatic",ambiguous,,
Amylase,unmatched,,
Amyloid,unmatched,,
Amyloid - Primary,unmatched,,
Amyloid Cardiomyopathy,unmatched,,
"Amyloid Neuropathies, Familial",ambiguous,,
Amyloidosis,ambiguous,,
Amyotrophic Lateral Sclerosis,ambiguous,,
Anaemia,unmatched,,
Anaemia in Children,unmatched,,
Anaemia in Early Infancy,unmatched,,
Anaemia in Ovarian Carcinoma,unmatched,,
"Anaesthetics Gases, Xenon",unmatched,,
"Anaesthetics Volatile, Sevoflurane",unmatched,,
Anal,unmatched,,
Anal Chlamydia Infection,unmatched,,
Anal Fissure,unmatched,,
Anal Fissure Chronic,unmatched,,
Anal Fistula,unmatched,,
Anal Fistulas,unmatched,,
Anal Infection,unmatched,,
Anal Pain,unmatched,,
Anal Resting Pressure,unmatched,,
Analgesia,unmatched,,
Analgesia After ED Discharge for Extremity Injuries,unmatched,,
Analgesia Disorder,unmatched,,
"Analgesia, Obstetrical",unmatched,,
"Analgesia, Postoperative",unmatched,,
Analgesic,unmatched,,
Analgesic Rebound Headache,unmatched,,
Analgesic Response,unmatched,,
Analgesics,unmatched,,
"Analgesics, Non-Narcotic",unmatched,,
"Analgesics, Non-Narcotic (D000700)",unmatched,,
"Analgesics, Opioid",unmatched,,
Anaplastic Astrocytoma,unmatched,,
Anaplastic Large Cell Lymphoma,ambiguous,,
Anaplastic Large-Cell Lymphoma,ambiguous,,
Anaplastic Medulloblastoma,unmatched,,
Anaplastic Throid Carcinoma,unmatched,,
Anaplastic Thyroid Cancer,unmatched,,
Anastomotic Leak,ambiguous,,
Anastomotic Ulcer,unmatched,,
Anatomic Stage 0 Breast Cancer AJCC v8,unmatched,,
Anatomic Stage I Breast Cancer AJCC v8,unmatched,,
Anatomic Stage IA Breast Cancer AJCC v8,unmatched,,
Anatomic Stage IB Breast Cancer AJCC v8,unmatched,,
Anatomic Stage II Breast Cancer AJCC v8,unmatched,,
Anatomic Stage IIA Breast Cancer AJCC v8,unmatched,,
Anatomic Stage IIB Breast Cancer AJCC v8,unmatched,,
Anatomic Stage III Breast Cancer AJCC v8,unmatched,,
Anatomic Stage IIIA Breast Cancer AJCC v8,unmatched,,
Anatomic Stage IIIB Breast Cancer AJCC v8,unmatched,,
Anatomic Stage IIIC Breast Cancer AJCC v8,unmatched,,
Anatomic Stage IV Breast Cancer AJCC,unmatched,,
Anatomic Stage IV Breast Cancer AJCC v8,unmatched,,
Androgen Deficiency,unmatched,,
Androgen Excess,unmatched,,
Androgenetic Alopecia,unmatched,,
Androgenetic Alopecia (AGA),unmatched,,
Androgenic Alopecia,unmatched,,
Anemia,ambiguous,,
Anemia During Pregnancy,unmatched,,
Anemia Postoperative,unmatched,,
Anemia in Children,unmatched,,
Anemia in Dialysis-dependent CKD Patients,unmatched,,
Anemia in End Stage Renal Disease,unmatched,,
Anemia in Pregnancy,unmatched,,
Anemia of Chronic Disease,unmatched,,
Anemia of Chronic Kidney Disease,unmatched,,
Anemia of Pregnancy,unmatched,,
Anemia of Prematurity,unmatched,,
"Anemia, Aplastic",ambiguous,,
"Anemia, Iron Deficiency",ambiguous,,
"Anemia, Iron-Deficiency",ambiguous,,
"Anemia, Kidney Disease, Chronic",unmatched,,
"Anemia, Refractory, With Excess of Blasts",ambiguous,,
"Anemia, Sickle Cell",ambiguous,,
Anencephaly-Spina Bifida,unmatched,,
Anesthesia Management,unmatched,,
Anesthesia Morbidity,unmatched,,
Anesthesia Opioid Free,unmatched,,
Anesthesia Recovery Period,unmatched,,
"Anesthesia, Conduction",unmatched,,
"Anesthesia, Epidural",unmatched,,
"Anesthesia, General",unmatched,,
"Anesthesia, Local",unmatched,,
"Anesthesia, Obstetric",unmatched,,
"Anesthesia, Obstetrical",unmatched,,
"Anesthesia, Pediatrics, Surgery",unmatched,,
"Anesthesia, Regional",unmatched,,
"Anesthesia, Spinal",unmatched,,
Anesthetic,unmatched,,
Anesthetic Toxicity,unmatched,,
Aneurysm,ambiguous,,
Aneurysm Abdominal,unmatched,,
"Aneurysm, Dissecting",unmatched,,
Aneurysmal Subarachnoid Hemorrhage,unmatched,,
Aneurysms,ambiguous,,
Angina,unmatched,,
Angina (Stable),ambiguous,,
Angina Pectoris,ambiguous,,
Angina Unstable,ambiguous,,
"Angina, Stable",ambiguous,,
"Angina, Unstable",ambiguous,,
Angiogenesis,unmatched,,
Angiographically Confirmed Acute Massive Pulmonary Embolism Treated With Endovascular Mechanical Fragmentation and Thrombolytic Therapy,unmatched,,
Angiographically Proven Grade III Unilateral or Bilateral Atherosclerotic Renal Artery Stenosis (ARAS) Greater Than or Equal to 60 Percent,unmatched,,
Angioimmunoblastic T-cell Lymphoma,unmatched,,
"Angioplasty, Transluminal, Percutaneous Coronary",unmatched,,
Angiosarcoma,unmatched,,
Angiotensin Hypertension,unmatched,,
Angiotensin II Type 1 Receptor Blockers,unmatched,,
Angiotensin-Converting-Enzyme Inhibitor,unmatched,,
Angiotensin/Renin/Aldosterone Hypertension,unmatched,,
Angle Class I,unmatched,,
Anhedonia,ambiguous,,
Ankle (Ligaments),unmatched,,
Ankle Edema,unmatched,,
Ankle Fracture,ambiguous,,
"Ankle Fracture (bimalleolar Equivalent, Bimalleolar, or Trimalleolar)",unmatched,,
Ankle Fracture - Lateral Malleolus,unmatched,,
Ankle Fracture - Medial Malleolus,unmatched,,
Ankle Fractures,ambiguous,,
Ankle Injuries and Disorders,unmatched,,
Ankle Sprain,unmatched,,
Ankle Surgery,unmatched,,
Ankylosing Spondylitis,ambiguous,,
Ankylosing Spondylitis (AS),unmatched,,
Ankylosing Spondyloarthritis,unmatched,,
Ann Arbor Stage I Diffuse Large B-Cell Lymphoma,unmatched,,
Ann Arbor Stage I Primary Mediastinal (Thymic) Large B-Cell Cell Lymphoma,unmatched,,
Ann Arbor Stage II B-Cell Non-Hodgkin Lymphoma,unmatched,,
Ann Arbor Stage II Diffuse Large B-Cell Lymphoma,unmatched,,
Ann Arbor Stage II Primary Mediastinal (Thymic) Large B-Cell Cell Lymphoma,unmatched,,
Ann Arbor Stage III B-Cell Non-Hodgkin Lymphoma,unmatched,,
Ann Arbor Stage III Diffuse Large B-Cell Lymphoma,unmatched,,
Ann Arbor Stage III Hodgkin Lymphoma,unmatched,,
Ann Arbor Stage III Non-Hodgkin Lymphoma,unmatched,,
Ann Arbor Stage III Primary Mediastinal (Thymic) Large B-Cell Cell Lymphoma,unmatched,,
Ann Arbor Stage IV B-Cell Non-Hodgkin Lymphoma,unmatched,,
Ann Arbor Stage IV Diffuse Large B-Cell Lymphoma,unmatched,,
Ann Arbor Stage IV Hodgkin Lymphoma,unmatched,,
Ann Arbor Stage IV Non-Hodgkin Lymphoma,unmatched,,
Ann Arbor Stage IV Primary Mediastinal (Thymic) Large B-Cell Cell Lymphoma,unmatched,,
Anoperineal Lesions,unmatched,,
Anorectal Disorder,unmatched,,
Anorectal Disorders,unmatched,,
Anorexia,ambiguous,,
Anorexia Nervosa,ambiguous,,
Anorexia Nervosa with Significantly Low Body Weight,unmatched,,
Anorgasmia,unmatched,,
Anosmia,ambiguous,,
Anovulation,ambiguous,,
Anovulatory Infertility,unmatched,,
Anoxic Brain Injury,unmatched,,
Anoxic Encephalopathy,unmatched,,
Anserine Bursitis,unmatched,,
Antepartum Depression,unmatched,,
Anterior Cervical Discectomy,unmatched,,
Anterior Chamber Inflammation,unmatched,,
Anterior Cruciate Ligament Injuries,ambiguous,,
Anterior Cruciate Ligament Injury,ambiguous,,
Anterior Cruciate Ligament Reconstruction,unmatched,,
Anterior Cruciate Ligament Rupture,unmatched,,
Anterior Labial Wall Defect,unmatched,,
Anterior Myocardial Infarction,unmatched,,
Anterior Uveitis,ambiguous,,
Anterior Wall Myocardial Infarction,ambiguous,,
Anthracycline Induced Cardiotoxicity,unmatched,,
Anthrax,ambiguous,,
Anti-Bacterial Agents,unmatched,,
Anti-Infective Agents,unmatched,,
Anti-Platelet Therapy,unmatched,,
Anti-Ulcer Agents,unmatched,,
Anti-Xa Activity,unmatched,,
Anti-allergic Agents,unmatched,,
Anti-bacterial Agents,unmatched,,
Anti-coagulation Therapy,unmatched,,
Anti-infective Agents,unmatched,,
"Anti-inflammatory Agents, Non-steroidal",unmatched,,
Anti-neutrophil Cytoplasmic Antibody-associated Vasculitis,ambiguous,,
Antiangiogenic-Associated Hypertension,unmatched,,
Antibiotic,unmatched,,
Antibiotic Allergy,unmatched,,
Antibiotic Associated Diarrhea,unmatched,,
Antibiotic Prophylaxis,unmatched,,
Antibiotic Resistance,unmatched,,
Antibiotic Resistant Infection,unmatched,,
Antibiotic Resistant Strain,unmatched,,
Antibiotic Side Effect,unmatched,,
Antibiotic Therapy,unmatched,,
Antibiotic Toxicity,unmatched,,
Antibiotic Use,unmatched,,
Antibiotic-associated Diarrhea,unmatched,,
Antibiotics,unmatched,,
Antibiotics Causing Adverse Effects in Therapeutic Use,unmatched,,
Antibiotics Overuse,unmatched,,
Antibiotics Therapeutic Strategies,unmatched,,
Anticholinergic Side Effects,unmatched,,
Anticholinergics,unmatched,,
Anticholinergics Toxicity,unmatched,,
Anticoagulant,unmatched,,
Anticoagulant Adverse Reaction,unmatched,,
Anticoagulant Drugs,unmatched,,
Anticoagulant Effect of Warfarin When Taken With Duloxetine.,unmatched,,
Anticoagulant Prophylaxis/Therapy,unmatched,,
Anticoagulant Reversal,unmatched,,
Anticoagulant Therapy,unmatched,,
Anticoagulant-Induced Bleeding,unmatched,,
Anticoagulant-induced Bleeding,unmatched,,
Anticoagulants,unmatched,,
Anticoagulants Causing Adverse Effects in Therapeutic Use,unmatched,,
Anticoagulants and Bleeding Disorders,unmatched,,
Anticoagulants and Thrombotic Disorders,unmatched,,
Anticoagulation,unmatched,,
Anticoagulation Treatment,unmatched,,
Anticoagulation With Apixaban,unmatched,,
Anticoagulation With Direct Oral Anticoagulants,unmatched,,
Anticoagulation With NOAC,unmatched,,
Antidepressant Activity in Healthy Volunteers,unmatched,,
Antidepressant Drug Adverse Reaction,unmatched,,
Antidepressants,unmatched,,
Antidepressive Agents,unmatched,,
Antiemetic,unmatched,,
Antiemetic for Highly Emetogenic Chemotherapy,unmatched,,
Antiemetics,unmatched,,
Antiepileptic Drugs,unmatched,,
Antiepileptics,unmatched,,
Antihypertensive Drugs,unmatched,,
Antimicrobial Prophylaxis in Prostate Surgery,unmatched,,
Antimicrobial Resistance,unmatched,,
Antimicrobial Stewardship,unmatched,,
Antimicrobial Susceptibility Testing,unmatched,,
Antimicrobials,unmatched,,
Antineoplastic Chemotherapy Induced Anemia,unmatched,,
Antioxidant Therapy,unmatched,,
Antiphospholipid Antibody Syndrome,unmatched,,
Antiphospholipid Syndrome,ambiguous,,
Antiphospholipid Syndrome (APS),unmatched,,
Antiphospholipid Syndrome in Pregnancy,unmatched,,
Antiplatelet,unmatched,,
Antiplatelet Agents,unmatched,,
Antiplatelet De-escalation,unmatched,,
Antiplatelet Drugs,unmatched,,
Antiplatelet Effect,unmatched,,
Antiplatelet Therapy,unmatched,,
Antipsychotic Agents,unmatched,,
Antipsychotic-induced Weight Gain (AIWG),unmatched,,
Antipsychotics,unmatched,,
Antipsychotics and Neuroleptics Toxicity,unmatched,,
Antipyretic,unmatched,,
Antirheumatic Agents,unmatched,,
Antisepsis,unmatched,,
Antispastic Therapy,unmatched,,
Antithrombic Drug,unmatched,,
Antithrombotic Therapy,unmatched,,
Anxiety,ambiguous,,
Anxiety Disease,unmatched,,
Anxiety Disorder,ambiguous,,
Anxiety Disorders,ambiguous,,
Anxiety Disorders and Symptoms,unmatched,,
"Anxiety Disorders,Generalized Anxiety Disorder",unmatched,,
Anxiety Neuroses,unmatched,,
Anxiety State,unmatched,,
Anxiety States,unmatched,,
Anxiety and Depression,unmatched,,
Anxiety and Fear,unmatched,,
Anxiety in Those Patients With Anorexia Nervosa,unmatched,,
"Anxiety, Dental",unmatched,,
"Anxiety, Preoperarative",unmatched,,
Anxiety-comorbidity to Schizophrenia,unmatched,,
Anxiolysis,unmatched,,
Anxious Depression,unmatched,,
Any Cancer,unmatched,,
Aortic Aneurism,unmatched,,
Aortic Aneurysm,ambiguous,,
"Aortic Aneurysm, Abdominal",ambiguous,,
"Aortic Aneurysm, Familial Thoracic 1",matched_exact,Aortic Aneurysm Familial Thoracic 1,@DISEASE_Aortic_Aneurysm_Familial_Thoracic_1
Aortic Arch,unmatched,,
Aortic Blood Pressure,unmatched,,
Aortic Compliance,unmatched,,
Aortic Dilatation,unmatched,,
Aortic Dissection,ambiguous,,
Aortic Dissection Rupture,unmatched,,
Aortic Insufficiency,unmatched,,
Aortic Regurgitation,unmatched,,
Aortic Root Dilatation,unmatched,,
Aortic Stenosis,unmatched,,
"Aortic Stenosis, Severe",unmatched,,
Aortic Surgery,unmatched,,
Aortic Valve Disease,ambiguous,,
Aortic Valve Disorder,unmatched,,
Aortic Valve Insufficiency,ambiguous,,
Aortic Valve Regurgitation,unmatched,,
Aortic Valve Stenosis,ambiguous,,
Aortopathy,unmatched,,
Apathy,unmatched,,
Apathy in Dementia,unmatched,,
Apatinib,unmatched,,
Aphasia,ambiguous,,
"Aphasia, Primary Progressive",ambiguous,,
Aphthous Stomatitis,ambiguous,,
Aphthus Ulcer,unmatched,,
Apixaban,unmatched,,
Aplastic Anemia,ambiguous,,
"Apolipoprotein B-100, Familial Defective",unmatched,,
Appendectomy,unmatched,,
Appendicitis,ambiguous,,
Appendicitis Perforated,unmatched,,
Appendicitis Recurrent,unmatched,,
Appendix Mass,unmatched,,
Appetite,unmatched,,
Appetite Disorders,unmatched,,
Appetite Hormones,unmatched,,
Appetite Regulation,unmatched,,
Appetitive Behavior,unmatched,,
Application Site Pigmentation Changes,unmatched,,
Aquagenic Pruritus,unmatched,,
Aqueous Tear Deficiency,unmatched,,
Arginine Vasopressin Deficiency,unmatched,,
Aripiprazole,unmatched,,
Arm Injury,ambiguous,,
Arnold-Chiari Malformation,ambiguous,,
Arrest,unmatched,,
Arrhythmia,unmatched,,
"Arrhythmias, Cardiac",ambiguous,,
Arrhythmogenic Right Ventricular Dysplasia,ambiguous,,
Arrythmia,unmatched,,
"Arrythmia, Cardiac",unmatched,,
Arrythmias,unmatched,,
Arsenic Exposure,unmatched,,
Arterial,unmatched,,
Arterial Elasticity,unmatched,,
Arterial Hypertension,unmatched,,
Arterial Occlusion,unmatched,,
Arterial Occlusive Diseases,ambiguous,,
Arterial Pressure,unmatched,,
Arterial Spasm,unmatched,,
Arterial Stiffness,unmatched,,
Arterial Thromboembolic Events,unmatched,,
Arterial Thrombosis,unmatched,,
Arterial Vascular Disease,unmatched,,
Arterial and Arteriolar Disorders,unmatched,,
Arteriosclerosis,ambiguous,,
Arteriovenous Fistula,ambiguous,,
Arteriovenous Malformations,ambiguous,,
Artery,unmatched,,
Arthralgia,ambiguous,,
Arthritic Knee Pain,unmatched,,
Arthritic Psoriasis,unmatched,,
Arthritis,ambiguous,,
Arthritis Knee,unmatched,,
"Arthritis, Gouty",ambiguous,,
"Arthritis, Infectious",ambiguous,,
"Arthritis, Juvenile Rheumatoid",unmatched,,
"Arthritis, Psoriatic",ambiguous,,
"Arthritis, Reactive",ambiguous,,
"Arthritis, Rheumatoid",ambiguous,,
"Arthritis, Septic",unmatched,,
Arthrofibrosis,unmatched,,
Arthrofibrosis of Knee,unmatched,,
Arthropathy of Hip,unmatched,,
Arthropathy of Knee,unmatched,,
Arthropathy of Knee Joint,unmatched,,
Arthroplasty,unmatched,,
Arthroplasty Complications,unmatched,,
"Arthroplasty, Hip Replacement",unmatched,,
"Arthroplasty, Replacement, Hip",unmatched,,
"Arthroplasty, Replacement, Knee",unmatched,,
"Arthroplasty, Replacement, Knee, Hip",unmatched,,
Arthroscopic Meniscus Surgery,unmatched,,
Arthroscopic Shoulder Surgery,unmatched,,
Arthroscopy,unmatched,,
Arthrosis,unmatched,,
Articular Cartilage Defect,unmatched,,
Artificial Cycle,unmatched,,
Ascending Aortic Aneurysm,unmatched,,
Ascites,ambiguous,,
Ascites Hepatic,unmatched,,
Ascitic Cirrhosis,unmatched,,
Aseptic Meningitis,ambiguous,,
Asherman Syndrome,unmatched,,
Aspartylglucosaminuria,ambiguous,,
Asperger Syndrome,ambiguous,,
Asperger's,unmatched,,
Asperger's Disorder,unmatched,,
Aspergillus,unmatched,,
Asphyxia Neonatorum,matched_exact,Asphyxia Neonatorum,@DISEASE_Asphyxia_Neonatorum
Aspiration,unmatched,,
Aspiration Pneumonia,ambiguous,,
"Aspiration, Respiratory",ambiguous,,
Aspirin,unmatched,,
Aspirin Blood Level,unmatched,,
Aspirin Causing Adverse Effects in Therapeutic Use,unmatched,,
Aspirin Hypersensitivity,unmatched,,
Aspirin Induced Esophageal Ulcer,unmatched,,
Aspirin Resistance,unmatched,,
Aspirin Sensitivity,unmatched,,
Assess the Periprocedural Myocardial Necrosis,unmatched,,
Assisted Reproduction,unmatched,,
Assisted Reproductive Technology,unmatched,,
Asthenia,ambiguous,,
Asthma,ambiguous,,
Asthma Acute,unmatched,,
Asthma Attack,unmatched,,
Asthma Bronchial,unmatched,,
Asthma Chronic,unmatched,,
Asthma Copd,unmatched,,
Asthma Exacerbation,unmatched,,
Asthma Exacerbations,unmatched,,
Asthma and Allergic Rhinitis,unmatched,,
Asthma and Rhinitis,unmatched,,
Asthma in Children,unmatched,,
"Asthma,",ambiguous,,
"Asthma, Allergic",unmatched,,
"Asthma, Behavior Problem, Montelukast",unmatched,,
"Asthma, Bronchial",unmatched,,
"Asthma, Exercise-Induced",ambiguous,,
"Asthma, Nasal Polyps, And Aspirin Intolerance",ambiguous,,
Asthma-COPD Overlap,unmatched,,
Asthma-COPD Overlap Syndrome,unmatched,,
Asthma-Chronic Obstructive Pulmonary Disease Overlap Syndrome,ambiguous,,
Asthmatic,unmatched,,
Asthmatic Patients,unmatched,,
Asthmatic Smokers,unmatched,,
Astrocytic Tumors,unmatched,,
Astrocytoma,ambiguous,,
"Astrocytoma, Grade III",unmatched,,
Asymptomatic,unmatched,,
Asymptomatic Bacteriuria,unmatched,,
Asymptomatic Cirrhosis,unmatched,,
Asymptomatic Diseases,ambiguous,,
Asymptomatic Infections,ambiguous,,
Asymptomatic Intracranial Stenosis,unmatched,,
Asymptomatic Parasitemia In Pregnancy,unmatched,,
Ataxia Telangiectasia,ambiguous,,
Ataxia-Telangiectasia,ambiguous,,
Atherogenic Dyslipidemia,unmatched,,
"Atheroscleroses, Coronary",unmatched,,
Atherosclerosis,ambiguous,,
Atherosclerosis Cardiovascular Disease,unmatched,,
Atherosclerosis Cerebral,unmatched,,
Atherosclerosis of Artery,unmatched,,
Atherosclerosis of Coronary Artery,unmatched,,
Atherosclerosis of Femoral Artery,unmatched,,
"Atherosclerosis, Coronary",unmatched,,
Atherosclerotic Cardiovascular Disease,unmatched,,
Atherosclerotic Cardiovascular Disease (ASCVD),unmatched,,
Atherosclerotic Cardiovascular Disease Risk Equivelents,unmatched,,
Atherosclerotic Cardiovascular Disease With Dyslipidemia,unmatched,,
Atherosclerotic Ischemic Disease,unmatched,,
Atherosclerotic Plaque,ambiguous,,
Atherothrombosis,unmatched,,
Atherothrombotic Diseases,unmatched,,
Athletes,unmatched,,
Athletic Injuries,ambiguous,,
Athletic Performance,unmatched,,
Atopic Asthma,unmatched,,
Atopic Dermatitis,ambiguous,,
Atopic Dermatitis (AD),unmatched,,
Atopic Disease (Including Allergic Conjunctivitis),unmatched,,
Atopic Eczema,unmatched,,
Atopic Rhinitis,unmatched,,
Atopy,unmatched,,
Atorvastatin,unmatched,,
Atrial Appendage,unmatched,,
Atrial Arrhythmia,unmatched,,
Atrial Fibrillation,ambiguous,,
Atrial Fibrillation (AF),unmatched,,
Atrial Fibrillation Chronic,unmatched,,
Atrial Fibrillation New Onset,unmatched,,
Atrial Fibrillation Paroxysmal,unmatched,,
Atrial Fibrillation Recurrent,unmatched,,
Atrial Fibrillation With Rapid Ventricular Response,unmatched,,
Atrial Fibrillation and Flutter,unmatched,,
Atrial Fibrillation or Pulmonary Embolism,unmatched,,
"Atrial Fibrillation, Persistent",unmatched,,
Atrial Flutter,ambiguous,,
Atrial Flutter With Rapid Ventricular Response,unmatched,,
Atrial High Rate Episodes,unmatched,,
"Atrial Premature Beats, Contractions, or Systoles",unmatched,,
Atrial Remodeling,ambiguous,,
Atrial Septal Defects,unmatched,,
Atrial Tachycardia,unmatched,,
Atrium,unmatched,,
Atrophic Endometrium,unmatched,,
Atrophic Gastritis,ambiguous,,
"Atrophic Glossitis, Burning Mouth Syndrome",unmatched,,
Atrophic Vaginitis,ambiguous,,
Atrophy of Edentulous Maxillary Alveolar Ridge,unmatched,,
Atrophy of Vagina,unmatched,,
Attention,unmatched,,
Attention Deficit Disorder,unmatched,,
Attention Deficit Disorder (ADD),unmatched,,
Attention Deficit Disorder With Hyperactivity,ambiguous,,
Attention Deficit Disorder With Hyperactivity (ADHD),unmatched,,
Attention Deficit Disorder with Hyperactivity,ambiguous,,
Attention Deficit Disorders With Hyperactivity,ambiguous,,
Attention Deficit Hyper Activity,unmatched,,
Attention Deficit Hyperactivity Disorder,unmatched,,
Attention Deficit Hyperactivity Disorder (ADHD),unmatched,,
Attention Deficit Hyperactivity Disorder Combined,unmatched,,
Attention Deficit Hyperactivity Disorders,unmatched,,
Attention Deficit With Hyperactivity Disorder,ambiguous,,
Attention Deficit and Disruptive Behavior Disorder,ambiguous,,
Attention Deficit and Disruptive Behavior Disorders,ambiguous,,
Attention Deficit-Hyperactivity,unmatched,,
Attention Deficit-Hyperactivity Disorder,unmatched,,
Attention Deficit/ Hyperactivity Disorder,unmatched,,
Attention Deficit/Hyperactivity Disorder,unmatched,,
Attention Deficit/Hyperactivity Disorder (ADHD),unmatched,,
Attention Deficit/Hyperactivity Disorder Combined Type,unmatched,,
Attention Deficit/Hyperactivity Disorder(ADHD),unmatched,,
Attention Impairment,unmatched,,
Attention-Deficit / Hyperactivity Disorder,unmatched,,
Attention-Deficit Hyperactivity Disorder,unmatched,,
Attention-Deficit/ Hyperactivity Disorder (ADHD),unmatched,,
Attention-Deficit/Hyperactivity Disorder,unmatched,,
Attention-Deficit/Hyperactivity Disorder (ADHD),unmatched,,
Attention-deficit Hyperactivity,unmatched,,
Attention-deficit/Hyperactivity Disorder,unmatched,,
Attenuated Psychosis Syndrome,unmatched,,
Atypical Anorexia Nervosa,unmatched,,
Atypical Chronic Myeloid Leukemia,unmatched,,
"Atypical Chronic Myeloid Leukemia, BCR-ABL Negative",matched_token_set,Leukemia Myeloid Chronic Atypical BCR ABL Negative,@DISEASE_Leukemia_Myeloid_Chronic_Atypical_BCR_ABL_Negative
"Atypical Chronic Myeloid Leukemia, BCR-ABL1 Negative",unmatched,,
Atypical Depression,unmatched,,
Atypical Endometrial Hyperplasia,unmatched,,
Atypical Facial Pain,unmatched,,
Atypical Femoral Fractures,unmatched,,
Atypical Femur Fracture,unmatched,,
Atypical Hyperplasia,unmatched,,
Atypical Teratoid/Rhabdoid Tumor (AT/RT),unmatched,,
Augmentation,unmatched,,
Aura,unmatched,,
Autism,unmatched,,
Autism Spectrum Disorder,ambiguous,,
Autism Spectrum Disorder (ASD),unmatched,,
Autism Spectrum Disorder High-Functioning,unmatched,,
Autism Spectrum Disorders,ambiguous,,
Autistic Disorder,ambiguous,,
Autogenous Tooth Graft,unmatched,,
Autoimmune Diabetes,unmatched,,
Autoimmune Disease,unmatched,,
Autoimmune Diseases,ambiguous,,
Autoimmune Hemolytic Anemia,ambiguous,,
Autoimmune Hepatitis,ambiguous,,
Autoimmune Inflammatory Rheumatic Disease,unmatched,,
Autoimmune Pancreatitis,ambiguous,,
Autoimmune Pulmonary Alveolar Proteinosis,unmatched,,
Autoimmune Rheumatic Diseases,unmatched,,
Autoimmune Thyroid Disease,unmatched,,
Autoimmune Thyroiditis,ambiguous,,
Autoimmune Uveitis,unmatched,,
Autologous Breast Reconstruction,unmatched,,
Autologous Hematopoietic Stem Cell Transplantation,unmatched,,
Autologus Adipose Derived Stem Cells,unmatched,,
Autonomic Agents,unmatched,,
Autonomic Changes of Cardiomyocytes Repolarisation,unmatched,,
Autonomic Dysfunction,unmatched,,
Autonomic Failure,unmatched,,
Autonomic Nervous System Diseases,ambiguous,,
Autonomous Thyroid Function,unmatched,,
Autosomal Dominant Hypocalcemia OR Primary Hypoparathyroidism Related to Other Cause But Complicated by Hypercalciuria Under Treatment,unmatched,,
Autosomal Dominant Hypophosphatemic Rickets,unmatched,,
Autosomal Dominant Polycystic Kidney,ambiguous,,
Autosomal Dominant Polycystic Kidney Disease,unmatched,,
Autosomal Dominant Polycystic Kidney Disease (ADPKD),unmatched,,
Avascular Necrosis,unmatched,,
Avitaminosis,matched_exact,Avitaminosis,@DISEASE_Avitaminosis
Avoidant Personality Disorder,unmatched,,
Avolition,unmatched,,
Awake Endotracheal Intubation,unmatched,,
Axial Spondyloarthritis,ambiguous,,
Axillary Hyperhidrosis,unmatched,,
Azithromycin,unmatched,,
"Azoospermia, Nonobstructive",unmatched,,
B Acute Lymphoblastic Leukemia,unmatched,,
"B Acute Lymphoblastic Leukemia, BCR-ABL1-Like",unmatched,,
B Cell Acute Lymphoblastic Leukemia (B-ALL),unmatched,,
B Cell Malignancies,unmatched,,
B Lymphoblastic Lymphoma,unmatched,,
B Thalassemia,unmatched,,
B-Cell Chronic Lymphocytic Leukemia,ambiguous,,
B-Cell Lymphoma,ambiguous,,
B-Cell Non-Hodgkin Lymphoma,unmatched,,
B-cell Acute Lymphoblastic Leukemia,unmatched,,
B-cell Adult Acute Lymphoblastic Leukemia,unmatched,,
B-cell Childhood Acute Lymphoblastic Leukemia,unmatched,,
B-cell Lymphoma,ambiguous,,
B-cell Malignancies,unmatched,,
B-cell Non Hodgkin Lymphoma,unmatched,,
B12 Deficiency Vitamin,unmatched,,
BACTERIAL VAGINOSIS,ambiguous,,
BCLC Stage C HCC,unmatched,,
BCR-ABL1,unmatched,,
BD,unmatched,,
BDNF,unmatched,,
BIPOLAR DISORDER,ambiguous,,
BK Virus Infection,unmatched,,
BMI,unmatched,,
BMI Greater Than 30,unmatched,,
BOS,unmatched,,
BPH,unmatched,,
BPH (Benign Prostatic Hyperplasia),unmatched,,
BPH With Urinary Obstruction,unmatched,,
BPH With Urinary Obstruction With Other Lower Urinary Tract Symptoms,unmatched,,
BPH with Other Lower Urinary Tract Symptoms,unmatched,,
BRCA1 Mutation,unmatched,,
BRCA2 Mutation,unmatched,,
Back Injuries,ambiguous,,
Back Low,unmatched,,
Back Pain,ambiguous,,
Back Pain Lower Back Chronic,unmatched,,
Back Pain With Radiation,unmatched,,
Back Pain Without Radiation,unmatched,,
Backache,unmatched,,
Baclofen Withdrawal Syndrome,unmatched,,
Bacteraemia,unmatched,,
Bacteremia,ambiguous,,
Bacterial,unmatched,,
Bacterial Conjunctivitis,ambiguous,,
Bacterial Corneal Ulcer,unmatched,,
Bacterial Endophthalmitis,unmatched,,
Bacterial Infection,ambiguous,,
Bacterial Infection Due to Helicobacter Pylori (H. Pylori),unmatched,,
Bacterial Infections,ambiguous,,
Bacterial Keratitis,unmatched,,
Bacterial Meningitis,ambiguous,,
Bacterial Pneumonia,ambiguous,,
Bacterial Septicemia,unmatched,,
Bacterial Sexually Transmitted Diseases,matched_token_set,Sexually Transmitted Diseases Bacterial,@DISEASE_Sexually_Transmitted_Diseases_Bacterial
Bacterial Vaginoses,unmatched,,
Bacterial Vaginosis,ambiguous,,
Bacterial Vaginosis Treatment,unmatched,,
Bacterial Vaginosis and Vaginal Candidiasis At Pregnancy,unmatched,,
Bacteriuria,ambiguous,,
Bacteriuria (Asymptomatic) in Pregnancy,unmatched,,
Balance,unmatched,,
"Balance, Postural",unmatched,,
Balanitis Xerotica Obliterans (BXO),unmatched,,
Bariatric Surgery,unmatched,,
Bariatric Surgery (Sleeve Gastrectomy ),unmatched,,
Bariatric Surgery Analgesia,unmatched,,
Bariatric Surgery Candidate,unmatched,,
Bariatric Surgery Patients,unmatched,,
Bariatric Surgical Pain,unmatched,,
Barrett Adenocarcinoma,unmatched,,
Barrett Esophagus,ambiguous,,
Barrett's Esophagus,unmatched,,
Barretts Esophagus With High Grade Dysplasia,unmatched,,
Basal Cell Carcinoma,ambiguous,,
Basic Science,unmatched,,
Basilar Artery Occlusion,unmatched,,
Basilar Migraine,unmatched,,
Batten Disease,unmatched,,
Battery,unmatched,,
Baumannii,unmatched,,
Becker Muscular Dystrophy,unmatched,,
Behavior Disorders,unmatched,,
Behavior Hyperactive,unmatched,,
Behavior Problem,unmatched,,
Behavior and Behavior Mechanisms,unmatched,,
"Behavior, Child",unmatched,,
Behavioral Insomnia of Childhood,unmatched,,
Behavioral Symptoms,unmatched,,
Behcet,unmatched,,
Behcet Disease,unmatched,,
Behcet Disease and Vascular Involvement,unmatched,,
Behcet's Disease,unmatched,,
"Behcet's Syndrome, Vascular Type",unmatched,,
Behcet's Uveitis,unmatched,,
Bell Palsy,ambiguous,,
Bell's Palsy,unmatched,,
Bell´s Palsy,unmatched,,
Benign Childhood Epilepsy With Centro-Temporal Spikes,unmatched,,
Benign Childhood Epilepsy With Centrotemporal Spikes,unmatched,,
Benign Paroxysmal Positional Vertigo,ambiguous,,
Benign Prostate Hyperplasia,unmatched,,
Benign Prostate Hypertrophy,unmatched,,
Benign Prostate Hypertrophy(BPH),unmatched,,
Benign Prostatic Hyperplasia,unmatched,,
Benign Prostatic Hyperplasia (BPH),unmatched,,
Benign Prostatic Hyperplasia With Lower Urinary Tract Symptoms,unmatched,,
Benign Prostatic Hypertrophy,unmatched,,
Benign Prostatic Hypertrophy (BPH),unmatched,,
Benign Thyroid Gland Neoplasm,unmatched,,
Benign Thyroid Nodule,unmatched,,
Benign Thyroid Tumor,unmatched,,
Benign Vulvar Lesion,unmatched,,
Benzodiazepine,unmatched,,
Benzodiazepine Abuse,unmatched,,
Benzodiazepine Dependence,unmatched,,
Benzodiazepine Refractory Status Epilepticus,unmatched,,
Bereavement,unmatched,,
Beta Blocker,unmatched,,
Beta Blocker Toxicity,unmatched,,
Beta Blockers,unmatched,,
Beta Lactam Adverse Reaction,unmatched,,
Beta-blocker Therapy,unmatched,,
Beta-cell Function,unmatched,,
Beta-lactam,unmatched,,
Betamethasone,unmatched,,
Biatrial Pacing,unmatched,,
Biceps Tendonitis,unmatched,,
Bicuspid Aortic Valve,unmatched,,
Bilateral Breast Carcinoma,unmatched,,
Bilateral Nasal Polyposis,unmatched,,
Bilateral Superficial Cervical Block,unmatched,,
Bile Acid Malabsorption,unmatched,,
Bile Salt Export Pump (BSEP) Transporter,unmatched,,
Biliary Atresia,ambiguous,,
"Biliary Atresia, Kasai Portoenterostomy Status",unmatched,,
Biliary Cancer Metastatic,unmatched,,
Biliary Colic,unmatched,,
Biliary Disease,unmatched,,
Biliary Strictures,unmatched,,
Biliary Tract Cancer,unmatched,,
Biliary Tract Neoplasms,ambiguous,,
Bimalleolar Fractures of the Ankle.,unmatched,,
Binge Eating,unmatched,,
Binge Eating Disorder,ambiguous,,
Binge Eating Disorder Associated With Obesity,unmatched,,
Binge-Eating Disorder,ambiguous,,
Binge-eating Disorder,ambiguous,,
Bioavailability,unmatched,,
Bioavailability Heathy Volunteers,unmatched,,
Bioavailability Study,unmatched,,
Bioavailability of Vitamin B12 From Chicken Eggs,unmatched,,
"Bioavailability, Therapeutical Indication Not Studied",unmatched,,
Bioelectrical Impedance,unmatched,,
Bioequivalance,unmatched,,
Bioequivalence Study,unmatched,,
Bioequivalence Study in Healthy Subjects,unmatched,,
Bioequivalence in Healthy Subjects,unmatched,,
Bioequivalence of Amoxicillin,unmatched,,
"Bioequivalence, AUC, Cmax, Pharmacokinetics",unmatched,,
Bioequivalency,unmatched,,
Biological Availability,unmatched,,
Biomarker Change Linked to Breast Cancer,unmatched,,
Biomarkers,unmatched,,
Biomedical Enhancement,unmatched,,
Biotherapy,unmatched,,
Biphenotypic Acute Leukemia,ambiguous,,
Biphenotypic Leukemia,unmatched,,
Biphenotypic/Undifferentiated Leukemia,unmatched,,
Bipolar,unmatched,,
Bipolar 1 Disorder,unmatched,,
Bipolar Affective Disorder,unmatched,,
"Bipolar Affective Disorder, Currently Depressed, Moderate",unmatched,,
Bipolar Affective Psychosis,unmatched,,
Bipolar Depression,unmatched,,
Bipolar Disorder,ambiguous,,
Bipolar Disorder I,unmatched,,
Bipolar Disorder II,unmatched,,
Bipolar Disorder Mania,unmatched,,
Bipolar Disorder Type I With Mania,unmatched,,
"Bipolar Disorder, Mania",unmatched,,
"Bipolar Disorder, Mixed",unmatched,,
Bipolar Disorders,ambiguous,,
Bipolar Episodes,unmatched,,
Bipolar I,unmatched,,
Bipolar I Disorder,unmatched,,
Bipolar II Disorder,unmatched,,
"Bipolar II Disorder, Most Recent Episode Major Depressive",unmatched,,
Bipolar Type II Disorder,unmatched,,
Birth Asphyxia,unmatched,,
Birth Control,unmatched,,
Birth Control Compliance,unmatched,,
Birth Defects,unmatched,,
Birth Weight,ambiguous,,
"Birthweight, Extremely (999 Grams or Less)",unmatched,,
Bismuth,unmatched,,
Bismuth Quadruple Therapy,unmatched,,
Bisphosphonate Related Osteonecrosis of the Jaws (BRONJ),unmatched,,
Bisphosphonate Therapy,unmatched,,
Bisphosphonate Treatment,unmatched,,
Bisphosphonate-Associated Osteonecrosis of the Jaw,ambiguous,,
Bite,unmatched,,
Bladder Adenocarcinoma,unmatched,,
Bladder Cancer,unmatched,,
Bladder Cancer Requiring Cystectomy,unmatched,,
Bladder Carcinoma,unmatched,,
Bladder Diseases,unmatched,,
Bladder Hypersensitivity,unmatched,,
Bladder Mixed Adenocarcinoma,unmatched,,
Bladder Neoplasm,unmatched,,
Bladder Outlet Obstruction,unmatched,,
Bladder Pain Syndrome,unmatched,,
Bladder Squamous Cell Carcinoma,unmatched,,
Bladder Urothelial Carcinoma,unmatched,,
"Bladder, Neurogenic",unmatched,,
"Blast Phase Chronic Myelogenous Leukemia, BCR-ABL1 Positive",unmatched,,
Blastic Phase Chronic Myelogenous Leukemia,unmatched,,
Blastic Plasmacytoid Dendritic Cell Neoplasm,unmatched,,
Bld-Ser-Plas,unmatched,,
Bleeding,unmatched,,
Bleeding Anal,unmatched,,
Bleeding Disorder,unmatched,,
Bleeding Duodenal Ulcer,unmatched,,
Bleeding Esophageal Varices,unmatched,,
Bleeding Gastric,unmatched,,
Bleeding Gastric Ulcer,unmatched,,
Bleeding Gastric Varices,unmatched,,
Bleeding Pattern,unmatched,,
Bleeding Peptic Ulcer,unmatched,,
Bleeding Post Cardiac Surgery,unmatched,,
Bleeding Post-mechanical Valve Replacement,unmatched,,
Bleeding Ulcers,unmatched,,
Bleeding Varices,unmatched,,
Blepharitis,ambiguous,,
Blepharoconjunctivitis,unmatched,,
Blinatumomab,unmatched,,
Block,unmatched,,
Blood Cancer,unmatched,,
Blood Clot,unmatched,,
Blood Coagulation Disorder,ambiguous,,
Blood Coagulation Disorders,ambiguous,,
"Blood Coagulation Disorders, Inherited",matched_exact,Blood Coagulation Disorders Inherited,@DISEASE_Blood_Coagulation_Disorders_Inherited
Blood Coagulation Tests,unmatched,,
Blood Disease,unmatched,,
Blood Gas Analysis,unmatched,,
Blood Glucose Fluctuation,unmatched,,
Blood Loss,unmatched,,
"Blood Loss, Surgical",ambiguous,,
Blood Platelet Disorders,ambiguous,,
Blood Pressure,unmatched,,
Blood Pressure Control,unmatched,,
Blood Pressure Disorders,unmatched,,
Blood Pressure Variability,unmatched,,
"Blood Pressure, High",unmatched,,
Blood Protein Disorders,unmatched,,
Body Composition,unmatched,,
Body Composition Measurement,unmatched,,
Body Contouring Surgery,unmatched,,
Body Dysmorphic Disorder,ambiguous,,
Body Dysmorphic Disorders,ambiguous,,
Body Image,unmatched,,
Body Temperature Changes,ambiguous,,
Body Weight,ambiguous,,
Body Weight Change,ambiguous,,
Body Weight Changes,ambiguous,,
Bone,unmatched,,
Bone Atrophy,unmatched,,
Bone Augmentation,unmatched,,
Bone Demineralization,unmatched,,
Bone Density,unmatched,,
"Bone Density, Low",unmatched,,
Bone Disease,unmatched,,
"Bone Disease, Metabolic",unmatched,,
"Bone Diseases, Infectious",unmatched,,
"Bone Diseases, Metabolic",ambiguous,,
Bone Fracture,ambiguous,,
Bone Infection,unmatched,,
Bone Ingrowth,unmatched,,
Bone Injury,unmatched,,
Bone Loss,unmatched,,
"Bone Loss, Age-Related",unmatched,,
"Bone Loss, Alveolar",ambiguous,,
Bone Marrow Donors,unmatched,,
Bone Marrow Edema,unmatched,,
Bone Marrow Failure Syndromes,unmatched,,
Bone Marrow Stem Cell Transplant,unmatched,,
Bone Marrow Transplant Complications,unmatched,,
Bone Marrow Transplantation,unmatched,,
Bone Mass,unmatched,,
Bone Metabolism,unmatched,,
Bone Metastases,unmatched,,
Bone Mineral Density,unmatched,,
Bone Mineral Density Quantitative Trait Locus 7,unmatched,,
Bone Mineral Density and Lupus Nephritis Activity,unmatched,,
Bone Mineralization Defect,unmatched,,
Bone Pain,unmatched,,
Bone Pain in Stage I - III Breast Cancer,unmatched,,
Bone Quality Assessment,unmatched,,
Bone Regeneration,unmatched,,
Bone Resorption,ambiguous,,
Bone Strength,unmatched,,
Bone Stress Reaction,unmatched,,
Bone and Bones,unmatched,,
Bone and Joint Infection,unmatched,,
Bone and Joint Infections,unmatched,,
Bony Sclerosis,unmatched,,
Borderline Pancreatic Inoperable Cancer,unmatched,,
Borderline Personality Disorder,ambiguous,,
Borderline Resectable Pancreatic Adenocarcinoma,unmatched,,
Borrelia Infection,ambiguous,,
Borreliosis,unmatched,,
Bowel Preparation,unmatched,,
Bowel Preparation Before Colonoscopy,unmatched,,
Bowel Preparation Quality,unmatched,,
Bowel Resection,unmatched,,
Brachial Plexus Block,unmatched,,
Brachial Plexus Blockade,unmatched,,
Brachial Plexus Injury,unmatched,,
Bradycardia,ambiguous,,
Bradycardia Sinus,unmatched,,
Brain Abscess,ambiguous,,
Brain Activity,unmatched,,
Brain Cancer,unmatched,,
Brain Connectivity,unmatched,,
Brain Dead Organ Donors,unmatched,,
Brain Death,ambiguous,,
Brain Development,unmatched,,
Brain Diseases,ambiguous,,
Brain Edema,ambiguous,,
Brain Function,unmatched,,
Brain GABA-B Function,unmatched,,
Brain Hypoxia,ambiguous,,
Brain Infarction,ambiguous,,
Brain Injuries,ambiguous,,
"Brain Injuries, Acute",unmatched,,
"Brain Injuries, Traumatic",ambiguous,,
Brain Injury,ambiguous,,
Brain Injury Traumatic Severe (Diagnosis),unmatched,,
Brain Insulin Sensitivity,unmatched,,
Brain Ischemia,ambiguous,,
Brain Metabolism,unmatched,,
Brain Metastases,unmatched,,
Brain Metastases From Extra-cranial Solid Tumors,unmatched,,
Brain Metastases From Non-small Cell Lung Cancer (NSCLC),unmatched,,
"Brain Metastases, Adult",unmatched,,
Brain Metastasis,unmatched,,
Brain Neoplasm,ambiguous,,
Brain Neoplasms,ambiguous,,
"Brain Neoplasms, Malignant",unmatched,,
Brain Oligometastases,unmatched,,
Brain Stem Glioma,unmatched,,
Brain Swelling,unmatched,,
Brain Trauma,unmatched,,
Brain Tumor,unmatched,,
"Brain Tumor, Pediatric",unmatched,,
"Brain Tumor, Recurrent",unmatched,,
Brain Tumors,unmatched,,
Brain and Central Nervous System Tumors,unmatched,,
Brainstem Glioma,unmatched,,
Branch Retinal Vein Occlusion,unmatched,,
Breakthrough Bleeding,unmatched,,
Breakthrough Cancer Pain,unmatched,,
Breakthrough Pain,matched_exact,Breakthrough Pain,@DISEASE_Breakthrough_Pain
Breakthrough Spotting,unmatched,,
Breast,unmatched,,
Breast - Female,unmatched,,
Breast Cancer,unmatched,,
Breast Cancer Early Stage Breast Cancer (Stage 1-3),unmatched,,
Breast Cancer Female,unmatched,,
Breast Cancer Metastatic,unmatched,,
Breast Cancer Risk,unmatched,,
Breast Cancer Stage 2 and 3,unmatched,,
Breast Cancer Stage I,unmatched,,
Breast Cancer Stage II,unmatched,,
Breast Cancer Stage III,unmatched,,
Breast Cancer Stage IV,unmatched,,
Breast Cancer Surgery,unmatched,,
Breast Cancer Survivor,unmatched,,
Breast Cancer Triple Negative,unmatched,,
"Breast Cancer, Metastatic",unmatched,,
Breast Cancers,unmatched,,
Breast Carcinoma,unmatched,,
Breast Carcinoma Metastatic in the Brain,unmatched,,
Breast Diseases,ambiguous,,
Breast Feeding,unmatched,,
"Breast Feeding, Exclusive",unmatched,,
Breast Fibroadenoma,unmatched,,
Breast Implantation,unmatched,,
Breast Milk Collection,unmatched,,
Breast Neoplasm,ambiguous,,
Breast Neoplasm Female,unmatched,,
"Breast Neoplasm, Male",ambiguous,,
Breast Neoplasms,ambiguous,,
Breast Pain,unmatched,,
"Breast Prosthesis, Infection or Inflammation",unmatched,,
Breast Reconstruction,unmatched,,
Breast Reduction,unmatched,,
Breast Surgery,unmatched,,
Breast Tumors,unmatched,,
Breastfed Infants of Mothers on Select DOI,unmatched,,
Breastfeeding,unmatched,,
Breath Test,unmatched,,
Breathing-Related,unmatched,,
Breathlessness,unmatched,,
Brief Psychotic Disorder,unmatched,,
Bronchial Asthma,unmatched,,
Bronchial Disease,unmatched,,
Bronchial Diseases,ambiguous,,
Bronchial Hyperreactivity,ambiguous,,
Bronchiectasis,ambiguous,,
Bronchiolitis,ambiguous,,
Bronchiolitis Obliterans,ambiguous,,
Bronchiolitis Obliterans Syndrome,ambiguous,,
Bronchitis,ambiguous,,
"Bronchitis, Chronic",ambiguous,,
Bronchoconstriction,unmatched,,
Bronchodilation,unmatched,,
Bronchopulmonary Dysplasia,ambiguous,,
Bronchopulmonary Dysplasia (BPD),unmatched,,
Bronchospasm,unmatched,,
Brown Adipose Tissue,unmatched,,
Bruising,unmatched,,
Bruxism,ambiguous,,
Bulbar Palsy,unmatched,,
Bulimia Nervosa,ambiguous,,
Bullous Pemphigoid,ambiguous,,
Bunion,unmatched,,
Bunion of Unspecified Foot,unmatched,,
Bunionectomy,unmatched,,
Bunionette of Unspecified Foot,unmatched,,
Bunions,unmatched,,
Buprenorphine,unmatched,,
Buprenorphine Dependence,unmatched,,
Burkitt Lymphoma,ambiguous,,
Burkitt's Lymphoma,unmatched,,
Burn,ambiguous,,
Burn Injury,unmatched,,
Burn Scar,unmatched,,
Burning Mouth Syndrome,ambiguous,,
Burns,ambiguous,,
Bursitis,ambiguous,,
Buruli Ulcer,ambiguous,,
C Reactive Protein,unmatched,,
C-Peptide Effects on the QT/QTc Interval,unmatched,,
C. Difficile,unmatched,,
C. Difficile Infection,unmatched,,
CABG,unmatched,,
CAR T-Cell Therapy,unmatched,,
CBD,unmatched,,
CBL Gene Mutation,unmatched,,
CBS Deficiency,unmatched,,
CBT,unmatched,,
CCD,unmatched,,
CCNE1 Amplification,unmatched,,
CD20-positive B-cell Non-Hodgkin Lymphoma,unmatched,,
CD4 Deficiency,unmatched,,
CHEYNE Stokes Respiration,matched_exact,Cheyne Stokes Respiration,@DISEASE_Cheyne_Stokes_Respiration
CHILD B,unmatched,,
CIN - Cervical Intraepithelial Neoplasia,unmatched,,
CIN 1,unmatched,,
CIN 2,unmatched,,
CINV,unmatched,,
CIPN - Chemotherapy-Induced Peripheral Neuropathy,unmatched,,
CKD,unmatched,,
CKD Stage 1-4,unmatched,,
CKD Stage 3,unmatched,,
CKD Stage 3/4,unmatched,,
CKD Stage 4,unmatched,,
CKD5 Stage Dialysis,unmatched,,
CLARITHROMYCIN/DILTIAZEM [VA Drug Interaction],unmatched,,
CLL,unmatched,,
CLL (Chronic Lymphocytic Leukemia),unmatched,,
CML (Chronic Myelogenous Leukemia),unmatched,,
"CML Chronic Phase, Accelerated Phase, or Blast Crisis",unmatched,,
"CML, Chronic Phase",unmatched,,
CMV,unmatched,,
CMV Disease,unmatched,,
CMV Infected Fetuses,unmatched,,
CMV Infection,unmatched,,
CMV Retinitis,unmatched,,
CMV Viremia,unmatched,,
CNS Involvement of Systemic Lymphoma,unmatched,,
CNS Leukemia,unmatched,,
CNS Lymphoma,unmatched,,
CNS Tumors,unmatched,,
COPD,unmatched,,
COPD (Chronic Obstructive Pulmonary Disease),unmatched,,
COPD Bronchitis,unmatched,,
COPD Exacerbation,unmatched,,
COPD Exacerbation Acute,unmatched,,
COPD Method Evaluation,unmatched,,
COPD Patients,unmatched,,
COVID,unmatched,,
COVID - 19,ambiguous,,
COVID -19,ambiguous,,
COVID 19,ambiguous,,
COVID-19,ambiguous,,
COVID-19 Acute Bronchitis,unmatched,,
COVID-19 Acute Respiratory Distress Syndrome,unmatched,,
COVID-19 Associated Cardiac Involvement,unmatched,,
COVID-19 Infection,unmatched,,
COVID-19 Pandemic,unmatched,,
COVID-19 Pneumonia,unmatched,,
COVID-19 Respiratory Infection,unmatched,,
COVID-19 Vaccine,unmatched,,
COVID-19 Vaccine Adverse Reaction,unmatched,,
COVID-19 Virus Disease,unmatched,,
COVID-19 Virus Infection,unmatched,,
"COVID-19, Hydroxychloroquine Sulfate",unmatched,,
COVID19,unmatched,,
CP-B Liver Cirrhosis,unmatched,,
CPSP,unmatched,,
CRP,unmatched,,
CRPS,unmatched,,
CSF1R Mutation),unmatched,,
CSWS,unmatched,,
CTCL/ Mycosis Fungoides,unmatched,,
CTEPH,unmatched,,
CTS,unmatched,,
CVA,unmatched,,
CVA (Cerebrovascular Accident),unmatched,,
CVD,unmatched,,
CYP2C19 Polymorphism,unmatched,,
Cachexia,ambiguous,,
Caesarean Section,unmatched,,
Caffeine,unmatched,,
Calcaneus Deformity of Foot,unmatched,,
Calcaneus Fractures,unmatched,,
Calcific Aortic Stenosis,unmatched,,
Calcific Shoulder Tendinitis,unmatched,,
Calcific Tendinitis,unmatched,,
Calcification,unmatched,,
Calcification Tendon,unmatched,,
Calcium Metabolism Disorders,ambiguous,,
Calcium-Channel Blockers Toxicity,unmatched,,
Calculi,ambiguous,,
Calculus,unmatched,,
Caloric Restriction,unmatched,,
Calyx,unmatched,,
Canavan Disease,matched_exact,Canavan Disease,@DISEASE_Canavan_Disease
Cancer,unmatched,,
Cancer & COVID 19,unmatched,,
Cancer Associated Anorexia - Cachexia,unmatched,,
Cancer Pain,ambiguous,,
Cancer Pains,ambiguous,,
Cancer Patients,unmatched,,
Cancer and Tobacco Abuse,unmatched,,
Cancer of Brain,unmatched,,
Cancer of Breast,unmatched,,
Cancer of Cervix,unmatched,,
Cancer of Endometrium,unmatched,,
Cancer of Head and Neck,unmatched,,
Cancer of Ovary,unmatched,,
Cancer of Pancreas,unmatched,,
Cancer of Prostate,unmatched,,
Cancer of Thyroid,unmatched,,
Cancer of the Brain,unmatched,,
Cancer of the Breast,unmatched,,
Cancer of the Head and Neck,unmatched,,
Cancer of the Ovary,unmatched,,
Cancer of the Pancreas,unmatched,,
Cancer of the Prostate,unmatched,,
Cancer of the Thyroid,unmatched,,
"Cancer, Advanced",unmatched,,
"Cancer, Lung",unmatched,,
"Cancer, Treatment-Related",unmatched,,
Cancer-Related Condition,unmatched,,
Cancer-associated Thrombosis,unmatched,,
Cancer-related Cognitive Difficulties,unmatched,,
Cancer-related Fatigue,unmatched,,
Cancers,unmatched,,
Cancers of Non-thoracic Origin With Metastases to the Lungs or Pleura,unmatched,,
Candidemia,ambiguous,,
Candidiasis,ambiguous,,
"Candidiasis, Esophageal",unmatched,,
"Candidiasis, Oral",ambiguous,,
"Candidiasis, Vulvovaginal",ambiguous,,
Cannabidiol,unmatched,,
Cannabis,unmatched,,
Cannabis Abuse,unmatched,,
Cannabis Dependence,unmatched,,
Cannabis Intoxication,unmatched,,
Cannabis Use,unmatched,,
Cannabis Use Disorder,unmatched,,
Cannabis Withdrawal,unmatched,,
Capillary Leak Syndrome,ambiguous,,
Capsular Contracture Associated With Breast Implant,unmatched,,
Capsulitis of MTP Joint,unmatched,,
Carbohydrate Availability,unmatched,,
Carcinoma,ambiguous,,
"Carcinoma Cervix,Stage III",unmatched,,
Carcinoma of Buccal Mucosa,unmatched,,
"Carcinoma, Hepatocellular",ambiguous,,
"Carcinoma, Non Small Cell Lung",ambiguous,,
"Carcinoma, Non-Small-Cell Lung",ambiguous,,
"Carcinoma, Ovarian Epithelial",ambiguous,,
"Carcinoma, Renal Cell",ambiguous,,
"Carcinoma, Transitional Cell",ambiguous,,
Carcinomas,ambiguous,,
Carcinomatosis,unmatched,,
Cardiac AL Amyloidosis,unmatched,,
Cardiac Allograft Vasculopathy,unmatched,,
Cardiac Amyloidosis,unmatched,,
Cardiac Arrest,unmatched,,
Cardiac Arrests With Shockable Rhythm,unmatched,,
Cardiac Arrhythmia,ambiguous,,
Cardiac Arrhythmias,ambiguous,,
Cardiac Arrythmias,unmatched,,
Cardiac Catheterizations,unmatched,,
Cardiac Death,unmatched,,
Cardiac Disease,unmatched,,
Cardiac Dysfunction,unmatched,,
Cardiac Effects in Normal Healthy Volunteers,unmatched,,
Cardiac Event,unmatched,,
Cardiac Event Risk,unmatched,,
Cardiac Failure,unmatched,,
Cardiac Fibrosis,unmatched,,
Cardiac MRI <40,unmatched,,
Cardiac Output,unmatched,,
"Cardiac Output, High",ambiguous,,
"Cardiac Output, Low",ambiguous,,
Cardiac Rehabilitation,unmatched,,
Cardiac Remodeling,unmatched,,
Cardiac Repolarization,unmatched,,
Cardiac Repolarization in Healthy Subjects,unmatched,,
Cardiac Sarcoidosis,unmatched,,
Cardiac Surgery,unmatched,,
Cardiac Surgery Intensive Care Treatment,unmatched,,
Cardiac Surgery Requiring Cardiopulmonary Bypass,unmatched,,
Cardiac Surgery Subjects,unmatched,,
Cardiac Surgery-associated Acute Kidney Injury,unmatched,,
Cardiac Toxicity,unmatched,,
Cardiac Transplantation,unmatched,,
Cardiac Valvular Insufficiency,unmatched,,
"Cardiac, Heart, Functional Disturbance as Result",unmatched,,
Cardio-Renal Syndrome,ambiguous,,
Cardiodynamics,unmatched,,
Cardiogenic Shock,ambiguous,,
Cardiogenic Shock Post Myocardial Infarction,unmatched,,
Cardiometabolic Risk Factors,unmatched,,
Cardiomyopathies,ambiguous,,
Cardiomyopathy,ambiguous,,
Cardiomyopathy Due to Drug,unmatched,,
Cardiomyopathy Right Ventricular,unmatched,,
Cardiomyopathy With Unknown Etiology,unmatched,,
"Cardiomyopathy, Alcoholic",ambiguous,,
"Cardiomyopathy, Dilated",ambiguous,,
"Cardiomyopathy, Hypertrophic",ambiguous,,
"Cardiomyopathy, Post-surgical",unmatched,,
Cardioplegia,unmatched,,
Cardioplegia Solution Adverse Reaction,unmatched,,
Cardiopulmonary Bypass,unmatched,,
Cardiopulmonary Exercise Test,unmatched,,
Cardiorenal Syndrome,unmatched,,
Cardiorespiratory Fitness,unmatched,,
Cardiotoxicity,ambiguous,,
Cardiovascular,unmatched,,
Cardiovascular (CV) Risk,unmatched,,
Cardiovascular Abnormalities,ambiguous,,
Cardiovascular Complication,unmatched,,
Cardiovascular Disease,unmatched,,
Cardiovascular Disease (CVD),unmatched,,
Cardiovascular Disease Prevention,unmatched,,
Cardiovascular Disease Risk,unmatched,,
Cardiovascular Diseases,ambiguous,,
Cardiovascular Diseases (CVD),unmatched,,
Cardiovascular Disorder,unmatched,,
Cardiovascular Events,unmatched,,
Cardiovascular Function,unmatched,,
Cardiovascular Health,unmatched,,
Cardiovascular Kidney Metabolic Syndrome,unmatched,,
Cardiovascular Morbidity,unmatched,,
Cardiovascular Mortality,unmatched,,
Cardiovascular Prevention,unmatched,,
Cardiovascular Risk,unmatched,,
Cardiovascular Risk Factor,unmatched,,
Cardiovascular Risk Factors,unmatched,,
Cardioversion,unmatched,,
Care Burden,unmatched,,
Caregiver,unmatched,,
Caregiver Burnout,unmatched,,
Caregiver Stress,unmatched,,
Caregivers,unmatched,,
"Caries,Dental",ambiguous,,
Carotid Artery Disease,unmatched,,
Carotid Artery Diseases,ambiguous,,
Carotid Artery Dissection,unmatched,,
Carotid Artery Injury,ambiguous,,
Carotid Artery Occlusion,unmatched,,
Carotid Artery Plaque,unmatched,,
Carotid Artery Stenosis,unmatched,,
Carotid Atherosclerosis,unmatched,,
Carotid Endarterectomy,unmatched,,
Carotid Plaque,unmatched,,
Carotid Stenosis,ambiguous,,
Carotid Stenting,unmatched,,
Carpal Tunnel,unmatched,,
Carpal Tunnel Release,unmatched,,
Carpal Tunnel Syndrome,ambiguous,,
Carpal Tunnel Syndrome (CTS),unmatched,,
Carvedilol,unmatched,,
Castrate-Resistant Prostate Cancer,unmatched,,
Castration Levels of Testosterone,unmatched,,
Castration Resistant Metastatic Prostate Cancer,unmatched,,
Castration Resistant Prostate Cancer,unmatched,,
Castration Resistant Prostate Cancer (CRPC),unmatched,,
Castration Resistant Prostatic Cancer,unmatched,,
Castration-Resistant Prostate Cancer,unmatched,,
Castration-Resistant Prostate Carcinoma,unmatched,,
Castration-Sensitive Prostate Carcinoma,unmatched,,
Castration-resistant Prostate Cancer,unmatched,,
"Castration-resistant, Metastatic",unmatched,,
Cat Bite,unmatched,,
Cat-Scratch Disease,ambiguous,,
Cataract,ambiguous,,
Cataract Bilateral Nos,unmatched,,
Cataract Diabetic,unmatched,,
Cataract Extraction,unmatched,,
Cataract Surgery,unmatched,,
Cataract Surgery Anesthesia,unmatched,,
Cataracts,ambiguous,,
Cataracts Infantile,unmatched,,
Catatonia,ambiguous,,
Catecholaminergic Polymorphic Ventricular Tachycardia,unmatched,,
Catheter Ablation,unmatched,,
Catheter Related Complication,unmatched,,
Catheter Site Discomfort,unmatched,,
Catheter-Associated Urinary Tract Infection,unmatched,,
Catheter-Related Infections,ambiguous,,
Catheter-related Bladder Discomfort (CRBD),unmatched,,
Caucasians,unmatched,,
"Cavernous Angioma, Familial",unmatched,,
"Cavernous Malformations,Cerebral and/or Spinal",unmatched,,
Cefazolin,unmatched,,
Celebrex,unmatched,,
Celecoxib,unmatched,,
Celiac Disease,ambiguous,,
Celiac Disease in Children,unmatched,,
Cell Therapy,unmatched,,
Cellular Senescence,unmatched,,
Cellulitis,ambiguous,,
Center-involved Diabetic Macular Edema (CI-DME),unmatched,,
Central Abdominal Bulging,unmatched,,
Central Apnea,unmatched,,
Central Arterial Pressure,unmatched,,
Central Centrifugal Cicatricial Alopecia (CCCA),unmatched,,
Central Hypothyroidism,unmatched,,
Central Line-associated Bloodstream Infection (CLABSI),unmatched,,
Central Nervous System Carcinoma,unmatched,,
Central Nervous System Depressants,unmatched,,
Central Nervous System Diseases,ambiguous,,
Central Nervous System Infections,ambiguous,,
Central Nervous System Leukemia,unmatched,,
Central Nervous System Lymphoma,unmatched,,
Central Nervous System Neoplasm,ambiguous,,
"Central Nervous System Tumor, Pediatric",unmatched,,
Central Neural Response,unmatched,,
Central Neuropathic Pain,unmatched,,
Central Pain Syndrome,unmatched,,
Central Post-stroke Pain,unmatched,,
Central Retinal Vein Occlusion With 20/200 or Worse Visual Acuity,unmatched,,
Central Sensitisation,unmatched,,
Central Serous Chorioretinitis,unmatched,,
Central Serous Retinopathy With Pit of Optic Disc,unmatched,,
Central Venous Catheter,unmatched,,
Central Venous Catheter Thrombosis,unmatched,,
Cephalalgia,unmatched,,
Cephalosporin Allergy,unmatched,,
Cephalosporin Reaction,unmatched,,
Cerebellar Ataxia,ambiguous,,
Cerebral Abscess,unmatched,,
Cerebral Amyloid Angiopathy,ambiguous,,
Cerebral Anoxia,unmatched,,
Cerebral Arteriosclerosis,unmatched,,
Cerebral Atherosclerosis,unmatched,,
Cerebral Autoregulation,unmatched,,
Cerebral Blood Flow,unmatched,,
Cerebral Blood Flow Regulation,unmatched,,
Cerebral Cavernous Hemangioma,unmatched,,
Cerebral Cavernous Malformation,unmatched,,
Cerebral Cavernous Malformations,unmatched,,
Cerebral Edema,unmatched,,
Cerebral Hemorrhage,ambiguous,,
Cerebral Herniation,unmatched,,
Cerebral Infarction,ambiguous,,
Cerebral Ischemic Events,unmatched,,
Cerebral Malaria,ambiguous,,
Cerebral Metastases,unmatched,,
Cerebral Palsy,ambiguous,,
"Cerebral Palsy, Spastic",unmatched,,
Cerebral Small Vessel Diseases,ambiguous,,
Cerebral Tumor,unmatched,,
Cerebral Vascular Accident,unmatched,,
Cerebral Vasospasm,unmatched,,
Cerebral Vein Thrombosis,unmatched,,
Cerebral Venous Sinus Thrombosis,unmatched,,
Cerebral Venous Thrombosis,unmatched,,
Cerebrospinal Fluid,unmatched,,
Cerebrospinal Fluid Leakage,unmatched,,
Cerebrotendinous Xanthomatosis,ambiguous,,
Cerebrothromboembolus,unmatched,,
Cerebrovascular Accident,unmatched,,
Cerebrovascular Accidents,unmatched,,
Cerebrovascular Disease,unmatched,,
Cerebrovascular Disorders,ambiguous,,
Cerebrovascular Event,unmatched,,
Cerebrovascular Insufficiency,unmatched,,
Cerebrovascular Stroke,unmatched,,
Cervical Adenitis,unmatched,,
Cervical Adenocarcinoma,unmatched,,
Cervical Adenosquamous Cell Carcinoma,unmatched,,
Cervical Artery Dissection,unmatched,,
Cervical Cancer,unmatched,,
Cervical Carcinoma,unmatched,,
Cervical Cells,unmatched,,
Cervical Dilation Prior to Dilation and Evacuation,unmatched,,
Cervical Disc Herniation,unmatched,,
Cervical Dystonia,unmatched,,
Cervical Intraepithelial Neoplasia,unmatched,,
Cervical Length,unmatched,,
Cervical Pain,unmatched,,
Cervical Pregnancy,unmatched,,
Cervical Preparation,unmatched,,
Cervical Radiculopathy,unmatched,,
Cervical Ripening,unmatched,,
Cervical Small Cell Carcinoma,unmatched,,
Cervical Spinal Cord Injury,unmatched,,
Cervical Spine Surgery,unmatched,,
Cervical Spondylosis,unmatched,,
Cervical Spondylotic Myelopathy,unmatched,,
Cervical Spondylotic Radiculopathy,unmatched,,
Cervical Squamous Cell Carcinoma,unmatched,,
Cervical Squamous Cell Carcinoma In Situ,unmatched,,
Cervical Stenosis,unmatched,,
Cervical Strain,unmatched,,
Cervicitis,unmatched,,
Cervicogenic Headache,unmatched,,
Cervix Neoplasms,unmatched,,
Cesarean Delivery,unmatched,,
Cesarean Scar Pregnancy,unmatched,,
Cesarean Section,unmatched,,
Cesarean Section Complications,unmatched,,
Cesarean Section Pain,unmatched,,
Chagas Cardiomyopathy,ambiguous,,
Chalazion,ambiguous,,
Challenging Behavior,unmatched,,
Change of Transit or Circulation,unmatched,,
Changes in AMH,unmatched,,
Charcot-Marie-Tooth Disease,ambiguous,,
"Charcot-Marie-Tooth Disease, Type IA",unmatched,,
Charcot-Marie-Tooth Type 1A,unmatched,,
Chemical and Drug Induced Liver Injury,ambiguous,,
Chemically-Induced Disorders,unmatched,,
Chemo-brain,unmatched,,
Chemoradiotherapy-Induced Severe Oral Mucositis,unmatched,,
Chemotherapeutic Toxicity,unmatched,,
Chemotherapeutic-Induced Anemia,unmatched,,
Chemotherapy,unmatched,,
Chemotherapy Effect,unmatched,,
Chemotherapy Induced Nausea and Vomiting,unmatched,,
Chemotherapy Induced Neuropathic Pain,unmatched,,
Chemotherapy Induced Peripheral Neuropathy,unmatched,,
Chemotherapy Induced Peripheral Neuropathy (CIPN),unmatched,,
Chemotherapy Induced Systolic Dysfunction,unmatched,,
Chemotherapy Related Cardiac Dysfunction,unmatched,,
Chemotherapy-Induced,unmatched,,
Chemotherapy-Induced Nausea and Vomiting,unmatched,,
Chemotherapy-Induced Nausea and Vomiting (CINV),unmatched,,
Chemotherapy-Induced Peripheral Neuropathy,unmatched,,
Chemotherapy-induced Cardiotoxicity,unmatched,,
Chemotherapy-induced Gastrointestinal Symptom Cluster,unmatched,,
Chemotherapy-induced Nausea and Vomiting,unmatched,,
Chemotherapy-induced Peripheral Neuropathy,unmatched,,
Chest Pain,ambiguous,,
Chest Pain Rule Out Myocardial Infarction,unmatched,,
Chest Syndrome,unmatched,,
Chest Tightness,unmatched,,
Chickenpox,ambiguous,,
Chidamide,unmatched,,
Child,unmatched,,
Child Development,unmatched,,
Child Development Disorders,unmatched,,
Child Health,unmatched,,
Child Malnutrition,unmatched,,
Child Mortality,unmatched,,
Child Preschool,unmatched,,
Child's Anxiety,unmatched,,
"Child, Only",unmatched,,
"Child, Preschool",unmatched,,
Child-Pugh A Hepatocellular Carcinoma,unmatched,,
Child/Adolescent Problem,unmatched,,
Childhood Absence Epilepsy,unmatched,,
Childhood Acute Lymphoblastic Leukemia in Remission,unmatched,,
Childhood Acute Myeloid Leukemia in Remission,unmatched,,
Childhood Apraxia of Speech,unmatched,,
Childhood Asthma,unmatched,,
Childhood Asthma With Acute Exacerbation,unmatched,,
Childhood Atopic Dermatitis,unmatched,,
Childhood Cancer,unmatched,,
Childhood Chronic Myelogenous Leukemia,unmatched,,
Childhood Diabetes Mellitus,unmatched,,
Childhood Glaucoma,unmatched,,
"Childhood Leukemia, Acute Lymphoblastic",unmatched,,
Childhood Malignant Fibrous Histiocytoma of Bone,unmatched,,
Childhood Mortality,unmatched,,
Childhood Myelodysplastic Syndromes,unmatched,,
Childhood Obesity,unmatched,,
Childhood Pneumonia,unmatched,,
Children,unmatched,,
Children Born to Mothers Enrolled in the TOCOPROM Trial,unmatched,,
Children Under 2 Years,unmatched,,
"Children and Adolescents, Boys and Girls",unmatched,,
"Children, Only",unmatched,,
Children´s Interstitial Lung Disease,unmatched,,
Chills,ambiguous,,
Chinese Herbal Medicine,unmatched,,
Chlamydia,unmatched,,
Chlamydia (Male),unmatched,,
Chlamydia Infection,ambiguous,,
Chlamydia Trachomatis,unmatched,,
Chlamydia Trachomatis Infection,unmatched,,
Chlamydial Conjunctivitis,unmatched,,
Chlamydial Infection,unmatched,,
Chlamydophila Pneumoniae Infections,unmatched,,
Chloral Hydrate,unmatched,,
Cholangiocarcinoma,ambiguous,,
Cholangiocarcinoma Advanced,unmatched,,
Cholangiocarcinoma Metastatic,unmatched,,
Cholangiocarcinoma Non-resectable,unmatched,,
Cholangiocarcinoma of the Gallbladder,unmatched,,
Cholangitis,ambiguous,,
Cholecystectomy,unmatched,,
"Cholecystectomy, Laparoscopic",unmatched,,
Cholecystitis,ambiguous,,
"Cholecystitis, Acute",ambiguous,,
"Cholecystitis, Chronic",unmatched,,
Cholecystitis/Cholelithiasis,unmatched,,
Cholera,ambiguous,,
Cholestasis,ambiguous,,
Cholesteatoma,ambiguous,,
Cholesterol,unmatched,,
"Cholesterol, Elevated",unmatched,,
"Cholesterol, LDL",unmatched,,
Cholesterolemia,unmatched,,
Cholinergic Antagonists,unmatched,,
Cholinergic Function,unmatched,,
Cholinergic System,unmatched,,
Cholinesterase Inhibitors,unmatched,,
Chondrosarcomas,ambiguous,,
Chordoma,ambiguous,,
Chordomas,ambiguous,,
Chorea Associated With Huntington Disease,unmatched,,
Chorioamnionitis,ambiguous,,
Choriocarcinoma,ambiguous,,
Chorioretinitis,ambiguous,,
Choroid Disease,unmatched,,
Choroidal Neovascularization,ambiguous,,
Choroideremia,matched_exact,Choroideremia,@DISEASE_Choroideremia
Chromosome Aberrations,ambiguous,,
Chromosome Abnormality,unmatched,,
Chronic,unmatched,,
Chronic Allergic Rhinitis,unmatched,,
Chronic Allograft Nephropathy,unmatched,,
Chronic Anal Fissure,unmatched,,
Chronic Anal Fissures,unmatched,,
Chronic Arsenic Poisoning,unmatched,,
Chronic Arthritis,unmatched,,
Chronic Asthma,unmatched,,
Chronic Atelectasis,unmatched,,
Chronic Atrophic Acrodermatitis,unmatched,,
Chronic Bacterial Cystitis,unmatched,,
Chronic Bronchitis,ambiguous,,
Chronic Central Serous Chorioretinopathy,unmatched,,
Chronic Chagas Disease,unmatched,,
Chronic Cholestasis,unmatched,,
Chronic Cluster Headache,unmatched,,
Chronic Constipation,unmatched,,
Chronic Coronary Artery Disease,unmatched,,
Chronic Coronary Syndrome,unmatched,,
Chronic Cough Caused by Gastroesophageal Reflux,unmatched,,
Chronic Daily Headache,unmatched,,
Chronic Depression,unmatched,,
Chronic Disease,ambiguous,,
Chronic Endometritis,unmatched,,
Chronic Eosinophilic Leukemia,unmatched,,
Chronic Fatigue Syndrome,ambiguous,,
Chronic Functional Constipation,unmatched,,
Chronic Gastritis,unmatched,,
Chronic Generalized Periodontitis,unmatched,,
Chronic Glomerulonephritis,unmatched,,
Chronic Gout,unmatched,,
Chronic Graft Versus Host Disease,unmatched,,
Chronic Graft-versus-Host-Disease,unmatched,,
Chronic Graft-versus-host Disease,unmatched,,
Chronic Graft-versus-host-disease,unmatched,,
Chronic Granulomatous Disease,ambiguous,,
Chronic Headache,unmatched,,
Chronic Heart Failure,unmatched,,
Chronic Heart Failure (CHF),unmatched,,
Chronic Heart Failure With Reduced Ejection Fraction,unmatched,,
Chronic Heart Failure With Reduced Ejection Fraction (HFrEF),unmatched,,
Chronic Heart Failure With Reduced Systolic Function,unmatched,,
Chronic Hemodialysis (ESRD),unmatched,,
Chronic Hemodialysis Patients,unmatched,,
Chronic Hepatitis B,ambiguous,,
Chronic Hepatitis B Virus,unmatched,,
Chronic Hepatitis B With Significant Hepatic Fibrosis With Type 2 Diabetes,unmatched,,
Chronic Hepatitis C,ambiguous,,
Chronic Hepatitis C Infection,unmatched,,
Chronic Hepatitis b,ambiguous,,
Chronic Hepatitis c,ambiguous,,
Chronic Hypertension,unmatched,,
Chronic Hypertension Complicating Pregnancy (Diagnosis),unmatched,,
Chronic Hypoxemia,unmatched,,
Chronic Idiopathic Axonal Polyneuropathy,unmatched,,
Chronic Idiopathic Urticaria,unmatched,,
Chronic Illness,unmatched,,
Chronic Inflammation,unmatched,,
Chronic Inflammatory Bowel Disease,unmatched,,
Chronic Insomnia,unmatched,,
Chronic Kidney Disease,unmatched,,
Chronic Kidney Disease (CKD),unmatched,,
Chronic Kidney Disease 5D,unmatched,,
Chronic Kidney Disease Due to Type 2 Diabetes Mellitus,unmatched,,
Chronic Kidney Disease Patients,unmatched,,
Chronic Kidney Disease Requiring Chronic Dialysis,unmatched,,
Chronic Kidney Disease Requiring Hemodialysis,unmatched,,
Chronic Kidney Disease Stage 3 and 4,unmatched,,
Chronic Kidney Disease Stage 5,unmatched,,
Chronic Kidney Disease Stages 3-5,unmatched,,
Chronic Kidney Disease and Hypertension,unmatched,,
Chronic Kidney Disease in Type 2 Diabetes,unmatched,,
Chronic Kidney Disease stage3,unmatched,,
Chronic Kidney Disease stage4,unmatched,,
Chronic Kidney Disease(CKD),unmatched,,
Chronic Kidney Disease-Mineral and Bone Disorder,ambiguous,,
Chronic Kidney Diseases,unmatched,,
Chronic Kidney Failure,ambiguous,,
Chronic Kidney Failure in Children and Young Adults,unmatched,,
Chronic Kidney Insufficiency,unmatched,,
Chronic Laryngeal Neuropathy,unmatched,,
Chronic Laryngitis,unmatched,,
Chronic Lateral Epicondylosis,unmatched,,
Chronic Liver Disease,unmatched,,
Chronic Liver Failure,unmatched,,
Chronic Low Back Pain,unmatched,,
Chronic Low Back Pain (CLBP),unmatched,,
Chronic Low Back Pain With a Neuropathic Component,unmatched,,
Chronic Low-back Pain,unmatched,,
Chronic Lower Back Pain,unmatched,,
Chronic Lung Allograft Dysfunction,unmatched,,
Chronic Lung Disease,unmatched,,
Chronic Lymphocytic Leukaemia,unmatched,,
Chronic Lymphocytic Leukemia,unmatched,,
Chronic Lymphocytic Leukemia (CLL),unmatched,,
Chronic Migraine,unmatched,,
"Chronic Migraine Without Aura, Intractable",unmatched,,
Chronic Myelocytic Leukemia,unmatched,,
Chronic Myelogenous Leukemia,unmatched,,
"Chronic Myelogenous Leukemia, BCR-ABL Positive",ambiguous,,
"Chronic Myelogenous Leukemia, BCR-ABL1 Positive",unmatched,,
Chronic Myeloid Leukemia,unmatched,,
Chronic Myeloid Leukemia (CML),unmatched,,
"Chronic Myeloid Leukemia, Chronic Phase",unmatched,,
Chronic Myelomonocytic Leukemia,ambiguous,,
Chronic Myelomonocytic Leukemia (CMML),unmatched,,
Chronic Myeloproliferative Disorders,unmatched,,
Chronic Neck Pain,unmatched,,
Chronic Nephropathy,unmatched,,
Chronic Neuropathic Pain,unmatched,,
Chronic Neutrophilic Leukemia,matched_token_set,Leukemia Neutrophilic Chronic,@DISEASE_Leukemia_Neutrophilic_Chronic
Chronic Nonbacterial Osteomyelitis,unmatched,,
Chronic Noncancer Pain,unmatched,,
Chronic Nonmalignant Pain,unmatched,,
Chronic Obstructive Airway Disease,unmatched,,
Chronic Obstructive Lung Disease,unmatched,,
Chronic Obstructive Lung Disease (COLD),unmatched,,
Chronic Obstructive Pulmonary Disease,ambiguous,,
Chronic Obstructive Pulmonary Disease (COPD,unmatched,,
Chronic Obstructive Pulmonary Disease (COPD),unmatched,,
Chronic Obstructive Pulmonary Disease Exacerbation,unmatched,,
Chronic Obstructive Pulmonary Disease Method Evaluation,unmatched,,
Chronic Obstructive Pulmonary Disease Severe,unmatched,,
"Chronic Obstructive Pulmonary Disease, COPD",unmatched,,
Chronic Obstructive Pulmonary Disorder,unmatched,,
Chronic Oral Food Refusal,unmatched,,
Chronic Orthostatic Intolerance,unmatched,,
Chronic Otitis Media,unmatched,,
Chronic Otitis Media With Effusion,unmatched,,
Chronic Pain,ambiguous,,
Chronic Pain Following Surgical Procedure for Cancer,unmatched,,
Chronic Pain Syndrome,unmatched,,
Chronic Pancreatitis,ambiguous,,
Chronic Pelvic Pain,unmatched,,
Chronic Pelvic Pain Syndrome,unmatched,,
Chronic Periodontitis,ambiguous,,
Chronic Periodontitis Wth Diabetes Mellitus,unmatched,,
"Chronic Periodontitis, Generalized, Moderate",unmatched,,
Chronic Peritonitis,unmatched,,
Chronic Phantom Limb Pain,unmatched,,
Chronic Phase Chronic Myelogenous Leukemia,unmatched,,
"Chronic Phase Chronic Myelogenous Leukemia, BCR-ABL1 Positive",unmatched,,
Chronic Plaque Psoriasis,unmatched,,
Chronic Post Operative Pain,unmatched,,
Chronic Post-surgical Pain,unmatched,,
Chronic Post-thoracotomy Pain,unmatched,,
Chronic Posterior Laryngitis (CPL),unmatched,,
Chronic Postoperative Pain,unmatched,,
Chronic Postsurgical Pain,unmatched,,
Chronic Prostatitis,unmatched,,
Chronic Prostatitis With Chronic Pelvic Pain Syndrome,unmatched,,
Chronic Recurrent Multifocal Osteomyelitis,ambiguous,,
Chronic Regional Pain Syndrome,unmatched,,
Chronic Rejection of Lung Transplant,unmatched,,
Chronic Renal Disease,unmatched,,
Chronic Renal Failure,unmatched,,
Chronic Renal Insufficiency,ambiguous,,
Chronic Respiratory Failure,unmatched,,
Chronic Rhinitis,unmatched,,
Chronic Rhinosinusitis,unmatched,,
Chronic Rhinosinusitis (Diagnosis),unmatched,,
Chronic Rhinosinusitis With Nasal Polyps,unmatched,,
Chronic Rhinosinusitis Without Polyps,unmatched,,
Chronic Right-Sided Heart Failure,unmatched,,
Chronic Schizophrenia,unmatched,,
Chronic Severe Pain,unmatched,,
Chronic Shoulder Pain,unmatched,,
Chronic Sinus Infection,unmatched,,
Chronic Sinusitis,unmatched,,
Chronic Skin Disease,unmatched,,
Chronic Soft Tissue Pain,unmatched,,
Chronic Spinal Cord Injury,unmatched,,
Chronic Spinal Paralysis,unmatched,,
Chronic Spontaneous Urticaria,unmatched,,
Chronic Spontaneous Urticaria (CSU),unmatched,,
Chronic Stable Angina,unmatched,,
Chronic Stable Heart Failure,unmatched,,
Chronic Stable Plaque Psoriasis,unmatched,,
Chronic Subdural Hematoma,ambiguous,,
Chronic Systolic Heart Failure,unmatched,,
Chronic Tension-Type Headache,unmatched,,
Chronic Thrombocytopenia,unmatched,,
Chronic Thromboembolic Pulmonary Hypertension,unmatched,,
Chronic Total Occlusion of Coronary Artery,unmatched,,
Chronic Urinary Tract Infection,unmatched,,
Chronic Urticaria,ambiguous,,
Chronic Use of Acid Suppressive Medication,unmatched,,
Chronic Venous Disease,unmatched,,
Chronic Venous Diseases,unmatched,,
Chronic Venous Insufficiency,unmatched,,
Chronic Venous Thrombosis,unmatched,,
Chronic Visceral Pain,unmatched,,
Chronic Weight Management,unmatched,,
Churg-Strauss Syndrome,ambiguous,,
Chylothorax,ambiguous,,
Cicatricial Alopecia,unmatched,,
Cicatrix,ambiguous,,
"Cicatrix, Hypertrophic",ambiguous,,
Cigarette Smoking,unmatched,,
Cigarette Smoking-Related Carcinoma,unmatched,,
Cigarette-smoking,unmatched,,
Ciliary Body Medulloepithelioma,unmatched,,
Ciprofloxacin,unmatched,,
Circadian Dysregulation,unmatched,,
Circulating Tumor Cells,unmatched,,
"Cirrhoses, Liver",unmatched,,
Cirrhosis,unmatched,,
Cirrhosis Advanced,unmatched,,
Cirrhosis Alcoholic,unmatched,,
Cirrhosis Due to Hepatitis B,unmatched,,
Cirrhosis Due to Hepatitis C,unmatched,,
Cirrhosis Early,unmatched,,
Cirrhosis Infectious,unmatched,,
Cirrhosis With Esophageal Varices,unmatched,,
"Cirrhosis, Liver",ambiguous,,
Cirrhotic Cardiomyopathy,unmatched,,
Cisplatin,unmatched,,
Cisplatin Adverse Reaction,unmatched,,
Citalopram,unmatched,,
Clamp Study,unmatched,,
Classic Migraine,unmatched,,
Claudication,unmatched,,
"Claudication, Intermittent",ambiguous,,
Claustrophobia,unmatched,,
Clavicle Fracture,unmatched,,
Clavicle Fractures,unmatched,,
Clavicle Injury,unmatched,,
Clean Laceration,unmatched,,
Cleft Lip and Palate,unmatched,,
Cleft Palate,ambiguous,,
Climacteric,unmatched,,
Clindamycin,unmatched,,
Clindamycin Vs Metronidazole,unmatched,,
Clinical Anxiety,unmatched,,
Clinical Depression,unmatched,,
Clinical High Risk,unmatched,,
Clinical High Risk for Psychosis (CHR),unmatched,,
Clinical Malaria,unmatched,,
Clinical Outcome,unmatched,,
Clinical Pharmacology,unmatched,,
Clinical Stage II Esophageal Adenocarcinoma AJCC v8,unmatched,,
Clinical Stage III Esophageal Adenocarcinoma AJCC v8,unmatched,,
Clinical Stage III Gastric Cancer AJCC v8,unmatched,,
Clinical Stage III Gastroesophageal Junction Adenocarcinoma AJCC v8,unmatched,,
Clinical Stage IV Cutaneous Melanoma AJCC v8,unmatched,,
Clinical Stage IV Esophageal Adenocarcinoma AJCC v8,unmatched,,
Clinical Stage IV Gastric Cancer AJCC v8,unmatched,,
Clinical Stage IV Gastroesophageal Junction Adenocarcinoma AJCC v8,unmatched,,
Clinical Therapy,unmatched,,
Clinical Trial,unmatched,,
"Clinical Trial ,Phase I",unmatched,,
Clinically Significant Portal Hypertension,unmatched,,
Clonidine,unmatched,,
Clopidogrel,unmatched,,
Clopidogrel Resistance,unmatched,,
"Clopidogrel, Poor Metabolism of",unmatched,,
"Clopidogrel,Poor Metabolism of (Disorder)",unmatched,,
Clostridium Difficile Colitis,unmatched,,
Clostridium Difficile Infection,unmatched,,
Clot Formation and Platelet Aggregation in Point of Care Testing,unmatched,,
Clotting Disorder,unmatched,,
Clotting Disorders,unmatched,,
Clozapine,unmatched,,
Clozapine Adverse Reaction,unmatched,,
Club Foot,unmatched,,
Clubfoot,ambiguous,,
Cluster Headache,ambiguous,,
"Cluster Headache, Episodic",unmatched,,
Cluster Seizure,unmatched,,
"Cmax,",unmatched,,
Cmv Congenital,unmatched,,
Cns Cancer,unmatched,,
CoVID-19,ambiguous,,
CoVid 19 Positive,unmatched,,
Coagulation,unmatched,,
"Coagulation Defects, Other and Unspecified",unmatched,,
Coagulation Disorder,unmatched,,
Coagulopathy,unmatched,,
Cocaine Abuse,unmatched,,
Cocaine Addiction,unmatched,,
Cocaine Dependence,unmatched,,
Cocaine Dependent Subjects,unmatched,,
Cocaine Use Disorder,unmatched,,
Cocaine Use Disorders,unmatched,,
Cocaine Withdrawal,unmatched,,
Cocaine-Related Disorders,ambiguous,,
Cocaine-dependent,unmatched,,
Cochlear Implant,unmatched,,
Cognition,unmatched,,
Cognition Disorder,ambiguous,,
Cognition Disorders,ambiguous,,
Cognition Function,unmatched,,
Cognitive Change,unmatched,,
Cognitive Decline,unmatched,,
Cognitive Decline Due to Alzheimer Disease,unmatched,,
Cognitive Deficits,unmatched,,
Cognitive Development,unmatched,,
Cognitive Developmental Delay,unmatched,,
Cognitive Disorders,unmatched,,
Cognitive Dysfunction,ambiguous,,
Cognitive Enhancement,unmatched,,
Cognitive Function,unmatched,,
Cognitive Functions,unmatched,,
Cognitive Functions Confusion,unmatched,,
Cognitive Health,unmatched,,
Cognitive Impairment,unmatched,,
Cognitive Impairments,unmatched,,
Cognitive/Functional Effects,unmatched,,
Cognitively Healthy Subjects Influenced by Psychoactive Drugs,unmatched,,
Cognitively Normal Elderly Individuals,unmatched,,
Cognitively Normal Older Adults,unmatched,,
Cohort Study,unmatched,,
Colchicine,unmatched,,
Cold,unmatched,,
Colectomy,unmatched,,
Colic,ambiguous,,
Colitis,ambiguous,,
Colitis Ulcerative Exacerbation,unmatched,,
"Colitis, Ulcerative",ambiguous,,
Collateral Circulation,unmatched,,
Colo-rectal Cancer,unmatched,,
Colon Adenocarcinoma,unmatched,,
Colon Adenomas,unmatched,,
Colon Cancer,unmatched,,
Colon Cancer Stage,unmatched,,
Colon Cancer Stage III,unmatched,,
Colon Cleansing for Colonoscopy,unmatched,,
Colon Diverticulosis,unmatched,,
Colon Neoplasm,unmatched,,
Colon Polyp,unmatched,,
Colon Surgery,unmatched,,
Colonic Cancer,unmatched,,
Colonic Diverticulitis,ambiguous,,
Colonic Neoplasms,ambiguous,,
Colonization,unmatched,,
Colonoscopy,unmatched,,
Colonoscopy: Bowel Preparation,unmatched,,
Colorectal Adenocarcinoma,unmatched,,
Colorectal Adenoma,unmatched,,
Colorectal Cancer,unmatched,,
Colorectal Cancer (CRC),unmatched,,
Colorectal Cancer Metastatic,unmatched,,
Colorectal Cancer Prevention,unmatched,,
Colorectal Carcinoma,unmatched,,
Colorectal Carcinoma (CRC),unmatched,,
Colorectal Carcinoma Metastatic in the Liver,unmatched,,
Colorectal Disorders,unmatched,,
Colorectal Neoplasia,unmatched,,
Colorectal Neoplasm,ambiguous,,
Colorectal Neoplasms,ambiguous,,
Colorectal Neoplasms Malignant,unmatched,,
Colorectal Surgery,unmatched,,
Colorectal Tumors,unmatched,,
Colposcopy,unmatched,,
Columnar Cell Variant Thyroid Gland Papillary Carcinoma,unmatched,,
Coma,ambiguous,,
Combat Disorders,matched_exact,Combat Disorders,@DISEASE_Combat_Disorders
Combination Chemotherapy,unmatched,,
Combination of Oral Anticoagulation Therapy and Sildenafil,unmatched,,
Combinations of Drugs,unmatched,,
Combined (Atherogenic) Dyslipidemia,unmatched,,
Combined Dyslipidemia,unmatched,,
Combined Hyperlipidemia,unmatched,,
Common Cold,ambiguous,,
Common Mental Disorder,unmatched,,
Common Migraine,unmatched,,
Commotio Retinae,unmatched,,
Community Acquired Bacterial Pneumonia,unmatched,,
Community Acquired Pneumonia,unmatched,,
Community Acquired Pneumonia (CAP),unmatched,,
Community Acquired Pneumonia in Children,unmatched,,
Community-Acquired Infections,ambiguous,,
Community-Acquired Pneumonia,unmatched,,
Community-acquired Bacterial Pneumonia,unmatched,,
Community-acquired Methicillin-resistant Staphylococcus Aureus Infection,unmatched,,
Community-acquired Pneumonia,unmatched,,
Community-acquired Pneumonia (CAP),unmatched,,
"Community-acquired Pneumonia, Influenza, COVID-19",unmatched,,
Comorbidities and Coexisting Conditions,unmatched,,
Comparative Bioavailability of Clopidogrel Tablets,unmatched,,
Comparative Effectiveness of Glycemia-lowering Medications,unmatched,,
Compare Bioequivalence Patches Previously Used in the NP101-007 Study,unmatched,,
Compare Serum Level of Klotho in Patients on Oral Antidiabetic Treatment,unmatched,,
Compare Steroids Versus PRP in Dissection of Median Nerve by Ultrasound,unmatched,,
Comparison,unmatched,,
"Comparison of Pregnancy Rate (HCG+ Level) Obtained After a Replacement Embryonic in Spontaneous Cycle and Following Protocol ""NPP"". Comparison",unmatched,,
Compensated Cirrhosis,unmatched,,
Compensated Heart Failure,unmatched,,
Complaints,unmatched,,
Complete Heart Block,unmatched,,
Complete Immobility Due to Severe Physical Disability,unmatched,,
Complete Occlusion of Coronary Artery,unmatched,,
Complete Response Rate to Chemotherapy-induced Nausea and Vomiting Prophylaxis,unmatched,,
Complex Atypical Endometrial Hyperplasia,unmatched,,
Complex Congenital Heart Disease,unmatched,,
Complex Regional Pain Syndrome,ambiguous,,
Complex Regional Pain Syndrome (CRPS),unmatched,,
Complex Regional Pain Syndrome I (CRPS I),unmatched,,
Complex Regional Pain Syndromes,ambiguous,,
Complex-dyslipidemia,unmatched,,
Compliance,unmatched,,
Complicated Appendicitis,unmatched,,
Complicated Grief,unmatched,,
Complicated Intra Abdominal Infections,unmatched,,
Complicated Intra-Abdominal Infection,unmatched,,
Complicated Urinary Tract Infection,unmatched,,
Complicated Urinary Tract Infection (cUTI) Including Acute Pyelonephritis,unmatched,,
Complicated Urinary Tract Infections,unmatched,,
Complicated Urinary Tract Infections or Pyelonephritis,unmatched,,
Complication,unmatched,,
"Complication of Anesthesia During Pregnancy, Unspecified",unmatched,,
Complication of Hemodialysis,unmatched,,
Complication of Peritoneal Dialysis,unmatched,,
Complication of Prematurity,unmatched,,
Complication of Renal Dialysis,unmatched,,
Complication of Surgical Procedure,unmatched,,
Complications,unmatched,,
Complications of Cirrhosis,unmatched,,
Complications of Other Bariatric Procedure,unmatched,,
Complications of Renal Transplant,unmatched,,
Compulsive Behavior,unmatched,,
Compulsive Buying,unmatched,,
Compulsive Sexual Behavior,unmatched,,
Compulsive Shopping,unmatched,,
Concussion,unmatched,,
Concussion Post Syndrome,ambiguous,,
"Concussion, Mild",unmatched,,
Conduct Disorder,ambiguous,,
Conductive Hearing Loss,ambiguous,,
Confirmed Genetic Diagnosis of Prader-Willi Syndrome,unmatched,,
Congenital Abnormalities,ambiguous,,
Congenital Adrenal Hyperplasia,ambiguous,,
Congenital Cmv,unmatched,,
Congenital Cytomegaloviral (CMV) Disease,unmatched,,
Congenital Cytomegalovirus Infection,unmatched,,
Congenital Disorders,unmatched,,
Congenital Hand Deformity,matched_token_set,Hand Deformities Congenital,@DISEASE_Hand_Deformities_Congenital
Congenital Hand and Foot Deformity,unmatched,,
Congenital Heart Defects,ambiguous,,
Congenital Heart Disease,unmatched,,
Congenital Heart Disease in Children,unmatched,,
Congenital Heart Disease in Pregnancy,unmatched,,
Congenital Hyperinsulinism,ambiguous,,
Congenital Hypothyroidism,ambiguous,,
Congenital Knee Deformity,unmatched,,
Congenital Malformations,unmatched,,
Congenital Mitral Insufficiency,unmatched,,
Congenital Talipes Calcaneus,unmatched,,
Congenital Talipes Equinovarus,unmatched,,
Congenital Valgus Foot Deformity,unmatched,,
Congestion,unmatched,,
"Congestion, Venous",unmatched,,
Congestive Heart Failure,unmatched,,
Congestive Heart Failure (CHF),unmatched,,
Conjunctical Flora,unmatched,,
Conjunctivitis,ambiguous,,
"Conjunctivitis, Allergic",ambiguous,,
"Conjunctivitis, Bacterial",ambiguous,,
"Conjunctivitis, Viral",matched_exact,Conjunctivitis Viral,@DISEASE_Conjunctivitis_Viral
Connective Tissue Disease,unmatched,,
Connective Tissue Diseases,ambiguous,,
Connective Tissue Disorders,unmatched,,
Conscious Sedation,unmatched,,
"Consciousness, Level Altered",unmatched,,
Constipation,ambiguous,,
Constipation - Functional,unmatched,,
Constipation Aggravated,unmatched,,
Constipation Drug Induced,unmatched,,
Constitutional Delay in Growth and Puberty (CDGP),unmatched,,
Constitutional Delay of Growth and Puberty,unmatched,,
Contact Dermatitis,ambiguous,,
Contact Lens Dry Eye,unmatched,,
Contact Person From COVID-19 Confirmed Patient,unmatched,,
Contiguous Stage II Adult Burkitt Lymphoma,unmatched,,
Contiguous Stage II Adult Diffuse Large Cell Lymphoma,unmatched,,
Contiguous Stage II Adult Diffuse Mixed Cell Lymphoma,unmatched,,
Contiguous Stage II Adult Diffuse Small Cleaved Cell Lymphoma,unmatched,,
Contiguous Stage II Adult Immunoblastic Large Cell Lymphoma,unmatched,,
Contiguous Stage II Adult Lymphoblastic Lymphoma,unmatched,,
Contiguous Stage II Grade 1 Follicular Lymphoma,unmatched,,
Contiguous Stage II Grade 2 Follicular Lymphoma,unmatched,,
Contiguous Stage II Grade 3 Follicular Lymphoma,unmatched,,
Contiguous Stage II Mantle Cell Lymphoma,unmatched,,
Contiguous Stage II Marginal Zone Lymphoma,unmatched,,
Contiguous Stage II Small Lymphocytic Lymphoma,unmatched,,
Continuous Ambulatory Peritoneal Dialysis,unmatched,,
Continuous Antidepressant Abuse,unmatched,,
Continuous Positive Airway Pressure,unmatched,,
Continuous Renal Replacement Therapy,unmatched,,
Contraception Behavior,unmatched,,
Contraceptive,unmatched,,
Contraceptive Implant,unmatched,,
Contraceptive Methods Comparison,unmatched,,
Contraceptive Usage,unmatched,,
"Contraceptives, Oral",unmatched,,
"Contraceptives, Oral, Combined",unmatched,,
Contracture,ambiguous,,
Contrast Agents and Oral Factor Xa Inhibitor,unmatched,,
Contrast Media,unmatched,,
Contrast Nephropathy,unmatched,,
Contrast-Induced Acute Kidney Injury,unmatched,,
Contrast-Induced Nephropathy,unmatched,,
Contrast-induced Acute Kidney Injury,unmatched,,
Contrast-induced Nephropathy,unmatched,,
Controlled Human Infection,unmatched,,
Conversion Disorder,ambiguous,,
"Convulsion, Non-Epileptic",unmatched,,
Convulsions,unmatched,,
Copd,unmatched,,
Copd Exacerbation Acute,unmatched,,
Coring Out,unmatched,,
Corneal Defect,unmatched,,
Corneal Ectasia,unmatched,,
Corneal Edema,ambiguous,,
Corneal Epithelial Wound Healing,unmatched,,
Corneal Health,unmatched,,
Corneal Infiltrates,unmatched,,
Corneal Neovascularization,ambiguous,,
Corneal Transplant,unmatched,,
Corneal Transplantation,unmatched,,
Corneal Ulcer,ambiguous,,
Corneal Ulcers,ambiguous,,
Corona Virus Disease (COVID-19),unmatched,,
Corona Virus Infection,unmatched,,
Coronaropathy,unmatched,,
Coronary Aneurysm,ambiguous,,
Coronary Angiography,unmatched,,
Coronary Arterial Disease (CAD),unmatched,,
Coronary Arteriosclerosis,unmatched,,
Coronary Artery,unmatched,,
Coronary Artery Bypass,unmatched,,
Coronary Artery Bypass Graft,unmatched,,
Coronary Artery Bypass Graft CABG,unmatched,,
Coronary Artery Bypass Graft Surgery,unmatched,,
Coronary Artery Bypass Graft Surgery (CABG),unmatched,,
Coronary Artery Bypass Grafting,unmatched,,
Coronary Artery Bypass Grafting Surgery,unmatched,,
Coronary Artery Calcification,unmatched,,
Coronary Artery Disease,ambiguous,,
Coronary Artery Disease (CAD),unmatched,,
Coronary Artery Disease Progression,unmatched,,
Coronary Artery Disease Requiring Coronary Revascularization With Newer Generation DES Implantation,unmatched,,
Coronary Artery Disease(CAD),unmatched,,
Coronary Artery Diseases,unmatched,,
Coronary Artery Diseasse,unmatched,,
Coronary Artery Ectasia,unmatched,,
Coronary Artery Occlusive Disease,unmatched,,
Coronary Artery Restenosis,unmatched,,
Coronary Artery Stenosis,unmatched,,
Coronary Atherosclerosis,unmatched,,
Coronary Calcification,unmatched,,
Coronary Computed Tomography Angiography,unmatched,,
Coronary Death,unmatched,,
Coronary Disease,ambiguous,,
Coronary Graft Patency,unmatched,,
Coronary Heart Disease,unmatched,,
Coronary Heart Disease (CHD),unmatched,,
Coronary Microvascular Disease,unmatched,,
Coronary Microvascular Dysfunction,unmatched,,
Coronary Occlusion,ambiguous,,
Coronary Occlusion/Thrombosis,unmatched,,
Coronary Plaque,unmatched,,
Coronary Restenosis,ambiguous,,
Coronary Stenoses,unmatched,,
Coronary Surgery,unmatched,,
Coronary Syndrome,unmatched,,
Coronary Thrombosis,ambiguous,,
Coronary Vasospasm,ambiguous,,
Coronavirus,unmatched,,
Coronavirus 19,unmatched,,
Coronavirus Disease 2019,unmatched,,
Coronavirus Disease 2019 (COVID-19),unmatched,,
Coronavirus Infection,ambiguous,,
Coronavirus Infection (COVID-19),unmatched,,
Coronavirus Infections,ambiguous,,
Coronavirus-19,unmatched,,
Cortical Depolarization,unmatched,,
Cortical Depression,unmatched,,
Corticosteroid,unmatched,,
Corticosteroid Injection,unmatched,,
Corticosteroid Refractory Acute Graft vs Host Disease,unmatched,,
Corticosteroids Adverse Reaction,unmatched,,
Corticosteroids Induced Hyperglycemia,unmatched,,
Cortisol,unmatched,,
Cortisol Resistance,unmatched,,
Cortisol and Testosterone Levels,unmatched,,
Cough,ambiguous,,
Cough Variant Asthma,unmatched,,
Cough-Variant Asthma,unmatched,,
Coughing,unmatched,,
Coughing Response,unmatched,,
Coughing Responses at Tracheal Extubation,unmatched,,
Covid 19,ambiguous,,
Covid-19,ambiguous,,
Covid-19 Infection,unmatched,,
Covid-19 Pneumonia,unmatched,,
Covid19,unmatched,,
Covid19 Drug Treatment,unmatched,,
Coxiella Infection,unmatched,,
Cramp(s),unmatched,,
"Cramp, Abdominal",unmatched,,
Cranial Dystonia,unmatched,,
Craniocerebral Trauma,ambiguous,,
Craniopharyngioma,ambiguous,,
Craniosynostoses,ambiguous,,
Craniotomy,unmatched,,
Craniotomy Tumor Removal Surgery,unmatched,,
Craving,unmatched,,
Cream Compared to NB-UVB Alone in Patients With Non-segmental Vitiligo,unmatched,,
Critical Care,unmatched,,
Critical Illness,ambiguous,,
Critical Limb Ischemia,unmatched,,
Critically Ill,unmatched,,
Critically Ill Patients,unmatched,,
Crohn Disease,ambiguous,,
Crohn Disease (CD),unmatched,,
Crohn Disease in Remission,unmatched,,
Crohn&#39,unmatched,,
Crohn's Colitis,unmatched,,
Crohn's Disease,unmatched,,
Crohn's Ileocolitis,unmatched,,
Crohn´s Disease,unmatched,,
"Crowding, Tooth",unmatched,,
Crown Lengthening Procedure With Ostectomy,unmatched,,
Cryotherapy Effect,unmatched,,
Cryptococcal Infections,unmatched,,
Cryptococcal Meningitis,ambiguous,,
Cryptococcosis,ambiguous,,
Cryptogenic Ischemic Stroke,unmatched,,
Cryptogenic Organizing Pneumonia,ambiguous,,
Cryptogenic Sensory Peripheral Neuropathy in Metabolic Syndrome,unmatched,,
Cryptogenic Sensory Polyneuropathy,unmatched,,
Cryptorchidism,ambiguous,,
Cumulative Trauma Disorders,ambiguous,,
Cure Rate of Helicobacter Pylori Infection,unmatched,,
Current Smoker,unmatched,,
Cushing Disease,unmatched,,
Cushing Syndrome,ambiguous,,
Cushing's Disease,unmatched,,
Cutaneous Atrophy Due to Corticosteroids,unmatched,,
Cutaneous B-cell Non-Hodgkin Lymphoma,unmatched,,
Cutaneous Leishmaniasis,ambiguous,,
Cutaneous Lupus,unmatched,,
Cutaneous Lupus Erythematosus,ambiguous,,
Cutaneous Lupus Erythematosus-Systemic Lupus Erythematosus,unmatched,,
Cutaneous Melanoma,unmatched,,
Cutaneous Nerves CNS Itch,unmatched,,
Cutaneous Neurofibroma,unmatched,,
Cutaneous Sarcoidosis,unmatched,,
Cutaneous Squamous Cell Carcinoma,unmatched,,
Cutaneous T-cell Lymphoma,ambiguous,,
Cutaneous Ulcer,unmatched,,
Cutaneous Warts,unmatched,,
Cyanotic Congenital Heart Disease,unmatched,,
Cyclic Vomiting Syndrome,unmatched,,
Cystectomy,unmatched,,
Cystic Fibrosis,ambiguous,,
Cystic Fibrosis (CF),unmatched,,
Cystic Fibrosis Exacerbations While on and Off Hormonal Contraception,unmatched,,
Cystic Fibrosis-related Diabetes,unmatched,,
Cystic Lung Disease,unmatched,,
Cystic Nephroma,unmatched,,
Cystinuria,ambiguous,,
Cystitis,ambiguous,,
Cystitis Recurrent,unmatched,,
"Cystitis, Interstitial",ambiguous,,
"Cystitis, Recurrent",unmatched,,
Cystocele,matched_exact,Cystocele,@DISEASE_Cystocele
Cystoid Macular Edema,unmatched,,
Cystoscopy,unmatched,,
Cysts,ambiguous,,
Cytochrome,unmatched,,
Cytochrome P450 CYP2C19 Enzyme Deficiency,unmatched,,
Cytochrome P450 CYP2C9 Enzyme Deficiency,unmatched,,
Cytochrome P450 CYP2D6 Enzyme Deficiency,unmatched,,
Cytochrome P450 CYP3A Enzyme Deficiency,unmatched,,
Cytochrome P450 Enzyme Deficiency,unmatched,,
Cytochrome P450 Interaction,unmatched,,
Cytochrome P450 Phenotype and Genotype Metrics,unmatched,,
Cytochrome p450 3A4,unmatched,,
Cytogenetic Abnormality,unmatched,,
Cytokine Release Syndrome,ambiguous,,
Cytokine Storm,unmatched,,
Cytokines,unmatched,,
Cytomegalovirus,unmatched,,
Cytomegalovirus (CMV),unmatched,,
Cytomegalovirus (CMV)Infection,unmatched,,
Cytomegalovirus Anterior Segment Infection,unmatched,,
Cytomegalovirus Anterior Uveitis,unmatched,,
Cytomegalovirus Disease,unmatched,,
Cytomegalovirus Infection,ambiguous,,
Cytomegalovirus Infections,ambiguous,,
Cytomegalovirus Retinitis,ambiguous,,
Cytomegalovirus Viraemia,unmatched,,
D-Bifunctional Enzyme Deficiency,unmatched,,
D3 Dopamine Receptor,unmatched,,
DDR Gene Mutation,unmatched,,
DEMENTIA,ambiguous,,
DIABETES MELLITUS,ambiguous,,
DICER1 Syndrome,unmatched,,
DKA,unmatched,,
DLBCL,unmatched,,
DLBCL - Diffuse Large B Cell Lymphoma,unmatched,,
DLBCL Germinal Center B-Cell Type,unmatched,,
DM,unmatched,,
DMARD Resistant Rheumatoid Arthritis,unmatched,,
DMD-associated Dilated Cardiomyopathy,unmatched,,
DNA Damage,unmatched,,
DTC - Differentiated Thyroid Cancer,unmatched,,
DVT,unmatched,,
Damage Control,unmatched,,
Dapagliflozin,unmatched,,
Dapagliflozin (Forxiga),unmatched,,
Dapagliflozin Adverse Reaction,unmatched,,
Dawn Phenomenon,unmatched,,
De Novo Stenosis,unmatched,,
De Quervain Disease,ambiguous,,
De Quervain Syndrome,unmatched,,
Death,ambiguous,,
Death From Cardiovascular Disease,unmatched,,
"Death, Sudden",ambiguous,,
"Death, Sudden, Cardiac",ambiguous,,
Debility,unmatched,,
Deciduous Teeth,unmatched,,
Decision Making,unmatched,,
Decompensated Cirrhosis,unmatched,,
Decompensated Cirrhosis of Liver,unmatched,,
Decompensated Heart Failure,unmatched,,
Decompensation,unmatched,,
Dedifferentiated Liposarcoma,unmatched,,
Deep Brain Stimulation,unmatched,,
Deep Sedation,unmatched,,
Deep Vein Thrombosis,unmatched,,
Deep Vein Thrombosis (DVT),unmatched,,
Deep Vein Thrombosis With Pulmonary Embolism,unmatched,,
"Deep Vein Thrombosis, Pulmonary Embolus",unmatched,,
Deep Venous Thromboses,unmatched,,
Deep Venous Thrombosis,unmatched,,
Deep-Vein Thrombosis,unmatched,,
Deep-vein Thrombosis of the Lower and Upper Extremities,unmatched,,
Defect,unmatched,,
Deficiency,unmatched,,
Deficiency Vitamins,unmatched,,
"Deficiency, Nutritional, With Poor Iron Absorption",unmatched,,
"Deficiency, Vitamin D",ambiguous,,
Deficient Emotional Self-Regulation,unmatched,,
Deficient Emotional Self-Regulation (DESR),unmatched,,
Degeneration,unmatched,,
Degenerative Disc Disease,unmatched,,
Degenerative Disease,unmatched,,
Degenerative Intervertebral Discs,unmatched,,
Degenerative Joint Disease,unmatched,,
Degenerative Lumbar Spinal Stenosis,unmatched,,
Degenerative Spondylolisthesis,unmatched,,
Deglutition,unmatched,,
Dehisced Surgical Wounds,unmatched,,
Dehydration,ambiguous,,
Dehydration Hypertonic,unmatched,,
Dehydration in Children,unmatched,,
Dehydroepiandrosterone,unmatched,,
Delayed Alcohol Induced Headache,unmatched,,
Delayed Bleeding,unmatched,,
Delayed Cerebral Ischemia,unmatched,,
Delayed Delivery (Following Spontaneous Rupture),unmatched,,
Delayed Emergence From Anesthesia,ambiguous,,
Delayed Gastric Emptying,unmatched,,
Delayed Graft Function,matched_exact,Delayed Graft Function,@DISEASE_Delayed_Graft_Function
Delayed Implant,unmatched,,
Delayed Neurological Deficit,unmatched,,
Delayed Onset Muscle Soreness,unmatched,,
"Delayed Onset Muscle Soreness, DOMS",unmatched,,
Delayed Puberty,ambiguous,,
Delayed Recovery From Anaesthesia,unmatched,,
Delirium,ambiguous,,
Delirium Confusional State,unmatched,,
Delirium Postseizure,unmatched,,
Delirium in Old Age,unmatched,,
Delirium of Mixed Origin,unmatched,,
Delirium of Unknown (Axis III) Etiology,unmatched,,
Delirium on Emergence,unmatched,,
"Delirium, Dementia, Amnestic, Cognitive Disorders",unmatched,,
"Delirium, Postoperative",unmatched,,
"Delirium, Sepsis Associated",unmatched,,
Delivery,unmatched,,
Delivery Complication,unmatched,,
Delivery Systems,unmatched,,
Delusion of Reference,unmatched,,
Delusional Disorder,unmatched,,
Dementia,ambiguous,,
Dementia Alzheimer's Type,unmatched,,
Dementia Alzheimers,unmatched,,
Dementia Associated With Cerebrovascular Disease,unmatched,,
Dementia Associated With Parkinson's Disease,unmatched,,
Dementia With Lewy Bodies,unmatched,,
Dementia With Lewy Bodies (DLB),unmatched,,
Dementia With Parkinson's Disease,unmatched,,
Dementia in Parkinsons Disease,unmatched,,
Dementia of Alzheimer Type,unmatched,,
Dementia of Alzheimer's Type,unmatched,,
Dementia of the Alzheimer's Type,unmatched,,
"Dementia, Alzheimer Type",unmatched,,
"Dementia, Lewy Body",unmatched,,
"Dementia, Mild",unmatched,,
"Dementia, Mixed",ambiguous,,
"Dementia, Vascular",ambiguous,,
Dengue,ambiguous,,
Dengue Shock Syndrome,unmatched,,
Dengue With Warning Signs,unmatched,,
Denosumab Allergy,unmatched,,
Dent's Disease,unmatched,,
Dental Anxiety,unmatched,,
Dental Care for Disabled,unmatched,,
Dental Caries,ambiguous,,
Dental Caries in Children,unmatched,,
Dental Decay,unmatched,,
Dental Diseases,unmatched,,
Dental Extraction,unmatched,,
Dental Fear,unmatched,,
Dental Implant,unmatched,,
Dental Implant Failure Nos,unmatched,,
Dental Implant Stability,unmatched,,
Dental Implant Therapy,unmatched,,
"Dental Implants , Osseointegration , Marginal Bone Loss , Implant Stability",unmatched,,
Dental Infection,unmatched,,
"Dental Occlusion, Traumatic",matched_exact,Dental Occlusion Traumatic,@DISEASE_Dental_Occlusion_Traumatic
Dental Pain,unmatched,,
Dental Pain and Sensation Disorder,unmatched,,
Dental Procedure,unmatched,,
Dental Pulp Necrosis,ambiguous,,
Dentin Sensitivity,ambiguous,,
Dentine Hypersensitivity,unmatched,,
Dento Facial Dysmorphism,unmatched,,
Dentoalveolar Haemorrhage,unmatched,,
Dentofacial Deformity,ambiguous,,
Dependence,unmatched,,
Dependency (Psychology),unmatched,,
Depersonalization Disorder,unmatched,,
Deprescribing,unmatched,,
Deprescription,unmatched,,
Deprescriptions,unmatched,,
Depressed Insomniac Co-morbid Patients,unmatched,,
Depression,unmatched,,
Depression - Major Depressive Disorder,unmatched,,
Depression Anxiety Disorder,unmatched,,
Depression Disorder,unmatched,,
Depression Disorders,unmatched,,
Depression NOS,unmatched,,
Depression Not Otherwise Specified,unmatched,,
Depression and Suicide,unmatched,,
Depression in Old Age,unmatched,,
Depression in Patients With Bipolar Disorder,unmatched,,
"Depression, Anxiety",unmatched,,
"Depression, Bipolar",unmatched,,
"Depression, Postpartum",ambiguous,,
"Depression, Reactive",unmatched,,
"Depression, Unipolar",unmatched,,
Depression/Depressed State,unmatched,,
Depressive Disorder,ambiguous,,
Depressive Disorder Not Otherwise Specified,unmatched,,
Depressive Disorder and Anxiety Disorders,unmatched,,
"Depressive Disorder, Major",ambiguous,,
"Depressive Disorder, Treatment-Resistant",ambiguous,,
Depressive Disorders,ambiguous,,
Depressive Episode,unmatched,,
Depressive Illness,unmatched,,
Depressive State,unmatched,,
Depressive Symptoms,unmatched,,
Depressive Syndrome,unmatched,,
Depth of Anaesthesia,unmatched,,
Dermatillomania,unmatched,,
Dermatitis,ambiguous,,
Dermatitis Atopic,ambiguous,,
"Dermatitis, Atopic",ambiguous,,
"Dermatitis, Chronic",unmatched,,
"Dermatitis, Contact",ambiguous,,
"Dermatitis, Occupational",unmatched,,
"Dermatitis, Photocontact",unmatched,,
"Dermatitis, Seborrheic",ambiguous,,
Dermatographism,unmatched,,
Dermatologic Complication,unmatched,,
Dermatologic Disease,unmatched,,
Dermatologic Disorders,unmatched,,
Dermatomyositis,ambiguous,,
Detectable Prostate Nodules,unmatched,,
"Detrusor Function, Overactive",unmatched,,
Detrusor Hyperreflexia,unmatched,,
Detrusor Underactivity,unmatched,,
Development,unmatched,,
Developmental Coordination Disorder,unmatched,,
Developmental Delay,unmatched,,
Developmental Disabilities,ambiguous,,
Developmental Disability,ambiguous,,
Deviated Nasal Septum,unmatched,,
Devic's Disease,unmatched,,
Device Latency,unmatched,,
Device-Related Thrombosis,unmatched,,
Dexamethasone,unmatched,,
Dexmedetomidine,unmatched,,
Diabete Mellitus,ambiguous,,
Diabete Type 2,unmatched,,
Diabetes,unmatched,,
Diabetes After Total Pancreatectomy,unmatched,,
Diabetes Complications,ambiguous,,
Diabetes Insipidus,ambiguous,,
Diabetes Mellitis,unmatched,,
Diabetes Mellitus,ambiguous,,
Diabetes Mellitus (DM),unmatched,,
Diabetes Mellitus Non-insulin-dependent,unmatched,,
Diabetes Mellitus Pregnancy,unmatched,,
Diabetes Mellitus Type 1,ambiguous,,
Diabetes Mellitus Type 2,ambiguous,,
Diabetes Mellitus Type 2 (T2DM),unmatched,,
Diabetes Mellitus Type 2 Platelets Reactivity Statin,unmatched,,
Diabetes Mellitus Type 2 With Proteinuria,unmatched,,
Diabetes Mellitus Type 2 Without Complication,unmatched,,
Diabetes Mellitus Type II,unmatched,,
Diabetes Mellitus With Periodontal Disease,unmatched,,
Diabetes Mellitus and Heart Failure,unmatched,,
Diabetes Mellitus and Hypercholesterolemia,unmatched,,
Diabetes Mellitus in Pregnancy,unmatched,,
"Diabetes Mellitus, Adult-Onset",unmatched,,
"Diabetes Mellitus, Insulin-Dependent",unmatched,,
"Diabetes Mellitus, Non Insulin Dependent",unmatched,,
"Diabetes Mellitus, Non-Insulin-Dependent",unmatched,,
"Diabetes Mellitus, Type 1",ambiguous,,
"Diabetes Mellitus, Type 2",ambiguous,,
"Diabetes Mellitus, Type 2, Cancer",unmatched,,
"Diabetes Mellitus, Type I",unmatched,,
"Diabetes Mellitus, Type II",unmatched,,
"Diabetes Mellitus, With Complications",unmatched,,
Diabetes Mellitus: Type 1,ambiguous,,
"Diabetes Melliuts, Type 2",unmatched,,
Diabetes Type 1,unmatched,,
Diabetes Type 2,unmatched,,
Diabetes Type I,unmatched,,
Diabetes With Diabetic Autonomic Neuropathy (Diagnosis),unmatched,,
Diabetes in Adults,unmatched,,
Diabetes in Pregnancy,unmatched,,
Diabetes type1,unmatched,,
Diabetes type2,unmatched,,
"Diabetes, Autoimmune",unmatched,,
"Diabetes, Gestational",ambiguous,,
"Diabetes, Hyperlipidemia, Mixed Dyslipidemia",unmatched,,
"Diabetes, Type 1",unmatched,,
"Diabetes, Type 2",unmatched,,
"Diabetes, Type I",unmatched,,
Diabetic,unmatched,,
Diabetic Autonomic Neuropathy,unmatched,,
Diabetic Cardiomyopathies,ambiguous,,
Diabetic Complication,unmatched,,
Diabetic Foot,ambiguous,,
Diabetic Foot Ulcer,unmatched,,
Diabetic Foot Ulcers,unmatched,,
Diabetic Gastroparesis,unmatched,,
Diabetic Ketoacidosis,ambiguous,,
Diabetic Kidney Disease,unmatched,,
Diabetic Kidney Disease (DKD),unmatched,,
Diabetic Lower Extremity Arterial Disease,unmatched,,
Diabetic Macular Edema,unmatched,,
"Diabetic Macular Edema, Cystoid Macular Edema, Chorodial Neovascularzation, Posterior Uveitis",unmatched,,
Diabetic Macular Oedema,unmatched,,
Diabetic Maculopathy,unmatched,,
Diabetic Nephropathies,ambiguous,,
Diabetic Nephropathy,ambiguous,,
Diabetic Nephropathy Type 2,unmatched,,
Diabetic Neuralgia,unmatched,,
Diabetic Neuropathic Pain,unmatched,,
Diabetic Neuropathies,ambiguous,,
Diabetic Neuropathy,ambiguous,,
"Diabetic Neuropathy, Painful",unmatched,,
Diabetic Oculopathy,unmatched,,
Diabetic Patients,unmatched,,
Diabetic Peripheral Neuropathic Pain,unmatched,,
Diabetic Peripheral Neuropathic Pain (DPN),unmatched,,
Diabetic Peripheral Neuropathy,unmatched,,
Diabetic Polyneuropathy,unmatched,,
Diabetic Retinopathy,ambiguous,,
Diabetic Stable Angina,unmatched,,
Diabetic Unstable Angina,unmatched,,
Diagnoses Disease,unmatched,,
Diagnosis,unmatched,,
Diagnosis and Treatment of Depression,unmatched,,
Diagnostic Esophagogastroduodenoscopy,unmatched,,
Dialysis,unmatched,,
Dialysis Hypotension,unmatched,,
Diamond-blackfan Anemia,ambiguous,,
Diarrhea,ambiguous,,
Diarrhea Travelers,unmatched,,
Diarrhea- Predominant Irritable Bowel Syndrome,unmatched,,
Diarrheal Illnesses,unmatched,,
Diarrhoea,unmatched,,
Diastolic Dysfunction,unmatched,,
"Diastolic Dysfunction, Symptomatic Heart Failure",unmatched,,
Diastolic Function,unmatched,,
Diastolic Heart Failure,ambiguous,,
Diastolic Hypertension,unmatched,,
Diclofenac,unmatched,,
Diet Modification,unmatched,,
"Diet, Food, and Nutrition",unmatched,,
"Diet, Healthy",unmatched,,
Dietary Modification,unmatched,,
Dietary Supplement,unmatched,,
Dietary Supplements,unmatched,,
Difference in the Change in Cardiovascular Risk in Treatment Resistant Schizophrenia,unmatched,,
Differences in Laboratory Coagulation Parameters,unmatched,,
Different Regimens in Treatment of Hypothyroidism During Fasting in Ramadan,unmatched,,
Differentiated Thyroid Cancer,unmatched,,
Differentiated Thyroid Carcinoma,unmatched,,
Differentiated Thyroid Carcinoma (DTC),unmatched,,
Difficult Airway Intubation,unmatched,,
Difficult Intubation,unmatched,,
Difficult Laryngoscopy,unmatched,,
Difficult-to-wean Adult Patients,unmatched,,
Diffuse Cutaneous Systemic Sclerosis,unmatched,,
Diffuse Large B Cell Lymphoma,ambiguous,,
Diffuse Large B Cell Lymphoma (DLBCL),unmatched,,
Diffuse Large B Cell Lymphoma CD20 Positive,unmatched,,
Diffuse Large B-Cell Lymphoma,ambiguous,,
Diffuse Large B-Cell Lymphoma (DLBCL),unmatched,,
Diffuse Large B-cell Lymphoma,ambiguous,,
Diffuse Large B-cell Lymphoma (DLBCL),unmatched,,
Diffuse Large B-cell Lymphoma(DLBCL),unmatched,,
Diffuse Myocardial Fibrosis,unmatched,,
Diffuse Parenchymal Lung Disease,unmatched,,
Digestion Chambers,unmatched,,
Digestive Disorders,unmatched,,
Digestive Health,unmatched,,
Digestive Oncology,unmatched,,
Digestive System Disease,unmatched,,
Digestive System Neoplasm,ambiguous,,
Digital Health,unmatched,,
Digital Ulcer,ambiguous,,
Digital Ulcer of Scleroderma,unmatched,,
Dilated Cardiomyopathy,ambiguous,,
Diltiazem,unmatched,,
Diltiazem Skin Sensitivity.,unmatched,,
Diltiazim,unmatched,,
Dimensional Changes,unmatched,,
Diminished Ovarian Reserve,unmatched,,
Direct Acting Anticoagulant Adverse Reaction,unmatched,,
Direct Oral Anticoagulants (DOACs),unmatched,,
Disability Free Survival,unmatched,,
Disc Herniation,unmatched,,
"Discoloration, Tooth",ambiguous,,
"Discrimination, Racial",unmatched,,
Disease Exacerbation,unmatched,,
Disease Management,unmatched,,
Disease Progression,ambiguous,,
Disease Regression,unmatched,,
"Disease, Hodgkin",ambiguous,,
Diseases of Mitral Valve,unmatched,,
Diseases of Oesophagus Stomach and Duodenum,unmatched,,
Diseases of the Circulatory System,unmatched,,
Disk Prolapse,unmatched,,
Disorder Due Cytochrome P450 CYP2D6 Variant,unmatched,,
Disorder Related to Renal Transplantation,unmatched,,
Disorder of Consciousness,unmatched,,
Disorder of Fetus or Newborn,unmatched,,
Disorder of Glucose Regulation,unmatched,,
Disorder of Knee,unmatched,,
Disorder of Urinary Stent,unmatched,,
Disorder of Vitamin D,unmatched,,
"Disorder, Organic",unmatched,,
Disordered Eating Behaviors,unmatched,,
Disorders Associated With Peritoneal Dialysis,unmatched,,
Disorders of Parathyroid Gland,unmatched,,
Dissecting Aneurysm of Cerebral Artery,unmatched,,
Disseminated Intravascular Coagulation,ambiguous,,
Disseminated Neuroblastoma,unmatched,,
Distal Extrahepatic Cholangiocarcinoma,unmatched,,
Distal Femur Fracture,unmatched,,
Distal Humerus Fractures (intra or Extra-articular),unmatched,,
Distal Radius Fracture,unmatched,,
Distal Radius Fractures,unmatched,,
Distress,unmatched,,
"Distress, Emotional",unmatched,,
Diuresis Preserved,unmatched,,
Diuretic Resistance,unmatched,,
Diuretics Drug Reactions,unmatched,,
Diverticular Sigmoïditis,unmatched,,
Diverticulitis,ambiguous,,
Dizziness,ambiguous,,
Domestic Violence,unmatched,,
Donor,unmatched,,
Donor Hepatectomy,unmatched,,
Donor Lymphocyte Infusion,unmatched,,
Dopamine Activity,unmatched,,
Dopamine Beta-Hydroxylase Deficiency,ambiguous,,
Dopamine Receptor Occupancy,unmatched,,
Doping in Sport,unmatched,,
Dose Finding Study,unmatched,,
"Dose-Response Relationship,Drug",unmatched,,
Double,unmatched,,
Double Diabetes,unmatched,,
Double Express Diffuse Large B-cell Lymphoma,unmatched,,
Double-Expressor Lymphoma,unmatched,,
Double-expressor Lymphoma (DEL),unmatched,,
Down Syndrome,ambiguous,,
Down Syndrome (DS),unmatched,,
Down Syndrome (Trisomy 21),unmatched,,
Down's Syndrome,unmatched,,
Doxorubicin,unmatched,,
Doxorubicin Induced Cardiomyopathy,unmatched,,
Doxorubicin Induced Cardiotoxicity,unmatched,,
Doxycycline Adverse Reaction,unmatched,,
Doxycycline STI PEP,unmatched,,
Driving Ability,unmatched,,
Driving Behavior,unmatched,,
Driving Impaired,unmatched,,
Driving Performance,unmatched,,
Driving Under the Influence,unmatched,,
Drop-out,unmatched,,
Drug,unmatched,,
Drug Absorption,unmatched,,
Drug Abuse,unmatched,,
Drug Addiction,unmatched,,
Drug Administration Schedule,unmatched,,
Drug Allergy,unmatched,,
Drug Binding to DAT Receptors,unmatched,,
Drug Biotransformation,unmatched,,
Drug Delivery Systems,unmatched,,
Drug Dependence,unmatched,,
Drug Distribution,unmatched,,
Drug Drug Interaction,unmatched,,
Drug Drug Interaction Study,unmatched,,
Drug Drug Interactions,unmatched,,
Drug Effect,unmatched,,
Drug Effect (Glaucoma Drugs),unmatched,,
Drug Exposition,unmatched,,
Drug Half Life,unmatched,,
Drug Hypersensitivity,ambiguous,,
Drug Hypersensitivity Syndrome,ambiguous,,
Drug Induced Constipation,unmatched,,
Drug Induced Dyskinesia,ambiguous,,
Drug Induced Liver Injury,unmatched,,
"Drug Induced Movement Disorder, Unspecified",unmatched,,
Drug Induced Weight Gain,unmatched,,
Drug Interaction,unmatched,,
Drug Interaction Potentiation,unmatched,,
Drug Interaction of Olmesartan in Healthy Chinese Volunteers,unmatched,,
Drug Interactions,unmatched,,
Drug Intolerance,unmatched,,
Drug Kinetics,unmatched,,
Drug Mechanism,unmatched,,
Drug Metabolism,unmatched,,
"Drug Metabolism, Poor, CYP2C19-RELATED",ambiguous,,
"Drug Metabolism, Poor, CYP2D6-RELATED",unmatched,,
Drug Monitoring,unmatched,,
Drug Overdose,ambiguous,,
Drug Pharmacokinetics in Healthy Volunteers,unmatched,,
Drug Poisoning,unmatched,,
Drug Rash With Eosinophilia and Systemic Symptoms,unmatched,,
Drug Reaction,unmatched,,
Drug Resistance,unmatched,,
"Drug Resistance, Microbial",unmatched,,
Drug Resistant,unmatched,,
Drug Resistant Epilepsy,ambiguous,,
Drug Survival,unmatched,,
Drug Therapy,unmatched,,
"Drug Therapy, Combination",unmatched,,
Drug Toxicity,unmatched,,
Drug Transporter,unmatched,,
Drug Usage,unmatched,,
Drug Use,unmatched,,
Drug Users,unmatched,,
Drug Withdrawal,unmatched,,
Drug- Drug Interactions,unmatched,,
Drug-Drug Interaction,unmatched,,
Drug-Drug Interaction (DDI),unmatched,,
Drug-Eluting Stent,unmatched,,
Drug-Eluting Stents,unmatched,,
Drug-Induced Anaphylaxis,unmatched,,
Drug-Induced Liver Injury,unmatched,,
Drug-Interactions,unmatched,,
Drug-Related Side Effects and Adverse Reactions,ambiguous,,
Drug-Susceptible Pulmonary Tuberculosis,unmatched,,
Drug-coated Balloon,unmatched,,
Drug-drug Interaction,unmatched,,
Drug-drug Interaction Study,unmatched,,
"Drug-drug Interaction,SHR3680",unmatched,,
Drug-eluting Spacer,unmatched,,
Drug-eluting Stent,unmatched,,
Drug-eluting Stent (DES),unmatched,,
Drug-induced Depressive State,unmatched,,
Drug-induced Extrapyramidal Side Effects,unmatched,,
Drug-induced Liver Injury,unmatched,,
Drug-induced Nausea and Vomiting,unmatched,,
Drug-induced QT Prolongation,unmatched,,
Drug-withdrawal.,unmatched,,
Drug/Agent Toxicity by Tissue/Organ,unmatched,,
Drugs,unmatched,,
"Drugs, Investigational",unmatched,,
Dry Age-related Macular Degeneration,unmatched,,
Dry Eye,unmatched,,
Dry Eye Disease,unmatched,,
Dry Eye Disease (DED),unmatched,,
Dry Eye Syndrome,ambiguous,,
Dry Eye Syndromes,ambiguous,,
Dual Anti-Platelet Therapy,unmatched,,
Dual Antiplatelet Therapy,unmatched,,
Duchenne Muscular Dystrophy,ambiguous,,
Duchenne Muscular Dystrophy (DMD),unmatched,,
Duchenne and Becker Muscular Dystrophy,unmatched,,
Ductal Breast Carcinoma In Situ,unmatched,,
Ductal Breast Carcinoma in Situ,unmatched,,
Ductal Carcinoma,ambiguous,,
Ductal Carcinoma in Situ,unmatched,,
Ductal Carcinoma in Situ - Category,unmatched,,
Ductus Arteriosus Patent,ambiguous,,
"Ductus Arteriosus, Patent",ambiguous,,
Duloxetine,unmatched,,
Dumping Syndrome,ambiguous,,
Duodenal Cancer,unmatched,,
Duodenal Neoplasms,ambiguous,,
Duodenal Polyps,unmatched,,
Duodenal Ulcer,ambiguous,,
Duodenal Ulcer Bleeding,unmatched,,
Duodenal Ulcer Due to Helicobacter Pylori,unmatched,,
Duodenal Ulcers,ambiguous,,
Dupuytren Contracture,ambiguous,,
Dupuytren's Contracture,unmatched,,
Dupuytren's Disease,unmatched,,
Duration of Labor,unmatched,,
Dydrogesterone,unmatched,,
Dye Allergy,unmatched,,
Dysautonomia,unmatched,,
Dysbiosis,ambiguous,,
Dysentery/Febrile Diarrhea,unmatched,,
Dysfunction Following Cardiac Surgery,unmatched,,
"Dysfunction Postoperative, Cardiac Surgery",unmatched,,
Dysfunctional Labor,unmatched,,
Dysfunctional Uterine Bleeding,unmatched,,
Dyskinesia,ambiguous,,
"Dyskinesia, Drug-Induced",ambiguous,,
"Dyskinesia, Medication-induced",unmatched,,
Dyskinesias,ambiguous,,
Dyslipidaemia,unmatched,,
Dyslipidaemias,unmatched,,
Dyslipidemia,ambiguous,,
Dyslipidemia & Hypertension,unmatched,,
Dyslipidemia (Fredrickson Type Ⅱa),unmatched,,
Dyslipidemia (Fredrickson Type Ⅱb),unmatched,,
Dyslipidemia Associated With Type II Diabetes Mellitus,unmatched,,
Dyslipidemia in Patients With Diabetes Mellitus,unmatched,,
"Dyslipidemia, Hypercholesterolemia, Hypertriglyceridemia",unmatched,,
"Dyslipidemia, Renal Insufficiency",unmatched,,
Dyslipidemia/Glucose Metabolism Disorder,unmatched,,
Dyslipidemias,ambiguous,,
Dysmenorrhea,ambiguous,,
Dysmenorrhea Primary,unmatched,,
Dysmenorrhoea,unmatched,,
Dyspareunia,ambiguous,,
Dyspareunia (Female),unmatched,,
Dyspepsia,ambiguous,,
Dyspepsia and Other Specified Disorders of Function of Stomach,unmatched,,
Dysphagia,unmatched,,
"Dysphagia, Esophageal",unmatched,,
"Dysphagia, Oropharyngeal",unmatched,,
Dysphonia,ambiguous,,
Dyspnea,ambiguous,,
Dyssomnias,ambiguous,,
Dysthymia,unmatched,,
Dysthymic Disorder,ambiguous,,
Dysthyroid Ophthalmopathy,unmatched,,
Dysthyroid Orbitopathy,unmatched,,
Dystonic Cerebral Palsy,unmatched,,
Dystrophia Myotonica Type 1,unmatched,,
Dysuria,ambiguous,,
E.coli Infections,unmatched,,
EBV,unmatched,,
EBV Lymphomas,unmatched,,
EBV Related Carcinoma,unmatched,,
"EBV Related PTCL, NOS",unmatched,,
"EBV-Positive DLBCL, NOS",unmatched,,
EBV-Related Gastric Carcinoma,unmatched,,
EBV-Related Hodgkin Lymphoma,unmatched,,
EBV-Related Leiomyosarcoma,unmatched,,
EBV-Related Lymphoproliferative Disorder,unmatched,,
EBV-Related Non-Hodgkin Lymphoma,unmatched,,
EBV-Related PTLD,unmatched,,
EBV-Related Sarcoma,unmatched,,
EC905,unmatched,,
EE,unmatched,,
EEG,unmatched,,
EEG With Periodic Abnormalities,unmatched,,
EGFR,unmatched,,
EGFR Mutation,unmatched,,
ENDOMETRIAL RECEPTIVITY,unmatched,,
ENT Cancer,unmatched,,
EPP,unmatched,,
ER Positive Breast Cancer,unmatched,,
ER+ Breast Cancer,unmatched,,
ER-positive Breast Cancer,unmatched,,
ERAS,unmatched,,
ERCP,unmatched,,
ERYTHROCYTOSIS,unmatched,,
ESI-related Bleeding,unmatched,,
ESRD,unmatched,,
EWINGS SARCOMA,ambiguous,,
Ear Infection,unmatched,,
Ear Infection Bacterial,unmatched,,
Earache,ambiguous,,
Early Alzheimer's Disease,unmatched,,
Early Chikungunya Arthritis,unmatched,,
Early Diabetic Nephropathy,unmatched,,
Early Gastric Cancer,unmatched,,
Early Lyme Disease,unmatched,,
Early Memory Loss,unmatched,,
Early Onset of Delivery Before 37 Weeks,unmatched,,
Early Psychosis,unmatched,,
Early Stage Endometrial Cancer,unmatched,,
Early Syphilis,unmatched,,
"Early Syphilis, Latent, Serological Relapse After Treatment",unmatched,,
Early-onset Schizophrenia Spectrum Disorders,unmatched,,
Early-stage Breast Cancer,unmatched,,
Eating Behavior,unmatched,,
Eating Behavior Changes,unmatched,,
Eating Disorder,unmatched,,
Eating Disorder Binge,ambiguous,,
"Eating Disorder Not Otherwise Specified, BMI (<=18)",unmatched,,
Eating Disorders,unmatched,,
Eating Habits,unmatched,,
Ebola Virus Disease,unmatched,,
Eclampsia,ambiguous,,
Eclampsia Preeclampsia,unmatched,,
"Eclampsia, Antepartum",unmatched,,
Ectasia,unmatched,,
Ectopic Pregnancy,ambiguous,,
Eczema,ambiguous,,
Edema,ambiguous,,
Edema Due to Heart Failure or Cirrhosis,unmatched,,
Edema Face,unmatched,,
"Edema,",ambiguous,,
Edentulism,unmatched,,
Edentulism Nos,unmatched,,
Edentulous Alveolar Ridge,unmatched,,
Edentulous Alveolar Ridge Atrophy,unmatched,,
Educational Problems,unmatched,,
Effect of Anesthesia in Discharge Time From Postanesthesia Care Unit,unmatched,,
Effect of Anesthesia in Discharge Time From the Hospital,unmatched,,
Effect of Anesthesia in Extubation Time,unmatched,,
Effect of Anesthesia in Postoperative Adverse Events,unmatched,,
Effect of Anesthesia in Postoperative Pain,unmatched,,
Effect of Drug,unmatched,,
Effect of Food,unmatched,,
Effect of Iron Status on Occurrence of NTBI,unmatched,,
Effect of Ketoconazole on the PK of NBI-98854 in Healthy Subjects,unmatched,,
Effective Intracanal Medicaments Against Enterococcus Faecalis,unmatched,,
Effects of Chemotherapy,unmatched,,
Effects of Different Meals on the QT/QTc Interval,unmatched,,
Effects of Immunotherapy,unmatched,,
Effects of Sativex on ECG,unmatched,,
Effects of the DPP-4 Inhibitors or SGLT2 Inhibitors on the Protective Actions for Diabetic Complications,unmatched,,
Effects of the Elements,unmatched,,
Effects of the External Testosteron Intake Over the Choroids of the Patients With Androgen Deficiency,unmatched,,
Efficacy,unmatched,,
Efficacy of Clarithromycin-Naproxen-Oseltamivir Combination Therapy vs. Oseltamivir Alone for Hospitalised Paediatric Influenza Patients,unmatched,,
Efficacy of DHEA,unmatched,,
Efficacy of Olmesartan on Cerebral Glucose Metabolism in Essential Hypertension,unmatched,,
Efficiency,unmatched,,
Effort Based Decision Making,unmatched,,
"Ehlers-Danlos Syndrome, Vascular Type",unmatched,,
Ejection Fraction,unmatched,,
Elastography,unmatched,,
Elbow Fracture,ambiguous,,
Elbow Fractures Involving a Combination of Fractures of the Radius and Uln,unmatched,,
Elbow Pain,unmatched,,
Elbow Trauma Requiring Operative Management,unmatched,,
Elderly,unmatched,,
Elderly Adults,unmatched,,
Elderly Infection,unmatched,,
Elderly Patients,unmatched,,
Elective Cesarean Section,unmatched,,
Elective Laparoscopic Cholecystectomy,unmatched,,
Elective Percutaneous Coronary Intervention,unmatched,,
Elective Surgery,unmatched,,
Elective Surgical Patients,unmatched,,
Elective Surgical Procedures,unmatched,,
Electric Impedance,unmatched,,
Electro-acupuncture,unmatched,,
Electroacupuncture,unmatched,,
Electrocardiogram Repolarisation Abnormality,unmatched,,
Electrocardiogram: Electrical Alternans,unmatched,,
Electrocardiography,unmatched,,
Electroconvulsive Therapy,unmatched,,
Electroencephalographic Neonatal Seizures,unmatched,,
Electroencephalography,unmatched,,
Electrographic Status Epilepticus,unmatched,,
Electrolyte Disturbance,unmatched,,
Electrolyte Imbalance,unmatched,,
Electrolyte and Fluid Balance Conditions,unmatched,,
Electromagnetic Field,unmatched,,
Electrophysiologic Property of Brain,unmatched,,
Elevated Blood Pressure,unmatched,,
Elevated Intraocular Pressure,unmatched,,
Elevated LDL Cholesterol,unmatched,,
Elevated Lipoprotein(a),unmatched,,
Elevated Lipoprotein(a) Level,unmatched,,
Elevated Low Density Lipoprotein Cholesterol,unmatched,,
Elevated Plasma Homocysteine (Hcy≥10µmol/L),unmatched,,
Elevated Serum PSA,unmatched,,
Elevated Serum Uric Acid,unmatched,,
Elevated Uric Acid,unmatched,,
Eligible for Transcatheter Aortic Valve Replacement,unmatched,,
Embolic Stroke of Undetermined Source,unmatched,,
Embolism,ambiguous,,
Embolism and Thrombosis,ambiguous,,
"Embolism, Atrial Fibrillation and Venous Thrombosis",unmatched,,
"Embolism, Paradoxical",ambiguous,,
Embryo Implantation,unmatched,,
Embryo Transfer,unmatched,,
Embryonal Rhabdomyosarcoma,ambiguous,,
Embryonal Rhabdomyosarcoma of Cervix,unmatched,,
Embryonal Rhabdomyosarcoma of Uterus (Diagnosis),unmatched,,
Embryonal Rhabdomyosarcoma of Vagina (Diagnosis),unmatched,,
Emergence Delirium,ambiguous,,
Emergency,ambiguous,,
Emergency Contraception,unmatched,,
Emergency Medical Services,unmatched,,
Emergency Medicine,unmatched,,
"Emergency Service, Hospital",unmatched,,
Emergency Treatment,unmatched,,
Emesis,unmatched,,
Emetic Attacks During Caesarean Delivery With Spinal Anesthesia,unmatched,,
Emotional,unmatched,,
Emotional Disorder,unmatched,,
Emotional Distress,unmatched,,
Emotional Processing,unmatched,,
Emotional Trauma,unmatched,,
Emotions,unmatched,,
Empagliflozin,unmatched,,
Empagliflozin in Cardiorenal Syndrome Type 1,unmatched,,
Empagliflozin in Post AKI Stage 2-3,unmatched,,
Empaglifozin,unmatched,,
Empathy,unmatched,,
Emphysema,ambiguous,,
Emphysema or COPD,unmatched,,
Employment,unmatched,,
Empyema,ambiguous,,
"Empyema, Pleural",ambiguous,,
Encephalitis,ambiguous,,
Encephalopathy,unmatched,,
"Encephalopathy, Hypoxic-Ischemic",unmatched,,
End Stage Kidney Disease (ESRD),unmatched,,
End Stage Renal Disease,unmatched,,
End Stage Renal Disease / Hemodialysis,unmatched,,
End Stage Renal Disease With Renal Transplant,unmatched,,
End Stage Renal Disease on Dialysis,unmatched,,
End Stage Renal Disease on Hemodialysis (Diagnosis),unmatched,,
End Stage Renal Failure With Renal Transplant,unmatched,,
End Stage Renal Failure on Dialysis,unmatched,,
End-Stage Kidney Disease,unmatched,,
End-Stage Kidney Disease (ESKD),unmatched,,
End-Stage Renal Disease,unmatched,,
End-stage Heart Failure,unmatched,,
End-stage Kidney Disease,unmatched,,
End-stage Renal Disease,unmatched,,
End-stage Renal Failure,unmatched,,
Endobronchial Dysplasia,unmatched,,
Endocarditis,ambiguous,,
Endocarditis Infective,unmatched,,
"Endocarditis, Infective",unmatched,,
Endocrine Dysfunction,unmatched,,
Endocrine Hypertension,unmatched,,
Endocrine Malignancy,unmatched,,
Endocrine System,unmatched,,
Endocrine System Diseases,ambiguous,,
Endodontic Disease,unmatched,,
Endodontic Treatment,unmatched,,
Endogenous Anterior Uveitis,unmatched,,
Endogenous Cushing Syndrome,unmatched,,
Endogenous Cushing's Syndrome,unmatched,,
Endometrial Adenocarcinoma,unmatched,,
Endometrial Atypical Hyperplasia/Endometrioid Intraepithelial Neoplasia,unmatched,,
Endometrial Bleeding,unmatched,,
Endometrial Cancer,unmatched,,
Endometrial Cancer Survivors,unmatched,,
Endometrial Carcinoma,unmatched,,
Endometrial Clear Cell Adenocarcinoma,unmatched,,
Endometrial Diseases,unmatched,,
Endometrial Disorder,unmatched,,
Endometrial Hyperplasia,ambiguous,,
Endometrial Hyperplasia Without Atypia,unmatched,,
Endometrial Intraepithelial Neoplasia,unmatched,,
Endometrial Neoplasms,ambiguous,,
Endometrial Pattern,unmatched,,
Endometrial Polyp,unmatched,,
Endometrial Receptivity,unmatched,,
Endometrial Serous Adenocarcinoma,unmatched,,
Endometrial Thickness,unmatched,,
Endometrial Undifferentiated Carcinoma,unmatched,,
Endometrioid Adenocarcinoma,unmatched,,
Endometrioid Endometrial Cancer,unmatched,,
Endometrioma,unmatched,,
Endometriosis,ambiguous,,
Endometriosis Related Pain,unmatched,,
Endometriosis-related Pain,unmatched,,
Endometriotic Cyst of Ovary,unmatched,,
Endometritis,ambiguous,,
Endometritis Postpartum,unmatched,,
Endometrium,unmatched,,
Endophthalmitis,ambiguous,,
Endophthalmitis Postoperative,unmatched,,
Endoscopic Retrograde Cholangiopancreatography,unmatched,,
Endoscopic Sinus Surgery,unmatched,,
Endoscopic Surgery,unmatched,,
Endoscopy,unmatched,,
Endothelial Dysfunction,unmatched,,
Endothelial Function,unmatched,,
Endothelial Function (FMD),unmatched,,
Endothelial Injury,unmatched,,
Endotheliitis,unmatched,,
"Endothelium, Vascular",unmatched,,
Endotoxemia,ambiguous,,
Endovacular Repair,unmatched,,
Endovascular Infection,unmatched,,
Endovascular Thrombectomy,unmatched,,
Endovascular Treatment,unmatched,,
Endstage Liver Disease,unmatched,,
Endstage Renal Disease,unmatched,,
Endurance Performance,unmatched,,
Energy,unmatched,,
Energy Drinks,unmatched,,
Energy Expenditure,unmatched,,
Energy Intake,unmatched,,
Energy Supply,unmatched,,
Enhanced External Counterpulsation (EECP),unmatched,,
Enhanced Recovery After Surgery for Laparoscopic Gastrectomy for Patients With Gastric Cancer,unmatched,,
Enlarged Heart,unmatched,,
Enlarged Prostate,unmatched,,
Enlarged Prostate With Lower Urinary Tract Symptoms,unmatched,,
Ensure the Legality and Compliance of the Testing Process,unmatched,,
Enterobacteriaceae Infections,ambiguous,,
Enterococcus Faecalis Infection,unmatched,,
Enterocolitis,ambiguous,,
Enthesitis Related Arthritis (ERA),unmatched,,
Enuresis,ambiguous,,
Eosinophilia,ambiguous,,
Eosinophilic Esophagitis,ambiguous,,
Eosinophilic Esophagitis (EoE),unmatched,,
Eosinophilic Gastroenteritis,unmatched,,
Eosinophilic Gastrointestinal Disorders (EGIDs),unmatched,,
Ependymoma,ambiguous,,
Epicardial Adipose Tissue,unmatched,,
Epicardial Fat,unmatched,,
Epicondylitis,unmatched,,
"Epicondylitis, Lateral",unmatched,,
"Epicondylitis, Lateral Humeral",unmatched,,
Epidermolysis Bullosa,ambiguous,,
Epidermolysis Bullosa Dystrophica,ambiguous,,
Epidermolysis Bullosa Simplex,ambiguous,,
"Epidermolysis Bullosa, Junctional",ambiguous,,
Epidural,unmatched,,
Epidural Analgesia,unmatched,,
Epilepsia Partialis Continua,ambiguous,,
Epilepsies,ambiguous,,
"Epilepsies, Partial",ambiguous,,
Epilepsy,ambiguous,,
Epilepsy With Partial On-set Seizures,unmatched,,
Epilepsy and Neuropathic Pain,unmatched,,
Epilepsy in Children,unmatched,,
Epilepsy in Pregnancy,unmatched,,
"Epilepsy, Absence",ambiguous,,
"Epilepsy, Complex Partial",ambiguous,,
"Epilepsy, Generalized",ambiguous,,
"Epilepsy, Idiopathic Generalized",ambiguous,,
"Epilepsy, Localization Related",unmatched,,
"Epilepsy, Partial",ambiguous,,
"Epilepsy, Partial Seizures",unmatched,,
"Epilepsy, Post-Traumatic",ambiguous,,
"Epilepsy, Rolandic",ambiguous,,
"Epilepsy, Temporal Lobe",ambiguous,,
"Epilepsy, Tonic-Clonic",ambiguous,,
"Epilepsy, Tonic-clonic",ambiguous,,
Epileptic Encephalopathy,unmatched,,
"Epileptic Encephalopathy, Childhood-Onset",unmatched,,
Epileptic Seizures,unmatched,,
"Epileptic Spasms, Failed Hormonal Therapy",unmatched,,
Epilepticus Status,ambiguous,,
"Epilepticus, Tonic-clonic",unmatched,,
Epiretinal Membrane,ambiguous,,
Episiotomy,unmatched,,
Episiotomy Wound,unmatched,,
Episodic Cluster Headache,unmatched,,
Episodic Memory Consolidation,unmatched,,
Episodic Migraine,unmatched,,
Epistaxis,ambiguous,,
Epithelial Malignancies,unmatched,,
Epithelial Ovarian Cancer,unmatched,,
Epithelial Tumor,unmatched,,
Epithelial-Mesenchymal Transition,unmatched,,
Eponychial Stent,unmatched,,
Epstein Barr Virus Infection,ambiguous,,
Epstein-Barr Virus,unmatched,,
Epstein-Barr Virus Associated Lymphoma,unmatched,,
Epstein-Barr Virus Infections,ambiguous,,
Epstein-Barr Virus-Associated Lymphoma,unmatched,,
Eradication,unmatched,,
Eradication Treatments,unmatched,,
Erectile Abnormalities,unmatched,,
Erectile Dysfunction,ambiguous,,
"Erectile Dysfunction, CTCAE",unmatched,,
"Erectile Dysfunction, Nocturia, Short Term Insomnia, Obstructive Sleep Apnea",unmatched,,
Erector Spina Plane Block,unmatched,,
Erector Spinae Plane Block,unmatched,,
Erector Spinea Plane Block,unmatched,,
Ergocalciferol,unmatched,,
Erosion,unmatched,,
Erosive Esophagitis,unmatched,,
Erosive Gastroesophageal Reflux Disease,unmatched,,
Erosive Osteoarthritis,unmatched,,
Erosive Reflux Disease,unmatched,,
Erythema Chronicum Migrans,ambiguous,,
Erythema Migrans,unmatched,,
Erythema Multiforme,ambiguous,,
Erythema Nodosum Leprosum,unmatched,,
Erythromelalgia,ambiguous,,
Erythroplakia,unmatched,,
Erythropoietic Protoporphyria,ambiguous,,
Esketamine,unmatched,,
Esophageal Achalasia,ambiguous,,
Esophageal Adenocarcinoma,unmatched,,
Esophageal Cancer,unmatched,,
Esophageal Disease,unmatched,,
Esophageal Diseases,ambiguous,,
Esophageal Metaplasia,unmatched,,
Esophageal Motility Disorders,ambiguous,,
Esophageal Neoplasms,ambiguous,,
Esophageal Squamous Cell Carcinoma,ambiguous,,
Esophageal Stenosis,ambiguous,,
Esophageal Stricture,unmatched,,
Esophageal Varices,unmatched,,
Esophageal Varices in Cirrhosis of the Liver,unmatched,,
Esophageal Varix Bleeding,unmatched,,
Esophageal and Gastric Varices,ambiguous,,
Esophagitis,ambiguous,,
"Esophagitis, Reflux",unmatched,,
Esophagogastric Cancer,unmatched,,
Esophagogastric Junction Adenocarcinoma,unmatched,,
Esophagogastric Junction Disorder,unmatched,,
Esophagus Disorder,unmatched,,
Essential,unmatched,,
Essential Arterial Hypertension,unmatched,,
Essential Hypertension,ambiguous,,
Essential Hypertension ( Mild to Moderate),unmatched,,
"Essential Hypertension, Dyslipidemia",unmatched,,
Essential Thrombocythemia,ambiguous,,
Essential Thrombocythemia (ET),unmatched,,
Essential Tremor,ambiguous,,
"Essential Tremor, Movement Disorders",unmatched,,
Essential Vocal Tremor,unmatched,,
Essential Voice Tremor,unmatched,,
"Essential,Hypertension",ambiguous,,
Established Carotid Atherosclerosis,unmatched,,
Estradiol,unmatched,,
Estradiol (E2) Vs. Placebo (PLAC),unmatched,,
Estrogen,unmatched,,
Estrogen Deficiency,unmatched,,
Estrogen Receptor Negative,unmatched,,
Estrogen Receptor Positive Breast Cancer,unmatched,,
Estrogen Receptor Positive Tumor,unmatched,,
Estrogen Receptor Status,unmatched,,
"Estrogen Receptor-Positive, HER2-Negative Advanced Breast Cancer",unmatched,,
Estrogen Receptor-positive Breast Cancer,unmatched,,
Estrogen Replacement Therapy,unmatched,,
Etc.,unmatched,,
"Etonogestrel Contraceptive Implant, Bothersome Bleeding",unmatched,,
Euploid Embryo Transfer,unmatched,,
Eustachian Tube Dysfunction,unmatched,,
Euthyroid,unmatched,,
Euthyroid Females,unmatched,,
Euthyroid Sick Syndrome,ambiguous,,
Euthyroid Sick Syndromes,ambiguous,,
Euthyroid With Thyroid Antibodies,unmatched,,
Evaluate the Safety and Efficacy of Apixaban,unmatched,,
Evaluation of Expected Bone Loss After Bariatric Surgery,unmatched,,
Evaluation of Pharmacokinetics of Sativex in the Absence and Presence of a CYP2C19 Inhibitor,unmatched,,
Evaluation of Pharmacokinetics of Sativex in the Absence and Presence of a Known Inducer of CYP3A4,unmatched,,
Evaluation of Pharmacokinetics of Sativex in the Absence and Presence of a Potent Inhibitor of CYP3A4,unmatched,,
Evaluation of Some Puberty-related Hormones Among Children and Adolescents With Chronic Kidney Diseases,unmatched,,
Evaluation of the Efficacy of UVB and Fluticason Proprionate 0.05%,unmatched,,
Evidence of Liver Transplantation,unmatched,,
Ewing's Family Tumors,unmatched,,
Exacerbation of Ulcerative Colitis,unmatched,,
Excess,unmatched,,
Excessive Crying,unmatched,,
Excessive Daytime Sleepiness,unmatched,,
Excitotoxicity,unmatched,,
Executive Dysfunction,unmatched,,
Executive Function,unmatched,,
Executive Function Deficits (EFD's),unmatched,,
Executive Function Deficits (EFD),unmatched,,
Executive Function Disorder,unmatched,,
Exercise,unmatched,,
Exercise Activity,unmatched,,
Exercise Induced Asthma,ambiguous,,
Exercise Induced Bronchospasm,unmatched,,
Exercise Induced Iron-deficiency,unmatched,,
Exercise Induced Muscle Damage,unmatched,,
Exercise Intolerance,unmatched,,
Exercise Overtraining,unmatched,,
Exercise Performance,unmatched,,
Exercise Physiology,unmatched,,
Exercise Tolerance,unmatched,,
Exercise Training,unmatched,,
Exercise Triggered Asthma,unmatched,,
Exercise-Induced Asthma,ambiguous,,
Exercise-induced Arterial Hypoxemia,unmatched,,
Exercise-induced Bronchoconstriction (EIB),unmatched,,
Exercise-induced Bronchospasm,unmatched,,
Exfoliation Glaucoma,unmatched,,
Exfoliation Syndrome,ambiguous,,
"Existent Coronary or Valvular Calcification, or Both and Agatston Score > 50 in at Least One Location",unmatched,,
Exocrine Pancreatic Insufficiency,ambiguous,,
Exogenous Allergic Alveolitis,unmatched,,
Expectancy,unmatched,,
Experimental Pain Perception,unmatched,,
Extensively Drug-Resistant Tuberculosis,ambiguous,,
Extensively-drug Resistant Tuberculosis,ambiguous,,
External Oblique Intercostal Block,unmatched,,
Extra Skeletal Myxoid Chondrosarcomas,unmatched,,
Extracapillary Glomerulonephritis,unmatched,,
Extracorporeal Membrane Oxygenation Complication,unmatched,,
Extracorporeal Shock Wave Lithotripsy,unmatched,,
Extracorporeal Shock Wave Therapy,unmatched,,
Extracting Own Teeth,unmatched,,
Extrahepatic Bile Duct Cancer,unmatched,,
Extramedullary Plasmacytoma,unmatched,,
Extranodal Marginal Zone B-cell Lymphoma of Mucosa-associated Lymphoid Tissue,unmatched,,
"Extranodal NK-T-Cell Lymphoma, Nasal Type",unmatched,,
Extranodal NK/T-cell Lymphoma,ambiguous,,
Extreme Prematurity,unmatched,,
Extremely Low Birth Weight,unmatched,,
Extrusion of Tooth,unmatched,,
Exudative Macular Degeneration,unmatched,,
Eye Diseases,ambiguous,,
"Eye Diseases, Hereditary",unmatched,,
Eye Infections,ambiguous,,
"Eye Infections, Bacterial",matched_exact,Eye Infections Bacterial,@DISEASE_Eye_Infections_Bacterial
Eye Injury Trauma,unmatched,,
Eyelid Diseases,ambiguous,,
FED,unmatched,,
FESS,unmatched,,
FHA (Functional Hypothalamic Amenorrhea),unmatched,,
FIGO Stage I Gestational Trophoblastic Tumor,unmatched,,
FIGO Stage II Gestational Trophoblastic Tumor,unmatched,,
FIGO Stage III Gestational Trophoblastic Tumor,unmatched,,
FLU,unmatched,,
FPIES,unmatched,,
FXS,unmatched,,
Fabry Disease,ambiguous,,
Fabry's Disease,unmatched,,
Face,unmatched,,
Facet Joint Pain,unmatched,,
Facet Joints,unmatched,,
Facet Syndrome of Lumbar Spine,unmatched,,
Facial Cellulitis,unmatched,,
Facial Defect,unmatched,,
Facial Nerve Paresis,unmatched,,
Facial Neuralgia,ambiguous,,
Facial Neuropathy,unmatched,,
Facial Pain,ambiguous,,
Facial Palsy,unmatched,,
Failed Back Surgery Syndrome,ambiguous,,
Failed Induction of Labor,unmatched,,
Failure of Dental Implant Due to Lack of Attached Gingiva,unmatched,,
"Failure, Kidney",unmatched,,
Falciparum Malaria,ambiguous,,
Fall,unmatched,,
Fall Prevention,unmatched,,
Falling,unmatched,,
Fallopian Cancer,unmatched,,
Fallopian Tube Cancer,unmatched,,
Fallopian Tube Carcinosarcoma,unmatched,,
Fallopian Tube Clear Cell Adenocarcinoma,unmatched,,
Fallopian Tube Endometrioid Adenocarcinoma,unmatched,,
Fallopian Tube Endometrioid Tumor,unmatched,,
Fallopian Tube Mucinous Adenocarcinoma,unmatched,,
Fallopian Tube Mucinous Neoplasm,unmatched,,
Fallopian Tube Neoplasms,ambiguous,,
Fallopian Tube Peristalsis and Patency,unmatched,,
Fallopian Tube Serous Adenocarcinoma,unmatched,,
Fallopian Tube Serous Neoplasm,unmatched,,
Fallopian Tube Transitional Cell Carcinoma,unmatched,,
Fallopian Tube Undifferentiated Carcinoma,unmatched,,
Falls,unmatched,,
Familial Adenomatous Polyposis,unmatched,,
Familial Adenomatous Polyposis (FAP),unmatched,,
Familial Benign Hematuria,ambiguous,,
Familial Combined Hypercholesterolemia,unmatched,,
Familial Fatal Insomnia,matched_token_set,Insomnia Fatal Familial,@DISEASE_Insomnia_Fatal_Familial
Familial Hypercholesterolaemia,unmatched,,
Familial Hypercholesterolemia,unmatched,,
Familial Hypercholesterolemia - Heterozygous,unmatched,,
Familial Hypercholesterolemia With Hyperlipemia,unmatched,,
Familial Primary Pulmonary Hypertension,ambiguous,,
Family History of Alzheimer's Disease,unmatched,,
Family Member,unmatched,,
Fanconi Anemia,ambiguous,,
Fangji Huangqi Pill,unmatched,,
Fascicular Block,unmatched,,
Fasting,unmatched,,
Fasting State,unmatched,,
"Fasting, Intermittent",unmatched,,
Fat Malabsorption,unmatched,,
Fat Reduction,unmatched,,
Fatigue,ambiguous,,
"Fatigue Syndrome, Chronic",ambiguous,,
Fatigue in Multiple Sclerosis,unmatched,,
Fatty Liver,ambiguous,,
Fatty Liver Disease,unmatched,,
"Fatty Liver, Nonalcoholic",unmatched,,
Fear,unmatched,,
Fear of Spiders,unmatched,,
Feasibility,unmatched,,
Feasibility Pilot Study,unmatched,,
Feasibility Study for Thyroid Indication,unmatched,,
Febrile Convulsion,unmatched,,
Febrile Neutropenia,ambiguous,,
Febrile Urinary Tract Infection,unmatched,,
Fecal Incontinence,ambiguous,,
Fed,unmatched,,
Feeding and Eating Disorders,ambiguous,,
Feeling Anxious,unmatched,,
Female,unmatched,,
Female Androgenetic Alopecia,unmatched,,
Female Contraception,unmatched,,
Female Genital Diseases,ambiguous,,
Female Infertility,ambiguous,,
Female Infertility Associated With Anovulation,unmatched,,
Female Infertility Due to Diminished Ovarian Reserve,unmatched,,
Female Orgasmic Disorder,unmatched,,
Female Pattern Hair Loss,unmatched,,
Female Reproductive Physiology,unmatched,,
Female Sexual Dysfunction,unmatched,,
Female Stress Incontinence,unmatched,,
"Female, Nonimplantation",unmatched,,
Femoracetabular Impingement,ambiguous,,
Femoral Acetabular Impingement,unmatched,,
Femoral Neck Fractures,ambiguous,,
Femoral Shaft Fracture,unmatched,,
Femoroacetabular Impingement,unmatched,,
Femoroacetabular Impingement Syndrome,unmatched,,
Femur Fracture,unmatched,,
Femur Head Necrosis,ambiguous,,
Fenofibrate,unmatched,,
Fenofibrate/Simvastatin Comparison,unmatched,,
Fentanyl,unmatched,,
Ferritin Threshold,unmatched,,
Fertility,unmatched,,
Fertility Control,unmatched,,
Fertility Disorders,unmatched,,
Fertility Issues,unmatched,,
Fertility Preservation,unmatched,,
Fertilization in Vitro,unmatched,,
Fetal Alcohol Spectrum Disorders,ambiguous,,
Fetal Blood Loss,unmatched,,
Fetal Death,ambiguous,,
Fetal Growth Retardation,ambiguous,,
Fetal Hemoglobin,unmatched,,
Fetal Hypoxia,ambiguous,,
Fetal Neurodevelopmental Disorder,unmatched,,
Fetal Neuroprotection,unmatched,,
Fetus and Newborn Affected by Other Maternal Medication,unmatched,,
Fetus or Newborn Affected by Condition of Umbilical Cord,unmatched,,
Fever,ambiguous,,
"Fever, Sweats, and Hot Flashes",unmatched,,
Fibrillation,unmatched,,
"Fibrillation, Atrial",ambiguous,,
Fibrinolysis,unmatched,,
Fibrinolytic Bleeding,unmatched,,
Fibroid,unmatched,,
Fibroid Uterus,unmatched,,
Fibroids,unmatched,,
Fibroma,ambiguous,,
Fibromyalgia,ambiguous,,
Fibromyalgia (FM),unmatched,,
Fibromyalgia Pain,unmatched,,
Fibromyalgia Syndrome,unmatched,,
"Fibromyalgia, Primary",unmatched,,
Fibrosis,ambiguous,,
Fibrosis Myocardial,unmatched,,
Fibrosis Syndrome,unmatched,,
"Fibrosis, Liver",unmatched,,
Filarial,unmatched,,
Filariasis,ambiguous,,
Filgrastim Adverse Reaction,unmatched,,
Fine Needle Aspiration Biopsy,unmatched,,
Finerenone,unmatched,,
Finger Deformity,unmatched,,
Finger Injuries,ambiguous,,
Fingers,unmatched,,
First Episode Psychosis,unmatched,,
First Manifestation of Steroid Sensitive Nephrotic Syndrome,unmatched,,
First Time Dual Chamber Pacemaker Implantation,unmatched,,
First Trimester Abortion,unmatched,,
First Trimester Pregnancy,unmatched,,
First-Episode Psychosis,unmatched,,
First-line Treatment of Metastatic Pancreatic Cancer,unmatched,,
Fissure,unmatched,,
Fissure in Ano,ambiguous,,
Fistula,ambiguous,,
Fistulectomy,unmatched,,
Fixed Dose Combination Tablets,unmatched,,
Flail Chest,ambiguous,,
Flank Pain,ambiguous,,
Flatfoot,ambiguous,,
Floppy Iris Syndrome,unmatched,,
Flow Diverter,unmatched,,
Flu,unmatched,,
Fluid Balance of ICU Patients,unmatched,,
Fluid Loss,unmatched,,
Fluid Over-load,unmatched,,
Fluid Overload,unmatched,,
Fluid Shifts,unmatched,,
"Fluorosis, Dental",ambiguous,,
Fluoxetine,unmatched,,
Flupentixol,unmatched,,
Flushing,ambiguous,,
Focal Dystonia,unmatched,,
Focal Epilepsy,unmatched,,
"Focal Infection, Dental",unmatched,,
Focal Onset Seizures,unmatched,,
Focal Segmental Glomerulosclerosis,ambiguous,,
Focus of Study,unmatched,,
Focus: Anal Incontinence After Lateral Sphincterotomy for Chronic Anal Fissure,unmatched,,
Focus: Bioavailability,unmatched,,
Focus: Nutritional Deficiency,unmatched,,
Foetuses Infection,unmatched,,
Folate Deficiency,unmatched,,
Folate Receptor-Alpha Positive,unmatched,,
Folic Acid Deficiency,ambiguous,,
"Folic Acid Deficiency Anemia, Dietary",unmatched,,
Follicle Count,unmatched,,
Follicle Development,unmatched,,
Follicle Size,unmatched,,
Follicular Fluid,unmatched,,
Follicular Lymphoma,ambiguous,,
Follicular Thyroid Cancer,ambiguous,,
Follicular Variant Thyroid Gland Papillary Carcinoma,unmatched,,
Folliculitis,ambiguous,,
Follow-Up,unmatched,,
Fontan,unmatched,,
Fontan Circulation,unmatched,,
Fontan Procedure,unmatched,,
Food Allergy,unmatched,,
Food Effect Study of CJ-30056 20mg/500mg,unmatched,,
Food Intake,unmatched,,
Food Reward,unmatched,,
Food Structure Impact on Micronutrient Bioavailability,unmatched,,
"Food, Fortified",unmatched,,
Food-drug Interaction,unmatched,,
Foot Eczema,unmatched,,
Foot Injuries and Disorders,unmatched,,
Foot Surgery,unmatched,,
Foot Ulcer,ambiguous,,
Forearm,unmatched,,
Forearm Fracture,unmatched,,
"Forearm Fractures (both Bone Forearm Fractures, Isolated Ulnar Shaft, Isolated Radial Shaft)",unmatched,,
Foreskin HIV Susceptibility,unmatched,,
Former Smoker,unmatched,,
Fra(X) Syndrome,unmatched,,
Fracture,unmatched,,
Fracture Acetabular,unmatched,,
Fracture Dislocation of Ankle Joint,unmatched,,
Fracture Femur,unmatched,,
Fracture Leg,unmatched,,
Fracture Lower Leg,unmatched,,
Fracture Wrist,ambiguous,,
Fracture of Head of Femur Articular Displaced,unmatched,,
Fracture of Hip,unmatched,,
"Fracture, Ankle",ambiguous,,
"Fracture, Lower or Distal End",unmatched,,
Fractures,unmatched,,
"Fractures, Bone",ambiguous,,
"Fractures, Closed",matched_exact,Fractures Closed,@DISEASE_Fractures_Closed
"Fractures, Open",ambiguous,,
Fragile X Mental Retardation Syndrome,unmatched,,
Fragile X Premutation Carriers,unmatched,,
Fragile X Syndrome,ambiguous,,
Fragile X-Associated Tremor/Ataxia Syndrome,unmatched,,
Fragility Fracture,unmatched,,
Frail Elderly Syndrome,unmatched,,
Frailty,ambiguous,,
Frequency of Infusion Reactions in Novel Versus Standard Protocol in Multiple Sclerosis,unmatched,,
Fresh Fracture,unmatched,,
Friedreich Ataxia,ambiguous,,
Friedreich's Ataxia,unmatched,,
Frontal Fibrosing Alopecia,unmatched,,
Frontal Lobe Dementia,unmatched,,
Frontal Temporal Dementia,unmatched,,
Frontotemporal Dementia,ambiguous,,
Frontotemporal Lobar Degeneration,ambiguous,,
Frontotemporal Lobe Dementia,unmatched,,
Frozen Embryo Transfer,unmatched,,
Frozen Shoulder,unmatched,,
Fucosidosis,unmatched,,
Full Term Pregnant Patients,unmatched,,
Full Thickness Rotator Cuff Tear,unmatched,,
Function,unmatched,,
Function Improvement,unmatched,,
Functional Bowel Disorders,unmatched,,
Functional Chest Pain,unmatched,,
Functional Constipation,unmatched,,
Functional Disability After ICU,unmatched,,
Functional Disorder,unmatched,,
Functional Disorder of Intestine,unmatched,,
Functional Disorder of Stomach,unmatched,,
Functional Disturbance,unmatched,,
Functional Dyspepsia,unmatched,,
Functional Dysphagia,unmatched,,
Functional Dysphonia,unmatched,,
Functional Endoscopic Sinus Surgery,unmatched,,
Functional Gastrointestinal Disorders,unmatched,,
Functional Magnetic Resonance Imaging,unmatched,,
Functional Performance,unmatched,,
Fungal Infection,unmatched,,
Fungal Infections,unmatched,,
Fungal Keratitis,unmatched,,
Fungal Meningitis,ambiguous,,
Fungemia,ambiguous,,
Funnel Chest,ambiguous,,
Furcation Defects,ambiguous,,
G6PD Deficiency,unmatched,,
GASTRITIS,ambiguous,,
GBM,unmatched,,
GENITAL HERPES,unmatched,,
GERD,unmatched,,
GERD - PPI Non-responders,unmatched,,
GERD Gastroesophageal Reflux Disease,unmatched,,
GERD Without Erosive Esophagitis,unmatched,,
GERD in Infants,unmatched,,
GI Bleeding,unmatched,,
GLP - 1,unmatched,,
GLP-1,unmatched,,
GLP-1 Concentration,unmatched,,
GM1 Gangliosidosis,matched_token_set,Gangliosidosis GM1,@DISEASE_Gangliosidosis_GM1
GORD,unmatched,,
GVHD,unmatched,,
Gabapentin,unmatched,,
Gabapentin Adverse Reaction,unmatched,,
Gait,unmatched,,
"Gait Disorders, Neurologic",ambiguous,,
Gait Impairment,unmatched,,
"Gait, Frontal",unmatched,,
Gallbladder Cancer,unmatched,,
Gallbladder Carcinoma,unmatched,,
Gallbladder Disease,unmatched,,
Gallbladder Dyskinesia,unmatched,,
Gallstone,ambiguous,,
Gallstone Disease,unmatched,,
Gambling,ambiguous,,
Gamma Aminobutyric Acid,unmatched,,
Ganglion Cyst,ambiguous,,
Ganglion Cysts,ambiguous,,
Gastrectomy,unmatched,,
Gastreoesophageal Reflux Disease,unmatched,,
Gastric (Stomach) Cancer,unmatched,,
Gastric Adenocarcinoma,unmatched,,
Gastric Adenoma,unmatched,,
Gastric Bypass,unmatched,,
Gastric Bypass Status,unmatched,,
Gastric Cancer,unmatched,,
Gastric Carcinoma Stage IV,unmatched,,
Gastric Diffuse Large B-cell Lymphoma,unmatched,,
Gastric Diseases,unmatched,,
Gastric Dysplasia,unmatched,,
Gastric Emptying,unmatched,,
Gastric Lesion,unmatched,,
Gastric Low-grade MALT Lymphoma With Helicobacter Pylori Positive,unmatched,,
Gastric MALT Lymphoma,unmatched,,
Gastric Motor Dysfunction,unmatched,,
Gastric Mucosa-associated Lymphoid Tissue (MALT),unmatched,,
Gastric Peroral Endoscopic Pyloromyotomy (G-POEM),unmatched,,
Gastric Reflux,unmatched,,
Gastric Retention,unmatched,,
Gastric Ulcer,unmatched,,
Gastric Ulcer Associated With Helicobacter Pylori,unmatched,,
Gastric Ulcer Induced by Antiplatelet Agent,unmatched,,
Gastric Ulcers,unmatched,,
Gastric Varices,unmatched,,
Gastric Varices Bleeding,unmatched,,
Gastric Varix,unmatched,,
Gastric or Duodenal Ulcers,unmatched,,
Gastric pH Control,unmatched,,
Gastric-bypass Surgery,unmatched,,
Gastrinoma,ambiguous,,
Gastritis,ambiguous,,
Gastritis Associated With Helicobacter Pylori,unmatched,,
Gastritis Dyspepsia Helicobacter Pylori Infection Gastric Cancer Peptic Ulcer,unmatched,,
"Gastritis, Gastric Ulcer, and Duodenal Ulcer",unmatched,,
Gastro Esophageal Reflux,unmatched,,
Gastro Esophageal Reflux Disorder,unmatched,,
Gastro-Intestinal Disorder,unmatched,,
Gastro-esophageal Junction Adenocarcinoma,unmatched,,
Gastro-esophageal Junction Cancer,unmatched,,
Gastro-esophageal Reflux,unmatched,,
GastroIntestinal Bleeding,unmatched,,
Gastrocutaneous Fistula,unmatched,,
Gastroduodenal Erosions,unmatched,,
Gastroduodenal Ulcer,unmatched,,
Gastroduodenal Ulcerations,unmatched,,
Gastroenteric Infections,unmatched,,
Gastroenteric Tract,unmatched,,
Gastroenteritis,ambiguous,,
Gastroenterology,unmatched,,
Gastroesophageal Junction Adenocarcinoma,unmatched,,
Gastroesophageal Junction Cancer,unmatched,,
Gastroesophageal Reflux,ambiguous,,
Gastroesophageal Reflux Disease,unmatched,,
Gastroesophageal Reflux Disease (GERD),unmatched,,
Gastroesophageal Refluxdisease,unmatched,,
Gastroesophageal Varices,unmatched,,
Gastroesophageal Varices Hemorrhage,unmatched,,
Gastrointestinal Bleeding,unmatched,,
Gastrointestinal Cancer,unmatched,,
Gastrointestinal Cancers,unmatched,,
Gastrointestinal Complication,unmatched,,
Gastrointestinal Disease,unmatched,,
Gastrointestinal Diseases,ambiguous,,
Gastrointestinal Dysfunction,unmatched,,
Gastrointestinal Erosions and/or Ulcers,unmatched,,
Gastrointestinal Health,unmatched,,
Gastrointestinal Hemorrhage,ambiguous,,
"Gastrointestinal Hemorrhage (Clinically Important, Upper)",unmatched,,
Gastrointestinal Hormones,unmatched,,
Gastrointestinal Infection,unmatched,,
Gastrointestinal Lesions,unmatched,,
Gastrointestinal Microbiome,unmatched,,
Gastrointestinal Motility Disorder,unmatched,,
Gastrointestinal Mucosal Damage,unmatched,,
Gastrointestinal Neoplasms,ambiguous,,
Gastrointestinal Stromal Tumor With Neurogenic Differentiation,unmatched,,
Gastrointestinal Stromal Tumors,ambiguous,,
Gastrointestinal Tumors,unmatched,,
Gastrointestinal Ulcer (Peptic) or Erosion,unmatched,,
Gastroparesis,ambiguous,,
Gastroretentive Drug Formulation of Furosemide,unmatched,,
Gastrostomy Complications,unmatched,,
Gaucher's Disease,unmatched,,
Gemcitabine,unmatched,,
Gender,unmatched,,
Gender Dysphoria,ambiguous,,
Gender Identity,unmatched,,
Gender Identity Dysphoria,unmatched,,
Gender Incongruence,unmatched,,
Gender Issues,unmatched,,
Gender-Affirming Care,unmatched,,
Gene Abnormality,unmatched,,
Gene Expression,unmatched,,
General Anesthesia,unmatched,,
"General Anxiety Disorder, Social Anxiety Disorder",unmatched,,
Generalised Anxiety Disorder,unmatched,,
Generalized Aggressive Periodontitis,unmatched,,
Generalized Anxiety Disorder,unmatched,,
Generalized Anxiety Disorder (GAD),unmatched,,
Generalized Anxious Disorders,unmatched,,
Generalized Convulsive Epilepsy,unmatched,,
Generalized Convulsive Status Epilepticus,unmatched,,
Generalized Epilepsy,ambiguous,,
Generalized Tonic Clonic Seizures,unmatched,,
Generalized Tonic-Clonic Seizures,unmatched,,
Generalized Tonic-clonic Seizures,unmatched,,
Genetic Disease,unmatched,,
"Genetic Diseases, Inborn",ambiguous,,
"Genetic Diseases, X-Linked",ambiguous,,
Genetic Disorder,unmatched,,
Genetic Polymorphisms,unmatched,,
Genetic Predisposition,unmatched,,
Genetic Predisposition to Disease,unmatched,,
Genetic Risk for Alzheimer's Disease,unmatched,,
Genetic Syndrome,unmatched,,
Genetic Testing,unmatched,,
"Genital Diseases, Female",ambiguous,,
"Genital Diseases, Male",ambiguous,,
Genital Herpes,unmatched,,
Genital Lichen Planus,unmatched,,
"Genital Neoplasms, Male",matched_exact,Genital Neoplasms Male,@DISEASE_Genital_Neoplasms_Male
Genitourinary Infection,unmatched,,
Genitourinary Syndrome of Menopause,unmatched,,
Genotype,unmatched,,
Genotype-related Drug Metabolism,unmatched,,
Geographic Atrophy,ambiguous,,
Geriatric Depression,unmatched,,
Geriatrics,unmatched,,
Germ Cell Tumor,unmatched,,
Germ Cell Tumors,unmatched,,
Germ Cell Tumour,unmatched,,
Geroscience,unmatched,,
Gestational Diabetes,ambiguous,,
Gestational Diabetes Mellitus,unmatched,,
Gestational Diabetes Mellitus in Pregnancy,unmatched,,
"Gestational Diabetes Mellitus, Class A2",unmatched,,
Gestational Hypertension,unmatched,,
Gestational Trophoblastic Disease,ambiguous,,
Gestational Trophoblastic Neoplasia,unmatched,,
Gestational Trophoblastic Neoplasms,unmatched,,
Gestational Trophoblastic Tumor,unmatched,,
Gestational Weight Gain,ambiguous,,
Giant Cell Arteritis,ambiguous,,
Giant Cell Arteritis (GCA),unmatched,,
Giant Lymph Node Hyperplasia,unmatched,,
Gingival Phenotype,unmatched,,
Gingival Recession,ambiguous,,
"Gingival Recession, Localized",unmatched,,
Gingivitis,ambiguous,,
Gitelman Syndrome,ambiguous,,
Glaucoma,ambiguous,,
"Glaucoma, Angle-Closure",ambiguous,,
"Glaucoma, Open Angle",ambiguous,,
"Glaucoma, Open-Angle",ambiguous,,
"Glaucoma, Open-angle",ambiguous,,
"Glaucoma, Primary Open Angle",unmatched,,
"Glaucoma, Primary Open Angle (POAG)",unmatched,,
"Glaucoma, Suspect",unmatched,,
"Glaucoma,Open-Angle",ambiguous,,
Glenohumeral Osteoarthritis,unmatched,,
Glimepiride BE Study in Healthy Volunteers Under Fasting Condition,unmatched,,
Glioblastoma,ambiguous,,
Glioblastoma Multiforme,unmatched,,
Glioblastoma Multiforme of Brain,unmatched,,
"Glioblastoma Multiforme, Adult",unmatched,,
"Glioblastoma, IDH-wildtype",unmatched,,
Glioma,ambiguous,,
Glioma of Brain,unmatched,,
"Glioma, Malignant",unmatched,,
Gliosarcoma,ambiguous,,
Globoid Cell Leukodystrophy,ambiguous,,
Globus Sensation,ambiguous,,
Glomerular Filtration Rate,unmatched,,
Glomerulonephritis,ambiguous,,
"Glomerulonephritis, IGA",ambiguous,,
"Glomerulonephritis, Immunoglobulin A (IgA)",unmatched,,
"Glomerulonephritis, Membranous",ambiguous,,
Glomerulopathy (Obesity-associated),unmatched,,
Glossodynia,unmatched,,
Glucagon Like Peptide-1 (GLP-1,unmatched,,
Glucagon-Like Peptide 1,unmatched,,
Glucagon-like Peptide-1,unmatched,,
Glucocorticoid,unmatched,,
Glucocorticoid Induced Osteoporosis,unmatched,,
Glucocorticoid-Associated Osteopenia and Osteoporosis,unmatched,,
Glucocorticoid-induced Beta-cell Dysfunction,unmatched,,
Glucocorticoid-induced Diabetes,unmatched,,
Glucocorticoid-induced Glucometabolic Abnormalities,unmatched,,
Glucocorticoids,unmatched,,
Glucocorticoids Toxicity,unmatched,,
Glucose 6 Phosphatase Deficiency,unmatched,,
Glucose Intolerance,ambiguous,,
Glucose Metabolism,unmatched,,
Glucose Metabolism Disorder,ambiguous,,
Glucose Metabolism Disorders,ambiguous,,
Glucose Tolerance,unmatched,,
"Glucose, High Blood",unmatched,,
Glucotoxicity,unmatched,,
Glucuronosyltransferase,unmatched,,
Gluten-free Diet,unmatched,,
Glycemia During Coronary Artery Bypass Graft,unmatched,,
Glycemic Control,unmatched,,
Glycemic Remission,unmatched,,
Glycocalyx,unmatched,,
Glycogen Metabolism,unmatched,,
Glycogen Storage Disease Type I,matched_exact,Glycogen Storage Disease Type I,@DISEASE_Glycogen_Storage_Disease_Type_I
Glycogen Storage Disease Type IA,unmatched,,
Glycogen Storage Disease Type II,ambiguous,,
Glycogen Storage Disease Type III,matched_exact,Glycogen Storage Disease Type III,@DISEASE_Glycogen_Storage_Disease_Type_III
Glycoprotein Metabolic Disorders,unmatched,,
GnRH Deficiency,unmatched,,
Goiter,ambiguous,,
"Goiter, Nodular",ambiguous,,
Gonadal Disorder,ambiguous,,
Gonadal Disorders,ambiguous,,
Gonadal Dysgenesis,ambiguous,,
Gonadal Thrombosis,unmatched,,
Gonadotropin Deficiency,unmatched,,
"Gonadotropin and Ovarian Hormone Levels (FSH, LH, E2, P)",unmatched,,
Gonococcal Infection,unmatched,,
Gonorrhea,ambiguous,,
Gonorrhea Male,unmatched,,
Gout,ambiguous,,
Gout Acute,unmatched,,
Gout Attack,unmatched,,
Gout Chronic,unmatched,,
Gout Flare,unmatched,,
Gout Patients,unmatched,,
Gout and Hyperuricemia,unmatched,,
Graafian Follicle,unmatched,,
Grade 1 Endometrial Endometrioid Adenocarcinoma,unmatched,,
Grade 1 Endometrial Endometrioid Carcinoma,unmatched,,
Grade 1 Follicular Lymphoma,unmatched,,
Grade 2 Endometrial Endometrioid Adenocarcinoma,unmatched,,
Grade 2 Follicular Lymphoma,unmatched,,
Grade 3a Follicular Lymphoma,unmatched,,
Grade I or II Essential Hypertension,unmatched,,
Grade I/II Ankle Sprain,unmatched,,
Graft Failure,unmatched,,
Graft Patency,unmatched,,
Graft Uptake,unmatched,,
Graft Versus Host Disease,unmatched,,
Graft vs Host Disease,ambiguous,,
Graft vs. Host Disease,ambiguous,,
Graft-versus-host Disease,unmatched,,
Graft-versus-host Disease (GVHD),unmatched,,
Gram-Negative Bacterial Infections,ambiguous,,
Gram-negative Bacteraemia,unmatched,,
Gram-negative Bacteremia,unmatched,,
Gram-negative Infection,unmatched,,
Grand Mal Status Epilepticus,unmatched,,
Granulomatosis With Polyangiitis,ambiguous,,
Granulosa Cell,unmatched,,
Granulosa Cell Ovarian Cancer,unmatched,,
Granulosa Cell Tumour of the Ovary,unmatched,,
Graves Disease,ambiguous,,
Graves Disease (Basedow&#39,unmatched,,
Graves Disease (Basedow's Disease),unmatched,,
Graves Ophthalmopathy,ambiguous,,
Graves Orbitopathy,unmatched,,
Graves' Disease,ambiguous,,
Graves' Dysthyroid Ophthalmopathy,unmatched,,
Graves' Ophthalmopathy,ambiguous,,
Graves' Orbitopathy,unmatched,,
Graves´ Disease,ambiguous,,
Gray Zone Lymphoma,unmatched,,
Greater Trochanteric Pain Syndrome,unmatched,,
Grief,unmatched,,
Gross Motor Development Delay,unmatched,,
Group A Streptococcal Pharyngitis,unmatched,,
Growth,unmatched,,
Growth &Amp,unmatched,,
Growth Disorders,ambiguous,,
Growth Failure,unmatched,,
Growth Faltering,unmatched,,
Growth Hormone Deficiency,unmatched,,
Growth Retardation,unmatched,,
Gulf War Illness,unmatched,,
Gut Health,unmatched,,
Gut Microbiota,unmatched,,
Gut Resistome,unmatched,,
Gut-Brain Disorders,unmatched,,
Gynaecological Cancer,unmatched,,
Gynandroblastoma,unmatched,,
Gynecologic Cancer,unmatched,,
Gynecologic Cancers,unmatched,,
Gynecologic Disease,unmatched,,
Gynecologic Infections,unmatched,,
Gynecologic Surgery,unmatched,,
Gynecological Cancer,unmatched,,
Gynecological Tumor,unmatched,,
Gynecology,unmatched,,
H Pylori Eradication,unmatched,,
H Pylori Infection,unmatched,,
H Pylori Infection Eradication,unmatched,,
H-pylori,unmatched,,
H. Pylori Infection,unmatched,,
H.Pylori Infection,unmatched,,
H1N1 Influenza,unmatched,,
HCC,unmatched,,
HCC - Hepatocellular Carcinoma,unmatched,,
HCV Infection,unmatched,,
HDL Cholesterol,unmatched,,
HEENT Cancer,unmatched,,
HELICOBACTER PYLORI INFECTIONS,unmatched,,
HELLP Syndrome,ambiguous,,
HER 2 Negative Breast Cancer,unmatched,,
HER-2,unmatched,,
HER2 Mutation,unmatched,,
HER2 Negative Breast Carcinoma,unmatched,,
HER2 Positive,unmatched,,
HER2 Positive Breast Cancer,unmatched,,
HER2+ Breast Cancer,unmatched,,
HER2-Negative Breast Cancer,unmatched,,
HER2-Negative Breast Carcinoma,unmatched,,
HER2-negative Breast Cancer,unmatched,,
HER2-positive Breast Cancer,unmatched,,
HER2/Neu Negative,unmatched,,
HER2/Neu Positive,unmatched,,
HF - Heart Failure,unmatched,,
HFpEF - Heart Failure With Preserved Ejection Fraction,unmatched,,
HFrEF,unmatched,,
HHV-8,unmatched,,
HIV,unmatched,,
HIV Associated Neurocognitive Disorder,unmatched,,
HIV I Infection,unmatched,,
HIV Infection,ambiguous,,
HIV Infections,ambiguous,,
HIV Neuropathy,unmatched,,
HIV Pre-Exposure Prophylaxis,unmatched,,
HIV Pre-exposure Prophylaxis,unmatched,,
HIV Prevention and Care,unmatched,,
HIV Seronegativity,unmatched,,
HIV Seropositivity,ambiguous,,
HIV-1 Infection,unmatched,,
HIV-1 and Hepatitis C Co-Infection,unmatched,,
HIV-1-infection,unmatched,,
HIV-2 Infection,unmatched,,
HIV-associated Co-morbidities,unmatched,,
HIV-associated Tuberculosis,unmatched,,
HIV-infected Patients,unmatched,,
HIV-infection,ambiguous,,
HIV-infection/Aids,unmatched,,
HIV-related Neuropathic Pain (HIV),unmatched,,
HIV/AIDS,unmatched,,
HMG-CoA Reductase Inhibitor Toxicity,unmatched,,
HNSCC,unmatched,,
HPV,unmatched,,
HPV (Human Papillomavirus)-associated,unmatched,,
HPV-Induced Genital Lesions,unmatched,,
HPV-Related Squamous Cell Carcinoma,unmatched,,
"HR+ HER2- Metastatic Breast Cancer, Ovarian Cancer, Fallopian Tube Cancer, Primary Peritoneal Cancer, Triple Negative Breast Cancer, Male Breast Cancer",unmatched,,
"HR+, HER2-, Advanced Breast Cancer",unmatched,,
HR+/HER2- Breast Cancer,unmatched,,
HR-positive Breast Cancer,unmatched,,
HSV Encephalitis,unmatched,,
HSV Infection,unmatched,,
HSV Throat Reactivation,unmatched,,
HTLV-I Infection,ambiguous,,
HYPERCHOLESTEROLEMIA,ambiguous,,
HYPERGLYCEMIA,ambiguous,,
HYPERTENSION,ambiguous,,
Haematological Malignancy,unmatched,,
Haemodynamic Stability,unmatched,,
Haemolytic and Uremic Syndrome,unmatched,,
Hailey-Hailey Disease,unmatched,,
Hair Diseases,ambiguous,,
Hair Loss,unmatched,,
Hair Loss/Baldness,unmatched,,
Hair Thinning,unmatched,,
Hairy Cell Leukemia,ambiguous,,
Hallux Valgus,ambiguous,,
Haloperidol Causing Adverse Effects in Therapeutic Use,unmatched,,
Hammertoe,unmatched,,
Hamstring Injury,unmatched,,
Hand,unmatched,,
"Hand Deformities, Congenital",matched_exact,Hand Deformities Congenital,@DISEASE_Hand_Deformities_Congenital
Hand Dermatosis,unmatched,,
Hand Eczema,unmatched,,
Hand Grip Strength,unmatched,,
Hand Injuries,ambiguous,,
Hand Laceration,unmatched,,
Hand Osteoarthritis,unmatched,,
Hand Strength,unmatched,,
Hand Surgery,unmatched,,
Hand and Foot Syndrome,unmatched,,
"Hand, Foot and Mouth Disease",ambiguous,,
Hand-Foot Skin Reaction (HFSR),unmatched,,
Hand-foot Syndrome,ambiguous,,
Hashimoto,unmatched,,
Hashimoto Disease,ambiguous,,
Hashimoto Thyroiditis,unmatched,,
Hashimoto's Disease,unmatched,,
Hay Fever,unmatched,,
Hayfever,unmatched,,
Hazardous and Harmful Alcohol Use,unmatched,,
HbA1c,unmatched,,
Head &Amp,unmatched,,
Head Cancer Neck,unmatched,,
"Head Injuries, Closed",ambiguous,,
Head Injury,unmatched,,
Head Injury Trauma Blunt,unmatched,,
Head and Neck Cancer,unmatched,,
Head and Neck Cancers,unmatched,,
Head and Neck Neoplasms,ambiguous,,
Head and Neck Squamous Cell Carcinoma,unmatched,,
Head and Neck Surgeries,unmatched,,
Headache,ambiguous,,
Headache Disorders,ambiguous,,
"Headache Disorders, Primary",ambiguous,,
"Headache, Cluster",ambiguous,,
"Headache, Migraine",unmatched,,
Headaches,ambiguous,,
Healhty,unmatched,,
Health,unmatched,,
Health Behavior,unmatched,,
Health Education,unmatched,,
Health Participants,unmatched,,
Health Related Quality of Life,unmatched,,
Health Services for Transgender Persons,unmatched,,
Health Volunteer,unmatched,,
Health and Wellbeing,unmatched,,
"Health, Subjective",unmatched,,
Healthcare Workers,unmatched,,
Healthy Adult Male and Female Volunteers,unmatched,,
Healthy Adult Males Volunteers,unmatched,,
Healthy Adult Premenopausal Female Volunteers,unmatched,,
Healthy Adult Subjects,unmatched,,
Healthy Adult Volunteers,unmatched,,
Healthy Aging,unmatched,,
Healthy Donors,unmatched,,
Healthy Elderly Male,unmatched,,
Healthy Female Participants,unmatched,,
Healthy Female Volunteers,unmatched,,
Healthy Females,unmatched,,
Healthy Individuals,unmatched,,
Healthy Lactating Women,unmatched,,
Healthy Male,unmatched,,
Healthy Male Adult Volunteers,unmatched,,
Healthy Male Subjects,unmatched,,
Healthy Male Volunteer,unmatched,,
Healthy Male Volunteers,unmatched,,
Healthy Male and Female Subjects,unmatched,,
Healthy Males,unmatched,,
Healthy Men,unmatched,,
"Healthy Non-dependent, Recreational Sedative Users",unmatched,,
Healthy Normotensive Participants,unmatched,,
Healthy Person,unmatched,,
Healthy Recreational Drug Users,unmatched,,
Healthy Study Participants,unmatched,,
Healthy Subjects (Treated With no Diabetes Therapies),unmatched,,
Healthy Vollunteer,unmatched,,
Healthy Volunteer Male Subjects,unmatched,,
Healthy Volunteer Study,unmatched,,
Healthy Volunteers (Intended Indication: Chronic Kidney Disease),unmatched,,
Healthy Volunteers (Non-alcoholic Steatohepatitis),unmatched,,
"Healthy Volunteers Diabetes Mellitus, Type 2",unmatched,,
Healthy Volunteers Obesity,unmatched,,
Healthy Volunteers Overweight,unmatched,,
"Healthy Volunteers Sickle Cell Disease, Thalassemia",unmatched,,
Healthy Volunteers Type 2 Diabetes,unmatched,,
Healthy Volunteers in Fed and Fasted State,unmatched,,
Healthy Young and Older Adults,unmatched,,
Healty Male Volunteers,unmatched,,
Healty Volunteers,unmatched,,
Hearing Loss,ambiguous,,
Hearing Status,unmatched,,
Heart,unmatched,,
Heart Arrest,ambiguous,,
Heart Attack,unmatched,,
Heart Decompensation,unmatched,,
"Heart Decompensation, Acute",unmatched,,
"Heart Defects, Congenital",ambiguous,,
Heart Disease,unmatched,,
Heart Diseases,ambiguous,,
Heart Diseases in Pregnancy,unmatched,,
Heart Dysfunction,unmatched,,
Heart Failure,ambiguous,,
Heart Failure (HF),unmatched,,
Heart Failure - NYHA II - IV,unmatched,,
Heart Failure Acute,unmatched,,
Heart Failure Congenital,unmatched,,
Heart Failure Hospitalization,unmatched,,
Heart Failure NYHA Class I,unmatched,,
Heart Failure NYHA Class II,unmatched,,
Heart Failure NYHA Class III,unmatched,,
Heart Failure NYHA Class IV,unmatched,,
Heart Failure Patients,unmatched,,
Heart Failure Preserved Ejection Fraction,unmatched,,
Heart Failure With Mid Range Ejection Fraction,unmatched,,
Heart Failure With Normal Ejection Fraction,unmatched,,
Heart Failure With Preserved Ejection Fraction,unmatched,,
Heart Failure With Preserved Ejection Fraction (HFPEF),unmatched,,
Heart Failure With Preserved Ejection Fraction (HFpEF),unmatched,,
Heart Failure With Reduced Ejection Fraction,unmatched,,
Heart Failure With Reduced Ejection Fraction (HF-rEF),unmatched,,
Heart Failure With Reduced Ejection Fraction (HFrEF),unmatched,,
Heart Failure With Reduced Ejection Fraction HFrEF,unmatched,,
Heart Failure and Chronic Kidney Disease Post-ICU,unmatched,,
Heart Failure and Reduced Ejection Fraction,unmatched,,
Heart Failure with Mid-range Ejection Fraction,unmatched,,
Heart Failure with Moderately Reduced Ejection Fraction,unmatched,,
Heart Failure with Preserved Ejection Fraction,unmatched,,
Heart Failure with Reduced Ejection Fraction,unmatched,,
"Heart Failure, Congestive",unmatched,,
"Heart Failure, Congestive and Microalbuminuria",unmatched,,
"Heart Failure, Diastolic",ambiguous,,
"Heart Failure, Hyperuricemia",unmatched,,
"Heart Failure, Left Sided",unmatched,,
"Heart Failure, Left-Sided",unmatched,,
"Heart Failure, Systolic",ambiguous,,
Heart Failure，Congestive,unmatched,,
Heart Injuries,ambiguous,,
Heart Murmurs,ambiguous,,
Heart Rate,unmatched,,
Heart Rate Variability,unmatched,,
Heart Rate Variability (ANS Function),unmatched,,
Heart Rate and Rhythm Disorders,unmatched,,
Heart Repolarization,unmatched,,
Heart Rhythm Disorder,unmatched,,
"Heart Septal Defects, Atrial",ambiguous,,
Heart Surgery Via Sternotomy,unmatched,,
Heart Transplant,unmatched,,
Heart Transplant Failure,unmatched,,
Heart Transplant Failure and Rejection,unmatched,,
Heart Transplant Infection,unmatched,,
Heart Transplant Recipient,unmatched,,
Heart Transplant Recipients,unmatched,,
Heart Transplantation,unmatched,,
Heart Valve Disease,unmatched,,
Heart Valve Diseases,ambiguous,,
Heart Valve Diseases or Prosthesis,unmatched,,
Heart Valve Prosthesis Implantation,unmatched,,
Heart Valve Replacement,unmatched,,
"Heart, Congestive",unmatched,,
Heartburn,ambiguous,,
Hearth Failure With Reduced Ejection Fraction (HFrEF),unmatched,,
Heat,unmatched,,
Heat Effect,unmatched,,
Heat Illness,unmatched,,
Heat Injury,unmatched,,
Heat Stress,unmatched,,
Heathy Participants,unmatched,,
Heavy Drinking,unmatched,,
Heavy Menstrual Bleeding,unmatched,,
Heavy Proteinuria,unmatched,,
Heavy Uterine Bleeding,unmatched,,
Hedonic Function,unmatched,,
Helicobacter Eradication,unmatched,,
Helicobacter Infection,ambiguous,,
Helicobacter Infections,ambiguous,,
Helicobacter Pylori,unmatched,,
Helicobacter Pylori Eradication,unmatched,,
Helicobacter Pylori Gastritis,unmatched,,
Helicobacter Pylori Infection,unmatched,,
Helicobacter Pylori Infections,unmatched,,
Helicobacter Pylori Resistance,unmatched,,
Helicobacter Pylori Treatment Failure,unmatched,,
Helicobacter Pylori [H. Pylori] as the Cause of Diseases,unmatched,,
Helminthiasis,unmatched,,
Helminthic Infection,unmatched,,
Hemangioblastoma of CNS,unmatched,,
Hemangioma,ambiguous,,
Hemangioma Liver,unmatched,,
"Hemangioma, Capillary",ambiguous,,
Hemangiomas,ambiguous,,
Hematologic Diseases,ambiguous,,
Hematologic Disorders,unmatched,,
Hematologic Malignancies,unmatched,,
Hematologic Malignancy,unmatched,,
Hematologic Non Malignancy,unmatched,,
Hematological Cancer,unmatched,,
Hematological Diseases,unmatched,,
Hematological Malignancies,unmatched,,
Hematological Malignancy,unmatched,,
Hematological Patients,unmatched,,
Hematology,unmatched,,
Hematoma,ambiguous,,
Hematopoetic Myelodysplasia,unmatched,,
Hematopoetic Stem Cell Transplantation,unmatched,,
Hematopoietic Stem Cell Transplant (HSCT),unmatched,,
Hematopoietic Stem Cell Transplantation,unmatched,,
Hematopoietic Stem Cells,unmatched,,
Hematopoietic and Lymphatic System Neoplasm,unmatched,,
Hematopoietic and Lymphoid Cell Neoplasm,unmatched,,
Hematopoietic and Lymphoid System Neoplasm,unmatched,,
Hematopoietic/Lymphoid Cancer,unmatched,,
Hematospermia,unmatched,,
Hematuria,ambiguous,,
Hemiplegia and/or Hemiparesis Following Stroke,unmatched,,
Hemiplegic Cerebral Palsy,unmatched,,
Hemithyroidectomy,unmatched,,
Hemochromatosis,ambiguous,,
Hemodialysis,unmatched,,
Hemodialysis Complication,unmatched,,
Hemodialysis Patients,unmatched,,
Hemodialysis Treatment,unmatched,,
Hemodialysis-Induced Symptom,unmatched,,
Hemodynamic Instability,unmatched,,
Hemodynamic Instability and Shivering,unmatched,,
Hemodynamic Stability,unmatched,,
Hemodynamics,unmatched,,
Hemoglobin,unmatched,,
Hemoglobinopathies,ambiguous,,
Hemolytic Uremic Syndrome,ambiguous,,
Hemophagocytic Lymphohistiocytosis,ambiguous,,
Hemophilia,unmatched,,
Hemophilia A With Inhibitor,unmatched,,
Hemophilia B,ambiguous,,
Hemophilia a,ambiguous,,
Hemopneumothorax,ambiguous,,
Hemorrhage,ambiguous,,
Hemorrhagic Stroke,ambiguous,,
Hemorrhagic Transformation Due to Acute Stroke,unmatched,,
Hemorrhoid Pain,unmatched,,
Hemorrhoids,ambiguous,,
Hemostasis,unmatched,,
Hemostasis Parameter,unmatched,,
Heparin-Induced Thrombocytopenia,unmatched,,
Heparin-induced Thrombocytopenia,unmatched,,
Heparin-induced Thrombocytopenia and Thrombosis,unmatched,,
Hepatic Ascites,unmatched,,
Hepatic Cirrhosis,unmatched,,
Hepatic Decompensation,unmatched,,
Hepatic Encephalopathy,ambiguous,,
Hepatic Enzymes,unmatched,,
Hepatic Fibrosis,unmatched,,
Hepatic Hydrothorax,unmatched,,
Hepatic Impairment,unmatched,,
Hepatic Insufficiency,ambiguous,,
Hepatic Steato-Fibrosis,unmatched,,
Hepatic Steatosis,unmatched,,
Hepatic Thrombosis,unmatched,,
Hepatitis,unmatched,,
Hepatitis B,ambiguous,,
"Hepatitis B, Chronic",ambiguous,,
Hepatitis C,ambiguous,,
Hepatitis C Infection,unmatched,,
Hepatitis C Virus,unmatched,,
Hepatitis C Virus Infection,unmatched,,
"Hepatitis C, Chronic",ambiguous,,
Hepatitis D,unmatched,,
"Hepatitis D, Chronic",ambiguous,,
Hepatitis c,ambiguous,,
Hepato Carcinoma,unmatched,,
Hepatobiliary Disorders,unmatched,,
Hepatobiliary Malignancy,unmatched,,
Hepatoblastoma,ambiguous,,
Hepatocellular Cancer,unmatched,,
Hepatocellular Carcinoma,ambiguous,,
Hepatocellular Carcinoma (HCC),unmatched,,
Hepatocellular Carcinoma Recurrent,unmatched,,
Hepatocellular Carcinoma With Portal Vein Thrombosis,unmatched,,
Hepcidin,unmatched,,
Hereditary Angioedema,ambiguous,,
Hereditary Ataxia,unmatched,,
Hereditary Haemorrhagic Telangiectasia,unmatched,,
Hereditary Haemorrhagic Telangiectasia (HHT),unmatched,,
Hereditary Hemorrhagic Telangiectasia,ambiguous,,
Hereditary Kidney Disease,unmatched,,
Hereditary Leukoencephalopathy With Axonal Spheroids (HDLS,unmatched,,
Hereditary Spastic Paraplegia,ambiguous,,
Hermansky-Pudlak Syndrome (HPS),unmatched,,
Hernia,ambiguous,,
"Hernia, Abdominal",ambiguous,,
"Hernia, Inguinal",ambiguous,,
Herniated Disc,unmatched,,
Herniated Nucleus Pulposus,unmatched,,
Herniorrhaphy,unmatched,,
Heroin Abuse,unmatched,,
Heroin Dependence,ambiguous,,
Herpes,unmatched,,
Herpes Genitalis,ambiguous,,
Herpes Labialis,ambiguous,,
Herpes Oral,unmatched,,
Herpes Simplex,ambiguous,,
Herpes Simplex 1,unmatched,,
Herpes Simplex 2,unmatched,,
Herpes Simplex Dendritic Keratitis,unmatched,,
Herpes Simplex Keratitis,unmatched,,
Herpes Simplex Labialis,unmatched,,
Herpes Simplex Oral,unmatched,,
Herpes Simplex Type II,unmatched,,
Herpes Simplex Type Two Infection,unmatched,,
Herpes Simplex Virus,unmatched,,
Herpes Simplex Virus 2,unmatched,,
Herpes Simplex Virus Infection,unmatched,,
Herpes Simplex Virus Keratitis,unmatched,,
Herpes Simplex Virus Type I Stromal Keratitis,unmatched,,
Herpes Simplex Virus Type II,unmatched,,
"Herpes Simplex, Genital",unmatched,,
"Herpes Simplex, Labial",unmatched,,
Herpes Virus Infection,unmatched,,
Herpes Zoster,ambiguous,,
Herpes Zoster (HZ),unmatched,,
Herpes Zoster Keratitis,unmatched,,
Herpes Zoster Ophthalmicus,ambiguous,,
Herpesviridae Infections,ambiguous,,
"Herpesvirus 2, Human",unmatched,,
Herpetic Gingivostomatitis,unmatched,,
Herpetic Keratitis,ambiguous,,
Herpetic Neuralgia,unmatched,,
Heterogeneity of Cardiomyocytes Repolarisation,unmatched,,
Heterotopic Ossification,ambiguous,,
Heterozigous Familial Hypercholesterolemia,unmatched,,
Heterozygous Familial Hypercholesterolemia,unmatched,,
Hiatal Hernia,ambiguous,,
Hiatal Hernia With Gastroesophageal Reflux Disease,unmatched,,
"Hibernation, Myocardial",unmatched,,
Hiccup,ambiguous,,
Hidradenitis Suppurativa,ambiguous,,
Hidradenitis Suppurativa (HS),unmatched,,
"Hidradenitis Suppurativa, Acne Inversa",unmatched,,
Hidroxicloroquine Intake,unmatched,,
High Altitude,unmatched,,
High Altitude Pulmonary Edema,unmatched,,
High Altitude Pulmonary Hypertension,unmatched,,
High Bleeding Risk,unmatched,,
High Blood B-type (or Brain) Natriuretic Peptide (BNP) Level,unmatched,,
High Blood Pressure,unmatched,,
High Blood Pressure (Hypertension).,unmatched,,
High Blood Pressure Variability,unmatched,,
High Blood Sugar,unmatched,,
High Cholesterol,unmatched,,
High Grade B-Cell Lymphoma,unmatched,,
High Grade B-Cell Lymphoma With MYC and BCL2 and/or BCL6 Rearrangements,unmatched,,
High Grade B-Cell Lymphoma With MYC and BCL2 or BCL6 Rearrangements,unmatched,,
"High Grade B-Cell Lymphoma With MYC, BCL2, and BCL6 Rearrangements",unmatched,,
"High Grade B-Cell Lymphoma, Not Otherwise Specified",unmatched,,
High Grade B-cell Lymphoma (HGBCL),unmatched,,
High Grade Glioma,unmatched,,
High Grade Glioma (HGG) of the Brain With BRAF Aberration,unmatched,,
High HbA1c Level,unmatched,,
High LDL Cholesterol Level,unmatched,,
High Myopia,unmatched,,
High Post-Treatment Platelet Reactivity,unmatched,,
High Risk Cervical Cancer,unmatched,,
High Risk Coronary Artery Disease,unmatched,,
High Risk Essential Thrombocythemia,unmatched,,
High Risk MC4R Genotype,unmatched,,
High Risk Patient,unmatched,,
High Risk Polycythemia Vera,unmatched,,
High Risk Pregnancies for Preterm Labor,unmatched,,
High Risk Pregnancy,unmatched,,
High Tibial Osteotomy,unmatched,,
High-Risk Cancer,unmatched,,
High-dose Dual Therapy,unmatched,,
High-grade Lymphoma,unmatched,,
High-grade Squamous Intraepithelial Lesion,unmatched,,
High-risk,unmatched,,
High-risk Diffuse Large B-Cell Lymphoma,unmatched,,
High-risk Large B-cell Lymphoma (LBCL),unmatched,,
High-risk Patient,unmatched,,
High-risk Prostate Cancer,unmatched,,
Hip Arthritis,unmatched,,
Hip Arthropathy,unmatched,,
Hip Arthroplasty,unmatched,,
Hip Arthroscopy,unmatched,,
Hip Disease,unmatched,,
Hip Dysplasia,unmatched,,
Hip Fracture,ambiguous,,
Hip Fractures,ambiguous,,
Hip Fractures (ICD-10 72.01-72.2),unmatched,,
Hip Labral Tears,unmatched,,
Hip Osteoarthritis,ambiguous,,
Hip Pain Chronic,unmatched,,
Hip Prosthesis Infection,unmatched,,
Hip Prosthetic Joint Infection,unmatched,,
Hip Surgery,unmatched,,
Hip or Knee Replacement,unmatched,,
Hippocampal Atrophy Due to Corticosteroid,unmatched,,
Hippocampal Overactivity,unmatched,,
Hispanics,unmatched,,
Histamine,unmatched,,
"Histamine H1 Antagonists, Non-Sedating",unmatched,,
Histamine Induced Itch,unmatched,,
Histoplasmosis,ambiguous,,
Hiv,unmatched,,
Hoarding Disorder,ambiguous,,
Hodgkin Disease,ambiguous,,
Hodgkin Lymphoma,unmatched,,
"Hodgkin Lymphoma, Adult",unmatched,,
Hodgkin's Disease,unmatched,,
Hodgkin's Lymphoma,unmatched,,
Hollow Foot,unmatched,,
"Home Care, Hospital-Based",unmatched,,
Homelessness,unmatched,,
Homeostasis,unmatched,,
Homocystinaemia,unmatched,,
Homocystine,unmatched,,
Homologous Recombination Deficiency,unmatched,,
Homozygous Familial Hypercholesterolemia,ambiguous,,
Homozygous Familial Hypercholesterolemia (HoFH),unmatched,,
Homozygous Sitosterolemia,unmatched,,
Horizontal Alveolar Bone Loss,unmatched,,
Hormonal Contraception,unmatched,,
Hormonal Cycling,unmatched,,
Hormone Deficiencies,unmatched,,
Hormone Disturbance,unmatched,,
Hormone Receptor Positive Breast Carcinoma,unmatched,,
Hormone Receptor Positive Tumor,unmatched,,
Hormone Receptor-Positive Breast Cancer,unmatched,,
Hormone Receptor-Positive Breast Carcinoma,unmatched,,
Hormone Receptor-Positive and HER2-Negative Advanced Breast Cancer,unmatched,,
Hormone Refractory Prostate Cancer,unmatched,,
Hormone Replacement,unmatched,,
Hormone Replacement Therapy,unmatched,,
Hormone Sensitive Prostate Cancer,unmatched,,
"Hormone, C",unmatched,,
Hormones,unmatched,,
"Hormones, Hormone Substitutes, and Hormone Antagonists",unmatched,,
Horner Syndrome,ambiguous,,
Hospital Costs,unmatched,,
Hospital Infections,unmatched,,
Hospital Inpatient Trauma Injury,unmatched,,
Hospital Length of Stay,unmatched,,
Hospital-acquired Pneumonia,unmatched,,
Hospitalisation in Geriatrics,unmatched,,
Hospitalisations,unmatched,,
Hospitalization,unmatched,,
Hospitalization in Respiratory Disease Department,unmatched,,
Hospitalized COVID-19 Patients,unmatched,,
Hot Flash Due to Medication,unmatched,,
Hot Flashes,ambiguous,,
"Hot Flushes, Menopause, Postmenopause",unmatched,,
House Dust Mite Allergy,unmatched,,
Huerthle Cell Carcinoma,unmatched,,
Human Epidermal Growth Factor 2 Negative Carcinoma of Breast,unmatched,,
Human Gastrointestinal Physiology Data,unmatched,,
Human Gastrointestinal Tract,unmatched,,
Human Gut Microbiota,unmatched,,
Human Herpesvirus 8,unmatched,,
Human Immunodeficiency Virus,unmatched,,
Human Immunodeficiency Virus (HIV),unmatched,,
Human Mammary Carcinoma,unmatched,,
Human Papilloma Virus,unmatched,,
Human Volunteers,unmatched,,
Humeral Fractures,ambiguous,,
Humeral Shaft Fractures,unmatched,,
Hunter Syndrome,unmatched,,
Huntington Disease,ambiguous,,
Huntington's Disease,unmatched,,
Hurler Syndrome,unmatched,,
Hutchinson-Gilford Progeria Syndrome,unmatched,,
Hutchinson-Gilford Syndrome,unmatched,,
Hydatidiform Mole,ambiguous,,
Hydralazine Adverse Reaction,unmatched,,
Hydration,unmatched,,
Hydrocele,unmatched,,
Hydrocephalus,ambiguous,,
Hydrolyzed Collagen Peptides,unmatched,,
Hydroxychloroquine,unmatched,,
Hydroxychloroquine Adverse Reaction,unmatched,,
Hydroxychloroquine Retinopathy,unmatched,,
Hydroxychloroquine Toxic Retinopathy,unmatched,,
Hydroxylase Deficiency,unmatched,,
Hydroxymethylglutaryl-CoA Reductase Inhibitors,unmatched,,
Hydroxyzine,unmatched,,
Hyperactivation of Sympathetic Nervous System,unmatched,,
Hyperactive Delirium,unmatched,,
Hyperactivity,unmatched,,
Hyperactivity Disorder,unmatched,,
Hyperaldosteronaemia,unmatched,,
Hyperaldosteronism,ambiguous,,
Hyperalgesia,ambiguous,,
"Hyperalgesia, Secondary",unmatched,,
Hyperandrogenemia,unmatched,,
Hyperandrogenism,ambiguous,,
Hyperbaric Oxygen,unmatched,,
"Hyperbilirubinemia, Neonatal",ambiguous,,
Hypercalcemia,ambiguous,,
Hypercalciuria,ambiguous,,
Hypercapnia,ambiguous,,
Hyperchloremia,unmatched,,
Hypercholerolemia,unmatched,,
Hypercholesteremia,unmatched,,
Hypercholesterinemia,unmatched,,
Hypercholesterolaemia,unmatched,,
Hypercholesterolemia,ambiguous,,
Hypercholesterolemia With Concomitant Type 2 Diabetes,unmatched,,
Hypercholesterolemia or Combined Dyslipidemia,unmatched,,
"Hypercholesterolemia, Autosomal Dominant",unmatched,,
"Hypercholesterolemia, Autosomal Dominant, 3",unmatched,,
"Hypercholesterolemia, Autosomal Dominant, Type B",unmatched,,
"Hypercholesterolemia, Autosomal Recessive",unmatched,,
"Hypercholesterolemia, Dyslipidemia",unmatched,,
"Hypercholesterolemia, Familial",unmatched,,
"Hypercholesterolemia, Familial, 1",unmatched,,
"Hypercholesterolemia, Familial, 2",unmatched,,
"Hypercholesterolemia, Familial, 3",unmatched,,
"Hypercholesterolemia, Familial, 4",unmatched,,
"Hypercholesterolemia, Familial, 4, Autosomal Recessive",unmatched,,
Hypercoagulability,unmatched,,
Hypercortisolism,unmatched,,
Hyperemesis Gravidarum,ambiguous,,
Hyperglycaemia,unmatched,,
Hyperglycaemia (Diabetic),unmatched,,
Hyperglycaemic Crisis in Diabetes Mellitus,unmatched,,
Hyperglycaemic Hyperosmolar Nonketotic Syndrome,unmatched,,
Hyperglycemia,ambiguous,,
Hyperglycemia Steroid-induced,unmatched,,
Hyperglycemia Stress,unmatched,,
"Hyperglycemia, Postprandial",unmatched,,
Hyperglycemias,ambiguous,,
Hypergonadism,unmatched,,
Hypergonadotropic Azospermia,unmatched,,
Hypergonadotropic Cryptozoospermia,unmatched,,
Hypergonadotropic Hypogonadism,unmatched,,
Hyperhidrosis,ambiguous,,
Hyperhomocysteinemia,ambiguous,,
Hyperinflation,unmatched,,
Hyperinsulinemia,unmatched,,
Hyperinsulinemic Hypoglycemia,unmatched,,
Hyperinsulinism,ambiguous,,
Hyperkalaemia,unmatched,,
Hyperkalemia,ambiguous,,
Hyperkalemic Periodic Paralysis,ambiguous,,
Hyperkinetic Disorder,unmatched,,
Hyperkinetic Syndrome,unmatched,,
Hyperlipemia,unmatched,,
"Hyperlipemia, Mixed",unmatched,,
Hyperlipidemia,ambiguous,,
"Hyperlipidemia (E.G., Hypercholesterolemia)",unmatched,,
Hyperlipidemia Combined,unmatched,,
"Hyperlipidemia, Familial Combined",ambiguous,,
Hyperlipidemias,ambiguous,,
Hyperlipoproteinemia,ambiguous,,
Hyperlipoproteinemia Type III,ambiguous,,
Hyperlipoproteinemia Type IIb,unmatched,,
Hyperlipoproteinemia Type IV,ambiguous,,
Hyperlipoproteinemia Type V,matched_exact,Hyperlipoproteinemia Type V,@DISEASE_Hyperlipoproteinemia_Type_V
Hypermenorrhea,unmatched,,
Hypermetabolism in ICU,unmatched,,
Hypernatremia,ambiguous,,
Hyperoxaluria,ambiguous,,
Hyperparathyroidism,ambiguous,,
"Hyperparathyroidism, Primary",ambiguous,,
"Hyperparathyroidism, Secondary",ambiguous,,
Hyperphosphatemia,ambiguous,,
Hyperpigmentation,ambiguous,,
Hyperplasia,ambiguous,,
Hyperprolactinemia,ambiguous,,
Hypersensitivity,ambiguous,,
Hypersensitivity Pneumonitis,unmatched,,
Hypersensitivity Reactions,unmatched,,
Hyperspectral Imaging,unmatched,,
Hypersplenism,ambiguous,,
Hypertension,ambiguous,,
Hypertension (HTN),unmatched,,
Hypertension Associated,unmatched,,
Hypertension Complicated,unmatched,,
Hypertension Resistant to Conventional Therapy,ambiguous,,
Hypertension Secondary to Kidney Transplant,unmatched,,
Hypertension Treatment,unmatched,,
Hypertension With Dyslipidemia,unmatched,,
Hypertension With Renal Dysfunction,unmatched,,
Hypertension and Atrial Fibrillation,unmatched,,
Hypertension and Left Ventricular Hypertrophy (Thickening of the Main Pumping Chamber of the Heart),unmatched,,
Hypertension in Postpartum,unmatched,,
Hypertension in Pregnancy,unmatched,,
Hypertension on Chronic Maintenance Hemodialysis,unmatched,,
Hypertension(HTN),unmatched,,
"Hypertension,",ambiguous,,
"Hypertension, Dyslipidemia",unmatched,,
"Hypertension, Dyslypidaemia",unmatched,,
"Hypertension, Essential",ambiguous,,
"Hypertension, Gestational Hypertension, With Albuminuria (Severe Pre-eclampsia)",unmatched,,
"Hypertension, Grade 1",unmatched,,
"Hypertension, Hyperlipidemia",unmatched,,
"Hypertension, Ocular",ambiguous,,
"Hypertension, Portal",ambiguous,,
"Hypertension, Pregnancy Induced",ambiguous,,
"Hypertension, Pregnancy-Induced",ambiguous,,
"Hypertension, Pulmonary",ambiguous,,
"Hypertension, Pulmonary Arterial",ambiguous,,
"Hypertension, Resistant to Conventional Therapy",ambiguous,,
"Hypertension, Systolic",unmatched,,
"Hypertension,Essential",ambiguous,,
"Hypertension,Nephropathy",unmatched,,
Hypertensive,unmatched,,
Hypertensive Disease,unmatched,,
Hypertensive Disorder of Pregnancy,unmatched,,
Hypertensive Disorders of Pregnancy,unmatched,,
Hypertensive Emergency,unmatched,,
Hypertensive Heart Disease,unmatched,,
Hypertensive Nephrosclerosis,unmatched,,
Hypertensive Renal Disease,unmatched,,
Hyperthermia,ambiguous,,
Hyperthyroidism,ambiguous,,
Hypertonia,unmatched,,
Hypertriglycemia,unmatched,,
Hypertriglyceridemia,ambiguous,,
Hypertriglyceridemia With Low HDL-cholesterol,unmatched,,
Hypertriglyceridemia With the Metabolic Syndrome,unmatched,,
Hypertriglyceridemia in Type 4 Hyperlipidemia,unmatched,,
Hypertrophic Cardiomyopathy,ambiguous,,
Hypertrophic Cardiomyopathy (HCM),unmatched,,
Hypertrophic Scar,unmatched,,
Hypertrophic Scars,unmatched,,
"Hypertrophy, Left Ventricular",ambiguous,,
Hyperuricemia,ambiguous,,
Hyperuricemia or Gout,unmatched,,
"Hyperuricemia, Gout",unmatched,,
Hyperuricosuria,unmatched,,
Hypnotic Withdrawal,unmatched,,
Hypnotics and Sedatives,unmatched,,
Hypoactive Sexual Desire Disorder,unmatched,,
Hypoactive Sexual Desire Disorder (DSM-IV-TR Defined),unmatched,,
Hypoactive Sexual Desire Disorder (HSDD),unmatched,,
Hypoalbuminemia,ambiguous,,
Hypoalphalipoproteinemias,ambiguous,,
Hypocalcemia,ambiguous,,
Hypoestrogenemia,unmatched,,
Hypoestrogenism,unmatched,,
Hypoferritenemia Without Anemia (HWA),unmatched,,
Hypogammaglobulinemia,unmatched,,
Hypoglycemia,ambiguous,,
Hypoglycemia Associated Autonomic Failure,unmatched,,
Hypoglycemia Unawareness,unmatched,,
"Hypoglycemia, Reactive",unmatched,,
Hypoglycemic Agents,unmatched,,
Hypogonadal Males,unmatched,,
Hypogonadism,ambiguous,,
"Hypogonadism, Male",unmatched,,
Hypogonadotropic Hypogonadism,unmatched,,
Hypogonadotropism,unmatched,,
Hypokalemia,ambiguous,,
Hypokalemia Caused by Thiazide Diuretics,unmatched,,
Hypomania Due to Corticosteroid Use,unmatched,,
Hypomyelination,unmatched,,
Hyponatremia,ambiguous,,
Hypoparathyroidism,ambiguous,,
Hypoparathyroidism Postprocedural,unmatched,,
Hypophosphataemia,unmatched,,
Hypophosphatemia,ambiguous,,
Hypopituitarism,ambiguous,,
Hypoplastic Myelodysplastic Syndrome,unmatched,,
Hypoproteinemia,ambiguous,,
Hyposmia,unmatched,,
Hypospadias,ambiguous,,
Hypotension,ambiguous,,
Hypotension After Spinal Anesthesia,unmatched,,
Hypotension Drug-Induced,unmatched,,
Hypotension During Surgery,unmatched,,
Hypotension on Induction,unmatched,,
"Hypotension, Orthostatic",ambiguous,,
Hypotensive Anesthesia,unmatched,,
Hypothalamic Injury-induced Obesity (HIO),unmatched,,
Hypothalamic Obesity,unmatched,,
Hypothalamic Tumor,unmatched,,
Hypothalamic-Pituitary-Ovarian Axis Dysfunction (Disorder),unmatched,,
"Hypothalamic-pituitary-ovarian Axis, Gonadotropins, Ethinyl Estradiol, Contraceptive Efficacy",unmatched,,
Hypothermia,ambiguous,,
Hypothyroidism,ambiguous,,
Hypothyroidism Primary,unmatched,,
Hypothyroidism in Pregnancy,unmatched,,
Hypothyroxinemia,unmatched,,
Hypotrichosis,ambiguous,,
Hypovitaminosis D,unmatched,,
Hypovitaminosis b 12,unmatched,,
Hypovolemia,ambiguous,,
Hypoxemia,unmatched,,
Hypoxemic Respiratory Failure,unmatched,,
Hypoxia,ambiguous,,
"Hypoxia, Altitude",unmatched,,
"Hypoxia-Ischemia, Brain",ambiguous,,
Hypoxic Ischemic Encephalopathy,unmatched,,
Hypoxic-Ischemic Encephalopathy,unmatched,,
Hysterectomy,unmatched,,
Hysteroscopy,unmatched,,
IBD,unmatched,,
"IBD Patients, Originator Treatment, Biosimilar, Switch Back",unmatched,,
IBS - Irritable Bowel Syndrome,unmatched,,
ICU Acquired Hypogonadism,unmatched,,
ICU Acquired Weakness,unmatched,,
IDA in the Post-bariatric Surgical Patient,unmatched,,
IGA Glomerulonephritis,ambiguous,,
IGA Nephropathy,unmatched,,
IHD,unmatched,,
ILD,unmatched,,
IMMUNOTHERAPY,unmatched,,
IOP,unmatched,,
IPMN,unmatched,,
"IPMN, Pancreatic",unmatched,,
IUCD Complication,unmatched,,
IUD,unmatched,,
IUD Insertion Complication,unmatched,,
IUD Insertion Pain,unmatched,,
IUGR,unmatched,,
IVF,unmatched,,
IVF Poor Responders,unmatched,,
Iatrogenic Cushing Disease,unmatched,,
Ibuprofen,unmatched,,
Ictal/Post-ictal Hypoxemia,unmatched,,
Icu Delirium,unmatched,,
Idiopathic,unmatched,,
Idiopathic Deep Vein Thrombosis,unmatched,,
Idiopathic Dilated Cardiomyopathy,unmatched,,
Idiopathic Hirsutism,unmatched,,
Idiopathic Hypercalciuria,unmatched,,
Idiopathic Hypersomnia,ambiguous,,
Idiopathic Intracranial Hypertension,unmatched,,
Idiopathic Intracranial Hypertension (IIH),unmatched,,
Idiopathic Membranous Nephropathy,unmatched,,
Idiopathic Nephrotic Syndrome,unmatched,,
Idiopathic Parkinson Disease,unmatched,,
Idiopathic Parkinson's Disease,unmatched,,
Idiopathic Peripheral Neuropathy,unmatched,,
Idiopathic Pulmonary Arterial Hypertension,unmatched,,
Idiopathic Pulmonary Arterial Hypertension.,unmatched,,
Idiopathic Pulmonary Fibrosis,ambiguous,,
"Idiopathic Pulmonary Fibrosis, Acute Fatal Form",unmatched,,
Idiopathic Retroperitoneal Fibrosis,unmatched,,
Idiopathic Rhinitis,unmatched,,
Idiopathic Scoliosis,unmatched,,
Idiopathic Sensory Neuropathy,unmatched,,
Idiopathic Small Fiber Neuropathy,unmatched,,
Idiopathic Sudden SNHL,unmatched,,
Idiopathic Thrombocytopenic Purpura,ambiguous,,
IgA Glomerulonephritis,ambiguous,,
IgA Nephropathy,unmatched,,
IgA Patients,unmatched,,
IgA Vasculitis,ambiguous,,
IgG Deficiency,ambiguous,,
IgG4 Related Disease,unmatched,,
IgG4-RD,unmatched,,
IgG4-related Sclerosing Cholangitis,unmatched,,
IgM MGUS,unmatched,,
Ilaprazole,unmatched,,
Ileal Conduit,unmatched,,
Ileofemoral Deep Vein Thrombosis,unmatched,,
Ileus,ambiguous,,
Ileus Paralytic,unmatched,,
Iliac Vein Compression Syndrome,unmatched,,
Iliac Vein Obstruction,unmatched,,
Iliac Vein Stenosis,unmatched,,
Iliac Vein Thrombosis,unmatched,,
Illness Anxiety Disorder,unmatched,,
Immediate Implant Placement,unmatched,,
Immediate Implants,unmatched,,
Immobilisation,unmatched,,
Immune,unmatched,,
Immune Cells (Mucosal and Systemic),unmatched,,
Immune Checkpoint Inhibitor-Related Colitis,unmatched,,
Immune Checkpoint Inhibitors,unmatched,,
Immune Dysregulation,unmatched,,
Immune Modulation,unmatched,,
Immune Reconstitution Inflammatory Syndrome,ambiguous,,
Immune Reconstitution Syndrome,unmatched,,
Immune System,unmatched,,
Immune System Diseases,ambiguous,,
Immune System Disorder,unmatched,,
Immune Thrombocytopenia,unmatched,,
Immune Thrombocytopenia With Positive ANA Antibodies,unmatched,,
Immune Thrombocytopenic Purpura,unmatched,,
Immune Tolerance,unmatched,,
Immune-related Adverse Event,unmatched,,
Immunity,unmatched,,
Immunocompromised Patients,unmatched,,
Immunodeficiencies,unmatched,,
Immunoglobulin A Nephropathy,unmatched,,
Immunoglobulin a Nephropathy,unmatched,,
Immunologic Deficiency Syndromes,ambiguous,,
Immunology,unmatched,,
Immunomediated Inflammatory Disease in Treatment With Biological Agents and / or Jak Inhibitors,unmatched,,
Immunomodulators,unmatched,,
Immunoregulation,unmatched,,
Immunosuppression,unmatched,,
Immunosuppression For Disease,unmatched,,
Immunotherapy,unmatched,,
Impacted Molar,unmatched,,
Impacted Third Molar Tooth,unmatched,,
Impacted Wisdom Teeth,unmatched,,
Impacted Wisdom Tooth,unmatched,,
Impaired Cognition,unmatched,,
Impaired Fasting Glucose,unmatched,,
Impaired Fasting Glucose (IFG),unmatched,,
Impaired Fasting Glycemia,unmatched,,
Impaired Glucose Tolerance,unmatched,,
Impaired Glucose Tolerance (IGT),unmatched,,
Impaired Renal Function,unmatched,,
Impaired Synaptic Plasticity,unmatched,,
Impetigo,ambiguous,,
Implant,unmatched,,
Implant Complication,unmatched,,
Implantable Cardioverter Defibrillator (ICD),unmatched,,
Implantable Defibrillator User,unmatched,,
Implantation,unmatched,,
"Implantation, Embryo",unmatched,,
Implementation,unmatched,,
Impotence,unmatched,,
Impulse Control Disorders,unmatched,,
Impulsive Behavior,unmatched,,
"In Recent Years, There Has Been a Rise in the Use of Immediate Loading Protocols",unmatched,,
In Vitro Fertilisation (IVF) Treatment,unmatched,,
In Vitro Fertilization,unmatched,,
In-hospital Cardiac Arrest,unmatched,,
Inadequate Glycaemic Control,unmatched,,
Inappropriate ADH Syndrome,ambiguous,,
Inappropriate Prescribing,unmatched,,
Inattention,unmatched,,
Inclusion Body Myositis,ambiguous,,
Incontinence,unmatched,,
Incontinence Stress,unmatched,,
"Incontinence, Daytime Urinary",unmatched,,
"Incontinence, Nighttime Urinary",unmatched,,
"Incontinence, Urge",unmatched,,
Increased,unmatched,,
Increased Risk for Development of Breast Cancer,unmatched,,
Independent Living,unmatched,,
Indeterminate Thyroid Nodules,unmatched,,
Indication for Anticoagulation,unmatched,,
Indication for Modification of Patient Status (Diagnosis),unmatched,,
Indication for Stress Ulcer Prophylaxis,unmatched,,
Indication for Surgery of the Posterior Segment Under Locoregional Anaesthesia,unmatched,,
Indigestion,unmatched,,
Individuation,unmatched,,
Indolent Non-Hodgkin Lymphoma,unmatched,,
Indomethacin,unmatched,,
Induced Abortion,unmatched,,
Induced Sputum,unmatched,,
Induction of Labor,unmatched,,
Induction of Labor Affected Fetus / Newborn,unmatched,,
Ineffective Esophageal Motility,unmatched,,
Infant,unmatched,,
Infant Development,unmatched,,
Infant Growth,unmatched,,
Infant Malnutrition,unmatched,,
Infant Mortality,unmatched,,
Infant Nutrition,unmatched,,
Infant Nutrition Disorder,unmatched,,
"Infant, Low Birth Weight",unmatched,,
"Infant, Newborn",unmatched,,
"Infant, Newborn, Diseases",ambiguous,,
"Infant, Premature",unmatched,,
"Infant, Very Low Birth Weight",unmatched,,
"Infant,Premature",unmatched,,
Infantile Epileptic Spasms Syndrome,unmatched,,
Infantile Hemangioma,unmatched,,
Infantile Hemangioma (IH),unmatched,,
Infantile Hemangiomas,unmatched,,
Infantile Refsum Disease,ambiguous,,
Infantile Spasms,ambiguous,,
Infants,unmatched,,
"Infarction, Anterior Cerebral Artery",ambiguous,,
"Infarction, Middle Cerebral Artery",ambiguous,,
Infected Spacers,unmatched,,
Infection,ambiguous,,
Infection Control,unmatched,,
Infection During Hemodialysis,unmatched,,
Infection Prophylaxis in Colo Rectal Surgery,unmatched,,
Infection Viral,unmatched,,
Infection in Solid Organ Transplant Recipients,unmatched,,
"Infection, Bacterial",ambiguous,,
"Infection, Bloodstream",unmatched,,
"Infection, Human Immunodeficiency Virus",unmatched,,
"Infection, Resulting From HIV Disease",unmatched,,
"Infection, Soft Tissue",ambiguous,,
Infections,ambiguous,,
Infections Joint Prosthetic,unmatched,,
Infections Postoperative,unmatched,,
"Infections, Bacterial",ambiguous,,
"Infections, Herpesviridae",ambiguous,,
"Infections, Human Immunodeficiency Virus and Hepatitis",unmatched,,
"Infections, Pediatrics",unmatched,,
"Infections, Respiratory Tract",ambiguous,,
"Infections, Urinary Tract",ambiguous,,
Infectious,unmatched,,
Infectious Disease,unmatched,,
Infectious Diseases,unmatched,,
Infectious Disorder of Immune System,unmatched,,
Infectious Keratitis,unmatched,,
Infectious Mononucleosis,ambiguous,,
Infectious Vaginosis,unmatched,,
Infective Endocarditis,unmatched,,
Infectoius Keratitis,unmatched,,
Inferior Alveolar Nerve Block Failure,unmatched,,
Infertile Women Undergoing Assisted Reproductive Technology (ART),unmatched,,
Infertility,ambiguous,,
Infertility (IVF Patients),unmatched,,
Infertility Female,ambiguous,,
Infertility Unexplained,unmatched,,
"Infertility, Female",ambiguous,,
"Infertility, Male",ambiguous,,
"Infertility,Female",ambiguous,,
Infestation,unmatched,,
Infiltrating Bladder Urothelial Carcinoma Sarcomatoid Variant,unmatched,,
Infiltrating Bladder Urothelial Carcinoma With Giant Cells,unmatched,,
Infiltrating Bladder Urothelial Carcinoma With Glandular Differentiation,unmatched,,
Infiltrating Bladder Urothelial Carcinoma With Trophoblastic Differentiation,unmatched,,
"Infiltrating Bladder Urothelial Carcinoma, Clear Cell Variant",unmatched,,
"Infiltrating Bladder Urothelial Carcinoma, Micropapillary Variant",unmatched,,
"Infiltrating Bladder Urothelial Carcinoma, Nested Variant",unmatched,,
"Infiltrating Bladder Urothelial Carcinoma, Plasmacytoid Variant",unmatched,,
Inflamation,unmatched,,
Inflamation Management,unmatched,,
Inflammaging,unmatched,,
Inflammation,ambiguous,,
Inflammation Vascular,unmatched,,
Inflammation at Mini-screw Insertion Site,unmatched,,
Inflammatory,unmatched,,
Inflammatory Activity in Coronary Arteries,unmatched,,
Inflammatory Bowel Disease,unmatched,,
Inflammatory Bowel Disease (IBD),unmatched,,
Inflammatory Bowel Diseases,ambiguous,,
Inflammatory Breast Carcinoma,unmatched,,
Inflammatory Cardiomyopathy,unmatched,,
Inflammatory Conditions,unmatched,,
Inflammatory Cytokines,unmatched,,
Inflammatory Disease,unmatched,,
Inflammatory Diseases,unmatched,,
Inflammatory Markers,unmatched,,
Inflammatory Myopathy,unmatched,,
Inflammatory Punctal Stenosis,unmatched,,
Inflammatory Response,unmatched,,
Inflammatory Rheumatism,unmatched,,
Influenza,unmatched,,
"Influenza, Human",ambiguous,,
Information Processing,unmatched,,
Information Seeking Behavior,unmatched,,
Infusion Reaction,unmatched,,
Inguinal Hernia,ambiguous,,
Inguinal Hernia Repair,unmatched,,
Inguinal Hernia Unilateral,unmatched,,
Inhalation of Nitrous Oxide,unmatched,,
Inherited Metabolic Disorders,unmatched,,
Inhibitors,unmatched,,
Injection Drug Use,unmatched,,
Injection Site Pain,unmatched,,
"Injuries, Spinal Cord",ambiguous,,
Injury,unmatched,,
Injury Leg,ambiguous,,
Inotuzumab Ozogamicin,unmatched,,
Inpatient Colonoscopy,unmatched,,
Insomnia,unmatched,,
Insomnia Chronic,unmatched,,
Insomnia Comorbid to Psychiatric Disorder,unmatched,,
Insomnia Disorder,unmatched,,
Insomnia Disorders,unmatched,,
Insomnia Due to Medical Condition,unmatched,,
"Insomnia, Primary",unmatched,,
Instability (Old Injury),unmatched,,
Insufficient Plasma Folate Levels (<12ng/mL),unmatched,,
Insufficient Response to Methotrexate or Leflunomide,unmatched,,
Insulin,unmatched,,
Insulin Dependent Diabetes,unmatched,,
Insulin Resistance,ambiguous,,
Insulin Resistance - Type A,unmatched,,
Insulin Resistance - Type B,unmatched,,
Insulin Resistance Syndrome,unmatched,,
"Insulin Resistance, Diabetes",unmatched,,
Insulin Secretion,unmatched,,
Insulin Sensitivity,unmatched,,
Insulin Sensitivity/Resistance,unmatched,,
Insulin and Oral Hypoglycemic [Antidiabetic] Drugs Causing Adverse Effects in Therapeutic Use,unmatched,,
Insulin-dependent Diabetes Mellitus,unmatched,,
Insurance Coverage,unmatched,,
Intellectual Disability,ambiguous,,
Intensive Care (ICU) Myopathy,unmatched,,
Intensive Care Unit,unmatched,,
Intensive Care Unit Sleep Disruption,unmatched,,
Intensive Care Units,unmatched,,
"Intensive Care, Neonatal",unmatched,,
Intentional Warfarin Sodium Overdose,unmatched,,
Interaction,unmatched,,
Interaction Between Antiemetic Drugs and Paracetamol,unmatched,,
Interaction Drug Food,unmatched,,
Intercritical Gout,unmatched,,
Interferon-alpha Associated Side Effects,unmatched,,
Interleukin 6,unmatched,,
Intermediate Risk,unmatched,,
Intermediate-high Risk,unmatched,,
Intermediate-to-High Risk Differentiated Thyroid Cancer,unmatched,,
Intermenstrual Bleeding,unmatched,,
Intermittent Claudication,ambiguous,,
Intermittent Explosive Disorder,unmatched,,
Intermittent Fasting,unmatched,,
Internal Sphincter,unmatched,,
Internalizing Psychopathologies (IPs) Depression and Anxiety,unmatched,,
International Normalized Ratio Control,unmatched,,
Interstitial Cystitis,ambiguous,,
Interstitial Cystitis/Painful Bladder Syndrome,unmatched,,
Interstitial Lung Disease,unmatched,,
Interstitial Lung Disease Due to Systemic Disease (Disorder),unmatched,,
Intertrochanteric Fractures,unmatched,,
Interventional Cardiology,unmatched,,
Intervertebral Disc Displacement,ambiguous,,
Intervertebral Disc Prolapse,unmatched,,
Intervertebral Disk Displacement,unmatched,,
Intestinal Bacteria Flora Disturbance,unmatched,,
Intestinal Behçet's Disease,unmatched,,
Intestinal Colonization With Multidrug-resistant Bacteria,unmatched,,
Intestinal Failure,ambiguous,,
Intestinal GVHD,unmatched,,
Intestinal Health,unmatched,,
Intestinal Inflammation,unmatched,,
Intestinal Mucositis,unmatched,,
Intestinal Obstruction,ambiguous,,
Intestinal Permeability,unmatched,,
Intestinal Transporter Expression,unmatched,,
Intestine,unmatched,,
Intra-Abdominal Abscess,unmatched,,
Intra-Abdominal Hypertension,ambiguous,,
Intra-abdominal Cancer,unmatched,,
Intra-abdominal Infection,unmatched,,
Intra-abdominal Infections,unmatched,,
Intra-articular Injection,unmatched,,
Intra-bony Pockets,unmatched,,
Intraabdominal Hypertension,unmatched,,
Intraabdominal Infections,ambiguous,,
Intraarticular Injection,unmatched,,
Intrabony Defects in Chronic Periodontitis,unmatched,,
Intrabony Periodontal Defect,unmatched,,
Intracameral Antibiotics,unmatched,,
Intracanal Medicament,unmatched,,
Intracanal Medication,unmatched,,
Intracardiac Myxoma,unmatched,,
Intracardiac Thrombus,unmatched,,
Intracerebral Haemorrhage,unmatched,,
Intracerebral Haemorrhage (ICH),unmatched,,
"Intracerebral Haemorrhage, Intraventricular",unmatched,,
Intracerebral Hemorrhage,unmatched,,
Intrachromosomal Amplification of Chromosome 21,unmatched,,
Intracranial Aneurysm,ambiguous,,
Intracranial Aneurysms,ambiguous,,
Intracranial Arterial Diseases,ambiguous,,
Intracranial Arterial Stenosis,unmatched,,
Intracranial Arteriosclerosis,ambiguous,,
Intracranial Artery Stenosis,unmatched,,
Intracranial Atherosclerosis,unmatched,,
Intracranial Hemorrhage,ambiguous,,
"Intracranial Hemorrhage, Hypertensive",ambiguous,,
Intracranial Hemorrhages,ambiguous,,
Intracranial Hypertension,ambiguous,,
Intracranial Pressure,unmatched,,
Intracrnaial Arterioscelrosis,unmatched,,
Intradialytic Hypertension,unmatched,,
Intrahepatic Non Cirrhotic Portal Hypertension,unmatched,,
Intralesional Injection,unmatched,,
Intramural Hematomas,unmatched,,
Intranasal Bupivacaine,unmatched,,
Intranasal Dexmedetomidine,unmatched,,
Intraocular Lymphoma,ambiguous,,
Intraocular Pressure,unmatched,,
Intraocular Pressure (IOP),unmatched,,
Intraoperative,unmatched,,
Intraoperative Bleeding,unmatched,,
Intraoperative Floppy Iris Syndrome,unmatched,,
Intrapartum Antibiotics,unmatched,,
Intraperitoneal Magnesium Sulphate in Laparoscope in Pediatrics,unmatched,,
Intraperitoneal Paclitaxel,unmatched,,
Intraplaque Hemorrhage,unmatched,,
Intrathecal,unmatched,,
Intrathecal Baclofen,unmatched,,
Intrauterine Adhesion,unmatched,,
Intrauterine Adhesions,unmatched,,
Intrauterine Fetal Demise,unmatched,,
Intrauterine Growth Restriction,unmatched,,
Intrauterine Growth Restriction (IUGR),unmatched,,
Intrauterine Growth Restriction Asymmetrical,unmatched,,
Intrauterine Growth Retardation,unmatched,,
Intrauterine Infection,unmatched,,
Intrauterine Polyp,unmatched,,
Intrauterine Synechiae,unmatched,,
Intravascular Ultrasound,unmatched,,
Intravenous Baclofen,unmatched,,
Intraventricular Hemorrhage,unmatched,,
Intraventricular Hemorrhage of Prematurity,unmatched,,
Intravitreal Injection Patients,unmatched,,
Intrusive Memories,unmatched,,
Intubation,unmatched,,
Intubation Complication,unmatched,,
Invasive Aspergillosis,unmatched,,
Invasive Breast Cancer,unmatched,,
Invasive Breast Carcinoma,unmatched,,
Invasive Candidiasis,ambiguous,,
Invasive Cervical Cancer,unmatched,,
Invasive Ductal Breast Carcinoma,unmatched,,
Invasive Epithelial Ovarian Cancer,unmatched,,
Invasive Fungal Disease,unmatched,,
Invasive Group A Beta-Haemolytic Streptococcal Disease,unmatched,,
Invasive Lobular Breast Carcinoma,unmatched,,
Invasive Mechanical Ventilation,unmatched,,
Invitro Fertilizaion,unmatched,,
Involucrin,unmatched,,
Iodine Adverse Reaction,unmatched,,
Iodine Deficiency,unmatched,,
Iodine Hyperthyroidism,unmatched,,
Iontophore,unmatched,,
Irbesartan Tablets (0.15g/Tablet),unmatched,,
Iridocyclitis,ambiguous,,
Iritis,ambiguous,,
Iron,unmatched,,
Iron Absorption,unmatched,,
Iron Adverse Reaction,unmatched,,
Iron Bioavailability,unmatched,,
Iron Deficiencies,ambiguous,,
Iron Deficiency,ambiguous,,
Iron Deficiency (Without Anemia),unmatched,,
Iron Deficiency Anaemia,unmatched,,
Iron Deficiency Anaemia Due to Dietary Causes,unmatched,,
Iron Deficiency Anaemia in Childbirth,unmatched,,
Iron Deficiency Anemia,ambiguous,,
Iron Deficiency Anemia (IDA),unmatched,,
Iron Deficiency Anemia Secondary to IBD or Gastric Bypass,unmatched,,
Iron Deficiency Anemia Treatment,unmatched,,
Iron Deficiency Anemia in Pregnancy,unmatched,,
Iron Deficiency Anemia of Pregnancy,unmatched,,
Iron Deficiency Without Anemia,unmatched,,
Iron Deficiency Without Anemia),unmatched,,
Iron Deficiency and/or Anemia,unmatched,,
Iron Deficiency in Pregnancy,unmatched,,
"Iron Deficiency, Anaemia",unmatched,,
"Iron Deficiency, Anaemia in Children",unmatched,,
Iron Malabsorption,unmatched,,
Iron Metabolic Homeostasis,unmatched,,
Iron Metabolism Disorders,matched_exact,Iron Metabolism Disorders,@DISEASE_Iron_Metabolism_Disorders
Iron Overload,ambiguous,,
Iron Status,unmatched,,
Iron Supplementation and Gastrointestinal Health,unmatched,,
Iron-Deficiency Anemia,ambiguous,,
Iron-deficiency,ambiguous,,
Iron-deficiency Anemia,ambiguous,,
Iron-deficiency Anemia (IDA),unmatched,,
Irradiation,unmatched,,
Irregular Menstrual Cycles,unmatched,,
Irregular Menstruation,unmatched,,
Irregular Periods,unmatched,,
Irreversible Pulpitis,unmatched,,
Irreversible Pulpitis With Apical Periodontitis,unmatched,,
Irritability,unmatched,,
Irritability Associated With Autistic Disorder,unmatched,,
Irritable Bowel Syndrome,ambiguous,,
Irritable Bowel Syndrome With Constipation,unmatched,,
Irritable Bowel Syndrome With Diarrhea,unmatched,,
Irritable Bowel Syndrome-Constipation,unmatched,,
Irritable Mood,unmatched,,
Irritation,unmatched,,
Irritation/Irritant,unmatched,,
Irvine-Gass Syndrome,unmatched,,
Is an Only Child,unmatched,,
Ischaemia-reperfusion Injury,unmatched,,
Ischaemic Heart Disease (IHD),unmatched,,
Ischaemic Stroke,unmatched,,
Ischemia,ambiguous,,
Ischemia Reperfusion Injury,unmatched,,
Ischemia-reperfusion Injury,unmatched,,
Ischemic,unmatched,,
"Ischemic Attack, Transient",ambiguous,,
Ischemic Cardiomyopathy,unmatched,,
Ischemic Cardiovascular Disease,unmatched,,
Ischemic Cerebral Infarction,unmatched,,
Ischemic Heart Disease,unmatched,,
Ischemic Necrosis,unmatched,,
Ischemic Stroke,ambiguous,,
"Ischemic Stroke, Acute",unmatched,,
Islet Transplantation,unmatched,,
Isolated (Idiopathic) Oligohydramnios,unmatched,,
Isolated Plasmacytoma of Bone,unmatched,,
Isolated Systolic Hypertension,ambiguous,,
Isolated or Multiple Metatarsal Fractures,unmatched,,
Isotonic Dehydration,unmatched,,
Itch,unmatched,,
Itch Scarring,unmatched,,
Itching,unmatched,,
Ivabradine,unmatched,,
Ivermectin,unmatched,,
JAK2 Mutation,unmatched,,
JNC 7 Stage 1 or 2 Hypertension,unmatched,,
JNC 7 Stage I Hypertension,unmatched,,
Japanese vs. Caucasian TQT Comparison,unmatched,,
Jaundice,ambiguous,,
Jaw Fractures,ambiguous,,
Jervell and Lange Nielsen Syndrome,unmatched,,
Joint Disease,unmatched,,
Joint Diseases,ambiguous,,
Joint Fusion,unmatched,,
Joint Infection,unmatched,,
Joint Pain,unmatched,,
Joint Surgery Multiple,unmatched,,
Juvenile Chronic Arthritis,unmatched,,
Juvenile Diabetes,unmatched,,
Juvenile Idiopathic Arthritis,unmatched,,
Juvenile Idiopathic Arthritis (JIA),unmatched,,
Juvenile Myelomonocytic Leukemia,ambiguous,,
Juvenile Osteoporosis,ambiguous,,
Juvenile Primary Fibromyalgia Syndrome (JPFS),unmatched,,
Juvenile Rheumatoid Arthritis,unmatched,,
Juvenile SLE,unmatched,,
KCNC1 Related Disorder,unmatched,,
KNEE OSTEOARTHRITIS,ambiguous,,
Kallmann Syndrome,ambiguous,,
Kaposi Sarcoma,ambiguous,,
Kaposiform Hemangioendothelioma (KHE) With Kasabach-Merritt Phenomenon (KMP),unmatched,,
Kawasaki Disease,unmatched,,
Keloid,ambiguous,,
Keloid Scar Following Surgery,unmatched,,
Keloidscars,unmatched,,
Keratitis,ambiguous,,
"Keratitis, Herpetic",ambiguous,,
Keratoconjunctivitis Due to Adenovirus,unmatched,,
Keratoconus,ambiguous,,
"Keratosis, Actinic",ambiguous,,
Ketamine,unmatched,,
"Ketoconazole,",unmatched,,
Ketogenic Dieting,unmatched,,
Ketorolac,unmatched,,
Ketorolac Adverse Reaction,unmatched,,
Ketosis,ambiguous,,
Kidney Calculi,ambiguous,,
Kidney Cancer,unmatched,,
Kidney Disease,unmatched,,
"Kidney Disease, Chronic",unmatched,,
Kidney Diseases,ambiguous,,
"Kidney Diseases, Chronic",unmatched,,
Kidney Failure,unmatched,,
"Kidney Failure, Chronic",ambiguous,,
"Kidney Failures, Acute",unmatched,,
Kidney Function Tests,unmatched,,
"Kidney Injuries, Acute",ambiguous,,
Kidney Injury,unmatched,,
"Kidney Injury, Acute",ambiguous,,
Kidney Ischemia,unmatched,,
Kidney Pancreas Infection,unmatched,,
Kidney Rejection Transplant,unmatched,,
Kidney Stone,unmatched,,
Kidney Stones,unmatched,,
Kidney Transplant,unmatched,,
Kidney Transplant Failure,unmatched,,
Kidney Transplant Failure and Rejection,unmatched,,
Kidney Transplant Infection,unmatched,,
Kidney Transplant Recipient,unmatched,,
Kidney Transplant Recipients,unmatched,,
Kidney Transplant Rejection,unmatched,,
Kidney Transplantation,unmatched,,
"Kidney Transplantation, Cytomegalovirus Infections",unmatched,,
Kidney Trasplant,unmatched,,
Kidney Tumor,unmatched,,
"Kidney, Polycystic",unmatched,,
Kindler Syndrome,unmatched,,
Klebsiella Pneumonia,unmatched,,
Kleptomania,unmatched,,
Klinefelter Syndrome,ambiguous,,
Knee,unmatched,,
Knee Arthropathy,unmatched,,
Knee Arthroplasty,unmatched,,
"Knee Arthroplasty, Total",unmatched,,
Knee Arthroscopy,unmatched,,
Knee Deformity,unmatched,,
Knee Disease,unmatched,,
Knee Injuries,ambiguous,,
Knee Injuries and Disorders,unmatched,,
Knee Joint Osteoarthrosis,unmatched,,
Knee Osteoarthristis,unmatched,,
Knee Osteoarthritis,ambiguous,,
Knee Osteoarthritis (Knee OA),unmatched,,
Knee Osteoarthritis (OA),unmatched,,
Knee Pain,unmatched,,
Knee Pain Chronic,unmatched,,
Knee Prosthesis Infection,unmatched,,
Knee Range of Motion,unmatched,,
Knowledge,unmatched,,
Known Androgen Deficiency,unmatched,,
Kojewnikov's Epilepsy,unmatched,,
Kwashiorkor,ambiguous,,
L-Thyroxine,unmatched,,
L-thyroxine,unmatched,,
L1 Adult Acute Lymphoblastic Leukemia,unmatched,,
L1 Childhood Acute Lymphoblastic Leukemia,unmatched,,
L2 Adult Acute Lymphoblastic Leukemia,unmatched,,
L2 Childhood Acute Lymphoblastic Leukemia,unmatched,,
LAI,unmatched,,
LAP,unmatched,,
LDL - Low Density Lipoprotein Receptor Disorder,unmatched,,
LDL Cholesterol,unmatched,,
LDL-cholesterol,unmatched,,
LIP,unmatched,,
LONGEVITY 1,unmatched,,
LUTS,unmatched,,
LUTS(Lower Urinary Tract Symptoms),unmatched,,
LVM,unmatched,,
Labor,unmatched,,
Labor Dystocia,unmatched,,
Labor Fast,unmatched,,
Labor Pain,ambiguous,,
Labor Preterm Multiple,unmatched,,
Labor Preterm Requiring Hospitalization,unmatched,,
Labor and Delivery Complication,unmatched,,
"Labor, Induced",unmatched,,
"Labor, Premature",unmatched,,
Labour,unmatched,,
Labour Analgesia,unmatched,,
"Labral Tear, Glenoid",unmatched,,
Labrum Injury of the Hip Joint,unmatched,,
Laceration,ambiguous,,
Lacerations,ambiguous,,
Lacrimal Apparatus Disease,unmatched,,
Lactating Women on Select DOI,unmatched,,
Lactation,unmatched,,
Lactic Acidosis,ambiguous,,
Lacunar Anterior Circulation Infarct,unmatched,,
Lamotrigine,unmatched,,
Lamotrigine Allergy,unmatched,,
Language Disorders,ambiguous,,
Laparocele,unmatched,,
Laparoscopic,unmatched,,
Laparoscopic Appendectomy,unmatched,,
Laparoscopic Bariatric Surgery,unmatched,,
Laparoscopic Cholecystectomy,unmatched,,
Laparoscopic Colorectal Surgery,unmatched,,
Laparoscopic Gastrointestinal Surgery,unmatched,,
Laparoscopic Gynecologic Surgery,unmatched,,
Laparoscopic Hysterectomy,unmatched,,
Laparoscopic Inguinal Hernia Repair,unmatched,,
Laparoscopic Marsupialization of Renal Cyst,unmatched,,
Laparoscopic Nissen Fundoplication,unmatched,,
Laparoscopic Sleeve Gastrectomy,unmatched,,
Laparoscopic Surgery,unmatched,,
Laparoscopy,unmatched,,
Laparoskopic Cholecystectomy,unmatched,,
Laparotomy,unmatched,,
Laparotomy Patients,unmatched,,
Large B-Cell Lymphoma,unmatched,,
Large Infarct Core,unmatched,,
Large-cell Lymphoma,unmatched,,
Laryngeal Cancer,unmatched,,
Laryngeal Disease,unmatched,,
Laryngeal Diseases,ambiguous,,
Laryngeal Fistula,unmatched,,
Laryngeal Nerve Injuries,ambiguous,,
Laryngomalacia,ambiguous,,
Laryngopharyngeal Reflux,ambiguous,,
Laryngopharyngeal Reflux Disease,unmatched,,
Larynx,unmatched,,
Larynx Disease,unmatched,,
Late Complication From Kidney Transplant,unmatched,,
Late Life Depression,unmatched,,
Late Onset Alzheimer Disease,unmatched,,
Late Platelet Aggregation,unmatched,,
Latency Period,unmatched,,
Latent Iron Deficiency,unmatched,,
Lateral Epicondylalgia (Tennis Elbow),unmatched,,
Lateral Epicondylitis,unmatched,,
Lateral Epicondylitis (Tennis Elbow) Bilateral,unmatched,,
"Lateral Epicondylitis, Left Elbow",unmatched,,
"Lateral Epicondylitis, Right Elbow",unmatched,,
"Lateral Epicondylitis, Unspecified Elbow",unmatched,,
Lay Open Fistulotomy,unmatched,,
Learning,unmatched,,
Learning Disabilities,ambiguous,,
Leber Hereditary Optic Neuropathy,unmatched,,
Lecanemab,unmatched,,
Left Atrial Appendage Closure,unmatched,,
Left Atrial Appendage Occlusion,unmatched,,
Left Atrial Appendage Thrombosis,unmatched,,
Left Atrial Dilatation,unmatched,,
Left Atrial Volume,unmatched,,
Left Cardiac Catheterization,unmatched,,
Left Main Coronary Artery Stenosis,unmatched,,
Left Ventricle Hypertrophied,unmatched,,
Left Ventricle Hypertrophy,unmatched,,
Left Ventricle Remodeling,unmatched,,
Left Ventricular Diastoic Dysfunction Cohort Study,unmatched,,
Left Ventricular Diastolic Dysfunction,unmatched,,
Left Ventricular Diastolic Function,unmatched,,
Left Ventricular Dysfunction,ambiguous,,
Left Ventricular Hypertrophy,ambiguous,,
Left Ventricular Hypertrophy/Hypertension,unmatched,,
Left Ventricular Remodeling,unmatched,,
Left Ventricular Systolic Dysfunction,unmatched,,
Left Ventricular Thrombosis,unmatched,,
Left Ventricular Thrombus,unmatched,,
Left Ventricule,unmatched,,
Left-Sided Heart Failure,unmatched,,
"Leg Cramps, Nocturnal",unmatched,,
Leg Length Inequality in Children,unmatched,,
Leg Ulcers,ambiguous,,
Legionella Pneumophila Infections,unmatched,,
Legionnaires' Disease,ambiguous,,
Leiomyoma,ambiguous,,
Leiomyomas,ambiguous,,
Leiomyomatosis,ambiguous,,
Leishmaniasis,ambiguous,,
"Leishmaniasis, Cutaneous",ambiguous,,
Length of Stay,unmatched,,
Lennox-Gastaut Syndrome,ambiguous,,
Lentigines,unmatched,,
Leprosy,ambiguous,,
Leprosy Neuropathy,unmatched,,
Leptomeningeal Disease,unmatched,,
Leptomeningeal Metastases,unmatched,,
Leptomeningeal Metastasis,unmatched,,
Leukaemia (Chronic),unmatched,,
Leukemia,ambiguous,,
"Leukemia, Chronic Myeloid",unmatched,,
"Leukemia, Lymphoblastic",unmatched,,
"Leukemia, Lymphoblastic, Acute",unmatched,,
"Leukemia, Lymphoblastic, Acute, L1",unmatched,,
"Leukemia, Lymphoblastic, Acute, L2",unmatched,,
"Leukemia, Lymphoblastic, Acute, Philadelphia-Positive",unmatched,,
"Leukemia, Lymphoblastic, Acute, T Cell",unmatched,,
"Leukemia, Lymphocytic, Acute",unmatched,,
"Leukemia, Lymphocytic, Acute, L1",unmatched,,
"Leukemia, Lymphocytic, Acute, L2",unmatched,,
"Leukemia, Lymphocytic, Chronic, B-Cell",ambiguous,,
"Leukemia, Myelocytic, Acute",unmatched,,
"Leukemia, Myelogenous, Acute",unmatched,,
"Leukemia, Myelogenous, Chronic",unmatched,,
"Leukemia, Myeloid",ambiguous,,
"Leukemia, Myeloid, Acute",ambiguous,,
"Leukemia, Myeloid, Chronic-Phase",ambiguous,,
"Leukemia, Myelomonocytic, Chronic",ambiguous,,
"Leukoencephalopathy, Progressive Multifocal",ambiguous,,
"Leukoplakia, Hairy",ambiguous,,
Leukotriene,unmatched,,
Levator Ani Syndrome,unmatched,,
Level of Serum Vitamin B12 Level (in Pmol/L) If Infection Under Tocilizumab,unmatched,,
Level of Serum Vitamin B12 Level (in Pmol/L) If Relapse of (AI/ID) Under Tocilizumab,unmatched,,
Levetiracetam,unmatched,,
Levodopa Induced Dyskinesia,unmatched,,
Levothyroxine,unmatched,,
Lewy Body Dementia,unmatched,,
Lewy Body Disease,ambiguous,,
Leydig Cell Failure in Adult,unmatched,,
Libido,unmatched,,
Lichen Penis Planus,unmatched,,
Lichen Plano-Pilaris,unmatched,,
Lichen Planopilaris,unmatched,,
"Lichen Planus, Oral",ambiguous,,
Lichen Sclerosus,unmatched,,
Lichen Sclerosus of Vulva,unmatched,,
Lidocaine,unmatched,,
Life-threatening Infection,unmatched,,
Lifestyle,unmatched,,
Lifestyle Modification,unmatched,,
Ligament Injury,unmatched,,
Ligament Tear Knee,unmatched,,
Limb Fracture,unmatched,,
Limb Girdle Muscular Dystrophy,ambiguous,,
Line Insertion Site,unmatched,,
Liothyronine,unmatched,,
Lipedema,unmatched,,
Lipid Disorder,unmatched,,
Lipid Disorders,unmatched,,
Lipid Metabolism,unmatched,,
Lipid Metabolism Disorder,ambiguous,,
Lipid Metabolism Disorders,ambiguous,,
"Lipid Metabolism, Inborn Errors",unmatched,,
Lipidemia,unmatched,,
Lipidomics,unmatched,,
Lipids,unmatched,,
Lipoatrophic Diabetes Mellitus,unmatched,,
Lipodystrophy,ambiguous,,
"Lipodystrophy, Partial",unmatched,,
Lipohypertrophy,unmatched,,
Lipoidosis,unmatched,,
Lipotoxicity,unmatched,,
Liquid Oxycodone,unmatched,,
Lisdexamfetamine,unmatched,,
Lisfranc Injuries,unmatched,,
Listeria Monocytogenes,unmatched,,
Listeriosis,ambiguous,,
Liver Abscess,ambiguous,,
"Liver Abscess, Pyogenic",ambiguous,,
Liver Cancer,unmatched,,
Liver Cirrhoses,unmatched,,
Liver Cirrhosis,ambiguous,,
"Liver Cirrhosis, Alcoholic",ambiguous,,
Liver Disease,unmatched,,
Liver Diseases,ambiguous,,
Liver Dysfunction,unmatched,,
Liver Failure,ambiguous,,
"Liver Failure, Acute",ambiguous,,
Liver Fat,unmatched,,
Liver Fibrosis,unmatched,,
Liver Injury,unmatched,,
Liver Insufficiency,unmatched,,
Liver Metabolism,unmatched,,
Liver Metastases,unmatched,,
Liver Metastasis,unmatched,,
Liver Steatoses,unmatched,,
Liver Steatosis,unmatched,,
Liver Transplant,unmatched,,
Liver Transplant Disorder,unmatched,,
Liver Transplant Recipients,unmatched,,
"Liver Transplant, Complications",unmatched,,
Liver Transplantation,unmatched,,
Living Donors,unmatched,,
Living Kidney Donors Undergoing VAMS-nephrectomy,unmatched,,
Lobular Breast Carcinoma In Situ,unmatched,,
Lobular Breast Carcinoma in Situ,unmatched,,
Local Anesthesia,unmatched,,
Local Infiltration,unmatched,,
Localized Brain Neoplasm,unmatched,,
Localized Breast Carcinoma,unmatched,,
Localized Primary Osteoarthritis of Hip,unmatched,,
Localized Primary Osteoarthritis of Knee,unmatched,,
Localized Prostate Cancer,unmatched,,
Localized Prostate Carcinoma,unmatched,,
Localized Psoriasis,unmatched,,
Locally Advanced Biliary Tract Carcinoma,unmatched,,
Locally Advanced Breast Cancer,unmatched,,
Locally Advanced Breast Carcinoma,unmatched,,
Locally Advanced Colorectal Cancer,unmatched,,
Locally Advanced Colorectal Carcinoma,unmatched,,
Locally Advanced Esophageal Adenocarcinoma,unmatched,,
Locally Advanced Esophageal Carcinoma,unmatched,,
Locally Advanced Esophageal Squamous Cell Carcinoma,unmatched,,
Locally Advanced Gastric Carcinoma,unmatched,,
Locally Advanced Gastroesophageal Junction Adenocarcinoma,unmatched,,
Locally Advanced Head and Neck Carcinoma,unmatched,,
Locally Advanced Lung Carcinoma,unmatched,,
Locally Advanced Malignant Neoplasm,unmatched,,
Locally Advanced Melanoma,unmatched,,
Locally Advanced Pancreatic Adenocarcinoma,unmatched,,
Locally Advanced Pancreatic Cancer,unmatched,,
Locally Advanced Prostate Carcinoma,unmatched,,
Locally Advanced Rectal Adenocarcinoma,unmatched,,
Locally Advanced Rectal Carcinoma,unmatched,,
Locally Advanced Sarcoma,unmatched,,
Locally Advanced Solid Malignancies,unmatched,,
Locally Advanced Solid Tumors,unmatched,,
Locally Advanced Unresectable Pancreatic Ductal Adenocarcinoma,unmatched,,
Locally Recurrent Head and Neck Squamous Cell Carcinoma,unmatched,,
Locally Recurrent Prostate Carcinoma,unmatched,,
Locoregional Analgesia in Breast Surgery,unmatched,,
Long Bone Fracture,unmatched,,
Long COVID,unmatched,,
Long COVID Syndrome,unmatched,,
Long COVID-19 Syndrome,unmatched,,
Long Covid-19,unmatched,,
Long QT Syndrome,ambiguous,,
Long Qt Syndrome 1-2,unmatched,,
Long-Acting Injection,unmatched,,
Long-term Effects Secondary to Cancer Therapy in Children,unmatched,,
Long-term Outcomes,unmatched,,
Long-term Tracheostomy Ventilated Patients,unmatched,,
Longevity,unmatched,,
Lorazepam,unmatched,,
Lorazepam Causing Adverse Effects in Therapeutic Use,unmatched,,
Losartan,unmatched,,
Loss of Chromosome 18q,unmatched,,
Loss of Muscle Mass,unmatched,,
Loss-of-Control Eating,unmatched,,
Loss-of-control Eating,unmatched,,
Low,unmatched,,
Low Back Pain,ambiguous,,
"Low Back Pain, Mechanical",unmatched,,
Low Birth Weight,unmatched,,
Low Bone Density,unmatched,,
Low Bone Mineral Density,unmatched,,
Low Cardiac Output,ambiguous,,
Low Grade Glioma (LGG) of Brain With BRAF Aberration,unmatched,,
Low Grade Glioma of Brain With Neurofibromatosis Type 1,unmatched,,
Low Grade Serous Adenocarcinoma of Ovary,unmatched,,
Low Grade Serous Ovarian/ Primary Peritoneal Cancer,unmatched,,
Low Intensity Focussed Ultrasound,unmatched,,
Low Risk,unmatched,,
Low Risk Differentiated Thyroid Cancer,unmatched,,
Low Risk MC4R Genotype,unmatched,,
Low T3 Syndrome,unmatched,,
Low Tension Glaucoma,ambiguous,,
Low Testosterone,unmatched,,
Low Triiodothyronine Syndrome,unmatched,,
Low-Density-Lipoprotein-Type [LDL] Hyperlipoproteinemia,unmatched,,
Low-Level Light Therapy,unmatched,,
Low-Renin Hypertension,unmatched,,
Low-intensity Chronic Inflammation,unmatched,,
Low-risk Papillary Thyroid Cancer,unmatched,,
Lower Abdominal Pain,unmatched,,
Lower Back Pain,unmatched,,
Lower Extremity Amputation,unmatched,,
Lower Extremity Problem,unmatched,,
Lower Eyelid Steatoblepharon,unmatched,,
Lower Leg Edema,unmatched,,
Lower Limb Amputation,unmatched,,
Lower Limb Amputation Above Knee (Injury),unmatched,,
Lower Limb Amputation Below Knee (Injury),unmatched,,
Lower Limb Amputation Knee,unmatched,,
Lower Limb Fracture,unmatched,,
Lower Limb Ischemia,unmatched,,
Lower Limb Trauma,unmatched,,
Lower Respiratory Tract Infections,unmatched,,
Lower Ureteral Stones,unmatched,,
Lower Ureteric Stones,unmatched,,
Lower Urinary Track Symptoms,unmatched,,
Lower Urinary Tract Infection,unmatched,,
Lower Urinary Tract Symptoms,ambiguous,,
Lower Urinary Tract Symptoms (LUTS),unmatched,,
Lower Urinary Tract Symptoms (LUTS) Associated With Benign Prostatic Hyperplasia (BPH),unmatched,,
Loxapine Causing Adverse Effects in Therapeutic Use,unmatched,,
Lumbar,unmatched,,
Lumbar Disc Disease,unmatched,,
Lumbar Disc Herniation,unmatched,,
Lumbar Facet Joint Pain,unmatched,,
Lumbar Laminectomy,unmatched,,
Lumbar Radiculopathy,unmatched,,
Lumbar Sciatic Pain,unmatched,,
Lumbar Spinal Fusions,unmatched,,
Lumbar Spinal Instability,unmatched,,
Lumbar Spinal Stenosis,unmatched,,
Lumbar Spinal Stenosis With Nocturnal Calf Cramps,unmatched,,
Lumbar Spine Degeneration,unmatched,,
Lumbar Spine Disc Herniation,unmatched,,
Lumbar Spine Instability,unmatched,,
Lumbar Spine Spondylosis,unmatched,,
Lumbar Spine Stenosis,unmatched,,
Lumbar Spondylolisthesis,unmatched,,
Lumbar Spondylosis,unmatched,,
Lumbar and Other Intervertebral Disc Disorders With Radiculopathy,unmatched,,
Lumbosacral Radiculopathy,unmatched,,
Lumbosacral Spondylosis,unmatched,,
Lung Cancer,unmatched,,
Lung Cancer Metastatic,unmatched,,
Lung Cancer Squamous Cell,unmatched,,
Lung Carcinoma,unmatched,,
Lung Diseases,ambiguous,,
"Lung Diseases, Interstitial",ambiguous,,
"Lung Diseases, Obstructive",ambiguous,,
Lung Fibrosis,unmatched,,
Lung Function,unmatched,,
Lung Function Decreased,unmatched,,
Lung Infection,unmatched,,
Lung Inflammation,unmatched,,
Lung Injury,ambiguous,,
Lung Neoplasms,ambiguous,,
Lung Non-Small Cell Carcinoma,ambiguous,,
Lung Pharmacokinetic,unmatched,,
Lung Squamous Cell Carcinoma Stage IV,unmatched,,
Lung Transplant,unmatched,,
Lung Transplant Failure and Rejection,unmatched,,
Lung Transplant Infection,unmatched,,
Lung Transplant Recipient,unmatched,,
Lung Transplant Rejection,unmatched,,
Lung Transplantation,unmatched,,
"Lung, Wet",unmatched,,
Lupus,unmatched,,
"Lupus Erythematosus, Systemic",ambiguous,,
Lupus Nephritis,ambiguous,,
Lupus or SLE,unmatched,,
Luteal Development,unmatched,,
Luteal Phase,unmatched,,
Luteal Phase Insufficiency,unmatched,,
Luteal Phase Support,unmatched,,
Lyme Arthritis,unmatched,,
Lyme Borreliosis,unmatched,,
"Lyme Borreliosis, Nervous System",unmatched,,
Lyme Disease,ambiguous,,
Lyme Neuroborreliosis,ambiguous,,
Lymph Node Cancer Metastatic,unmatched,,
Lymph Node Dissection,unmatched,,
Lymph Node Metastases,unmatched,,
Lymph Node Metastasis,unmatched,,
Lymphangioleiomyomatosis,ambiguous,,
Lymphatic Filariasis,unmatched,,
Lymphatic Metastasis,ambiguous,,
Lymphedema,ambiguous,,
Lympho-proliferative Diseases,unmatched,,
Lymphoblastic Leukemia,unmatched,,
"Lymphoblastic Leukemia, Acute",unmatched,,
"Lymphoblastic Leukemia, Acute, Childhood",unmatched,,
"Lymphoblastic Leukemia, Acute, L1",unmatched,,
"Lymphoblastic Leukemia, Acute, L2",unmatched,,
Lymphoblastic Lymphoma,unmatched,,
Lymphocytic Gastritis,unmatched,,
"Lymphocytic Leukemia, Acute",unmatched,,
"Lymphocytic Leukemia, L1",unmatched,,
"Lymphocytic Leukemia, L2",unmatched,,
Lymphoid Malignancies,unmatched,,
Lymphoid Neoplasm,unmatched,,
Lymphoma,ambiguous,,
Lymphoma Idiopathic Thrombocytopenic Purpura,unmatched,,
"Lymphoma, AIDS Related",ambiguous,,
"Lymphoma, B Cell",ambiguous,,
"Lymphoma, B-Cell",ambiguous,,
"Lymphoma, Follicular",ambiguous,,
"Lymphoma, High-grade",unmatched,,
"Lymphoma, Large B-Cell, Diffuse",ambiguous,,
"Lymphoma, Large Cell",unmatched,,
"Lymphoma, Large-Cell, Anaplastic",ambiguous,,
"Lymphoma, Large-Cell, Ki-1",unmatched,,
"Lymphoma, Malignant",unmatched,,
"Lymphoma, Mantle-Cell",ambiguous,,
"Lymphoma, Non-Hodgkin",ambiguous,,
"Lymphoma, T-Cell",ambiguous,,
"Lymphoma, T-Cell, Cutaneous",ambiguous,,
Lymphoplasmacytic Lymphoma,unmatched,,
Lymphoproliferative Disorder,ambiguous,,
Lymphoproliferative Disorders,ambiguous,,
Lynch Syndrome,unmatched,,
M-protein Related Cardiac Disease,unmatched,,
MAC Lung Disease,unmatched,,
MAFLD,unmatched,,
MALT Lymphoma of Stomach,unmatched,,
MASLD,unmatched,,
MASLD - Metabolic Dysfunction-Associated Steatotic Liver Disease,unmatched,,
MCA - Middle Cerebral Artery Dissection,unmatched,,
MCNS,unmatched,,
MDD,unmatched,,
MDR-TB,unmatched,,
MDS,unmatched,,
MDS (Myelodysplastic Syndrome),unmatched,,
MEMBRANOUS NEPHROPATHY,unmatched,,
METABOLIC SYNDROME,ambiguous,,
MGD-Meibomian Gland Dysfunction,unmatched,,
MILD TO SEVERE ACNE VULGARIS,unmatched,,
MPS - Mucopolysaccharidosis,unmatched,,
MPS IV A,unmatched,,
MPS VI,unmatched,,
MRSA,unmatched,,
MRSA Colonization,unmatched,,
MRSA Infection,unmatched,,
MS (Multiple Sclerosis),unmatched,,
MSI-L,unmatched,,
MSK Conditions,unmatched,,
MSS,unmatched,,
MSSA Colonization,unmatched,,
MTHFR 677 CC or CT Genotype,unmatched,,
MTHFR 677 TT Genotype,unmatched,,
MULTIPLE MYELOMA,ambiguous,,
MULTIPLE SCLEROSIS,ambiguous,,
MV(Mitral Valve) Repair,unmatched,,
"MYELOPROLIFERATIVE DISORDER (P Vera, CMML, ET)",unmatched,,
Macroalbuminuric Diabetic Nephropathy,unmatched,,
Macrocytosis,unmatched,,
Macrophage Infiltration,unmatched,,
Macula Edema,unmatched,,
Macula Thickening,unmatched,,
Macular Degeneration,ambiguous,,
Macular Edema,ambiguous,,
Macular Edema (ME),unmatched,,
Macular Holes,unmatched,,
Macular Oedema,unmatched,,
Macular Telangiectasia Type 2,unmatched,,
Magnesium Sulphate,unmatched,,
Magnetic Resonance Imaging,unmatched,,
Magnetic Resonance Imaging (MRI),unmatched,,
Major Abdominal Surgery,unmatched,,
Major Adverse Cardiac Events,unmatched,,
Major Adverse Cardiovascular and Cerebrovascular Events (MACCE),unmatched,,
Major Bleed,unmatched,,
Major Bleeding,unmatched,,
Major Depression,unmatched,,
Major Depression Disorder,unmatched,,
Major Depression With Comorbid Anxiety Symptoms,unmatched,,
Major Depression With Panic Attacks,unmatched,,
Major Depression With Psychotic Features,unmatched,,
Major Depressive Disorder,ambiguous,,
Major Depressive Disorder (MDD,unmatched,,
Major Depressive Disorder (MDD),unmatched,,
Major Depressive Disorder (MDD) With Insomnia,unmatched,,
Major Depressive Disorder Patients,unmatched,,
Major Depressive Disorder With Insomnia,unmatched,,
Major Depressive Disorder With Panic Attacks,unmatched,,
"Major Depressive Disorder, Bipolar I and Bipolar II",unmatched,,
"Major Depressive Disorder, Recurrent, Unspecified",unmatched,,
"Major Depressive Disorder, Single Episode, Unspecified",unmatched,,
Major Depressive Disorders,ambiguous,,
Major Depressive Episode,unmatched,,
Major Surgery,unmatched,,
Major Surgical Resection of a Thoracic Malignancy,unmatched,,
Major Surgical Resection of an Abdominal Malignancy,unmatched,,
Malaria,ambiguous,,
Malaria in Pregnancy,unmatched,,
"Malaria, Falciparum",ambiguous,,
"Malaria,Falciparum",ambiguous,,
Male,unmatched,,
Male Breast Cancer,unmatched,,
Male Circumcision,unmatched,,
Male Contraceptive,unmatched,,
Male Erectile Disorder,unmatched,,
Male Hypogonadism,unmatched,,
Male Infertility,ambiguous,,
"Male Pattern of Hair Loss, Androgenic Alopecia",unmatched,,
Male Reproductive Problem,unmatched,,
Male Subfertility,unmatched,,
Male Urogenital Diseases,unmatched,,
Malignancies,unmatched,,
Malignancy,unmatched,,
Malignant Ascites,unmatched,,
Malignant Central Nervous System Neoplasm,unmatched,,
Malignant Childhood Neoplasm,unmatched,,
Malignant Cutaneous Adnexal Neoplasm,unmatched,,
Malignant Digestive System Neoplasm,unmatched,,
Malignant Gastrointestinal Neoplasm,unmatched,,
Malignant Glioma,unmatched,,
Malignant Head and Neck Neoplasm,unmatched,,
Malignant Lymphoma,unmatched,,
Malignant Lymphoma - Lymphoplasmacytic,unmatched,,
Malignant Melanoma,unmatched,,
"Malignant Melanoma, Neoplasms",unmatched,,
Malignant Mesothelioma,ambiguous,,
Malignant Neoplasm,unmatched,,
Malignant Neoplasm of Fourth Ventricle of Brain,unmatched,,
Malignant Neoplasm of Thyroid,unmatched,,
Malignant Neoplasm of Thyroid Stage I,unmatched,,
Malignant Neoplasm of Thyroid Stage II,unmatched,,
Malignant Neoplasms of Male Genital Organs,unmatched,,
Malignant Neoplasms of Mesothelial and Soft Tissue,unmatched,,
Malignant Pain,unmatched,,
Malignant Pleural Effusion,ambiguous,,
Malignant Primary Brain Tumors,unmatched,,
Malignant Soft Tissue Sarcoma,unmatched,,
Malignant Solid Neoplasm,unmatched,,
Malignant Solid Tumors,unmatched,,
Malignant Solid Tumour,unmatched,,
Malnutrition,ambiguous,,
Malnutrition in Pregnancy,unmatched,,
Mammographic Density,unmatched,,
Mammoplasty,unmatched,,
Management of Moderate to Severe Pain,unmatched,,
Management of Pediatric Status Epilepticus,unmatched,,
Managing Preterm Labor,unmatched,,
Mandible Fracture,unmatched,,
Mania,ambiguous,,
Manic Depression,unmatched,,
Manic Disorder,unmatched,,
Manic State,unmatched,,
Manic State Associated With Corticosteroid Use,unmatched,,
Manic-Depressive Psychosis,unmatched,,
Mantle Cell Lymphoma,ambiguous,,
Mantle Cell Lymphoma Recurrent,unmatched,,
Mantle-Cell Lymphoma,ambiguous,,
Marasmus,unmatched,,
Marfan Syndrome,ambiguous,,
Marginal Ulcer,unmatched,,
Marginal Ulcers,unmatched,,
Marginal Zone B-Cell Lymphoma,ambiguous,,
Marginal Zone Lymphoma,unmatched,,
Marginal Zone Lymphoma of Ocular Adnexal,unmatched,,
Marginal Zone Lymphoma(MZL),unmatched,,
Marijuana Abuse,ambiguous,,
Marijuana Dependence,unmatched,,
Maroteaux Lamy Syndrome,unmatched,,
Masked Hypertension,ambiguous,,
Mast Cell Leukemia,ambiguous,,
Mastectomy,unmatched,,
Mastectomy Patient,unmatched,,
Mastitis,ambiguous,,
Mastocytosis,ambiguous,,
Mastoidectomy,unmatched,,
Mastoiditis,ambiguous,,
Masturbation,unmatched,,
Maternal Care for Late Fetal Death,unmatched,,
Maternal Complications After Oral Anticoagulation When Initiated Early and Late After Caesarean Section Done for Patients With Mechanical Heart Valve Prosthesis,unmatched,,
Maternal Death,ambiguous,,
Maternal Health,unmatched,,
Maternal Hypertension,unmatched,,
Maternal Infection Affecting Newborn,unmatched,,
Maternal Infections Affecting Fetus or Newborn,unmatched,,
Maternal Sepsis During Labor,unmatched,,
Maternal and Neonatal Sepsis,unmatched,,
Matrix Metalloproteinases,unmatched,,
Mature B-cell Non-Hodgkin Lymphoma,unmatched,,
"Maturity Onset Diabetes of the Young, Type 1",ambiguous,,
Maturity-Onset Diabetes of the Young,unmatched,,
"Maturity-Onset Diabetes of the Young, Type 3",ambiguous,,
Maturity-onset Diabetes of the Young,unmatched,,
Maxillary Sinusitis,ambiguous,,
Maxillofacial Surgery,unmatched,,
Maximal Platelet Aggregation,unmatched,,
Mean Arterial Pressure,unmatched,,
Measles,ambiguous,,
Mechanical,unmatched,,
Mechanical Mitral Valve Prosthesis,unmatched,,
Mechanical Thrombectomy,unmatched,,
Mechanical Ventilation,unmatched,,
Mechanical Ventilation Complication,unmatched,,
Mechanical Ventilation Pressure High,unmatched,,
Mechanically Ventilated ICU Patients,unmatched,,
Meclizine,unmatched,,
Medial Epicondylitis,unmatched,,
"Medial Epicondylitis, Left Elbow",unmatched,,
"Medial Epicondylitis, Right Elbow",unmatched,,
"Mediastinal B-Cell Lymphoma, Unclassifiable, With Features Intermediate Between Diffuse Large B-Cell Lymphoma and Classic Hodgkin Lymphoma",unmatched,,
Mediastinal Diseases,ambiguous,,
Medical Expulsive Therapy,unmatched,,
Medical Overuse,unmatched,,
Medication Adherence,unmatched,,
Medication Compliance,unmatched,,
Medication Non Adherence,unmatched,,
Medication Overuse Headache,unmatched,,
Medication Reaction,unmatched,,
Medication Related Osteonecrosis of the Jaw,unmatched,,
Medication Satisfaction,unmatched,,
Medication Toxicity,unmatched,,
Medication and Supplement Use,unmatched,,
Medullary Thyroid Cancer,ambiguous,,
Medullary Thyroid Carcinoma,unmatched,,
Medulloblastoma,ambiguous,,
Megaloblastic Anemia Nos,unmatched,,
Meibomian Gland Dysfunction,ambiguous,,
Meibomian Gland Dysfunction of Bilateral Eyes (Disorder),unmatched,,
Melancholia,unmatched,,
Melanoma,ambiguous,,
Melanoma (Skin),unmatched,,
Melasma,unmatched,,
Melatonin,unmatched,,
Melatonin Deficiency,unmatched,,
Melioidosis,ambiguous,,
Memantine,unmatched,,
Membrane Transport,unmatched,,
Membranes,unmatched,,
Memory,unmatched,,
Memory Deficit,unmatched,,
Memory Deficits,unmatched,,
Memory Disorder,ambiguous,,
Memory Disorders,ambiguous,,
Memory Impairment,unmatched,,
Memory Impairment Due to Corticosteroid Use,unmatched,,
Memory Loss Associated With Corticosteroid Use,unmatched,,
"Memory, Concentration or Attention Problems",unmatched,,
Men Infertility,unmatched,,
Men With Low Testosterone Levels,unmatched,,
Meniere Disease,ambiguous,,
Meniere's Disease,unmatched,,
Meniere´s Disease,unmatched,,
Meningeal Chronic Myelogenous Leukemia,unmatched,,
Meningioma,ambiguous,,
Meningitis,ambiguous,,
Meningitis (Etiology),unmatched,,
"Meningitis, Viral",ambiguous,,
Meningococcal Immunization,unmatched,,
Meningococcal Infections,ambiguous,,
Meningoencephalitis (Etiology),unmatched,,
Meniscectomy,unmatched,,
Meniscus Disorder,unmatched,,
Meniscus Tear,unmatched,,
"Meniscus Tear, Tibial",unmatched,,
Menière's Disease,unmatched,,
Menopausal Complaints,unmatched,,
Menopausal Symptoms,unmatched,,
Menopausal Vasomotor Symptoms,unmatched,,
Menopausal Women,unmatched,,
Menopausal and Female Climacteric States,unmatched,,
Menopausal and Postmenopausal Disorders,unmatched,,
Menopause,unmatched,,
Menopause Hot Flashes,unmatched,,
Menopause Ovarian Failure,unmatched,,
Menopause Surgical,unmatched,,
Menopause Syndrome,unmatched,,
"Menopause, Premature",ambiguous,,
Menopause-Hot Flashes,unmatched,,
Menorrhagia,ambiguous,,
Menstrual,unmatched,,
Menstrual Cycle,unmatched,,
"Menstrual Cycles (Total Length, Bleeding Days)",unmatched,,
Menstrual Flow Altered,unmatched,,
Menstrual Migraine,unmatched,,
Menstrual Pattern,unmatched,,
Menstrual Related Mood Disorder,unmatched,,
Menstruation,unmatched,,
Menstruation Disturbances,ambiguous,,
Mental Disorder,ambiguous,,
Mental Disorder Diagnosed in Childhood,unmatched,,
Mental Disorders,ambiguous,,
Mental Disorders Diagnosed in Childhood,unmatched,,
Mental Fatigue,ambiguous,,
Mental Health,unmatched,,
Mental Health Disorder,unmatched,,
Mental Health Issue,unmatched,,
Mental Illness,unmatched,,
Mental Retardation,unmatched,,
"Mental Retardation, X Linked",ambiguous,,
Mental Symptom,unmatched,,
Meperidine,unmatched,,
Merkel Cell Carcinoma,ambiguous,,
Meropenem,unmatched,,
Mesenchymal Stem Cells,unmatched,,
Mesenteric Thrombosis,unmatched,,
Mesenteric Vein Thrombosis,unmatched,,
Mesothelioma,ambiguous,,
Metabolic Abnormality,unmatched,,
Metabolic Acidosis,unmatched,,
Metabolic Alcohol-associated Liver Disease,unmatched,,
Metabolic Complication,unmatched,,
Metabolic Complications,unmatched,,
"Metabolic Detoxication, Phase I",unmatched,,
Metabolic Disease,unmatched,,
Metabolic Diseases,ambiguous,,
Metabolic Disorder,unmatched,,
Metabolic Disturbance,unmatched,,
Metabolic Dysfunction-Associated Fatty Liver Disease,unmatched,,
Metabolic Dysfunction-Associated Steatohepatitis (MASH),unmatched,,
Metabolic Dysfunction-Associated Steatotic Liver Disease,unmatched,,
Metabolic Dysfunction-associated Fatty Liver Disease (MAFLD),unmatched,,
Metabolic Dysfunction-associated Steatotic Liver Disease (MASLD),unmatched,,
Metabolic Features,unmatched,,
Metabolic Health,unmatched,,
Metabolic Improvements,unmatched,,
Metabolic Integrity,unmatched,,
Metabolic Parameters and Liver Histology,unmatched,,
Metabolic Syndrome,ambiguous,,
Metabolic Syndrome (MetS),unmatched,,
Metabolic Syndrome Parameters,unmatched,,
Metabolic Syndrome X,unmatched,,
Metabolic Syndrome x,unmatched,,
"Metabolic Syndrome, Protection Against",unmatched,,
Metabolic Syndromes,ambiguous,,
Metabolic X Syndrome Dyslipidemia,unmatched,,
"Metabolic, Cardiovascular",unmatched,,
Metabolic-associated Fatty Liver Disease,unmatched,,
Metabolically Healthy Controls,unmatched,,
Metabolism,unmatched,,
Metabolism and Nutrition Disorder,unmatched,,
Metabolism and Nutrition Disorders,unmatched,,
"Metabolism, Inborn Errors",ambiguous,,
Metabolite,unmatched,,
Metabolomics,unmatched,,
Metacarpal Fracture,unmatched,,
Metachromatic Leukodystrophy,ambiguous,,
Metaplastic Breast Carcinoma,unmatched,,
Metastasis,unmatched,,
Metastatic Appendiceal Adenocarcinoma,unmatched,,
Metastatic Breast Cancer,unmatched,,
Metastatic Breast Carcinoma,unmatched,,
Metastatic Cancer,unmatched,,
Metastatic Carcinoma in the Liver,unmatched,,
Metastatic Castrate Resistant Prostate Cancer (mCRPC),unmatched,,
Metastatic Castrate-Resistant Prostate Cancer,unmatched,,
Metastatic Castrate-Resistant Prostate Carcinoma (mCRPC),unmatched,,
Metastatic Castration-Resistant Prostate Cancer,unmatched,,
Metastatic Castration-Resistant Prostate Cancer Patients,unmatched,,
Metastatic Castration-resistant Prostate Cancer,unmatched,,
Metastatic Castration-resistant Prostate Cancer (mCRPC),unmatched,,
Metastatic Cervical Cancer,unmatched,,
Metastatic Clear Cell Renal Cell Carcinoma,ambiguous,,
Metastatic Colorectal Cancer,unmatched,,
Metastatic Colorectal Carcinoma,unmatched,,
Metastatic Colorectal Carcinoma (mCRC),unmatched,,
Metastatic Digestive System Carcinoma,unmatched,,
Metastatic Disease,unmatched,,
Metastatic Endometrioid Adenocarcinoma,unmatched,,
Metastatic Epithelial Ovarian Cancer,unmatched,,
Metastatic Esophageal Adenocarcinoma,unmatched,,
Metastatic Esophageal Carcinoma,unmatched,,
Metastatic Fallopian Tube Carcinoma,unmatched,,
Metastatic Gastric Carcinoma,unmatched,,
Metastatic Gastroesophageal Junction Adenocarcinoma,unmatched,,
Metastatic HER2 Negative Breast Carcinoma,unmatched,,
Metastatic Head and Neck Squamous Cell Carcinoma,unmatched,,
Metastatic Hormone Refractory Prostate Cancer,unmatched,,
Metastatic Hormone-Receptor-Positive (HR+) Breast Cancer,unmatched,,
Metastatic Kidney Cancer,unmatched,,
Metastatic Lung Non-Small Cell Carcinoma,unmatched,,
Metastatic Lung Small Cell Carcinoma,unmatched,,
Metastatic Malignant Breast Neoplasm,unmatched,,
Metastatic Malignant Digestive System Neoplasm,unmatched,,
Metastatic Malignant Neoplasm,unmatched,,
Metastatic Malignant Neoplasm in the Brain,unmatched,,
Metastatic Malignant Neoplasm in the Liver,unmatched,,
Metastatic Malignant Neoplasm to Brain,unmatched,,
Metastatic Malignant Solid Neoplasm,unmatched,,
Metastatic Melanoma,unmatched,,
Metastatic Melanoma (Stage IIIC Non-résécable or no Surgically Curable or Stage IV With Classification AJCC),unmatched,,
Metastatic NRAS Melanoma,unmatched,,
Metastatic Non-small Cell Lung Cancer,unmatched,,
Metastatic Oral Cavity Carcinoma,unmatched,,
Metastatic Ovarian Cancer,unmatched,,
Metastatic Ovarian Carcinoma,unmatched,,
Metastatic Ovary Cancer,unmatched,,
Metastatic Pancreas Adenocarcinoma,unmatched,,
Metastatic Pancreatic Adenocarcinoma,unmatched,,
Metastatic Pancreatic Cancer,unmatched,,
Metastatic Pancreatic Ductal Adenocarcinoma,unmatched,,
Metastatic Pheochromocytoma,unmatched,,
Metastatic Primary Peritoneal Carcinoma,unmatched,,
Metastatic Prostate Adenocarcinoma,unmatched,,
Metastatic Prostate Cancer,unmatched,,
Metastatic Prostate Carcinoma,unmatched,,
Metastatic Prostatic Adenocarcinoma,unmatched,,
Metastatic Rectal Adenocarcinoma,unmatched,,
Metastatic Renal Cancer,unmatched,,
Metastatic Renal Cell Carcinoma,unmatched,,
Metastatic Solid Malignancies,unmatched,,
Metastatic Solid Tumor,unmatched,,
Metastatic Solid Tumors,unmatched,,
Metastatic Thyroid Cancer,unmatched,,
Metastatic Thyroid Gland Follicular Carcinoma,unmatched,,
Metastatic Thyroid Gland Papillary Carcinoma,unmatched,,
Metastatic Triple-Negative Breast Carcinoma,unmatched,,
Metastatic Triple-negative Breast Cancer,unmatched,,
Metastatic Uveal Melanoma,unmatched,,
Metastatic/Recurrent Cervical Cancer,unmatched,,
Metformin,unmatched,,
Metformin Adverse Reaction,unmatched,,
Metformin for Obese Pregnant Women,unmatched,,
Methamphetamine,unmatched,,
Methamphetamine Abuse,unmatched,,
Methamphetamine Dependence,unmatched,,
Methamphetamine Intoxication (Disorder),unmatched,,
Methamphetamine Use Disorder,unmatched,,
Methamphetamine-dependence,unmatched,,
Methicillin Resistant Staphylococcus Aureus,unmatched,,
Methicillin Resistant Staphylococcus Aureus Skin Infections,unmatched,,
Methicillin-Resistant Staphylococcus Aureus,unmatched,,
Methicillin-Resistant Staphylococcus Aureus Infection,unmatched,,
Methicillin-resistant Staphylococcus Aureus,unmatched,,
Methicillin-resistant Staphylococcus Aureus (MRSA) Infection,unmatched,,
Methodology Study,unmatched,,
Methotrexate,unmatched,,
Methotrexate Adverse Reaction,unmatched,,
Methotrexate Induced Nephrotoxicity,unmatched,,
Methylmalonic Acidemia,ambiguous,,
"Methylmalonic Aciduria and Homocystinuria,Cblc Type",unmatched,,
Methylphenidate,unmatched,,
Methylphenidate Abuse,unmatched,,
Methylprednisolone,unmatched,,
Methylprednisolone Adverse Reaction,unmatched,,
Metoprolol,unmatched,,
Metrorrhagia,ambiguous,,
Mi Q Wave,unmatched,,
Microalbuminuria,unmatched,,
Microalbuminuria /Creatinine Ratios ACR,unmatched,,
Microbial Colonization,unmatched,,
Microbial Substitution,unmatched,,
Microbiologic Resistance,unmatched,,
Microbiome,unmatched,,
Microbiota,unmatched,,
Microcirculation,unmatched,,
Micrognathia,unmatched,,
Microhaemorrhage,unmatched,,
Microneedle Knife,unmatched,,
Micronutrient Deficiencies,unmatched,,
Micronutrient Deficiency,unmatched,,
Micronutrient Status,unmatched,,
Micronutrient Status in Women of Reproductive Age,unmatched,,
Microscopic Polyangiitis,ambiguous,,
Microtia,unmatched,,
Microvascular Angina,ambiguous,,
Microvascular Circulation,unmatched,,
Microvascular Coronary Artery Disease,unmatched,,
Microvascular Decompression Surgery,unmatched,,
Microvascular Dysfunction,unmatched,,
Microvascular Ischemia of Myocardium,unmatched,,
Midazolam,unmatched,,
Middle Cerebral Artery Occlusion,unmatched,,
Middle Cerebral Artery Stroke,unmatched,,
Migraine,unmatched,,
Migraine Disease,unmatched,,
Migraine Disorders,ambiguous,,
"Migraine Disorders, Brain",unmatched,,
Migraine Headache,unmatched,,
"Migraine Headache, With or Without Aura",unmatched,,
Migraine Headaches,unmatched,,
Migraine With Aura,ambiguous,,
Migraine With Typical Aura,unmatched,,
Migraine With and Without Aura,unmatched,,
Migraine With or Without Aura,unmatched,,
Migraine Without Aura,ambiguous,,
Migraine in Adults,unmatched,,
Migraine with Aura,ambiguous,,
"Migraine, Acute",unmatched,,
"Migraine, Classic",unmatched,,
"Migraine, Hemicrania",unmatched,,
"Migraine, Without Aura",ambiguous,,
Migraines,unmatched,,
Mild Alzheimer Disease,unmatched,,
Mild Asthma,unmatched,,
Mild Behavioural Impairment,unmatched,,
Mild Chronic Obstructive Pulmonary Disease,unmatched,,
Mild Cognitive Impairment,unmatched,,
Mild Cognitive Impairment (MCI),unmatched,,
Mild Cognitive Impairment Due to Alzheimer Disease,unmatched,,
Mild Cognitive Impairment Due to Alzheimer's Disease,unmatched,,
Mild Cognitivie Impairment (MCI),unmatched,,
Mild Dementia,unmatched,,
Mild Hypertension,unmatched,,
Mild Neurocognitive Disorder,unmatched,,
Mild Persistent Asthma,unmatched,,
Mild Stroke,unmatched,,
Mild Therapeutic Hypothermia,unmatched,,
Mild Traumatic Brain Injury,unmatched,,
Mild or Moderate Anaemia,unmatched,,
Mild or Moderate Asthma,unmatched,,
Mild to Moderate Alzheimer's Disease,unmatched,,
Mild to Moderate COVID-19,unmatched,,
Mild to Moderate Hypertension,unmatched,,
Mild to Moderate Uncomplicated Skin and Skin Structure Infections,unmatched,,
Mild to Severe Alzheimer's Disease,unmatched,,
Mild to Severe Hypertension,unmatched,,
Mild-to-moderate Essential Hypertension,unmatched,,
Military Activity,unmatched,,
Mineralcorticoid,unmatched,,
Mineralocorticoid Receptor Antagonist,unmatched,,
Minimal Change Disease,unmatched,,
Minimal Change Nephrotic Syndrome (MCNS),unmatched,,
Minimal Residual Disease,unmatched,,
Minimally Invasive Total Knee Arthroplasty,unmatched,,
Minimally Invasive Treatment,unmatched,,
Minor Intra-uterine Abnormalities,unmatched,,
Minor Stroke,unmatched,,
Mirtazapine,unmatched,,
Miscarriage,unmatched,,
Miscarriages,unmatched,,
Misophonia,ambiguous,,
Missed Abortion,ambiguous,,
Missing Tooth,unmatched,,
Mitochondrial DNA Deletion,unmatched,,
Mitochondrial Neurogastrointestingal Encephalopathy,unmatched,,
Mitral Insufficiency,unmatched,,
Mitral Regurgitation,unmatched,,
Mitral Stenosis,unmatched,,
Mitral Stenosis with Insufficiency,unmatched,,
Mitral Valve Disease,unmatched,,
Mitral Valve Insufficiency,ambiguous,,
Mitral Valve Prolapse,ambiguous,,
Mitral Valve Stenosis,ambiguous,,
Mitral Valve Stenosis and Insufficiency,unmatched,,
Mixed Dementia,ambiguous,,
Mixed Dyslipidemia,unmatched,,
Mixed Dyslipidemias,unmatched,,
Mixed Hyperlipidemia,unmatched,,
Mixed Mania,unmatched,,
Mixed Mania Bipolar Disorder,unmatched,,
Mixed Phenotype Acute Leukemia,unmatched,,
Mobile Applications,unmatched,,
Mobile Health Technology (mHealth),unmatched,,
Mobility Limitation,ambiguous,,
"Mobility, Mini-screw",unmatched,,
Modalities,unmatched,,
Moderate Acute Malnutrition,unmatched,,
Moderate Alzheimer's Disease,unmatched,,
Moderate Asthma,unmatched,,
"Moderate COVID-19 Pneumonia, Severe COVID-19 Pneumonia",unmatched,,
Moderate Dementia,unmatched,,
Moderate Depression,unmatched,,
Moderate Renal Impairment,unmatched,,
Moderate Traumatic Brain Injury (TBI),unmatched,,
Moderate and Severe Plaque Psoriasis,unmatched,,
Moderate or Severe Submental Fullness,unmatched,,
Moderate to High Emetogenic Chemotherapy (MEC/HEC) Drugs,unmatched,,
Moderate to Severe Alzheimer's Disease,unmatched,,
Moderate to Severe Asthma,unmatched,,
Moderate to Severe COPD,unmatched,,
Moderate to Severe Chronic Pain,unmatched,,
Moderate to Severe Chronic Plaque Psoriasis,unmatched,,
"Moderate to Severe Chronic, Non-malignant Pain",unmatched,,
Moderate to Severe Gout,unmatched,,
Moderate to Severe Hypertension,unmatched,,
Moderate to Severe Idiopathic RLS With Daytime Symptoms,unmatched,,
Moderate to Severe Plaque Psoriasis,unmatched,,
Moderate to Severe Psoriasis,unmatched,,
Moderate to Severe Psoriasis.,unmatched,,
Moderate-severe Pain,unmatched,,
Moderate/Severe Asthma,unmatched,,
Modic Changes,unmatched,,
Modic Changes Type I or II Seen on MRI,unmatched,,
"Molar, Fourth",unmatched,,
"Molar, Third",unmatched,,
Mold Infection,unmatched,,
Molecular Mechanisms of Pharmacological Action,unmatched,,
Molecular-bacterial Vaginosis,unmatched,,
Molluscum Contagiosum,ambiguous,,
Monoclonal Antibody,unmatched,,
Monoclonal Gammopathy of Undetermined Significance,ambiguous,,
Monosomy 7,unmatched,,
Montelukast,unmatched,,
Mood,unmatched,,
Mood Change,unmatched,,
Mood Disorder,ambiguous,,
Mood Disorders,ambiguous,,
"Mood Disorders,",ambiguous,,
Mood Disturbance,unmatched,,
Morality,unmatched,,
Morbid Obesity,ambiguous,,
Morbidity,unmatched,,
Morphine,unmatched,,
Morphine Dependence,ambiguous,,
Morquio A Syndrome,unmatched,,
Morquio Syndrome,unmatched,,
Morquio Syndrome A,unmatched,,
Mortality,unmatched,,
Morton Neuroma,ambiguous,,
Motility Disorder,unmatched,,
"Motion Sickness, Space",ambiguous,,
Motion Simulation,unmatched,,
Motivation,unmatched,,
Motivational Interviewing,unmatched,,
Motor Activity,unmatched,,
Motor Function,unmatched,,
Motor Impairment,unmatched,,
Motor Neuron Disease,ambiguous,,
"Motor Neuron Disease, Amyotrophic Lateral Sclerosis",unmatched,,
Motor Outcomes,unmatched,,
Mountain Sickness,unmatched,,
Mouth Breathing,ambiguous,,
Movement Disorders,ambiguous,,
Moxifloxacin,unmatched,,
Moxifloxacin ECG Profile in Fed and Fasted State,unmatched,,
Mpulse Control Disorders,unmatched,,
Mucociliary Clearance Defect,unmatched,,
Mucopolysaccharidoses,ambiguous,,
Mucopolysaccharidosis Disorders,unmatched,,
Mucopolysaccharidosis I,ambiguous,,
Mucopolysaccharidosis II,ambiguous,,
Mucopolysaccharidosis IV A,unmatched,,
Mucopolysaccharidosis Type I,unmatched,,
Mucopolysaccharidosis Type II,unmatched,,
Mucopolysaccharidosis Type VI,unmatched,,
Mucopolysaccharidosis VI,unmatched,,
Mucosal Melanoma,unmatched,,
Mucosal-Associated Lymphoid Tissue Lymphoma,unmatched,,
Mucositis,ambiguous,,
Multi Organ Failure,unmatched,,
Multi Vessel Coronary Artery Disease,unmatched,,
Multi-drug Resistant Tuberculosis,unmatched,,
Multi-ligament Knee Injury,unmatched,,
"Multi-vessel Diseases, Angina",unmatched,,
Multidetector Computed Tomography,unmatched,,
Multidrug Resistant Pulmonary Tuberculosis,unmatched,,
Multidrug Resistant Tuberculosis,ambiguous,,
Multifunctional Enzyme Deficiency,unmatched,,
Multimodal Analgesia,unmatched,,
Multimodal Analgesic Approach,unmatched,,
Multimodal Pain Management,unmatched,,
Multimorbidity,unmatched,,
Multiple Dose,unmatched,,
Multiple Graft Failure,unmatched,,
Multiple Myeloma,ambiguous,,
Multiple Myeloma Progression,unmatched,,
Multiple Myeloma Stage I,unmatched,,
Multiple Myeloma Stage II,unmatched,,
Multiple Myeloma Stage III,unmatched,,
Multiple Myeloma With Failed Remission,unmatched,,
Multiple Myeloma and Plasma Cell Neoplasm,unmatched,,
Multiple Myeloma in Relapse,unmatched,,
"Multiple Myeloma, Neoplasms",unmatched,,
"Multiple Myeloma, Refractory",unmatched,,
Multiple Organ Dysfunction,unmatched,,
Multiple Pulmonary Nodules,ambiguous,,
Multiple Sclerosis,ambiguous,,
"Multiple Sclerosis, Primary Progressive",unmatched,,
"Multiple Sclerosis, Relapsing-Remitting",ambiguous,,
"Multiple Sclerosis, Relapsing-remitting",ambiguous,,
"Multiple Sclerosis, Secondary Progressive",unmatched,,
Multiple System Atrophy,ambiguous,,
Multiple Trauma,ambiguous,,
Multisystem Inflammatory Syndrome in Children (MIS-C),unmatched,,
Multivessel Coronary Artery Disease,unmatched,,
Muscle Aches,unmatched,,
Muscle Anabolism,unmatched,,
Muscle Atrophy,unmatched,,
Muscle Cramp,ambiguous,,
Muscle Cramps,ambiguous,,
Muscle Damage,unmatched,,
Muscle Fatigue,unmatched,,
Muscle Force,unmatched,,
Muscle Function,unmatched,,
Muscle Hypotrophy,unmatched,,
Muscle Injury,unmatched,,
Muscle Invasive Bladder Cancer,unmatched,,
Muscle Loss,unmatched,,
Muscle Pain,unmatched,,
Muscle Soreness,unmatched,,
Muscle Spasm,unmatched,,
Muscle Spasms,unmatched,,
Muscle Spasticity,ambiguous,,
Muscle Stiffness,unmatched,,
"Muscle Strain, Multiple Sites",unmatched,,
Muscle Strength,unmatched,,
Muscle Type Temporomandibular Disorders,unmatched,,
Muscle Weakness,ambiguous,,
Muscle-Invasive Bladder Carcinoma,unmatched,,
Muscular Diseases,ambiguous,,
Muscular Dystrophy,ambiguous,,
"Muscular Dystrophy, Duchenne",ambiguous,,
Musculoskeletal Abnormalities,ambiguous,,
Musculoskeletal Complications,unmatched,,
Musculoskeletal Degeneration,unmatched,,
Musculoskeletal Disease,unmatched,,
Musculoskeletal Diseases,ambiguous,,
Musculoskeletal Injury,unmatched,,
Musculoskeletal Pain,ambiguous,,
Music Therapy,unmatched,,
Myalgia,ambiguous,,
Myalgic Encephalomyelitis,unmatched,,
Myasthenia Gravis,ambiguous,,
Mycobacterium Abscessus Infection,unmatched,,
Mycobacterium Avium Complex,unmatched,,
Mycobacterium Avium Complex Pulmonary Disease,unmatched,,
Mycobacterium Avium-Intracellulare Infection,ambiguous,,
Mycobacterium Avium-intracellulare Infection,ambiguous,,
"Mycobacterium Infections, Nontuberculous",ambiguous,,
Mycobacterium Tuberculosis,unmatched,,
Mycoplasma Infections,ambiguous,,
Mycoplasma Pneumoniae,unmatched,,
Mycoplasma Pneumoniae Pneumonia,unmatched,,
Mycoses,ambiguous,,
Mycosis Fungoides,ambiguous,,
Myelin Degeneration,unmatched,,
Myelodysplasia,unmatched,,
Myelodysplastic Syndrome,ambiguous,,
Myelodysplastic Syndrome (MDS),unmatched,,
Myelodysplastic Syndrome With Excess Blasts,unmatched,,
Myelodysplastic Syndrome With Excess Blasts-1,unmatched,,
Myelodysplastic Syndrome With Excess Blasts-2,unmatched,,
Myelodysplastic Syndromes,ambiguous,,
"Myelodysplastic/Myeloproliferative Disease, Unclassifiable",unmatched,,
Myelodysplastic/Myeloproliferative Diseases,ambiguous,,
Myelodysplastic/Myeloproliferative Neoplasm With Ring Sideroblasts and Thrombocytosis,unmatched,,
"Myelodysplastic/Myeloproliferative Neoplasm, Unclassifiable",unmatched,,
Myelodysplastic/Myeloproliferative Neoplasms,unmatched,,
Myelofibrosis,unmatched,,
Myelofibrosis With Myeloid Metaplasia,unmatched,,
Myeloid Malignancy,unmatched,,
Myeloid Metaplasia,unmatched,,
Myeloma,unmatched,,
"Myeloma, Plasma-Cell",unmatched,,
Myelomeningocele,unmatched,,
Myeloproliferative Diseases,unmatched,,
Myeloproliferative Disorder,ambiguous,,
Myeloproliferative Disorders,ambiguous,,
Myeloproliferative Neoplasm,unmatched,,
Myeloproliferative Neoplasm (MPN),unmatched,,
Myeloproliferative Neoplasms,unmatched,,
Myeloproliferative Syndrome,unmatched,,
Myeloproliferative Syndromes,unmatched,,
Myeloproliferative-Myelodysplastic Diseases,ambiguous,,
Myocardial Bridge of Coronary Artery,unmatched,,
Myocardial Bridging,ambiguous,,
Myocardial Disease,unmatched,,
Myocardial Dysfunction,unmatched,,
Myocardial Edema,unmatched,,
Myocardial Failure,unmatched,,
Myocardial Fibrosis,unmatched,,
Myocardial Infarction,ambiguous,,
Myocardial Infarction With Non-Obstructive Coronary Arteries,unmatched,,
"Myocardial Infarction, Acute",unmatched,,
Myocardial Injury,unmatched,,
Myocardial Injury After Non-cardiac Surgery,unmatched,,
Myocardial Injury After Noncardiac Surgery (MINS),unmatched,,
Myocardial Ischaemia,unmatched,,
Myocardial Ischemia,ambiguous,,
"Myocardial Remodeling, Ventricular",unmatched,,
Myocardial Reperfusion Injury,ambiguous,,
Myocardial Strain,unmatched,,
Myocarditis,ambiguous,,
Myocarditis Allergic,unmatched,,
Myoclonic Epilepsy,ambiguous,,
Myofacial Pain,unmatched,,
Myofascial Pain Syndrome,ambiguous,,
Myofascial Pain Syndrome Lower Back,unmatched,,
Myofascial Pain Syndromes,ambiguous,,
Myofascial Pain of the Masticatory Muscles,unmatched,,
Myofascial Pelvic Pain,unmatched,,
Myofascial Trigger Point Pain,unmatched,,
Myoma,ambiguous,,
Myomectomy,unmatched,,
Myopathic Symptoms,unmatched,,
Myopathy,unmatched,,
"Myopia, Degenerative",ambiguous,,
Myopic Progression,unmatched,,
Myositis,ambiguous,,
"Myositis Ossificans Traumatica, Thigh",unmatched,,
Myotonia Congenita,ambiguous,,
Myotonic Dystrophy 1,unmatched,,
Myotoxicity of Atorvastatin Treatment,unmatched,,
Myringoplasty,unmatched,,
Myxofibrosarcoma (MFS),unmatched,,
Ménière,unmatched,,
Ménière's Vertigo,unmatched,,
N of 1 Study Design,unmatched,,
N-RAS Gene Amplification,unmatched,,
N/A - Healthy Subjects,unmatched,,
NAFLD,unmatched,,
NAION( Non-arteritic Anterior Ischemic Optic Neuropathy),unmatched,,
NASH,unmatched,,
NASH - Nonalcoholic Steatohepatitis,unmatched,,
NCOR Gene Mutations,unmatched,,
NESIS,unmatched,,
NF1 Mutation,unmatched,,
NHL,unmatched,,
NIR Spectroscopy,unmatched,,
"NLM Classification WM 203, Psychology:Schizophrenic Psychology",unmatched,,
NMO Spectrum Disorder,unmatched,,
NOACs,unmatched,,
NODULOCYSTIC ACNE,unmatched,,
NSAID (Non-Steroidal Anti-Inflammatory Drug),unmatched,,
NSAID Associated Gastric Ulcers,unmatched,,
NSAID-induced Gastropathy,unmatched,,
NSAIDs,unmatched,,
NSBB,unmatched,,
NSCLC,unmatched,,
NSTEMI,unmatched,,
Nail Abnormality,unmatched,,
Nail Bed Injury,unmatched,,
Nail Damage,unmatched,,
Nail Diseases,ambiguous,,
Nail Psoriasis,unmatched,,
Nalbuphine,unmatched,,
Naltrexone,unmatched,,
Narcolepsy,ambiguous,,
Narcotic Abuse,unmatched,,
Narcotic Use,unmatched,,
Narcotic-Related Disorders,ambiguous,,
Narcotics,unmatched,,
Nasal Allergy,unmatched,,
Nasal Chondromesenchymal Hamartoma,unmatched,,
Nasal Congestion,unmatched,,
Nasal Obstruction,ambiguous,,
Nasal Polyposis,unmatched,,
Nasal Polyps,ambiguous,,
Nasal Sinus,unmatched,,
Nasal Surgical Procedures,unmatched,,
Nasal and Nasal-type NK/T-cell Lymphoma,unmatched,,
Nasopharyngeal Cancer,unmatched,,
Nasopharyngeal Cancinoma (NPC),unmatched,,
Nasopharyngeal Carcinoma,ambiguous,,
Nasopharyngeal Neoplasms,ambiguous,,
Natriuretic Peptides,unmatched,,
Natural Killer Cell Malignancies,unmatched,,
Nausea,ambiguous,,
Nausea Gravidarum,unmatched,,
Nausea Persistent,unmatched,,
Nausea Post Chemotherapy,unmatched,,
Nausea With Vomiting Chemotherapy-Induced,unmatched,,
Nausea and Vomiting,unmatched,,
Nausea and Vomiting Post-foregut Surgery,unmatched,,
"Nausea and Vomiting, Chemotherapy-Induced",unmatched,,
"Nausea and Vomiting, Postoperative",ambiguous,,
Nausea and Vomitting,unmatched,,
"Nausea, Postoperative",unmatched,,
Nebulizers and Vaporizers,unmatched,,
Neck Cancer,unmatched,,
Neck Pain,ambiguous,,
"Necrosis, Pulp",unmatched,,
Necrotic Primary Molars,unmatched,,
Necrotic Pulp,unmatched,,
Necrotizing Enterocolitis,ambiguous,,
Necrotizing Soft Tissue Infection,unmatched,,
Need of Long Term Oral Anticoagulation Therapy (OAT),unmatched,,
Negative Affectivity,unmatched,,
Negative Behaviour Change,unmatched,,
Negative Feedback,unmatched,,
Negative Symptoms,unmatched,,
Negative Symptoms With Primary Psychotic Disorder,unmatched,,
Negative Symptoms in Schizophrenia,unmatched,,
Negative Symptoms of Schizophrenia,unmatched,,
Neisseria Gonorrheae Infection,unmatched,,
Neisseria Gonorrhoeae,unmatched,,
Neisseria Gonorrhoeae Infection,unmatched,,
Neisseriaceae Infection,ambiguous,,
Neoadjuvant Chemotherapy,unmatched,,
Neoadjuvant Therapy,unmatched,,
Neobladder Diversion,unmatched,,
Neointimal Coverage,unmatched,,
Neonatal Abstinence Syndrome,ambiguous,,
Neonatal Adrenoleukodystrophy,unmatched,,
Neonatal Complications,unmatched,,
Neonatal Convulsion,unmatched,,
Neonatal Death,unmatched,,
Neonatal Diseases and Abnormalities,unmatched,,
Neonatal Encephalopathy,unmatched,,
Neonatal Herpes Simplex Infection,unmatched,,
Neonatal Hypoglycemia,unmatched,,
Neonatal Infection,unmatched,,
Neonatal Infections,unmatched,,
Neonatal Jaundice,ambiguous,,
Neonatal Male Circumcision,unmatched,,
Neonatal Mortality,unmatched,,
Neonatal SEPSIS,ambiguous,,
Neonatal Seizure,unmatched,,
Neonatal Seizures,unmatched,,
Neonatal Sepsis,ambiguous,,
Neonates,unmatched,,
Neoplasm Malignant,unmatched,,
Neoplasm Metastases,unmatched,,
Neoplasm Metastasis,ambiguous,,
"Neoplasm, Fibrous Tissue",ambiguous,,
Neoplasms,ambiguous,,
Neoplasms by Histologic Type,ambiguous,,
"Neoplasms, Adipose Tissue",ambiguous,,
"Neoplasms, Advanced Solid",unmatched,,
"Neoplasms, Breast",ambiguous,,
"Neoplasms, Colorectal",ambiguous,,
"Neoplasms, Connective Tissue",unmatched,,
"Neoplasms, Connective and Soft Tissue",unmatched,,
"Neoplasms, Germ Cell and Embryonal",ambiguous,,
"Neoplasms, Plasma Cell",ambiguous,,
Neovascular Age-related Macular Degeneration,unmatched,,
Nephrectomy,unmatched,,
Nephrectomy / Methods,unmatched,,
Nephritis,ambiguous,,
Nephritis of Lupus,unmatched,,
"Nephritis, Lupus",ambiguous,,
Nephrocalcinosis,ambiguous,,
Nephrogenic Diabetes Insipidus,ambiguous,,
Nephrolithiasis,ambiguous,,
Nephrolithiasis(Primary),unmatched,,
Nephropathy,unmatched,,
"Nephropathy, IGA",unmatched,,
Nephrotic Syndrome,ambiguous,,
Nephrotic Syndrome in Children,unmatched,,
Nephrotoxicity,unmatched,,
Nerve Block,unmatched,,
Nerve Blocks,unmatched,,
Nerve Condition,unmatched,,
Nerve Pain,unmatched,,
Nervous System Diseases,ambiguous,,
Netherton Syndrome,ambiguous,,
Neural Activity,unmatched,,
Neural Tube Defects,ambiguous,,
Neuralgia,ambiguous,,
Neuralgia Peripheral,unmatched,,
"Neuralgia, Diabetic",unmatched,,
"Neuralgia, Postherpetic",ambiguous,,
"Neuritis, With Demyelination",unmatched,,
Neuro-Degenerative Disease,unmatched,,
Neuro: Cerebral Palsy,unmatched,,
Neurobehavioral Manifestations,ambiguous,,
Neuroblastoma,ambiguous,,
Neuroblastoma Recurrent,unmatched,,
"Neuroborreliosis, Borrelia Burgdorferi",unmatched,,
"Neuroborreliosis, Lyme",ambiguous,,
Neurocognitive Disorders,ambiguous,,
Neurocognitive Dysfunction,unmatched,,
Neurocognitive Function,unmatched,,
Neurocritical Care,unmatched,,
Neurocysticercosis,ambiguous,,
Neurodegenerative Diseases,ambiguous,,
Neurodegenerative Disorders,unmatched,,
Neurodevelopmental Abnormality,unmatched,,
Neurodevelopmental Disability,unmatched,,
Neurodevelopmental Disorder of Foetus,unmatched,,
Neurodevelopmental Disorders,ambiguous,,
Neuroendocrine Cell Hyperplasia of Infancy,unmatched,,
Neuroendocrine Prostate Cancer (NEPC),unmatched,,
Neuroendocrine Tumor (NET),unmatched,,
Neuroendocrine Tumors,ambiguous,,
Neurofibromatosis 1,ambiguous,,
Neurofibromatosis Type 1,unmatched,,
Neurofibromatosis Type 1 (NF1),unmatched,,
Neurofibromatosis Type 2,unmatched,,
Neurogenic Bladder,unmatched,,
Neurogenic Detrusor Overactivity,unmatched,,
Neurogenic Lower Urinary Tract Dysfunction,unmatched,,
Neuroimaging,unmatched,,
Neurologic Claudication in Patients With Lumbar Spinal Stenosis,unmatched,,
Neurologic Complication,unmatched,,
Neurologic Impairment by Opioids,unmatched,,
Neurologic Symptoms,unmatched,,
Neurological Dysphagia,unmatched,,
Neurologically Impaired,unmatched,,
Neurology,unmatched,,
Neuroma,ambiguous,,
Neuromuscular Blockade,unmatched,,
Neuromuscular Diseases,ambiguous,,
Neuromuscular Function,unmatched,,
Neuromyelitis Optica,ambiguous,,
Neuromyelitis Optica Spectrum Disorders,unmatched,,
Neuronal Plasticity,unmatched,,
Neuropathic,unmatched,,
Neuropathic Bladder,unmatched,,
Neuropathic Eye Pain,unmatched,,
Neuropathic Pain,unmatched,,
Neuropathic Pain Caused by Lumbar Radicular Pain,unmatched,,
Neuropathic Pain Secondary to Radiation Therapy,unmatched,,
"Neuropathic, Cervical",unmatched,,
"Neuropathic, Lumbar, Lumbosacral",unmatched,,
"Neuropathic, Polyneuropathy (Manifestation)",unmatched,,
Neuropathy,unmatched,,
Neuropathy in Cacer Patien,unmatched,,
"Neuropathy, Diabetic",ambiguous,,
Neuroprotection,unmatched,,
Neurosurgery,unmatched,,
Neurosurgical Procedures,unmatched,,
Neurotic Disorders,ambiguous,,
Neurotic Excoriation,unmatched,,
Neuroticism,unmatched,,
Neurotoxicity,unmatched,,
Neutropenia,ambiguous,,
"Neutropenia, Febrile",ambiguous,,
Neutropenic Fever,unmatched,,
Neutrophils.Hypersegmented &#X7C,unmatched,,
New Occurred Episode,unmatched,,
New Onset Diabetes After Transplant,unmatched,,
New Onset Diabetes After Transplantation,unmatched,,
Newly Diagnosed,unmatched,,
Newly Diagnosed Mantle Cell Lymphoma,unmatched,,
Newly Diagnosed Multiple Myeloma,unmatched,,
Newly Diagnosed Type 2 Diabetes,unmatched,,
Newly-diagnosed Glioblastoma,unmatched,,
Nicotine Addiction,unmatched,,
Nicotine Dependence,unmatched,,
Nicotine Replacement Therapy,unmatched,,
Nicotine Use Disorder,unmatched,,
Nicotine Withdrawal,unmatched,,
Niemann-Pick B,unmatched,,
Niemann-Pick C Subtype 2,unmatched,,
Niemann-Pick Disease,unmatched,,
Night Eating Syndrome,ambiguous,,
"Night Wetting and Day Wetting, Menstruation's Disorders, Urolithiasis, Defects of Urinary",unmatched,,
Nitric Oxide,unmatched,,
Nitric Oxyde,unmatched,,
Nitrous Oxide,unmatched,,
Nitrous Oxide Abuse,unmatched,,
No Bone Involved,unmatched,,
No Condition,unmatched,,
No Evidence of Disease,unmatched,,
No-Reflow Phenomenon,ambiguous,,
Nocardia Infections,ambiguous,,
Nociplastic Pain,unmatched,,
Nocturia,ambiguous,,
Nocturnal Blood Pressure,unmatched,,
Nocturnal Enuresis,ambiguous,,
Nocturnal Hypertension,unmatched,,
Nocturnal Hypoglycemia,unmatched,,
Nocturnal Polyurea in Patients With BPH,unmatched,,
Nodal Marginal Zone B-cell Lymphoma,unmatched,,
Nodding Syndrome,ambiguous,,
Node,unmatched,,
Nodular Goiter,ambiguous,,
Nodular Hyperplasia of Thyroid,unmatched,,
Nodular Prurigo,unmatched,,
Non Alcholic Fatty Liver Disease,unmatched,,
Non Alcoholic Fatty Liver Disease,ambiguous,,
Non Alcoholic Steatohepatitis,unmatched,,
Non Cancer Pain,unmatched,,
Non Cirrhotic Portal Hypertension,unmatched,,
Non Cystic Fibrosis Bronchiectasis,unmatched,,
Non Diabetic Subjects With Normoglycemia,unmatched,,
Non Erosive Reflux Disease,unmatched,,
Non Familial Chylocmicronemia Syndrome (Non-FCS),unmatched,,
Non Hodgkin Lymphoma,ambiguous,,
Non Hodgkin Lymphoma (NHL),unmatched,,
Non Hodgkin&#39,unmatched,,
Non Hodgkin's Lymphoma,unmatched,,
Non Infectious Uveitis,unmatched,,
Non Muscle Invasive Bladder Cancer,unmatched,,
Non ST Elevation Myocardial Infarction,unmatched,,
Non ST Segment Elevation Acute Coronary Syndrome,unmatched,,
Non Small Cell Lung Cancer,unmatched,,
Non Small Cell Lung Cancer (NSCLC),unmatched,,
Non Small Cell Lung Carcinoma,ambiguous,,
Non Specific Low Back Pain,unmatched,,
Non Thyroid Cancer,unmatched,,
Non Valvular Atrial Fibrillation,unmatched,,
Non-Alcoholic Fatty Liver Disease,ambiguous,,
Non-Alcoholic Steatohepatitis,unmatched,,
Non-Cancer Thyroid Disease,unmatched,,
Non-Cardiac Chest Pain,unmatched,,
Non-Convulsive Status Epilepticus,unmatched,,
Non-Coronary Atherosclerotic Disease,unmatched,,
Non-Dystrophic Myotonia,unmatched,,
Non-Erosive Reflux Disease,unmatched,,
Non-Fluoride Enamel Opacities,unmatched,,
Non-Hodgkin Lymphoma,ambiguous,,
Non-Hodgkin's Disease,unmatched,,
Non-Hodgkin's Lymphoma,unmatched,,
Non-Hodgkins's Lymphoma,unmatched,,
Non-Infectious Uveitis,unmatched,,
Non-Insulin-Dependent Diabetes Mellitus,unmatched,,
Non-Invasive Positive Pressure Ventilation,unmatched,,
Non-Obstructive Coronary Atherosclerosis,unmatched,,
Non-Opioid Pain Management,unmatched,,
Non-ST Elevation Myocardial Infarction,unmatched,,
Non-ST Elevation Myocardial Infarction (nSTEMI),unmatched,,
Non-ST Segment Elevation Myocardial Infarction,unmatched,,
Non-Severe Pneumonia,unmatched,,
Non-Small Cell Lung Cancer,unmatched,,
Non-Small Cell Lung Cancer (NSCLC),unmatched,,
Non-Small-Cell Lung Carcinoma,ambiguous,,
Non-Squamous Cell Lung Cancer,unmatched,,
Non-Traumatic Osteonecrosis,unmatched,,
Non-Traumatic Subarachnoid Hemorrhage,unmatched,,
Non-Tuberculous Mycobacterial (NTM) Pneumonia,unmatched,,
Non-Valvular Atrial Fibrillation,unmatched,,
Non-acute Carotid Artery Occlusion,unmatched,,
Non-adherence,unmatched,,
Non-alcoholic Fatty Liver Disease,ambiguous,,
Non-alcoholic Fatty Liver Disease (NAFLD,unmatched,,
Non-alcoholic Fatty Liver Disease NAFLD,unmatched,,
Non-alcoholic Steatohepatitis,unmatched,,
Non-alcoholic Steatohepatitis NASH,unmatched,,
Non-anemic Iron Deficiency,unmatched,,
Non-asthmatic Smokers,unmatched,,
Non-critical Emergency Room Patients Receiving Lortab Medication or Prescription During Their Emergency Room Visit,unmatched,,
Non-critically Ill,unmatched,,
Non-cyclical Mastalgia,unmatched,,
Non-diabetic Chronic Kidney Disease,unmatched,,
Non-diabetic Obesity,unmatched,,
Non-erosive Esophagitis,unmatched,,
Non-erosive Reflux Disease,unmatched,,
Non-erosive Reflux Disease(NERD),unmatched,,
Non-hodgkin Lymphoma,ambiguous,,
"Non-hodgkin Lymphoma,B Cell",unmatched,,
Non-infectious Intermediate Posterior- or Pan-uveitis,unmatched,,
Non-infectious Uveitis,unmatched,,
Non-ischemic Cardiomyopathy,unmatched,,
Non-major Orthopaedic Surgery,unmatched,,
Non-malignant Pain,unmatched,,
Non-melanoma Skin Cancer,unmatched,,
Non-melanomatous Skin Cancer,unmatched,,
Non-metastatic Prostate Cancer,unmatched,,
Non-obstructive Azoospermia,unmatched,,
Non-oncological Indication to Ureteral Stenting,unmatched,,
Non-segmental Vitiligo,unmatched,,
Non-small Cell Lung Cancer,unmatched,,
Non-small Cell Lung Cancer (NSCLC),unmatched,,
Non-small Cell Lung Cancer Metastatic,unmatched,,
Non-small Cell Lung Cancer With STK11/LKB1 Mutation,unmatched,,
Non-small-cell Lung Cancer,unmatched,,
Non-squamous Non-small-cell Lung Cancer,unmatched,,
Non-stented Ureteroscopic Laser Lithotripsy for Ureteric Stones,unmatched,,
Non-steroidal Ant Inflammatory Drugs,unmatched,,
Non-steroidal Anti-inflammatory (NSAID),unmatched,,
Non-steroidal Anti-inflammatory Drugs,unmatched,,
Non-steroidal Anti-inflammatory Poisoning,unmatched,,
Non-thyroidal Illness Syndrome,unmatched,,
Non-valvular Atrial Fibrillation,unmatched,,
Non-valvular Atrial Fibrillation (NVAF),unmatched,,
Non-variceal Gastrointestinal Bleeding,unmatched,,
"Nonadherence, Medication",unmatched,,
Nonalcoholic Fatty Liver,unmatched,,
Nonalcoholic Fatty Liver Disease,unmatched,,
Nonalcoholic Fatty Liver Disease (NAFLD),unmatched,,
Nonalcoholic Steatohepatitis,unmatched,,
Nonalcoholic Steatohepatitis (NASH),unmatched,,
Nonallergic Rhinitis,unmatched,,
Nonasthmatic Eosinophilic Bronchitis,unmatched,,
Noncontiguous Stage II Adult Burkitt Lymphoma,unmatched,,
Noncontiguous Stage II Adult Diffuse Large Cell Lymphoma,unmatched,,
Noncontiguous Stage II Adult Diffuse Mixed Cell Lymphoma,unmatched,,
Noncontiguous Stage II Adult Diffuse Small Cleaved Cell Lymphoma,unmatched,,
Noncontiguous Stage II Adult Immunoblastic Large Cell Lymphoma,unmatched,,
Noncontiguous Stage II Adult Lymphoblastic Lymphoma,unmatched,,
Noncontiguous Stage II Grade 1 Follicular Lymphoma,unmatched,,
Noncontiguous Stage II Grade 2 Follicular Lymphoma,unmatched,,
Noncontiguous Stage II Grade 3 Follicular Lymphoma,unmatched,,
Noncontiguous Stage II Mantle Cell Lymphoma,unmatched,,
Noncontiguous Stage II Marginal Zone Lymphoma,unmatched,,
Noncontiguous Stage II Small Lymphocytic Lymphoma,unmatched,,
"Nonepileptic, Stereotypical and Intermittent Symptoms",unmatched,,
Nonerosive Reflux Disease,unmatched,,
Nonfamilial Hypercholesterolemia,unmatched,,
Nonfatal Myocardial Infarction,unmatched,,
Nonhematologic Malignancies,unmatched,,
Noninvasive Ventilation,unmatched,,
Nonischemic Dilated Cardiomyopathy,unmatched,,
Nonmalignant Neoplasm,unmatched,,
Nonmelanoma Skin Cancer,unmatched,,
Nonneoplastic Condition,unmatched,,
Nonspecific Low Back Pain,unmatched,,
Nonspecific Pain Post Traumatic Injury,unmatched,,
Nonsquamous Nonsmall Cell Neoplasm of Lung,unmatched,,
Nonsteroidal Anti-inflammatory Drugs,unmatched,,
Nontuberculous Mycobacterial Lung Disease,unmatched,,
Nontuberculous Mycobacterial Lymphadenitis.,unmatched,,
Nontuberculous Mycobacterium Infection,ambiguous,,
Nonulcer Dyspepsia,unmatched,,
Nonvalvular Atrial Fibrillation,unmatched,,
Nonverbal Learning Disability,unmatched,,
Noonan Syndrome,ambiguous,,
Normal Body Weight,unmatched,,
Normal Healthy Volunteers,unmatched,,
Normal Ocular Health,unmatched,,
Normal Physiology,unmatched,,
Normal Pregnancy,unmatched,,
Normal Subjects,unmatched,,
Normal Tension Glaucoma,unmatched,,
Normal Volunteers,unmatched,,
Nosocomial Infection,unmatched,,
Nosocomial Pneumonia,unmatched,,
Novel Anti-platelets,unmatched,,
Nulliparity,unmatched,,
Nurse's Role,unmatched,,
Nursing Home,unmatched,,
Nutraceuticals,unmatched,,
Nutrient,unmatched,,
Nutrient Deficiency,unmatched,,
Nutrition,unmatched,,
"Nutrition Disorder, Child",ambiguous,,
"Nutrition Disorder, Fetal",matched_token_set,Fetal Nutrition Disorders,@DISEASE_Fetal_Nutrition_Disorders
Nutrition Disorders,ambiguous,,
Nutrition Poor,unmatched,,
"Nutrition, Healthy",unmatched,,
Nutritional Anemia in Infants.,unmatched,,
Nutritional Anemia in Mothers.,unmatched,,
Nutritional Deficiency,unmatched,,
Nutritional Rickets,unmatched,,
Nutritional Status,unmatched,,
Nutritional and Metabolic Disease,unmatched,,
Nutritional and Metabolic Diseases,ambiguous,,
Nystagmus,unmatched,,
OCD,unmatched,,
OHT - Ocular Hypertension,unmatched,,
OIC,unmatched,,
OSA,unmatched,,
OTC Deficiency,unmatched,,
Obese,unmatched,,
Obese Children and Adolescents,unmatched,,
Obese Patients,unmatched,,
"Obese, Otherwise Healthy Volunteers",unmatched,,
Obesity,ambiguous,,
Obesity & Overweight,unmatched,,
Obesity &Amp,unmatched,,
Obesity (Disorder),unmatched,,
Obesity Associated Disorder,unmatched,,
Obesity Control,unmatched,,
Obesity Hypoventilation Syndrome (OHS),unmatched,,
Obesity Morbid,ambiguous,,
Obesity Prevention,unmatched,,
Obesity Recidivism,unmatched,,
Obesity Type 2 Diabetes Mellitus,unmatched,,
Obesity and Glomerulopathy,unmatched,,
Obesity and Obesity-related Medical Conditions,unmatched,,
Obesity and Overweight,unmatched,,
Obesity and Type 2 Diabetes,unmatched,,
Obesity in Adolescence,unmatched,,
Obesity in Children,unmatched,,
Obesity in Men,unmatched,,
Obesity or Overweight,unmatched,,
"Obesity, Adolescent",unmatched,,
"Obesity, Childhood",unmatched,,
"Obesity, Morbid",ambiguous,,
"Obesity, Overweight",unmatched,,
Obesity-induced Hyperfiltration,unmatched,,
Obesity-related Male Infertility,unmatched,,
Obesity/Overweight,unmatched,,
Obesity/Overweight in Adult,unmatched,,
Obesity/Therapy,unmatched,,
ObsQor-10,unmatched,,
Obscure Gastrointestinal Bleeding,unmatched,,
Observational Study,unmatched,,
Obsessive - Compulsive Disorder,ambiguous,,
Obsessive Compulsive Disorder,ambiguous,,
Obsessive Compulsive Disorder (OCD),unmatched,,
Obsessive-Compulsive Behavior,unmatched,,
Obsessive-Compulsive Disorder,ambiguous,,
Obsessive-compulsive Disorder,ambiguous,,
Obsessive-compulsive Disorder (OCD),unmatched,,
Obstetric Anesthesia,unmatched,,
Obstetric Complication,unmatched,,
Obstetric Labor Complications,ambiguous,,
"Obstetric Labor, Premature",ambiguous,,
"Obstetric Labour, Premature",unmatched,,
Obstetric Trauma,unmatched,,
Obstetrical Complications,unmatched,,
Obstructed,unmatched,,
Obstructive Airway Disease,unmatched,,
Obstructive Hypertrophic Cardiomyopathy (oHCM),unmatched,,
Obstructive Jaundice,ambiguous,,
Obstructive Sleep Apnea,ambiguous,,
Obstructive Sleep Apnea (OSA),unmatched,,
Obstructive Sleep Apnea Syndrome,unmatched,,
Obstructive Sleep Apnea of Adult,unmatched,,
Occlusion,unmatched,,
Occupational,unmatched,,
Occupational Malignant Neoplasm,unmatched,,
Ocular Cicatricial Pemphigoid,unmatched,,
Ocular Disorders (I.E. Caused by Ocular Disorders),unmatched,,
Ocular Dryness,unmatched,,
Ocular Herpes Simplex,unmatched,,
Ocular Hypertension,ambiguous,,
Ocular Hypertension (OH),unmatched,,
Ocular Hypertension (OHT),unmatched,,
Ocular Inflammation,unmatched,,
Ocular Irritation,unmatched,,
Ocular Microbiome,unmatched,,
Ocular Myasthenia Gravis,unmatched,,
Ocular Pain,unmatched,,
Ocular Physiology,unmatched,,
Ocular Rosacea,unmatched,,
Ocular Sarcoidosis,unmatched,,
Ocular Surface Disease,unmatched,,
Ocular Surface Microbiome,unmatched,,
Ocular Toxoplasmosis,ambiguous,,
Oculocutaneous Albinism,ambiguous,,
Oculopalatal Tremor,unmatched,,
Odontalgia,unmatched,,
Odontogenic Deep Space Neck Infection,unmatched,,
Odontogenic Infection,unmatched,,
Oedema,unmatched,,
Oesophageal Cancer,unmatched,,
Oesophageal Varices,unmatched,,
Off Episodes of Parkinson Disease,unmatched,,
Off Label-use,unmatched,,
Office-based Endometrial Sampling Procedures,unmatched,,
Olanzapine,unmatched,,
Olanzapine-contained Four-drug Antiemetic,unmatched,,
Old Age,unmatched,,
Older Adults,unmatched,,
Older Adults (50-90 Years),unmatched,,
Older Patients,unmatched,,
Older People,unmatched,,
Olecranon Fractures,ambiguous,,
Olfactory Disorder,unmatched,,
"Oligoarthritis, Juvenile",unmatched,,
Oligodendroglioma,ambiguous,,
Oligometastatic Disease,unmatched,,
Oligospermia,ambiguous,,
Oliguria,ambiguous,,
Omeprazole,unmatched,,
Onchocerciasis,ambiguous,,
Oncologic Complications,unmatched,,
Oncology,unmatched,,
Oncology Pain,unmatched,,
Oncology Patients Receiving Chemotherapy,unmatched,,
Ondansetron,unmatched,,
Ondansetron Lozenge,unmatched,,
One Week or Less Antipsychotic Lifetime Exposure,unmatched,,
Ongoing Pregnancy,unmatched,,
Onychomycosis,ambiguous,,
Oocyte Maturation,unmatched,,
Oocyte Retrieval,unmatched,,
Oocyte Retrieval for IVF,unmatched,,
Open Angle Glaucoma,ambiguous,,
Open Angle Glaucoma -Ocular Hypertension,unmatched,,
Open Angle Glaucoma and Cataract,unmatched,,
Open Angle Glaucoma or Ocular Hypertension,unmatched,,
Open Angle-glaucoma,ambiguous,,
Open Fracture,ambiguous,,
Open Fracture of Hip,unmatched,,
Open Heart Surgery,unmatched,,
Open-Angle Glaucoma,ambiguous,,
Open-Angle Glaucoma or Ocular Hypertension,unmatched,,
Open-angle Glaucoma,ambiguous,,
Open-angle Glaucoma (OAG),unmatched,,
Open-angle Glaucoma or Ocular Hypertension,unmatched,,
"Open-angle Glaucoma, Ocular Hypertension",unmatched,,
Operative Link on Gastric Intestinal Assessment,unmatched,,
Ophthalmology,unmatched,,
Ophthalmopathy,unmatched,,
Opiate Addiction,unmatched,,
Opiate Dependence,unmatched,,
Opiate Withdrawal Syndrome,unmatched,,
Opioid,unmatched,,
Opioid Abuse,unmatched,,
Opioid Abuse Nondependent,unmatched,,
Opioid Abuse and Addiction,unmatched,,
Opioid Addiction,unmatched,,
Opioid Analgesia,unmatched,,
Opioid Analgesic Adverse Reaction,unmatched,,
Opioid Consumption,unmatched,,
Opioid Craving,unmatched,,
Opioid Dependence,unmatched,,
Opioid Dependency,unmatched,,
Opioid Free Anesthesia,unmatched,,
Opioid Induced Respiratory Depression,unmatched,,
Opioid Misuse,unmatched,,
Opioid Misuse and Addiction,unmatched,,
Opioid Related Disorders,ambiguous,,
Opioid Substitution Treatment,unmatched,,
Opioid Use,unmatched,,
Opioid Use Disorder,unmatched,,
"Opioid Use Disorder, Moderate",unmatched,,
"Opioid Use Disorder, Severe",unmatched,,
"Opioid Use, Unspecified",unmatched,,
Opioid Withdrawal,unmatched,,
Opioid-Induced Bowel Dysfunction,unmatched,,
Opioid-Related Disorders,ambiguous,,
Opioid-Use Disorder,unmatched,,
Opioid-induced Respiratory Depression,unmatched,,
Opioid-use Disorder,unmatched,,
Opioids,unmatched,,
Opportunistic Infections,ambiguous,,
Oppositional Defiant Disorder,unmatched,,
Oppositional Defiant Disorder in Children,unmatched,,
Optic,unmatched,,
Optic Disc Swelling,unmatched,,
Optic Disk,unmatched,,
Optic Neuritis,ambiguous,,
"Optic Neuropathy, Ischemic",ambiguous,,
Optical Coherence Tomography,unmatched,,
Optimization of Second Line Treatment Protocol for H Pylori Eradication,unmatched,,
Oral Anticoagulant,unmatched,,
Oral Anticoagulation,unmatched,,
Oral Antidiabetics,unmatched,,
Oral Anxiolytic,unmatched,,
Oral Cancer,unmatched,,
Oral Cavity,unmatched,,
Oral Cavity Neoplasm,unmatched,,
Oral Cavity Squamous Cell Carcinoma,unmatched,,
Oral Chronic Graft vs Host Disease,unmatched,,
Oral Contraceptive,unmatched,,
Oral Hormonal Contraceptive Use,unmatched,,
Oral Leukoplakia,ambiguous,,
Oral Lichen Planus,ambiguous,,
Oral Lichen Planus Related Stress,unmatched,,
Oral Manifestations,unmatched,,
Oral Mucosal Disease,unmatched,,
Oral Mucosal Disease Due to Graft-versus-host Disease,unmatched,,
Oral Mucositis,unmatched,,
Oral Oxycodone With/Without Naloxone,unmatched,,
Oral Pain,unmatched,,
Oral Sedation and Cervical Dilator Pain,unmatched,,
Oral Squamous Cell Carcinoma,unmatched,,
Oral Steroids,unmatched,,
Oral Sulfate Solution,unmatched,,
Oral Surgery,unmatched,,
Oral Ulcer Due to Benign Mucous Membrane Pemphioid,unmatched,,
Oral Ulcer Due to Pemphius Vularis,unmatched,,
Oral Ulcer Due to Steven Johnson's Syndrome,unmatched,,
Orbital Cellulitis,ambiguous,,
Orbital Fractures,ambiguous,,
Organ Transplant Recipients,unmatched,,
Organic Anion Transporting Polypeptide1B1 (OATP1B1),unmatched,,
Organic Memory Impairment,unmatched,,
Orgasmic Disorder,unmatched,,
Ornithine Transcarbamylase (OTC) Deficiency,unmatched,,
Orofacial Pain,unmatched,,
Oromandibular Dystonia,unmatched,,
Oropharyngeal Cancer,unmatched,,
Oropharyngeal Neoplasm,ambiguous,,
Oropharynx Cancer,unmatched,,
Orthodontic Anchorage Procedures,unmatched,,
Orthodontic Pain,unmatched,,
Orthodontic Pain (D013850),unmatched,,
Orthognathic Surgery,unmatched,,
Orthopaedic Fractures,unmatched,,
Orthopedic,unmatched,,
Orthopedic Disorder,unmatched,,
Orthopedic Disorder of Spine,unmatched,,
Orthopedic Surgery,unmatched,,
Orthostatic Hypertension,unmatched,,
Orthostatic Hypotension,ambiguous,,
Orthostatic Intolerance,ambiguous,,
Osler Weber Rendu Disease,unmatched,,
Osmidrosis,unmatched,,
Osseointegrated Dental Implantation,unmatched,,
"Ossification, Heterotopic",ambiguous,,
Osteearthritis,unmatched,,
Osteo Arthritis Knee,unmatched,,
Osteoarthitis,unmatched,,
Osteoarthritis,ambiguous,,
Osteoarthritis (OA) of the Knee,unmatched,,
Osteoarthritis Knee Pain,unmatched,,
Osteoarthritis Of Knee,unmatched,,
Osteoarthritis Pain of the Knee,unmatched,,
Osteoarthritis Thumb,unmatched,,
Osteoarthritis Thumbs,unmatched,,
Osteoarthritis of Knee,unmatched,,
Osteoarthritis of Knee Joint,unmatched,,
Osteoarthritis of Multiple Joints of Ankle or Foot,unmatched,,
Osteoarthritis of the Hands,unmatched,,
Osteoarthritis of the Hip,unmatched,,
Osteoarthritis of the Hip or Knee,unmatched,,
Osteoarthritis of the Knee,unmatched,,
Osteoarthritis of the Knee or Hip,unmatched,,
Osteoarthritis of the Shoulder,unmatched,,
"Osteoarthritis, Hip",ambiguous,,
"Osteoarthritis, Knee",ambiguous,,
"Osteoarthritis, Knee / Osteoarthritis, Hip",unmatched,,
Osteoarthrosis,unmatched,,
Osteoarticular Infection,unmatched,,
Osteodystrophy,unmatched,,
Osteogenesis Imperfecta,ambiguous,,
Osteomyelitis,ambiguous,,
Osteomyelitis - Foot,unmatched,,
Osteomyelitis Acute,unmatched,,
Osteomyelitis of Hindfoot,unmatched,,
Osteomyelitis of Jaw,unmatched,,
Osteomyelitis of Midfoot,unmatched,,
Osteomyelitis of the Foot,unmatched,,
Osteonecrosis,ambiguous,,
"Osteonecrosis of the Jaw, Bisphosphonate Induced",unmatched,,
"Osteonecrosis of the Jaw, Bisphosphonate Related",unmatched,,
Osteopenia,unmatched,,
Osteopenia of Prematurity,unmatched,,
Osteopenia or Osteoporosis,unmatched,,
"Osteopenia, Osteoporosis",unmatched,,
Osteoporosis,ambiguous,,
Osteoporosis Fracture,unmatched,,
Osteoporosis Postmenopausal,ambiguous,,
Osteoporosis in Post-menopausal Women,unmatched,,
"Osteoporosis, Age-Related",unmatched,,
"Osteoporosis, Osteopenia",unmatched,,
"Osteoporosis, Post-menopausal",unmatched,,
"Osteoporosis, Postmenopausal",ambiguous,,
"Osteoporosis, Steroid Induced",unmatched,,
"Osteoporosis, With or Without Treatment",unmatched,,
Osteoporotic Fractures,ambiguous,,
Osteoradionecrosis,ambiguous,,
Osteoradionecrosis of Jaw,unmatched,,
Osteoradionecrosis of the Mandible,unmatched,,
Osteosarcoma,ambiguous,,
Other Abortion,unmatched,,
Other Acute Postoperative Pain,unmatched,,
"Other Benign Neoplasm of Skin, Unspecified",unmatched,,
Other Diseases or Conditions,unmatched,,
Other Low-trauma Fracture,unmatched,,
Other Psychoses,unmatched,,
Other Reconstructive Surgery,unmatched,,
Other Solid Tumors,unmatched,,
Other Specified Pulmonary Tuberculosis,unmatched,,
Other Surgical Procedures,unmatched,,
Otitis Externa,ambiguous,,
Otitis Maedia,unmatched,,
Otitis Media,ambiguous,,
Otitis Media With Effiusion,unmatched,,
"Otitis Media, Suppurative",ambiguous,,
Otolaryngologic Disease,unmatched,,
Ototoxicity,ambiguous,,
Out-Of-Hospital Cardiac Arrest,ambiguous,,
Out-of-Hospital Cardiac Arrest,ambiguous,,
Out-of-hospital Cardiac Arrest,ambiguous,,
Outcomes of Cyclosporine Eye Drops in Herpetic Keratitis,unmatched,,
Outflow Tract,unmatched,,
Outpatient Surgery,unmatched,,
Outpatients / Inpatients With Depression,unmatched,,
Ovarian,unmatched,,
Ovarian Cancer,unmatched,,
Ovarian Cancer Metastatic Recurrent,unmatched,,
Ovarian Carcinoma,unmatched,,
Ovarian Clear Cell Adenocarcinoma,unmatched,,
Ovarian Clear Cell Cystadenocarcinoma,unmatched,,
Ovarian Cyst,ambiguous,,
Ovarian Cyst Simple,unmatched,,
Ovarian Dysfunction,unmatched,,
Ovarian Endometrioid Adenocarcinoma,unmatched,,
Ovarian Failure,unmatched,,
Ovarian Failure Secondary,unmatched,,
"Ovarian Failure, Premature",unmatched,,
Ovarian Follicle,unmatched,,
Ovarian Function Insufficiency,unmatched,,
Ovarian Hyperstimulation,unmatched,,
Ovarian Hyperstimulation Syndrome,ambiguous,,
Ovarian Insufficiency,unmatched,,
"Ovarian Insufficiency, Primary",ambiguous,,
Ovarian Mucinous Adenocarcinoma,unmatched,,
Ovarian Mucinous Cystadenocarcinoma,unmatched,,
Ovarian Neoplasms,ambiguous,,
Ovarian Response,unmatched,,
Ovarian Sarcoma,unmatched,,
Ovarian Seromucinous Carcinoma,unmatched,,
Ovarian Serous Adenocarcinoma,unmatched,,
Ovarian Serous Cystadenocarcinoma,unmatched,,
Ovarian Suppression,unmatched,,
Ovarian Torsion,ambiguous,,
Ovarian Transitional Cell Carcinoma,unmatched,,
Ovarian Undifferentiated Carcinoma,unmatched,,
Ovarian Vein Thrombosis,unmatched,,
Ovary Cancer,unmatched,,
Ovary Cyst,unmatched,,
Ovary Neoplasms,unmatched,,
Overactive Bladder,unmatched,,
Overactive Bladder (OAB),unmatched,,
Overactive Bladder Syndrome,unmatched,,
Overactive Detrusor,unmatched,,
Overactive Urinary Bladder,ambiguous,,
Overall Survival,unmatched,,
Overdose,unmatched,,
Overdose of Beta-adrenergic Blocking Drug,unmatched,,
Overheating,unmatched,,
Overweight,ambiguous,,
Overweight With Indications for Weight Loss,unmatched,,
Overweight With One Weight Related Comorbidity,unmatched,,
Overweight and Obesity,unmatched,,
Overweight or Obese,unmatched,,
Overweight or Obesity,unmatched,,
Overweight/Obesity,unmatched,,
Ovulation,unmatched,,
Ovulation (Follicular Rupture Yes/no),unmatched,,
Ovulation Disorder,unmatched,,
Ovulation Induction,unmatched,,
Ovulation Inhibition,unmatched,,
Ovulation Suppression,unmatched,,
Ovulatory Dysfunction,unmatched,,
Oxidative Stress,unmatched,,
Oxybutynin,unmatched,,
Oxycodone,unmatched,,
Oxygen Consumption,unmatched,,
Oxygen Toxicity,unmatched,,
Oxytocin Deficiency,unmatched,,
"Oxytocin, Lorazepam, Anti-Anxiety Agents, Physiological Effects of Drugs",unmatched,,
P-glycoprotein,unmatched,,
P. Aeruginosa,unmatched,,
PAD,unmatched,,
PAIN,ambiguous,,
PANDAS,unmatched,,
PANS,unmatched,,
PASC Post Acute Sequelae of COVID 19,unmatched,,
PCI- Percutaneous Coronary Intervention,unmatched,,
PCIA,unmatched,,
PCNSL,unmatched,,
PCO,unmatched,,
PCOS,unmatched,,
PCOS (Polycystic Ovary Syndrome),unmatched,,
PCOS (Polycystic Ovary Syndrome) of Bilateral Ovaries,unmatched,,
"PCOS, Insulin Resistance",unmatched,,
PCP,unmatched,,
PCR Multiplex,unmatched,,
PDA,unmatched,,
PDAC,unmatched,,
PDAC - Pancreatic Ductal Adenocarcinoma,unmatched,,
PEComa,unmatched,,
PGM3,unmatched,,
PHN,unmatched,,
PHN - Post-Herpetic Neuritis,unmatched,,
PIMS,unmatched,,
PJI,unmatched,,
PK Properties Of Gabapentin In Subjects With Impaired Renal Function,unmatched,,
PK/PD,unmatched,,
PLASMODIUM FALCIPARUM MALARIA,unmatched,,
PMDD,unmatched,,
PMMR,unmatched,,
PMS,unmatched,,
POAG,unmatched,,
PONV,unmatched,,
PONV in Laparoscopic Cholocystectomies,unmatched,,
POTS - Postural Orthostatic Tachycardia Syndrome,unmatched,,
PPAP,unmatched,,
PPROM,unmatched,,
PRE-HYPERTENSION,unmatched,,
PRF,unmatched,,
PROM (Premature Rupture Of Foetal Membrane),unmatched,,
PRP,unmatched,,
PRS-based Primary Prevention of CVD,unmatched,,
PSA,unmatched,,
PSA Progression,unmatched,,
PSC,unmatched,,
PTPN11 Gene Mutation,unmatched,,
PTSD,unmatched,,
PTSD - Post Traumatic Stress Disorder,unmatched,,
PTSD and Alcohol Use Disorder,unmatched,,
Pacemaker Complication,unmatched,,
Pacemaker Electrode Infection,unmatched,,
"Pacemakers, Heart Failure",unmatched,,
Pachyonychia Congenita,ambiguous,,
Paediatric Antimicrobial Pharmacokinetics,unmatched,,
Paediatric Thyrotoxicosis,unmatched,,
Paediatrics,unmatched,,
Paget Disease of Bone,unmatched,,
Paget's Disease of Bone,unmatched,,
Pain,ambiguous,,
Pain After Photorefractive Keratectomy,unmatched,,
Pain After the Surgical Extraction of Third Molars,unmatched,,
Pain Associated With Fibromyalgia,unmatched,,
Pain Cancer,ambiguous,,
Pain Catastrophizing,unmatched,,
Pain Control,unmatched,,
Pain Control After Functional Endoscopic Sinus Surgery and Septoplasty,unmatched,,
Pain Detection,unmatched,,
Pain Intensity,unmatched,,
Pain Management,unmatched,,
Pain Management (D016146),unmatched,,
Pain Management During Cataract Surgery,unmatched,,
Pain Management in Pregnant Women,unmatched,,
Pain Measurement,unmatched,,
Pain Perception,unmatched,,
Pain Postoperative,ambiguous,,
Pain Prediction,unmatched,,
Pain Reduction,unmatched,,
Pain Relief,unmatched,,
Pain Relief With HSG,unmatched,,
Pain Score (VAS),unmatched,,
Pain Scores,unmatched,,
Pain Syndrome,unmatched,,
Pain Threshold,unmatched,,
Pain Vulva,unmatched,,
Pain and Hysteroscopy,unmatched,,
Pain of Mononeuropathy,unmatched,,
Pain or Discomfort in Intensive Care of Preterm Infants,unmatched,,
"Pain,",ambiguous,,
"Pain, Acute",ambiguous,,
"Pain, Acute Postoperative",unmatched,,
"Pain, Back",ambiguous,,
"Pain, Chronic",ambiguous,,
"Pain, Elbow",unmatched,,
"Pain, Fracture, Sprain",unmatched,,
"Pain, Intractable",ambiguous,,
"Pain, Joint",unmatched,,
"Pain, Labor",ambiguous,,
"Pain, Migraine",unmatched,,
"Pain, Muscle",unmatched,,
"Pain, Myofacial",unmatched,,
"Pain, Neuropathic",unmatched,,
"Pain, Orofacial",unmatched,,
"Pain, Post Operative",unmatched,,
"Pain, Post Procedural",unmatched,,
"Pain, Post-operative",unmatched,,
"Pain, Postoperative",ambiguous,,
"Pain, Postoperative Arthroscopy",unmatched,,
"Pain, Procedural",ambiguous,,
"Pain, Procedure",unmatched,,
Painful Bladder Syndrome,unmatched,,
Painful Diabetic Neuropathy,unmatched,,
Painful Diabetic Peripheral Neuropathy,unmatched,,
Painful Diabetic Peripheral Neuropathy (PDPN),unmatched,,
Painful Distal Symmetric Sensorimotor Polyneuropathy,unmatched,,
Painful Peripheral Neuropathy,unmatched,,
Painful Polyneuropathy,unmatched,,
Palliative Care,unmatched,,
Pancratic Ductal Adenocarcinoma,unmatched,,
Pancreas Adenocarcinoma,unmatched,,
Pancreas Cancer,unmatched,,
Pancreas Neuroendocrine Tumor,unmatched,,
Pancreas-Kidney Transplantation,unmatched,,
Pancreatectomy,unmatched,,
Pancreatic Adenocarcinoma,unmatched,,
Pancreatic Adenocarcinoma Metastatic,unmatched,,
Pancreatic Beta Cell Function,unmatched,,
Pancreatic Cancer,unmatched,,
Pancreatic Cancer Metastatic,unmatched,,
Pancreatic Cancer Non-resectable,unmatched,,
Pancreatic Cancer Resectable,unmatched,,
Pancreatic Cancer Stage IV,unmatched,,
"Pancreatic Cancer, Resected",unmatched,,
Pancreatic Carcinoma,ambiguous,,
Pancreatic Disease,unmatched,,
Pancreatic Diseases,ambiguous,,
Pancreatic Ductal Adenocarcinoma,unmatched,,
Pancreatic Ductal Adenocarcinoma (PDAC),unmatched,,
Pancreatic Fistula,matched_exact,Pancreatic Fistula,@DISEASE_Pancreatic_Fistula
Pancreatic Insufficiency,unmatched,,
Pancreatic Lipomatosis,unmatched,,
Pancreatic Neoplasms,ambiguous,,
Pancreatitis,ambiguous,,
Pancreatitis Relapsing,unmatched,,
"Pancreatitis, Acute",unmatched,,
"Pancreatitis, Chronic",ambiguous,,
Pancytopenia,ambiguous,,
Pandas,unmatched,,
Panic Attacks,unmatched,,
Panic Disorder,ambiguous,,
"Panic Disorder With Agoraphobia, Severe Agoraphobic Avoidance and Mild Panic Attacks",unmatched,,
Panic Disorders,ambiguous,,
Panuveitis,ambiguous,,
Papilla Reconstruction,unmatched,,
Papillary Microcarcinoma of the Thyroid,unmatched,,
Papillary Thyroid Cancer,ambiguous,,
Papillary Thyroid Carcinoma,unmatched,,
Papillary Thyroid Microcarcinoma,ambiguous,,
Papilledema,ambiguous,,
Papilloma-induced Cervical Lesions,unmatched,,
Papulopustular Eruption,unmatched,,
Papulopustular Rosacea,unmatched,,
Parabolic Flight,unmatched,,
Paradoxical Fall in Maximum Expiratory Flows,unmatched,,
Paramyotonia Congenita,unmatched,,
Paraplegia,ambiguous,,
Parapneumonic Pleural Effusion,unmatched,,
Paraproteinemias,ambiguous,,
Paraquat Poisoning,unmatched,,
Parasitic Diseases,ambiguous,,
Parasympatholytics,unmatched,,
Parathyroid Adenoma,unmatched,,
Parathyroid Cancer,unmatched,,
Parathyroid Diseases,ambiguous,,
Parathyroid Hormone,unmatched,,
Parathyroid Neoplasms,ambiguous,,
Paravaginal Cystocele,unmatched,,
Paravertebral Block,unmatched,,
Paravertebral Catheter Insertion,unmatched,,
Parental/Caregiver Anxiety,unmatched,,
Paresis,ambiguous,,
Paresthesia,ambiguous,,
Parkinson,unmatched,,
Parkinson Disease,ambiguous,,
Parkinson Disease (PD),unmatched,,
Parkinson Disease Psychosis,unmatched,,
Parkinson&Amp,unmatched,,
Parkinson's,unmatched,,
Parkinson's Disease,unmatched,,
Parkinson's Disease Dementia,unmatched,,
Parkinson's Disease Psychosis,unmatched,,
Parkinson's Hallucinations,unmatched,,
Parkinson's Syndrome,unmatched,,
Parosmia,unmatched,,
Parotidectomy,unmatched,,
Paroxysmal,unmatched,,
Paroxysmal Atrial Fibrillation,unmatched,,
Paroxysmal Nocturnal Hemoglobinuria,unmatched,,
Partial,unmatched,,
Partial Anterior Circulation Infarct,unmatched,,
Partial Edentulism,unmatched,,
Partial Epilepsy,ambiguous,,
Partial Islet Function,unmatched,,
Partial Onset Seizures,unmatched,,
Partial Seizures,unmatched,,
Partially Edentulous Jaw,unmatched,,
Participants With Acute Moderate to Severe Pain Following Abdominal Surgery,unmatched,,
Participants With Mild Asthma,unmatched,,
Partner Relational Disorder (V61.10),unmatched,,
Patella Fracture,ambiguous,,
Patency of the Ductus Arteriosus Acetaminophen Extreme Prematurity,unmatched,,
Patent Ductus Arteriosus,ambiguous,,
Patent Ductus Arteriosus (PDA),unmatched,,
Patent Ductus Arteriosus After Premature Birth,unmatched,,
Patent Ductus Arteriosus in Premature Infants,unmatched,,
Patent Ductus Arteriosus in Preterm Infants,unmatched,,
Patent Foramen Ovale,ambiguous,,
Pathologic Processes,ambiguous,,
Pathologic Skin Picking,unmatched,,
Pathologic Stage IIIC Cutaneous Melanoma AJCC v8,unmatched,,
Pathologic Stage IV Cutaneous Melanoma AJCC v8,unmatched,,
Pathological Gambling,unmatched,,
Patient Acceptance of Health Care,unmatched,,
Patient Adherence,unmatched,,
Patient Compliance,unmatched,,
Patient Controlled Analgesia,unmatched,,
Patient Education,unmatched,,
Patient Education as Topic,unmatched,,
Patient Engagement,unmatched,,
"Patient Relations, Nurse",unmatched,,
Patient Satisfaction,unmatched,,
Patient Satisfaction for Bronchoscopy,unmatched,,
Patient Training,unmatched,,
Patient With Schizophrenia Spectrum Disorder,unmatched,,
Patient-controlled Analgesia,unmatched,,
Patients,unmatched,,
Patients Hospitalized,unmatched,,
Patients Receiving Rivaroxaban Treatment,unmatched,,
Patients Relapsed With Purines Therapy,unmatched,,
Patients Resistant to a Purine Analogous,unmatched,,
Patients Undergoing Oral Implant Therapy,unmatched,,
Patients With Active Non-segmental Vitiligo.,unmatched,,
Patients With Advanced Cancer Receiving Specialized Palliative Care,unmatched,,
Patients With Atrial Fibrillation Receiving Oral Anticoagulants,unmatched,,
Patients With COVID19,unmatched,,
Patients With Chronic Migraine,unmatched,,
Patients With Dyslipidemia,unmatched,,
Patients With Fungic Infections,unmatched,,
Patients With Glucocorticoid Treatment,unmatched,,
Patients With Grade II Ankle Sprain,unmatched,,
Patients With Metabolic Syndrome,unmatched,,
Patients With Mild to Moderate GAD,unmatched,,
Patients With Nasal Polyps,unmatched,,
Patients With Pace Makers But no Evidence of Ischemic Heart Disease,unmatched,,
Patients With Persistent Objectified Gastroesophageal Reflux and Reflux-Associated Symptoms Despite PPI-Therapy With 40mg Esomeprazole,unmatched,,
Patients With Type 2 Diabetes,unmatched,,
Patients With a Diagnosis of Odynophonia,unmatched,,
Patients With a Thyroid Tumor Who Received Radioactive Iodine Treatment,unmatched,,
Patients on Hemodialysis for More Than 3 Months,unmatched,,
Pattern of CH,unmatched,,
Patulous Eustachian Tube Dysfunction,unmatched,,
Pectus Excavatum,unmatched,,
Pediatric,unmatched,,
Pediatric ALL,unmatched,,
Pediatric Anaplastic Large Cell Lymphoma,unmatched,,
Pediatric Asthma,unmatched,,
Pediatric Autism,unmatched,,
Pediatric Bipolar Disorder,unmatched,,
Pediatric Brain Tumor,unmatched,,
Pediatric Burns,unmatched,,
Pediatric Cancer,unmatched,,
Pediatric Crohns Disease,unmatched,,
Pediatric Dental Sedation,unmatched,,
Pediatric Dentistry,unmatched,,
Pediatric Dilated Cardiomyopathy,unmatched,,
Pediatric Disorder,unmatched,,
Pediatric Emergency Medicine,unmatched,,
Pediatric Extremity Fracture,unmatched,,
Pediatric Extremity Soft Tissue Injury,unmatched,,
Pediatric Heart Failure,unmatched,,
Pediatric Hereditary Kidney Diseases,unmatched,,
Pediatric Hypertension,unmatched,,
Pediatric Hypertension With or Without CKD,unmatched,,
Pediatric Immuno-hematology Department,unmatched,,
Pediatric Infectious Disease,unmatched,,
Pediatric Intensive Care Unit,unmatched,,
Pediatric Kidney Disease,unmatched,,
Pediatric Migraine,unmatched,,
Pediatric NAFLD,unmatched,,
Pediatric OCD,unmatched,,
Pediatric Obesity,ambiguous,,
Pediatric Respiratory Diseases,unmatched,,
Pediatric Sleep Apnea,unmatched,,
Pediatric Solid Tumor,unmatched,,
Pediatric Spinal Anesthesia,unmatched,,
Pediatrics,unmatched,,
Pegfilgrastim-induced Back and Leg Pain,unmatched,,
Pelubiprofen,unmatched,,
Pelvic Congestion,unmatched,,
Pelvic Floor Disorders,ambiguous,,
Pelvic Floor Dyssynergia,unmatched,,
Pelvic Floor Prolapse,unmatched,,
Pelvic Inflammatory Disease,ambiguous,,
Pelvic Organ Prolapse,ambiguous,,
Pelvic Pain,ambiguous,,
Pelvic Pain Associated With Refractory Endometriosis,unmatched,,
Pelvis Pain Chronic,unmatched,,
"Pemphigoid, Bullous",ambiguous,,
Pemphigus,ambiguous,,
Pemphigus Foliaceus,unmatched,,
Pemphigus Vulgaris,unmatched,,
Pendular Nystagmus,unmatched,,
Pendular Nystagmus Patients With Multiple Sclerosis,unmatched,,
Penetrating KeratoPlasty,unmatched,,
Penetrating Keratoplasty,unmatched,,
Penicillin Allergy,unmatched,,
Penile Prosthesis Infection,unmatched,,
Peptic Ulcer,ambiguous,,
Peptic Ulcer Bleeding,unmatched,,
Peptic Ulcer Disease,unmatched,,
Peptic Ulcer Hemorrhage,ambiguous,,
Peptic Ulcer With Haemorrhage,unmatched,,
"Peptic Ulcer, Acute With Hemorrhage",unmatched,,
"Peptic Ulcer, Gastroesophageal Reflux",unmatched,,
Peptic Ulcer/Erosions,unmatched,,
Peptic Ulcers,ambiguous,,
Percentage of Annual Acute Exacerbation,unmatched,,
Perception of Physicians & Patients of AMD,unmatched,,
Percutaneous Coronary Intervention,unmatched,,
Percutaneous Coronary Intervention (PCI),unmatched,,
Percutaneous Nephrolithotripsy (PCNL),unmatched,,
Percutaneous Transluminal Coronary Angioplasty,unmatched,,
Perennial,unmatched,,
Perennial Allergic Rhinitis,ambiguous,,
Perforated Appendicitis,unmatched,,
Perforated Gastroduodenal Ulcer,unmatched,,
Performance Enhancing Product Use,unmatched,,
Peri-Implantitis,ambiguous,,
Peri-implant Mucositis,unmatched,,
Perianal Abscess,unmatched,,
Perianal Fistula,unmatched,,
Periapical,unmatched,,
Periapical Abscess,ambiguous,,
Periapical Disease,unmatched,,
Periapical Diseases,ambiguous,,
Periapical Lesions,unmatched,,
Periappendicular Abscess,unmatched,,
Pericapsular Nerve Group Block,unmatched,,
Pericapsular Nerve Group Block (PENG Block),unmatched,,
Pericarditis,ambiguous,,
Pericarditis Idiopathic Recurrent,unmatched,,
Periimplantitis,unmatched,,
Perimenopausal Bone Loss,unmatched,,
Perimenopausal Disorder,unmatched,,
Perimenopause,unmatched,,
Perinatal Anxiety,unmatched,,
Perinatal Depression,unmatched,,
Perinatal Disorder,unmatched,,
Perinatal Mortality,unmatched,,
Perinatal Outcomes,unmatched,,
Perineal Pain,unmatched,,
"Perineal Rupture, Dehiscence",unmatched,,
Periodic Limb Movement Sleep Disorder,unmatched,,
Periodontal Disease,unmatched,,
Periodontal Diseases,ambiguous,,
Periodontal Inflammation,unmatched,,
Periodontal Intrabony Defects,unmatched,,
Periodontal Pocket,ambiguous,,
Periodontitis,ambiguous,,
Periodontitis Chronic Generalized Severe,unmatched,,
Perioperative Anaemia,unmatched,,
Perioperative Analgesia,unmatched,,
Perioperative Anxiety,unmatched,,
Perioperative Care,unmatched,,
Perioperative Complication,unmatched,,
Perioperative Hypertension,unmatched,,
Perioperative Optimization,unmatched,,
Perioperative Pain,unmatched,,
Perioperative Treatment in Subjects With Locally Advanced Resectable Gastric Cancer or Gastroesophageal Junction Cancer,unmatched,,
Perioperative/Postoperative Complications,unmatched,,
Perioral Dermatitis,ambiguous,,
"Peripartum Cardiomyopathy, Postpartum",unmatched,,
Peripheral,unmatched,,
Peripheral Arterial Disease,ambiguous,,
Peripheral Arterial Disease(PAD),unmatched,,
Peripheral Arterial Obstructive Disease,unmatched,,
Peripheral Arterial Occlusive Disease,unmatched,,
Peripheral Artery Disease,unmatched,,
Peripheral Artery Disease With Intermittent Claudication,unmatched,,
Peripheral Atherosclerotic Disease,unmatched,,
Peripheral Nerve Block,unmatched,,
Peripheral Nervous System Disease,unmatched,,
Peripheral Neuropathic Pain,unmatched,,
Peripheral Neuropathic Pain (PNP) Due to Postherpetic Neuralgia (PHN),unmatched,,
Peripheral Neuropathies,unmatched,,
Peripheral Neuropathy,unmatched,,
Peripheral Neuropathy Due to Chemotherapy,unmatched,,
Peripheral Neuropathy in Breast Cancer Patient,unmatched,,
"Peripheral Neuropathy, Chemotherapy-induced",unmatched,,
Peripheral Nueropathy Pain,unmatched,,
Peripheral Spondyloarthritis,unmatched,,
Peripheral T Cell Lymphoma,ambiguous,,
Peripheral T-cell Lymphoma,ambiguous,,
Peripheral Thromboembolism,unmatched,,
Peripheral Vascular Disease,unmatched,,
Peripheral Vascular Diseases,ambiguous,,
Peripheral Vertigo,unmatched,,
Peripheral Vertigo.,unmatched,,
Peritoneal Cancer,unmatched,,
Peritoneal Carcinomatosis,unmatched,,
Peritoneal Cavity Cancer,unmatched,,
Peritoneal Dialysis,unmatched,,
Peritoneal Dialysis Associated Peritonitis,unmatched,,
Peritoneal Dialysis Complication,unmatched,,
Peritoneal Membrane Failure,unmatched,,
Peritoneal Neoplasms,ambiguous,,
Peritonitis,ambiguous,,
Peritonsillar Abscess,ambiguous,,
Periventricular Leucomalacia,unmatched,,
Permanent Atrial Fibrillation,unmatched,,
Pernicious Anemia,ambiguous,,
Peroxidase,unmatched,,
Peroxisomal Disorders,ambiguous,,
Peroxisome Biogenesis Disorders,unmatched,,
Persian Gulf Syndrome,ambiguous,,
Persistent Asthma,unmatched,,
Persistent Atrial Fibrillation,unmatched,,
Persistent COVID Condition,unmatched,,
Persistent COVID-19,unmatched,,
Persistent Congestion,unmatched,,
Persistent Cough,unmatched,,
Persistent Depressive Disorder,unmatched,,
Persistent Ductus Arteriosus,unmatched,,
Persistent Post Operative Opioid Use,unmatched,,
Persistent Postoperative Pain,unmatched,,
Persistent Proteinuria With Type II Diabetes,unmatched,,
Persistent Vegetative State,ambiguous,,
Personality Disorder,ambiguous,,
Personality Disorders,ambiguous,,
"Pertrochanteric Fracture of Femur, Closed",unmatched,,
Pertussis,unmatched,,
Pertussis/Whooping Cough,unmatched,,
Pervasive Development Disorders,unmatched,,
Pervasive Developmental Disorder,unmatched,,
Pervasive Developmental Disorder - Not Otherwise Specified (PDD-NOS),unmatched,,
Pervasive Developmental Disorder NOS,unmatched,,
Pervasive Developmental Disorder Not Otherwise Specified (PDD-NOS),unmatched,,
Pesticide Poisoning,unmatched,,
Petit Mal Epilepsy,unmatched,,
Peutz-Jeghers Syndrome,matched_exact,Peutz Jeghers Syndrome,@DISEASE_Peutz_Jeghers_Syndrome
Peyronie's Disease,unmatched,,
Pf Subclinical Parasitemia,unmatched,,
Ph-Like Acute Lymphoblastic Leukemia,unmatched,,
Phacoemulsification,unmatched,,
"Phalanx Fractures of the Foot, Single or Multiple",unmatched,,
Phantom Limb Pain,unmatched,,
Phantom Pain,unmatched,,
Pharmacodynamic,unmatched,,
Pharmacodynamic Interaction,unmatched,,
Pharmacodynamics,unmatched,,
Pharmacodynamics of ASP7657,unmatched,,
Pharmacodynamics of Warfarin,unmatched,,
Pharmacogenetic Testing,unmatched,,
Pharmacogenetics,unmatched,,
Pharmacogenic Myopathy,unmatched,,
Pharmacogenomic Drug Interaction,unmatched,,
Pharmacogenomics,unmatched,,
Pharmacokinetic,unmatched,,
Pharmacokinetic Profile,unmatched,,
Pharmacokinetics and Pharmacodynamics,unmatched,,
Pharmacokinetics in Healthy Young Men,unmatched,,
Pharmacokinetics of ASP7657,unmatched,,
Pharmacokinetics of Acyclovir,unmatched,,
Pharmacokinetics of Darexaban and Metabolites,unmatched,,
Pharmacokinetics of Ethinyl Estradiol and Norethindrone,unmatched,,
Pharmacokinetics of Ipragliflozin,unmatched,,
Pharmacokinetics of Isavuconazole,unmatched,,
Pharmacokinetics of Ketoconazole,unmatched,,
Pharmacokinetics of MDV3100,unmatched,,
Pharmacokinetics of Mirabegron,unmatched,,
Pharmacokinetics of Quetiapine,unmatched,,
Pharmacokinetics of S- and R-warfarin,unmatched,,
Pharmacokinetics of Tamsulosin Hydrochloride,unmatched,,
Pharmacokinetics of Valsartan,unmatched,,
Pharmacokinetics of YM178,unmatched,,
Pharmacologic Action,unmatched,,
Pharmacologic Actions,unmatched,,
Pharmacologic Facilitation of Ureteral Access,unmatched,,
Pharmacological Action,unmatched,,
Pharmacological Aspirin Non-responsiveness,unmatched,,
"Pharmacology, Clinical",unmatched,,
Pharmacotherapy,unmatched,,
Pharyngitis,ambiguous,,
Pharyngotonsillitis,unmatched,,
Pharynx,unmatched,,
Phase 1,unmatched,,
Phelan-McDermid Syndrome,unmatched,,
Phenylketonuria,ambiguous,,
Phenytoin,unmatched,,
Pheochromocytoma,ambiguous,,
Philadelphia Chromosome Negative Adult Precursor Acute Lymphoblastic Leukemia,unmatched,,
Philadelphia Chromosome Positive Adult Precursor Acute Lymphoblastic Leukemia,unmatched,,
Philadelphia Chromosome Positive Childhood Precursor Acute Lymphoblastic Leukemia,unmatched,,
Phlebitis,ambiguous,,
Phobic Disorders,ambiguous,,
Phonophobia,unmatched,,
Phonophoresis,unmatched,,
Phosphorus and Calcium Disorders,unmatched,,
Photodynamic Therapy,unmatched,,
Photophobia,ambiguous,,
Photorefractive Keratectomy,unmatched,,
Photosensitive Epilepsy,unmatched,,
Photosensitivity,unmatched,,
Photosensitivity Disorders,ambiguous,,
Phototoxicity,unmatched,,
Physical Activity,unmatched,,
Physical Dependence,unmatched,,
Physical Fitness,unmatched,,
Physical Growth,unmatched,,
Physical Inactivity,unmatched,,
Physical Therapy,unmatched,,
Physically Disabled,unmatched,,
Physician's Practice Patterns,unmatched,,
Physiological Conditions,unmatched,,
Physiological Effect of Drugs,unmatched,,
Physiological Effects of Drugs,unmatched,,
Physiological Hyperbilirubinaemia,unmatched,,
Physiological Neonatal Jaundice,unmatched,,
Physiologically Based Pharmacokinetic,unmatched,,
Physiology,unmatched,,
Pigmentary Glaucoma,unmatched,,
Pilonidal Sinus,ambiguous,,
Pilot Study,unmatched,,
Pineoblastoma,unmatched,,
Pioglitazone,unmatched,,
Piperacillin-tazobactam,unmatched,,
Pituitary Adenoma,unmatched,,
Pituitary Cancer,unmatched,,
Pituitary Tumor,unmatched,,
Pityriasis Alba,unmatched,,
Pityriasis Versicolor,unmatched,,
Pityrosporum Folliculitis,unmatched,,
Placebo Drug Interaction,unmatched,,
Placebo Effect,unmatched,,
Placebo Response,unmatched,,
Placebos,unmatched,,
Placenta,unmatched,,
Placenta Accreta / Percreta,unmatched,,
Placenta Accreta Spectrum,unmatched,,
Placenta Previa,ambiguous,,
Placental Insufficiency,ambiguous,,
Plague,ambiguous,,
Planned Abdominal Hysterectomy,unmatched,,
Planned RRSO,unmatched,,
Plantar Fasciitis,ambiguous,,
Plantar Fascitis,unmatched,,
Plantar Wart,unmatched,,
Plaque,unmatched,,
Plaque Psoriasis,unmatched,,
Plaque Type Psoriasis,unmatched,,
"Plaque, Atherosclerotic",ambiguous,,
Plaque-Type Psoriasis,unmatched,,
Plasma Cell Leukemia,ambiguous,,
Plasma Cell Myeloma,unmatched,,
Plasma Cell Myeloma Refractory,unmatched,,
Plasma Cell Neoplasm,ambiguous,,
Plasma Concentration,unmatched,,
Plasma Concentration Change of Quetiapine,unmatched,,
Plasma Renin Activity,unmatched,,
Plasmablastic Lymphoma,ambiguous,,
Plasmodium Falciparum,unmatched,,
Plasmodium Falciparum Malaria,unmatched,,
Platelet Activation Testing Before/after Anti-platelet Therapy,unmatched,,
Platelet Aggregation,unmatched,,
Platelet Aggregation Inhibitors,unmatched,,
Platelet Dysfunction,unmatched,,
Platelet Dysfunction Due to Drugs,unmatched,,
Platelet Function,unmatched,,
Platelet Function Test,unmatched,,
Platelet Inhibition,unmatched,,
Platelet Reactivity,unmatched,,
Platelet Storage Pool Deficiency,ambiguous,,
Platelet Transcriptome,unmatched,,
Platelet-rich Fibrin,unmatched,,
Platelet-rich Plasma (PRP),unmatched,,
Platinum-resistant Epithelial Ovarian Cancer,unmatched,,
Platinum-resistant Ovarian Cancer,unmatched,,
Platinum-sensitive Ovarian Cancer,unmatched,,
Pleural Effusion,ambiguous,,
Pleural Effusion Malignant,ambiguous,,
Pleural Infection,unmatched,,
Pleural Malignancies,unmatched,,
Pleural Mesotheliomas,unmatched,,
Pleural Neoplasms,unmatched,,
Pleurisy,ambiguous,,
Pleuropulmonary Blastoma,ambiguous,,
Pneumococcal Infections,ambiguous,,
Pneumocystis,unmatched,,
Pneumocystis Carinii,unmatched,,
Pneumocystis Carinii Infection,unmatched,,
Pneumocystis Carinii Pneumonia,unmatched,,
Pneumocystis Infections,ambiguous,,
Pneumocystis Jiroveci Pneumonia,unmatched,,
Pneumocystis Jirovecii Infection,unmatched,,
Pneumocystis Jirovecii Pneumonia,unmatched,,
Pneumocystis Pneumonia,ambiguous,,
Pneumocystosis,unmatched,,
Pneumocystosis Associated With AIDS,unmatched,,
Pneumonia,ambiguous,,
Pneumonia (Etiology),unmatched,,
Pneumonia Ventilator Associated,ambiguous,,
"Pneumonia, Bacterial",ambiguous,,
"Pneumonia, Community-Acquired",unmatched,,
"Pneumonia, Interstitial Plasma Cell",unmatched,,
"Pneumonia, Pneumocystis",ambiguous,,
"Pneumonia, Pneumocystis Carinii",unmatched,,
"Pneumonia, Ventilator-Associated",ambiguous,,
"Pneumonia, Viral",unmatched,,
Pneumothorax,ambiguous,,
Pollution Related Respiratory Disorder,unmatched,,
"Polyarthritis, Juvenile, Rheumatoid Factor Negative",unmatched,,
Polyarticular Course Juvenile Idiopathic Arthritis (JIA),unmatched,,
Polyarticular Juvenile Idiopathic Arthritis,unmatched,,
Polycystic Kidney Disease,unmatched,,
Polycystic Kidney Diseases,ambiguous,,
"Polycystic Kidney, Autosomal Dominant",ambiguous,,
Polycystic Ovarian Syndrome,unmatched,,
Polycystic Ovarian Syndrome (PCOS),unmatched,,
Polycystic Ovarian Syndrome in Adolescent Females,unmatched,,
Polycystic Ovary,unmatched,,
Polycystic Ovary Syndrom,unmatched,,
Polycystic Ovary Syndrome,ambiguous,,
Polycystic Ovary Syndrome (PCOS),unmatched,,
Polycystic Ovary Syndrome (PCOS) Women,unmatched,,
Polycytemia Vera,unmatched,,
Polycythemia Vera,ambiguous,,
Polycythemia Vera (PV),unmatched,,
Polydactylia,unmatched,,
Polydactyly,ambiguous,,
Polydactyly Toe,unmatched,,
Polyethelene Glycol,unmatched,,
Polygenic Score,unmatched,,
Polymorphic Light Eruption,unmatched,,
Polymorphic Ventricular Tachycardia,unmatched,,
"Polymorphism, Restriction Fragment Length",unmatched,,
Polymyalgia Rheumatica,ambiguous,,
Polymyositis,ambiguous,,
Polyneuropathies,ambiguous,,
Polyneuropathy,ambiguous,,
Polyostotic Fibrous Dysplasia,ambiguous,,
Polyp of Nasal Sinus,unmatched,,
Polypharmacy,unmatched,,
Polyphenols,unmatched,,
Polyps,ambiguous,,
Polysorbate 80,unmatched,,
Polysubstance Abuse,unmatched,,
Polysyndactyly,unmatched,,
Polytrauma,unmatched,,
Polyvascular Disease,unmatched,,
Pompe Disease,unmatched,,
Poor,unmatched,,
Poor Glycemic Control,unmatched,,
Poor Metabolizer Due to Cytochrome P450 CYP2C19 Variant,unmatched,,
Poor Metabolizer Due to Cytochrome P450 CYP2C9 Variant,unmatched,,
Poor Metabolizer Due to Cytochrome P450 CYP2D6 Variant,unmatched,,
Poor Metabolizer Due to Cytochrome p450 CYP2C19 Variant,unmatched,,
Poor Ovarian Response,unmatched,,
Poor Quality Sleep,unmatched,,
Poor Responder to IVF Treatment,unmatched,,
Poor Responders,unmatched,,
Poorly Differentiated Thyroid Gland Carcinoma,unmatched,,
Poorly Differentiated and Undifferentiated Thyroid Cancer,unmatched,,
Poorly-Controlled Hypertension,unmatched,,
Popliteal Nerve Block,unmatched,,
Porphyria Cutanea Tarda,ambiguous,,
"Porphyria, Acute Intermittent",ambiguous,,
Port-Wine Stain,ambiguous,,
Port-Wine Stains (Capillary Malformations),unmatched,,
Portal Hypertension,ambiguous,,
Portal Hypertension Gastropathy,unmatched,,
Portal Hypertension Related to Cirrhosis,unmatched,,
"Portal Hypertension, Biliary Atresia",unmatched,,
Portal Hypertension.,ambiguous,,
Portal Pressure Gradient (PPG) Measurement Guided by Endoscopic Ultrasound (EUS),unmatched,,
Portal Vein Thrombosis,unmatched,,
"Portal Vein, Cavernous Transformation Of",ambiguous,,
"Portal Vein, Cavernous Transformation of",ambiguous,,
Portosystemic Shunt,unmatched,,
Positive Anti Phospholipid Syndrome,unmatched,,
Positive Helicobacter Pylori Serology,unmatched,,
Posner Schlossman Syndrome,unmatched,,
Posology Adjustment,unmatched,,
Possible Prevention of Bone Loss After Surgery by Calcium and Vitamin D Supplementation,unmatched,,
Post - Adolescence Acne,unmatched,,
Post COVID-19,unmatched,,
Post COVID-19 Condition,unmatched,,
Post Cesarean Pain Management,unmatched,,
Post ERCP Pancreatitis,unmatched,,
Post Gastrectomy Anemia,unmatched,,
Post Herpetic Neuralgia,unmatched,,
Post Inflammatory Hyperpigmentation,unmatched,,
Post Mastectomy,unmatched,,
Post Myocardial Infarction,unmatched,,
Post Operative Analgesia,unmatched,,
Post Operative Analgesia Duration.,unmatched,,
Post Operative Cognitive Dysfunction,unmatched,,
Post Operative Delirium,unmatched,,
Post Operative Dental Pain,unmatched,,
Post Operative Nausea and Vomiting,unmatched,,
Post Operative Nausea and Vomiting (PONV),unmatched,,
Post Operative Pain,unmatched,,
Post Operative Pain Control,unmatched,,
"Post Operative Pain, Acute",unmatched,,
Post Operative Urinary Retention,unmatched,,
Post Operative Wound Infection,unmatched,,
Post Polypectomy Bleeding in Anticoagulated Patients,unmatched,,
Post Procedural Constipation,unmatched,,
Post Procedural Infection,unmatched,,
Post Spinal Anesthesia Shivering,unmatched,,
Post Stroke Pain,unmatched,,
Post Surgical Management,unmatched,,
Post Surgical Pain,unmatched,,
Post Thrombotic Syndrome,unmatched,,
Post Transplant Lymphoproliferative Disorder,unmatched,,
Post Traumatic Seizures,unmatched,,
Post Traumatic Stress Disorder,ambiguous,,
Post Traumatic Stress Disorder (PTSD),unmatched,,
Post op Pain,unmatched,,
Post-COVID-19 Syndrome,unmatched,,
Post-Cesarean Section,unmatched,,
Post-Concussion Syndrome,ambiguous,,
Post-Dural Puncture Headache,ambiguous,,
Post-ERCP Acute Pancreatitis,unmatched,,
Post-ERCP Acute Pancreatitis.,unmatched,,
Post-Exercise Hypotension,ambiguous,,
Post-Herpetic Neuralgia,unmatched,,
Post-Lyme Disease Symptoms,unmatched,,
Post-Mastectomy Chronic Pain Syndrome,unmatched,,
Post-Mastectomy Neuropathic Pain Syndrome,unmatched,,
Post-Measles Pneumonia,unmatched,,
Post-Menopausal Osteoporosis,unmatched,,
Post-Op Complication,unmatched,,
Post-Op Infection,unmatched,,
Post-Op Wound Infection,unmatched,,
Post-Operative Delirium,unmatched,,
Post-Operative Inflammation,unmatched,,
Post-Operative Nausea and Vomiting,unmatched,,
Post-Operative Pain,unmatched,,
Post-Operative States,unmatched,,
Post-Operative Urinary Retention,unmatched,,
Post-Schizophrenic Depression,unmatched,,
Post-Spinal Shivering,unmatched,,
Post-Thrombotic Syndrome,unmatched,,
Post-Transplant Glucocorticoid Induced Diabetes,unmatched,,
Post-Traumatic Headache,ambiguous,,
Post-Traumatic Stress Disorder,ambiguous,,
Post-Traumatic Stress Disorders,ambiguous,,
Post-acute Sequelae of SARS-COV-2 Infection,unmatched,,
Post-anesthesia Recovery,unmatched,,
Post-covid-19,unmatched,,
Post-endodontic Pain,unmatched,,
Post-herpetic Neuralgia,unmatched,,
Post-laminectomy Pain Syndrome,unmatched,,
Post-mastectomy Breast Reconstruction,unmatched,,
Post-mastectomy Pain Syndrome,unmatched,,
Post-menopausal Osteoporosis,unmatched,,
Post-nasal Drip,unmatched,,
Post-op Pain,unmatched,,
Post-operative Analgesia,unmatched,,
Post-operative Antibiotics,unmatched,,
Post-operative Atrial Fibrillation,unmatched,,
Post-operative Care,unmatched,,
Post-operative Cognitive Decline,unmatched,,
Post-operative Delirium,unmatched,,
Post-operative Dental Pain,unmatched,,
Post-operative Nausea,unmatched,,
Post-operative Nausea and Vomiting,unmatched,,
Post-operative Pain,unmatched,,
Post-operative Pain Control,unmatched,,
"Post-operative Pain, Acute",unmatched,,
Post-operative Urinary Retention,unmatched,,
Post-operative Vomiting,unmatched,,
Post-prandial Diarrhea,unmatched,,
Post-stroke,unmatched,,
Post-stroke Cognitive Impairment (PSCI),unmatched,,
Post-stroke Depression,unmatched,,
Post-stroke Lymphocytopenia,unmatched,,
Post-surgical Pain,unmatched,,
Post-thoracotomy Pain,unmatched,,
Post-thoracotomy Pain Syndrome,unmatched,,
Post-transplant Diabetes Mellitus,unmatched,,
Post-transplant Lymphoproliferative Disorder,unmatched,,
Post-traumatic,unmatched,,
Post-traumatic Epilepsy,ambiguous,,
Post-traumatic Headache,ambiguous,,
Post-traumatic Neuropathic Pain,unmatched,,
Post-traumatic Osteoarthritis,unmatched,,
Post-traumatic Osteoarthritis of the Knee,unmatched,,
Post-traumatic Stress,unmatched,,
Post-traumatic Stress Disorder,ambiguous,,
Post-traumatic Stress Disorders,ambiguous,,
PostTraumatic Stress Disorder,unmatched,,
Postablative,unmatched,,
Postaboral Pelvic Inflammatory Disease,unmatched,,
Postanesthetic Excitement,unmatched,,
Postcardiac Arrest Syndrome,unmatched,,
Postcesarean Recovery,unmatched,,
Postdural Puncture Headache,unmatched,,
Posterior Blepharitis,unmatched,,
Posterior Fossa Tumors,unmatched,,
Posterior Spine Surgery,unmatched,,
Posterior Tibial Nerve Stimulation,unmatched,,
Posterior Urethral Valve,unmatched,,
Postherpetic Neuralgia,ambiguous,,
Postherpetic Neuralgia ( PHN ),unmatched,,
Postherpetic Neuralgia (PHN),unmatched,,
Postmenopausal,unmatched,,
Postmenopausal Bleeding,unmatched,,
Postmenopausal Depression,unmatched,,
Postmenopausal Endometrium,unmatched,,
Postmenopausal Flushing,unmatched,,
Postmenopausal Osteoporosis,ambiguous,,
Postmenopausal Symptoms,unmatched,,
Postmenopausal Syndrome,unmatched,,
Postmenopausal Vaginal Atrophy,unmatched,,
Postmenopausal Vulvovaginal Atrophy,unmatched,,
Postmenopausal Women,unmatched,,
Postmenopausal Women With Osteoporosis,unmatched,,
Postmenopause,unmatched,,
Postnatal Hypertension,unmatched,,
Postoperative,unmatched,,
Postoperative Analgesia,unmatched,,
Postoperative Anemia,unmatched,,
Postoperative Atrial Fibrilation,unmatched,,
Postoperative Bleeding,unmatched,,
Postoperative Bowel Movement,unmatched,,
Postoperative Cardiac Complication,unmatched,,
Postoperative Chylothorax,unmatched,,
Postoperative Cognitive Dysfunction,unmatched,,
Postoperative Complications,ambiguous,,
Postoperative Cystoid Macular Edema,unmatched,,
Postoperative Delirium,unmatched,,
Postoperative Dental Pain,unmatched,,
Postoperative Hemorrhage,ambiguous,,
Postoperative Hernia,unmatched,,
Postoperative Ileus,unmatched,,
Postoperative Infections,unmatched,,
Postoperative Laminectomy Pain,unmatched,,
Postoperative Migrainous Headache,unmatched,,
Postoperative Myalgia,unmatched,,
Postoperative Nausea,unmatched,,
Postoperative Nausea and Vomiting,ambiguous,,
Postoperative Nausea and Vomiting (PONV),unmatched,,
Postoperative Neurogenic Lower Urinary Tract Dysfunction Secondary to Tethered Cord Syndrome,unmatched,,
Postoperative Pain,ambiguous,,
Postoperative Pain After Ambulatory Surgery,unmatched,,
Postoperative Pain Following Knee Arthroplasty,unmatched,,
Postoperative Pain Following Radical Cystectomy,unmatched,,
Postoperative Pain Management,unmatched,,
Postoperative Pain Management After Total Hip Arthroplasty,unmatched,,
Postoperative Pain Score,unmatched,,
Postoperative Pain in Orthopaedics,unmatched,,
"Postoperative Pain, Acute",unmatched,,
"Postoperative Pain, Chronic",unmatched,,
Postoperative Passage of Flatus,unmatched,,
Postoperative Period,unmatched,,
Postoperative Quality of Recovery,unmatched,,
Postoperative Recovery,unmatched,,
Postoperative Retention of Urine,unmatched,,
"Postoperative Sedation, Abdominal Surgery",unmatched,,
Postoperative Seizures After Brain Tumor Surgery,unmatched,,
Postoperative Sore Throat,unmatched,,
Postoperative Urinary Incontinence,unmatched,,
Postoperative Urinary Retention,unmatched,,
Postoperative Urinary Retention (POUR),unmatched,,
Postoperative Urinary Tract Infection,unmatched,,
Postoperative Vomiting,unmatched,,
Postoperative Wound Infection,unmatched,,
Postoperative Wound Infection Superficial Incisional,unmatched,,
Postpartum,unmatched,,
Postpartum Anaemia,unmatched,,
Postpartum Anemia,unmatched,,
Postpartum Anemia Nos,unmatched,,
Postpartum Complication,unmatched,,
Postpartum Depression,ambiguous,,
Postpartum Depressive Disorder,unmatched,,
Postpartum Depressive Mood,unmatched,,
Postpartum Disorder,unmatched,,
Postpartum Endometritis,unmatched,,
Postpartum Fever,unmatched,,
Postpartum Hemorrhage,ambiguous,,
Postpartum Hypertension (PPHT),unmatched,,
Postpartum Period,unmatched,,
Postpartum Preeclampsia,unmatched,,
Postpartum Pregnancy-Induced Hypertension,unmatched,,
Postpartum Sepsis,unmatched,,
Postpartum Sexual Dysfunction,unmatched,,
Postpartum Sexual Function,unmatched,,
Postpartum Smoking Relapse,unmatched,,
Postprandial Hyperglycemia,unmatched,,
Postprandial Hypoglycemia,unmatched,,
Postprandial Lipemia,unmatched,,
Postsurgical Hypothyroidism,unmatched,,
Postsurgical Pain,unmatched,,
Postsurgical Pain Management,unmatched,,
Postthrombotic Syndrome,ambiguous,,
Posttraumatic Stress Disorder,unmatched,,
Posttraumatic Stress Disorder (PTSD),unmatched,,
"Posttraumatic Stress Disorder, Combat-related",unmatched,,
Posttraumatic Stress Disorders,unmatched,,
Postural Imbalance,unmatched,,
Postural Instability,unmatched,,
Postural Orthostatic Tachycardia Syndrome,ambiguous,,
Postural Tachycardia Syndrome,unmatched,,
Potassium Bioavailability,unmatched,,
Potassium Imbalance,unmatched,,
Potassium-Aggravated Myotonia,ambiguous,,
Potential Effect of Selenium,unmatched,,
Pouchitis,ambiguous,,
Prader-Willi Syndrome,ambiguous,,
Pre Diabetes,unmatched,,
Pre Hypertension,unmatched,,
Pre- and Postoperative Analgesia,unmatched,,
Pre-Bronchiolitis Obliterans Syndrome,unmatched,,
Pre-Diabetes,unmatched,,
Pre-Eclampsia,ambiguous,,
Pre-Exposure Prophylaxis,unmatched,,
Pre-Frail or Frail State,unmatched,,
Pre-Hypertension,unmatched,,
Pre-diabetes,unmatched,,
Pre-diabetic,unmatched,,
Pre-eclampsia,ambiguous,,
Pre-eclampsia Superimposed Pre-existing Hypertension,unmatched,,
Pre-hypertension,unmatched,,
Pre-motor Parkinson Disease,unmatched,,
PreDiabetes,unmatched,,
PreTerm Birth,unmatched,,
Prebiotics,unmatched,,
Precancerous Condition,ambiguous,,
Precancerous Conditions,ambiguous,,
Precancerous/Nonmalignant Condition,unmatched,,
Precapillary Pulmonary Hypertension,unmatched,,
Precocious Puberty,ambiguous,,
Precursor-cell Lymphoblastic Leukemia-Lymphoma,ambiguous,,
Prediabetes,unmatched,,
Prediabetes / Type 2 Diabetes,unmatched,,
Prediabetes/Type2 Diabetes Mellitus,unmatched,,
Prediabetic State,ambiguous,,
Preeclampsia,unmatched,,
Preeclampsia (PE),unmatched,,
Preeclampsia Postpartum,unmatched,,
Preeclampsia Severe,unmatched,,
Preeclampsia With Severe Features,unmatched,,
Preemptive Paracetamol Plus Tramadol and Preemptive Fentanyl,unmatched,,
Pregabalin,unmatched,,
Pregabalin on Catheter Related Bladder Discomfort,unmatched,,
Pregestational Diabetes,unmatched,,
Pregnancies at Increased Risk of Preterm Birth,unmatched,,
Pregnancy,unmatched,,
Pregnancy Anemia,unmatched,,
Pregnancy Complicated by Hyperthyroidism,unmatched,,
Pregnancy Complication,ambiguous,,
Pregnancy Complications,ambiguous,,
"Pregnancy Complications, Infectious",matched_exact,Pregnancy Complications Infectious,@DISEASE_Pregnancy_Complications_Infectious
Pregnancy Early,unmatched,,
Pregnancy Hemorrhage,unmatched,,
Pregnancy Induced Hypertension,ambiguous,,
Pregnancy Loss,unmatched,,
Pregnancy Malaria,unmatched,,
Pregnancy Outcome,unmatched,,
Pregnancy Outcome Among Vitamin D Supplementation During Pregnancy,unmatched,,
Pregnancy Outcomes,unmatched,,
Pregnancy Preterm,unmatched,,
Pregnancy Prevention,unmatched,,
Pregnancy Rate,unmatched,,
Pregnancy Rates,unmatched,,
Pregnancy Related,unmatched,,
Pregnancy Termination in Second Trimester,unmatched,,
Pregnancy Toxemia,unmatched,,
"Pregnancy, Ectopic",ambiguous,,
"Pregnancy, High Risk",unmatched,,
"Pregnancy, Prolonged",ambiguous,,
"Pregnancy, Unplanned",unmatched,,
Pregnancy-Induced Hypertension in Postpartum,unmatched,,
Pregnant,unmatched,,
Pregnant With Complication,unmatched,,
Pregnant Woman,unmatched,,
Pregnant Women,unmatched,,
Pregnant Women Undergoing TOP,unmatched,,
Prehypertension,ambiguous,,
Prehypertension (elevated Blood Pressure) or Hypertension,unmatched,,
Premalignant Vulvar Lesion,unmatched,,
Premature,unmatched,,
Premature (Early) Ejaculation,unmatched,,
Premature Birth,ambiguous,,
Premature Births,ambiguous,,
Premature Ejaculation,ambiguous,,
Premature Infant,unmatched,,
Premature Infant Disease,unmatched,,
Premature Infants,unmatched,,
Premature Labor,unmatched,,
Premature Labour,unmatched,,
Premature Menopause,ambiguous,,
Premature Ovarian Failure,unmatched,,
Premature Ovarian Failure 1,unmatched,,
Premature Ovarian Failure 10,unmatched,,
Premature Ovarian Failure 11,unmatched,,
Premature Ovarian Failure 12,unmatched,,
Premature Ovarian Failure 13,unmatched,,
Premature Ovarian Failure 14,unmatched,,
Premature Ovarian Failure 2A,unmatched,,
Premature Ovarian Failure 2B,unmatched,,
Premature Ovarian Failure 3,unmatched,,
Premature Ovarian Failure 4,unmatched,,
Premature Ovarian Failure 5,unmatched,,
Premature Ovarian Failure 6,unmatched,,
Premature Ovarian Failure 7,unmatched,,
Premature Ovarian Failure 8,unmatched,,
Premature Ovarian Failure 9,unmatched,,
Premature Ovarian Insufficiency,unmatched,,
Premature Progesterone Rise,unmatched,,
Premature Ventricular Contraction,unmatched,,
"Premature, Affecting Fetus",unmatched,,
Prematurity,unmatched,,
Prematurity of Fetus,unmatched,,
Premenopause,unmatched,,
Premenstrual Dysphoric Disorder,ambiguous,,
Premenstrual Dysphoric Disorder (PMDD),unmatched,,
Premenstrual Syndrome,ambiguous,,
Premenstrual Tension,unmatched,,
Prenatal Exposure Delayed Effects,unmatched,,
Preneoplastic Condition,unmatched,,
Preoperative Amoxicillin Clavulanic Acid for at Most 5 Days,unmatched,,
Preoperative Anxiety,unmatched,,
Prepubertal Labial Adhesions,unmatched,,
Preschool Child,unmatched,,
Prescribers' Drug Orders,unmatched,,
Prescription Drug Abuse (Not Dependent),unmatched,,
Prescription Opioid Abuse,unmatched,,
Presence of Heparin/Platelet Factor 4 Antibody,unmatched,,
Preserved Ejection Fraction,unmatched,,
Preserved Sockets,unmatched,,
Pressure Ulcers,ambiguous,,
Preterm,unmatched,,
Preterm Birth,unmatched,,
Preterm Delivery,unmatched,,
Preterm Delivery.,unmatched,,
Preterm Infants,unmatched,,
Preterm Labor,unmatched,,
Preterm Labor With Preterm Delivery,unmatched,,
Preterm Labor With Preterm Delivery in Third Trimester,unmatched,,
Preterm Labor Without Delivery,unmatched,,
"Preterm Labor, Premature Birth",unmatched,,
Preterm Labour,unmatched,,
Preterm PROM (Pregnancy),unmatched,,
Preterm Prelabor Rupture of Membranes (PPROM),unmatched,,
Preterm Premature Rupture of Membrane,unmatched,,
Preterm Premature Rupture of Membranes (PPROM),unmatched,,
Pretomanid,unmatched,,
Preventing Postoperative Venous Thromboembolism in Patients Undergoing Ovarian Cancer Surgery,unmatched,,
Prevention,unmatched,,
Prevention & Control,unmatched,,
Prevention of Anemia,unmatched,,
Prevention of Chemotherapy-induced Myelosuppression,unmatched,,
Prevention of Delirium,unmatched,,
Prevention of Pregnancy,unmatched,,
Prevention of Stroke or Systemic Embolism,unmatched,,
Prevention of Thromboembolic Events,unmatched,,
Prevention of Venous Thromboembolism,unmatched,,
Preventive Antibiotics,unmatched,,
Preventive Therapy,unmatched,,
Preventive Treatment,unmatched,,
Previously Treated Childhood Rhabdomyosarcoma,unmatched,,
Previously Treated Myelodysplastic Syndromes,unmatched,,
Primary Aldosteronism,unmatched,,
Primary Aldosteronism Due to Adrenal Hyperplasia (Bilateral),unmatched,,
Primary Aldosteronism Due to Aldosterone Producing Adenoma,unmatched,,
Primary Arterial Hypertension,unmatched,,
Primary Biliary Cholangitis,unmatched,,
Primary Biliary Cholangitis (PBC),unmatched,,
Primary Biliary Cirrhosis,unmatched,,
Primary Brain Tumor,unmatched,,
Primary CNS Lymphoma,unmatched,,
Primary Central Nervous System Lymphoma,unmatched,,
Primary Central Nervous System Neoplasm,unmatched,,
Primary Cutaneous Anaplastic Large Cell Lymphoma,ambiguous,,
Primary Disease,unmatched,,
Primary Disease or Condition Being Studied in the Trial or the Focus of the Study Mild Ankle Sprain,unmatched,,
Primary Dyslipidemia,unmatched,,
Primary Dysmenorrhea,unmatched,,
Primary Dysmenorrhoea,unmatched,,
Primary Fibromyalgia,unmatched,,
Primary Focal Segmental Glomerulosclerosis (FSGS),unmatched,,
Primary Gastric Diffuse-Large B-Cell Lymphoma,unmatched,,
Primary Glaucoma,unmatched,,
Primary Headache Disorder,ambiguous,,
Primary Hyperaldosteronism,unmatched,,
Primary Hyperaldosteronism Due to Adrenal Adenoma,unmatched,,
Primary Hypercholesterolaemia,unmatched,,
Primary Hypercholesterolemia,unmatched,,
Primary Hypercholesterolemia and Homozygous Familial Hypercholesterolemia (HoFH),unmatched,,
Primary Hypercholesterolemiia,unmatched,,
Primary Hyperparathyroidism,ambiguous,,
Primary Hypertension,unmatched,,
Primary Hypogonadism,unmatched,,
Primary Hypothyroidism,unmatched,,
Primary Hypothyroidism.,unmatched,,
Primary IgA Nephropathy,unmatched,,
Primary IgA-nephropathy,unmatched,,
Primary Insomnia,unmatched,,
Primary Lateral Sclerosis,unmatched,,
Primary Lung Cancer,unmatched,,
Primary Lymphedema,unmatched,,
Primary Malignant Brain Neoplasms,unmatched,,
Primary Mediastinal (Thymic) Large B-cell Lymphoma,unmatched,,
Primary Mediastinal B-cell Lymphoma (PMBCL),unmatched,,
Primary Mediastinal Large B-cell Lymphoma,unmatched,,
Primary Mediastinal Lymphoma,unmatched,,
Primary Membranous Nephropathy,unmatched,,
Primary Motor Cortex,unmatched,,
Primary Myelofibrosis,ambiguous,,
Primary Open Angle Glaucoma,unmatched,,
Primary Open Angle Glaucoma (POAG),unmatched,,
Primary Open Angle Glaucoma or Ocular Hypertension,unmatched,,
"Primary Open Angle Glaucoma, Ocular Hypertension",unmatched,,
Primary Open- Angle Glaucoma,unmatched,,
Primary Open-Angle Glaucoma,unmatched,,
Primary Open-Angle Glaucoma (POAG),unmatched,,
Primary Open-angle Glaucoma,unmatched,,
Primary Open-angle Glaucoma and Ocular Hypertension,unmatched,,
Primary Ovarian Insufficiency,ambiguous,,
Primary PCI,unmatched,,
Primary PCI for STEMI,unmatched,,
Primary Percutaneous Coronary Intervention,unmatched,,
Primary Peritoneal Cancer,unmatched,,
Primary Peritoneal Carcinoma,unmatched,,
Primary Peritoneal Carcinosarcoma,unmatched,,
Primary Peritoneal Cavity Cancer,unmatched,,
Primary Peritoneal Serous Adenocarcinoma,unmatched,,
Primary Polydipsia,unmatched,,
Primary Post Tonsillectomy Hemorrhage,unmatched,,
Primary Prevention,unmatched,,
Primary Pulmonary Hypertension,unmatched,,
Primary Sclerosing Cholangitis,unmatched,,
Primary Sjögren's Syndrome,unmatched,,
Primary Sjögren's Syndrome (pSS),unmatched,,
Primary Small Cell Lung Cancers,unmatched,,
Primary Systemic Amyloidosis,unmatched,,
Primary Teeth,unmatched,,
Primary Total Knee Arthroplasty,unmatched,,
Primary Vascular Dysregulation,unmatched,,
Primary or Secondary Hypogonadism,unmatched,,
Primary-progressive Multiple Sclerosis,unmatched,,
Prinzmetal Angina,unmatched,,
Probiotics,unmatched,,
Problem Behavior,unmatched,,
Procedures,unmatched,,
Proctological Surgery,unmatched,,
Prodromal Alzheimer's Disease,unmatched,,
Prodromal Schizophrenia,unmatched,,
Progeria,ambiguous,,
Progesterone,unmatched,,
Progesterone Receptor Negative,unmatched,,
Progesterone Receptor Positive Tumor,unmatched,,
Progesterone Resistance,ambiguous,,
Progesterone Supplementation,unmatched,,
Progesterone Supplementation in Women Undergoing ART,unmatched,,
Progestins,unmatched,,
Prognostic Stage 0 Breast Cancer AJCC v8,unmatched,,
Prognostic Stage I Breast Cancer AJCC v8,unmatched,,
Prognostic Stage IA Breast Cancer AJCC v8,unmatched,,
Prognostic Stage IB Breast Cancer AJCC v8,unmatched,,
Prognostic Stage II Breast Cancer AJCC v8,unmatched,,
Prognostic Stage IIA Breast Cancer AJCC v8,unmatched,,
Prognostic Stage IIB Breast Cancer AJCC v8,unmatched,,
Prognostic Stage III Breast Cancer AJCC v8,unmatched,,
Prognostic Stage IIIA Breast Cancer AJCC v8,unmatched,,
Prognostic Stage IIIB Breast Cancer AJCC v8,unmatched,,
Prognostic Stage IIIC Breast Cancer AJCC v8,unmatched,,
Prognostic Stage IV Breast Cancer AJCC v8,unmatched,,
Progressive Disease,unmatched,,
"Progressive Hairy Cell Leukemia, Initial Treatment",unmatched,,
Progressive Multiple Sclerosis,unmatched,,
Progressive Muscular Atrophy,unmatched,,
Prolactin Level,unmatched,,
Prolactinoma,ambiguous,,
"Prolapse, Vaginal",unmatched,,
Proliferative Diabetic Retinopathy,unmatched,,
Proliferative Vitreoretinopathy,ambiguous,,
Prolonged Anticoagulation,unmatched,,
Prolonged Pregnancy,ambiguous,,
Prolonged QT Interval in EKG and Sudden Death,unmatched,,
Prolonged QTc Interval,unmatched,,
Prolymphocyctic Leukemia,unmatched,,
Prolymphocytic Leukemia,ambiguous,,
Propanolol,unmatched,,
Prophylactic,unmatched,,
Prophylaxis,unmatched,,
Prophylaxis of Invasive Fungal Infections,unmatched,,
Prophylaxis of Recurrent Venous Thromboembolism in Cancer Patients,unmatched,,
Prophylaxis of Venous Thromboembolic Events,unmatched,,
Prophylaxis of Venous Thromboembolism,unmatched,,
"Prophylaxis, Thromboembolism, Venous",unmatched,,
Prophylaxy of Post Traumatic Endophthalmitis,unmatched,,
Propionibacterium,unmatched,,
Propionic Acidemia,ambiguous,,
Propofol,unmatched,,
Propofol Dosage,unmatched,,
Propranolol,unmatched,,
Prosocial Behavior,unmatched,,
Prostate,unmatched,,
Prostate Adenocarcinoma,unmatched,,
Prostate Adenocarcinoma Without Neuroendocrine Differentiation,unmatched,,
Prostate Biopsy,unmatched,,
Prostate Cancer,unmatched,,
Prostate Cancer Metastatic,unmatched,,
Prostate Cancer Patients,unmatched,,
Prostate Cancer Patients Undergoing External Radiation and Seed Implantation,unmatched,,
Prostate Cancer Recurrent,unmatched,,
Prostate Carcinoma,unmatched,,
Prostate Disease,unmatched,,
Prostate Hyperplasia,unmatched,,
Prostate Hypertrophy,unmatched,,
Prostate Infection,unmatched,,
Prostate Neoplasms,unmatched,,
Prostate Obstruction,unmatched,,
Prostate Pain,unmatched,,
Prostatectomy,unmatched,,
Prostatic Adenocarcinoma,unmatched,,
Prostatic Artery Embolization,unmatched,,
Prostatic Hyperplasia,ambiguous,,
"Prostatic Hyperplasia, Benign",unmatched,,
"Prostatic Hypertrophy, Benign",unmatched,,
Prostatic Intraepithelial Neoplasia,ambiguous,,
Prostatic Neoplasm,ambiguous,,
Prostatic Neoplasms,ambiguous,,
"Prostatic Neoplasms, Prostatectomy",unmatched,,
Prostatitis,ambiguous,,
Prostheses and Implants,unmatched,,
Prosthesis,unmatched,,
Prosthesis User,unmatched,,
Prosthetic Heart Valve,unmatched,,
Prosthetic Infection,unmatched,,
Prosthetic Joint Infection,unmatched,,
Prosthetic Joint Infections of Hip,unmatched,,
Prosthetic Joint Infections of Knee,unmatched,,
Prosthetic Replacement of Mitral Valve,unmatched,,
Prosthetic-joint Infection,unmatched,,
Protease Inhibitors,unmatched,,
Protein,unmatched,,
Protein Supplementation,unmatched,,
Proteinuria,ambiguous,,
"Proteinuria, With Gestational Hypertension (Pre-eclampsia, Severe)",unmatched,,
"Proteinuria, With Hypertension (Severe Pre-eclampsia)",unmatched,,
Proteinuric Kidney Disease,unmatched,,
Proton Pubm Inhibitor,unmatched,,
Proton Pump Inhibitor,unmatched,,
Proton Pump Inhibitor Adverse Reaction,unmatched,,
Proton Pump Inhibitor Allergy,unmatched,,
Proton Pump Inhibitor Overdose,unmatched,,
Proton Pump Inhibitors,unmatched,,
Proton Pump Inhiditor Treatment,unmatched,,
Protracted Bacterial Bronchitis,unmatched,,
Protrusion of Intervertebral Disc,unmatched,,
Proximal Humerus Fractures,unmatched,,
Prurigo Nodularis,unmatched,,
Pruritis,unmatched,,
Pruritus,ambiguous,,
Pruritus Caused by Drug,unmatched,,
PsA (Psoriatic Arthritis),unmatched,,
Pseudoexfoliation Glaucoma,unmatched,,
Pseudoexfoliative Glaucoma,unmatched,,
Pseudomonas Aeruginosa,unmatched,,
Pseudophakic Bullous Keratopathy,unmatched,,
Pseudotumor Cerebri Syndrome,unmatched,,
Psilocybin,unmatched,,
Psoriasis,ambiguous,,
Psoriasis (PsO),unmatched,,
Psoriasis Vulgaris,unmatched,,
Psoriatic Arthritis,ambiguous,,
Psoriatic Arthritis (PsA),unmatched,,
Psoriatic Nails,unmatched,,
Psych,unmatched,,
Psychedelic Experiences,unmatched,,
Psychiatric Disorder,unmatched,,
Psychiatric Disorders,unmatched,,
Psychiatric Drugs,unmatched,,
Psychiatric Hospitalization,unmatched,,
Psychiatric or Mood Diseases or Conditions,unmatched,,
Psychoactive Substances Consumption,unmatched,,
Psychogenic Excoriation,unmatched,,
Psychogenic Non-Epileptic Seizure,unmatched,,
Psychological Distress,ambiguous,,
Psychological Stress,unmatched,,
Psychological Trauma,ambiguous,,
Psychomotor Agitation,ambiguous,,
Psychomotor Impairment,unmatched,,
Psychoneurotic,unmatched,,
Psychophysiologic Insomnia,unmatched,,
Psychoses,unmatched,,
"Psychoses, Manic-Depressive",unmatched,,
Psychosis,unmatched,,
Psychosis NOS,unmatched,,
Psychosis Nos/Other,unmatched,,
Psychosis Not Otherwise Specified,unmatched,,
Psychosocial Effects of Cancer and Its Treatment,unmatched,,
Psychosomatic Disorders,unmatched,,
Psychotic Depression,unmatched,,
Psychotic Disorder,ambiguous,,
Psychotic Disorder NOS,unmatched,,
Psychotic Disorders,ambiguous,,
Psychotropic Drugs,unmatched,,
Psychotropic Drugs Effects,unmatched,,
Psychotropic Induced Weight Gain,unmatched,,
Pterygium,ambiguous,,
Puberty,unmatched,,
Puberty Disorders,unmatched,,
"Puberty, Precocious",ambiguous,,
Pudendal Nerve Block,unmatched,,
Puerperal Disorder,ambiguous,,
Puerperium,unmatched,,
Pulmonary,unmatched,,
Pulmonary Arterial Hypertension,ambiguous,,
Pulmonary Artery Hypertension,unmatched,,
Pulmonary Aspiration,unmatched,,
Pulmonary Aspiration of Gastric Contents,unmatched,,
Pulmonary Complication,unmatched,,
Pulmonary Complications,unmatched,,
Pulmonary Congestion,unmatched,,
Pulmonary Disease,unmatched,,
Pulmonary Disease Due to Mycobacteria (Diagnosis),unmatched,,
"Pulmonary Disease, Chronic Obstructive",ambiguous,,
"Pulmonary Disease, Chronic Obstructive (COPD)",unmatched,,
Pulmonary Disease，Chronic Obstructive,ambiguous,,
Pulmonary Edema,ambiguous,,
Pulmonary Embolism,ambiguous,,
Pulmonary Embolism (PE),unmatched,,
Pulmonary Embolism Subacute Massive,unmatched,,
Pulmonary Embolism With Acute Cor Pulmonale,unmatched,,
Pulmonary Embolism With Pulmonary Infarction,unmatched,,
Pulmonary Embolism With Right Ventricle Enlargement,unmatched,,
Pulmonary Embolism and Thrombosis,unmatched,,
Pulmonary Exacerbation,unmatched,,
Pulmonary Fibrosis,ambiguous,,
Pulmonary Hypertension,ambiguous,,
Pulmonary Hypertension (Diagnosis),unmatched,,
Pulmonary Hypertension Due to Lung Diseases,unmatched,,
"Pulmonary Hypertension, Primary, 2",unmatched,,
"Pulmonary Hypertension, Primary, 3",unmatched,,
"Pulmonary Hypertension, Primary, 4",unmatched,,
Pulmonary Infection,unmatched,,
Pulmonary Mortality,unmatched,,
Pulmonary Sarcoidosis,ambiguous,,
Pulmonary Tuberculoses,unmatched,,
Pulmonary Tuberculosis,ambiguous,,
Pulmonary Vascular Disorder,unmatched,,
Pulmonary Vein Stenosis,ambiguous,,
Pulmonary Venous Isolation,unmatched,,
"Pulp Disease, Dental",unmatched,,
"Pulp Exposure, Dental",matched_token_set,Dental Pulp Exposure,@DISEASE_Dental_Pulp_Exposure
Pulp Necrosis,unmatched,,
Pulp Therapy,unmatched,,
Pulpitis,ambiguous,,
Pulpitis - Irreversible,unmatched,,
Pulpotomies Primary Teeth,unmatched,,
Pulpotomy,unmatched,,
Pulse Steroid and Immunoglobulins Drugs in Covid 19 Patients,unmatched,,
Pulsed Radiofrequency,unmatched,,
Pupil Anomaly,unmatched,,
Pure Autonomic Failure,matched_exact,Pure Autonomic Failure,@DISEASE_Pure_Autonomic_Failure
Purpura Thrombopenic,unmatched,,
Pyelonephritis,ambiguous,,
Pyelonephritis Acute,unmatched,,
Pyloric Stenosis,ambiguous,,
Pyoderma,ambiguous,,
Pyoderma Gangrenosum,ambiguous,,
Pyomyositis,ambiguous,,
Pyothorax,unmatched,,
Pyridoxine,unmatched,,
Pyridoxine Deficiency,unmatched,,
Q Fever,ambiguous,,
"QT Interval, Variation in",unmatched,,
QT-prolongation,unmatched,,
QTc Interval,unmatched,,
QoL Before and After 9 Month of Medical Treatment of Graves´Thyrotoxicosis,unmatched,,
QoR-15,unmatched,,
"Qt Interval, Variation in",unmatched,,
Quadratus Lumborum Block,unmatched,,
Quality of Life Outcomes,unmatched,,
Quality of Recovery,unmatched,,
Quetiapine,unmatched,,
Quorum Sensing,unmatched,,
Qutenza,unmatched,,
R-CHOP Chemotherapy,unmatched,,
RA,unmatched,,
RAS Mutation,unmatched,,
RELAPSED NON-HODGKIN'S OR HODGKIN'S LYMPHOMA,unmatched,,
REM Sleep Behavior Disorder,ambiguous,,
"RENAL INSUFFICIENCY, CHRONIC",ambiguous,,
RNA,unmatched,,
RRSO,unmatched,,
RSV Infection,unmatched,,
Rabies,ambiguous,,
Radial Artery Grafts,unmatched,,
Radial Artery Occlusion,unmatched,,
Radial Head or Neck Fractures,unmatched,,
Radiating Pain,unmatched,,
Radiation Cystitis,unmatched,,
Radiation Disease,unmatched,,
Radiation Esophagitis,unmatched,,
Radiation Induced Fibrosis,unmatched,,
Radiation Retinopathy,unmatched,,
Radiation Toxicity,unmatched,,
Radiation-Induced Disorder,unmatched,,
Radiation-Induced Fibrosis,unmatched,,
Radiation-Induced Mucositis,unmatched,,
Radiation-associated Dysphagia,unmatched,,
Radical Cystectomy,unmatched,,
Radical Prostatectomies,unmatched,,
Radical Prostatectomy,unmatched,,
Radicular,unmatched,,
Radicular Pain,unmatched,,
"Radicular, Lumbar, Lumbosacral",unmatched,,
Radiculopathy,ambiguous,,
Radiodermatitis,ambiguous,,
Radiofrequency Ablation,unmatched,,
Radiofrequency Ablation Treatment,unmatched,,
Radiotherapy Induced Nausea and Vomiting,unmatched,,
Radiotherapy Side Effect,unmatched,,
Radiotherapy-Induced Hypopituitarism,unmatched,,
Radiotherapy-induced Nausea and Vomiting (RINV),unmatched,,
Radius,unmatched,,
Radius Fracture Distal,unmatched,,
Randomized Clinical Trial,unmatched,,
Randomized Controlled Study,unmatched,,
Randomized Controlled Trial,unmatched,,
Range of Motion,unmatched,,
Rapid Ventricular Response,unmatched,,
Rapid Ventricular Response Atrial Fibrillation,unmatched,,
Rapidly Escalating Migraine,unmatched,,
Rare Diseases,ambiguous,,
Ras-wildtype Colorectal Cancer,unmatched,,
Rash,unmatched,,
Rash Due to Epidermal Growth Factor Receptor Inhibitors,unmatched,,
Rate Control,unmatched,,
Raynaud Disease,ambiguous,,
Raynaud Phenomena,unmatched,,
Raynaud Phenomenon,unmatched,,
Raynaud Phenomenon Due to Trauma,unmatched,,
Raynaud's Disease,unmatched,,
Reaction,unmatched,,
Reactive Hypoglycemia,unmatched,,
Readiness to Discharge,unmatched,,
Reading Disabilities,unmatched,,
Rebound Pain,unmatched,,
Reccurent Herpes Labialis,unmatched,,
Recessive Leukodystrophies,unmatched,,
Reconstructive Pelvic Surgery,unmatched,,
Recovery,unmatched,,
Recreational CNS Depressant Use,unmatched,,
Recreational Drug Use,unmatched,,
Rectal,unmatched,,
Rectal Adenocarcinoma,unmatched,,
Rectal Bleed,unmatched,,
Rectal Cancer,unmatched,,
Rectal Diseases,ambiguous,,
Rectal Fistula,ambiguous,,
Rectal Hypersensitivity,unmatched,,
Rectal Mucinous Adenocarcinoma,unmatched,,
Rectal Neoplasms,ambiguous,,
Rectal Resection,unmatched,,
Rectal Signet Ring Cell Adenocarcinoma,unmatched,,
Recto Intercostal Nerve Block,unmatched,,
Rectocele,matched_exact,Rectocele,@DISEASE_Rectocele
Rectum Cancer,unmatched,,
Rectum Neoplasm,unmatched,,
Rectus Sheath Hematoma,unmatched,,
Recurrence,ambiguous,,
Recurrence (Disease Attribute),unmatched,,
Recurrence of Febrile Seizure,unmatched,,
Recurrent Abortion,unmatched,,
Recurrent Acute Lymphoblastic Leukemia,unmatched,,
Recurrent Acute Myeloid Leukemia,unmatched,,
Recurrent Acute Pancreatitis,unmatched,,
Recurrent Adult Acute Lymphoblastic Leukemia,unmatched,,
Recurrent Adult Acute Myeloid Leukemia,unmatched,,
Recurrent Adult Burkitt Lymphoma,unmatched,,
Recurrent Adult Diffuse Large Cell Lymphoma,unmatched,,
Recurrent Adult Diffuse Mixed Cell Lymphoma,unmatched,,
Recurrent Adult Diffuse Small Cleaved Cell Lymphoma,unmatched,,
Recurrent Adult Grade III Lymphomatoid Granulomatosis,unmatched,,
Recurrent Adult Hodgkin Lymphoma,unmatched,,
Recurrent Adult Immunoblastic Large Cell Lymphoma,unmatched,,
Recurrent Adult Lymphoblastic Lymphoma,unmatched,,
Recurrent Adult T-cell Leukemia/Lymphoma,unmatched,,
Recurrent B Acute Lymphoblastic Leukemia,unmatched,,
Recurrent Brain Neoplasm,unmatched,,
Recurrent Breast Cancer,unmatched,,
Recurrent Breast Carcinoma,unmatched,,
Recurrent Childhood Acute Lymphoblastic Leukemia,unmatched,,
Recurrent Childhood Acute Myeloid Leukemia,unmatched,,
Recurrent Childhood Large Cell Lymphoma,unmatched,,
Recurrent Childhood Lymphoblastic Lymphoma,unmatched,,
Recurrent Childhood Rhabdomyosarcoma,unmatched,,
Recurrent Childhood Small Noncleaved Cell Lymphoma,unmatched,,
Recurrent Chronic Lymphocytic Leukemia,unmatched,,
"Recurrent Chronic Myelogenous Leukemia, BCR-ABL1 Positive",unmatched,,
Recurrent Colon Carcinoma,unmatched,,
Recurrent Colorectal Carcinoma,unmatched,,
Recurrent Cough,unmatched,,
Recurrent Crying Spells,unmatched,,
Recurrent Cutaneous T-cell Non-Hodgkin Lymphoma,unmatched,,
Recurrent Differentiated Thyroid Gland Carcinoma,unmatched,,
"Recurrent Diffuse Hemispheric Glioma, H3 G34-Mutant",unmatched,,
Recurrent Early Pregnancy Loss,unmatched,,
Recurrent Ependymoma,unmatched,,
"Recurrent Epithelial Ovarian, Fallopian or Peritoneal Carcinoma",unmatched,,
Recurrent Fallopian Tube Carcinoma,unmatched,,
Recurrent Fallopian Tube Clear Cell Adenocarcinoma,unmatched,,
Recurrent Fallopian Tube Endometrioid Adenocarcinoma,unmatched,,
Recurrent Fallopian Tube High Grade Serous Adenocarcinoma,unmatched,,
Recurrent Febrile Convulsion,unmatched,,
Recurrent Follicular Lymphoma,unmatched,,
Recurrent Glioblastoma,unmatched,,
Recurrent Glioblastoma (WHO-Grade IV Glioma),unmatched,,
Recurrent Glioma,unmatched,,
Recurrent Gliosarcoma,unmatched,,
Recurrent Goiter,unmatched,,
Recurrent Grade 1 Follicular Lymphoma,unmatched,,
Recurrent Grade 2 Follicular Lymphoma,unmatched,,
Recurrent Grade 3 Follicular Lymphoma,unmatched,,
Recurrent Hematologic Malignancy,unmatched,,
Recurrent Herpes Labialis,unmatched,,
Recurrent Hodgkin Lymphoma,unmatched,,
Recurrent Implantation Failure,unmatched,,
Recurrent Laryngeal Nerve,unmatched,,
Recurrent Laryngeal Nerve Injuries,ambiguous,,
Recurrent Lung Small Cell Carcinoma,unmatched,,
Recurrent Malignant Brain Neoplasm,unmatched,,
Recurrent Malignant Neoplasm,unmatched,,
Recurrent Mantle Cell Lymphoma,unmatched,,
Recurrent Marginal Zone Lymphoma,unmatched,,
Recurrent Medulloblastoma,unmatched,,
Recurrent Melanoma,unmatched,,
Recurrent Miscarriage,unmatched,,
Recurrent Mycosis Fungoides/Sezary Syndrome,unmatched,,
Recurrent Myelodysplastic Syndrome,unmatched,,
Recurrent Myelodysplastic/Myeloproliferative Neoplasm,unmatched,,
Recurrent Myeloproliferative Neoplasm,unmatched,,
Recurrent Neural Tube Defects,unmatched,,
Recurrent Neuroblastoma,unmatched,,
Recurrent Non-Hodgkin Lymphoma,unmatched,,
Recurrent Non-small Cell Lung Cancer,unmatched,,
Recurrent Oral Cavity Carcinoma,unmatched,,
Recurrent Osteosarcoma,unmatched,,
Recurrent Ovarian Cancer,unmatched,,
Recurrent Ovarian Carcinoma,unmatched,,
Recurrent Ovarian Carcinosarcoma,unmatched,,
Recurrent Ovarian Clear Cell Adenocarcinoma,unmatched,,
Recurrent Ovarian Endometrioid Adenocarcinoma,unmatched,,
Recurrent Ovarian Epithelial Cancer,unmatched,,
Recurrent Ovarian High Grade Serous Adenocarcinoma,unmatched,,
Recurrent Ph-Like Acute Lymphoblastic Leukemia,unmatched,,
Recurrent Plasma Cell Myeloma,unmatched,,
Recurrent Pregnancy Loss,unmatched,,
"Recurrent Pregnancy Loss, Not Pregnant",unmatched,,
Recurrent Pregnancy Losses,unmatched,,
Recurrent Primary Peritoneal Carcinoma,unmatched,,
Recurrent Primary Peritoneal Carcinosarcoma,unmatched,,
Recurrent Primary Peritoneal Clear Cell Adenocarcinoma,unmatched,,
Recurrent Primary Peritoneal Endometrioid Adenocarcinoma,unmatched,,
Recurrent Primary Peritoneal High Grade Serous Adenocarcinoma,unmatched,,
Recurrent Prostate Cancer,unmatched,,
Recurrent Prostate Carcinoma,unmatched,,
Recurrent Rectal Carcinoma,unmatched,,
Recurrent Respiratory Papillomatosis,ambiguous,,
Recurrent Severe Hypoglycaemia,unmatched,,
Recurrent Small Lymphocytic Lymphoma,unmatched,,
Recurrent Thyroid Gland Carcinoma,unmatched,,
Recurrent Thyroid Gland Follicular Carcinoma,unmatched,,
Recurrent Thyroid Gland Papillary Carcinoma,unmatched,,
Recurrent Tonsillitis,unmatched,,
Recurrent UTIs,unmatched,,
Recurrent Urinary Tract Infection,unmatched,,
Recurrent Uterine Corpus Carcinoma,unmatched,,
Recurrent Uti,unmatched,,
Recurrent Venous Thromboembolism,unmatched,,
Recurrent Wilms Tumor and Other Childhood Kidney Tumors,unmatched,,
Recurrent or Metastatic Gastric Cancer,unmatched,,
Recurrent/Refractory Childhood Hodgkin Lymphoma,unmatched,,
Red Blood Cell Disorder,unmatched,,
Reduced Ejection Fraction,unmatched,,
Reducing Psychological Side Effects of Ketamine,unmatched,,
Reduction in Hospitalizations,unmatched,,
Reduction of Small Intestinal Ulceration Risk,unmatched,,
Reference Values,unmatched,,
"Reflex Epilepsy, Photosensitive",unmatched,,
"Reflex, Oculocardiac",unmatched,,
Reflux,unmatched,,
Reflux Esophagitis,unmatched,,
Reflux Esophagitis (RE),unmatched,,
Reflux Oesophagitis,unmatched,,
Refractive Errors,ambiguous,,
Refractory Acute Lymphoblastic Leukemia,unmatched,,
Refractory Acute Myelogenous Leukemia,unmatched,,
Refractory Acute Myeloid Leukemia,unmatched,,
Refractory Anemia With Excess Blasts,unmatched,,
Refractory Angina,unmatched,,
Refractory B Acute Lymphoblastic Leukemia,unmatched,,
Refractory Bladder Carcinoma,unmatched,,
Refractory Breast Carcinoma,unmatched,,
Refractory Cancer,unmatched,,
Refractory Childhood Epilepsy,unmatched,,
Refractory Chronic Cluster Headache,unmatched,,
Refractory Chronic Cough,unmatched,,
Refractory Chronic Lymphocytic Leukemia,unmatched,,
"Refractory Chronic Myelogenous Leukemia, BCR-ABL1 Positive",unmatched,,
Refractory Chronic Myelomonocytic Leukemia,unmatched,,
Refractory Cold Agglutinin Disease,unmatched,,
Refractory Constipation,unmatched,,
Refractory Diffuse Large B Cell Lymphoma (DLBCL),unmatched,,
Refractory Endometrial Adenocarcinoma,unmatched,,
Refractory Endometrial Carcinoma,unmatched,,
Refractory Endometrial Clear Cell Adenocarcinoma,unmatched,,
Refractory Endometrial Endometrioid Adenocarcinoma,unmatched,,
Refractory Endometrial Mixed Cell Adenocarcinoma,unmatched,,
Refractory Endometrial Serous Adenocarcinoma,unmatched,,
Refractory Endometrial Undifferentiated Carcinoma,unmatched,,
Refractory Epilepsy,unmatched,,
Refractory Follicular Lymphoma,unmatched,,
Refractory Hairy Cell Leukemia,unmatched,,
Refractory Head and Neck Squamous Cell Carcinoma,unmatched,,
Refractory Hematologic Malignancy,unmatched,,
Refractory Hodgkin Lymphoma,unmatched,,
Refractory Malignant Neoplasm,unmatched,,
Refractory Malignant Solid Neoplasm,unmatched,,
Refractory Multiple Myeloma,unmatched,,
Refractory Mycoplasma Pneumoniae Pneumonia,unmatched,,
Refractory Myelodysplastic Syndrome,unmatched,,
Refractory Myelodysplastic/Myeloproliferative Neoplasm,unmatched,,
Refractory Non-Hodgkin Lymphoma,unmatched,,
Refractory Osteosarcoma,unmatched,,
Refractory Ph-Like Acute Lymphoblastic Leukemia,unmatched,,
Refractory Plasma Cell Myeloma,unmatched,,
Refractory Primary Myelofibrosis,unmatched,,
Refractory Small Lymphocytic Lymphoma,unmatched,,
Refractory Solid Tumors,unmatched,,
Refractory Triple-Negative Breast Carcinoma,unmatched,,
Refractory/Recurrent Ascites,unmatched,,
Regeneration,unmatched,,
Regional Anesthesia,unmatched,,
Regional Anesthesia Morbidity,unmatched,,
Regional Blood Flow,unmatched,,
Regional Body Composition,unmatched,,
Regression,unmatched,,
Regulation of Sex Hormones on Hepcidin,unmatched,,
Regulation of Sex Hormones on Muscle Damage,unmatched,,
"Regurgitation, Mitral",unmatched,,
Rehabilitation,unmatched,,
Reinfection Pulmonary Tuberculosis,unmatched,,
Reiter Disease,unmatched,,
Rejection,unmatched,,
Relapse,unmatched,,
Relapse in Schizophrenia,unmatched,,
Relapse/Refratory Peripheral T Cell Lymphoma,unmatched,,
Relapsed Adult AML,unmatched,,
Relapsed Chronic Lymphocytic Leukemia,unmatched,,
Relapsed Diffuse Large B-Cell Lymphoma,unmatched,,
Relapsed Large Cell Lymphoma,unmatched,,
Relapsed Multiple Myeloma,unmatched,,
Relapsed Neuroblastoma,unmatched,,
Relapsed Non Hodgkin Lymphoma,unmatched,,
Relapsed T-Cell Lymphoma,unmatched,,
Relapsed or Refractory Lymphoproliferative Malignancies,unmatched,,
Relapsed or Refractory Multiple Myeloma,unmatched,,
Relapsed/Refractory Acute Myeloid Leukemia (AML),unmatched,,
Relapsed/Refractory Multiple Myeloma,unmatched,,
Relapsing Chronic Myelogenous Leukemia,unmatched,,
"Relapsing Fever, Tick-Borne",unmatched,,
Relapsing Multiple Sclerosis (RMS),unmatched,,
Relapsing Reflux Esophagitis,unmatched,,
Relapsing Remitting Multiple Sclerosis,ambiguous,,
Relapsing-Remitting Multiple Sclerosis,ambiguous,,
Relapsing-remitting Multiple Sclerosis,ambiguous,,
Relationship of Progesterone Levels and Pregnancy,unmatched,,
Relative Energy Deficiency in Sport,ambiguous,,
Relieve of Ureteral Stent Symptoms,unmatched,,
Remdesivir,unmatched,,
Remifentanil,unmatched,,
Remission,unmatched,,
Remission/Regression,unmatched,,
"Remodeling, Left Ventricle",unmatched,,
"Remodeling, Vascular",ambiguous,,
"Remodeling, Ventricular",ambiguous,,
Remote Patient Monitoring,unmatched,,
Renal,unmatched,,
Renal Angiomyolipomas,unmatched,,
Renal Artery Obstruction,ambiguous,,
Renal Artery Stenosis,unmatched,,
Renal Calculi,unmatched,,
Renal Cancer,unmatched,,
Renal Carcinoma,unmatched,,
Renal Cell Cancer,unmatched,,
Renal Cell Carcinoma,ambiguous,,
Renal Cell Carcinoma (Kidney Cancer),unmatched,,
Renal Cell Carcinoma (RCC),unmatched,,
Renal Colic,ambiguous,,
Renal Dialysis,unmatched,,
Renal Disease,unmatched,,
"Renal Disease, End Stage",unmatched,,
Renal Failure,unmatched,,
Renal Failure Chronic,unmatched,,
Renal Failure Chronic Requiring Hemodialysis,unmatched,,
"Renal Failure, End Stage",unmatched,,
Renal Function,unmatched,,
Renal Function Abnormal,unmatched,,
Renal Function After Partial Nephrectomy,unmatched,,
Renal Function Disorder,unmatched,,
Renal Hemodynamics,unmatched,,
"Renal Hypodysplasia, Nonsyndromic, 1",unmatched,,
Renal Impairment,unmatched,,
Renal Impairment After Cardiac Surgery,unmatched,,
Renal Impairments,unmatched,,
Renal Insufficiency,ambiguous,,
"Renal Insufficiency, Chronic",ambiguous,,
"Renal Insufficiency,Chronic",ambiguous,,
Renal Limited Forms,unmatched,,
Renal Neoplasm,unmatched,,
Renal Pelvis Cancer,unmatched,,
Renal Pelvis and Ureter Urothelial Carcinoma,unmatched,,
Renal Puncture Biopsy,unmatched,,
Renal Replacement Therapy,unmatched,,
Renal Sarcoma,unmatched,,
Renal Scan in Suspected Obstructive Uropathy in Adult Hydronephrotic Patient,unmatched,,
Renal Scars,unmatched,,
Renal Stone,unmatched,,
Renal Stones,unmatched,,
Renal Transplant,unmatched,,
Renal Transplant Complication Primary Non-Function,unmatched,,
Renal Transplant Donor of Left Kidney,unmatched,,
Renal Transplant Donor of Right Kidney,unmatched,,
Renal Transplant Failure,unmatched,,
Renal Transplant Recipient,unmatched,,
Renal Transplant Rejection,unmatched,,
Renal Transplantation,unmatched,,
Renal Tumors,unmatched,,
Renal Vein Thrombosis,unmatched,,
Renin Angiotensin System,unmatched,,
Renin Hypertension,unmatched,,
Renin-Angiotensin-Aldosterone System,unmatched,,
Repeatedly Recurring Esophagitis,unmatched,,
Reperfusion Injury,ambiguous,,
Repetitive Compulsive Behavior,unmatched,,
Repetitive Implantation Failure,unmatched,,
Repetitive Strain Injury,unmatched,,
Repetitive Transcranial Magnetic Stimulation,unmatched,,
"Replacement, Hip",unmatched,,
Reproductive Issues,unmatched,,
"Reproductive Techniques, Assisted",unmatched,,
Required Cholecystectomy,unmatched,,
Rescue Emetic Therapy,unmatched,,
Resectable Brain Neoplasm,unmatched,,
Resectable Localized Prostate Cancer,unmatched,,
Resectable Pancreatic Cancer,unmatched,,
Resectable Pancreatic Carcinoma,unmatched,,
Resectable Pancreatic Ductal Adenocarcinoma,unmatched,,
Residual Kidney Function,unmatched,,
Resistance Bacterial,unmatched,,
"Resistance, Disease",ambiguous,,
Resistant Arterial Hypertension,unmatched,,
Resistant Hypertension,unmatched,,
Resistant Hypertension in Kidney Transplant Patients,unmatched,,
Resistant Infection,unmatched,,
Resistant Major Depression,unmatched,,
Resistant to Conventional Therapy,unmatched,,
Respiration,unmatched,,
"Respiration, Artificial",unmatched,,
Respiratory,unmatched,,
Respiratory Alkalosis,ambiguous,,
Respiratory Complications,unmatched,,
Respiratory Depression,unmatched,,
Respiratory Disease,unmatched,,
Respiratory Disorders,unmatched,,
Respiratory Distress Syndrome,ambiguous,,
"Respiratory Distress Syndrome, Adult",unmatched,,
Respiratory Failure,unmatched,,
Respiratory Function,unmatched,,
Respiratory Function Loss,unmatched,,
Respiratory Hypersensitivity,ambiguous,,
Respiratory Illness,unmatched,,
Respiratory Infection,unmatched,,
Respiratory Infections,unmatched,,
Respiratory Insufficiency,ambiguous,,
Respiratory Rate,unmatched,,
Respiratory Sounds,ambiguous,,
Respiratory Symptoms,unmatched,,
Respiratory Syncytial Virus (RSV),unmatched,,
Respiratory Syncytial Virus Bronchiolitis,unmatched,,
Respiratory System,unmatched,,
Respiratory Tract,unmatched,,
Respiratory Tract Infection Viral,unmatched,,
Respiratory Tract Infections,ambiguous,,
Response Assessment in Newly Diagnosed RA Patients at 3rd Month Was Evaluated by DAS28 and ACR in Relation to JAK Expression,unmatched,,
Response Preparation,unmatched,,
Response to Levodopa,unmatched,,
Restenosis,unmatched,,
Restless Legs Syndrome,ambiguous,,
Restless Legs Syndrome (RLS),unmatched,,
Retained,unmatched,,
Retained Products After Miscarriage,unmatched,,
"Retention Disorder, Cognitive",unmatched,,
Retina,unmatched,,
Retinal Detachment,ambiguous,,
Retinal Disease,unmatched,,
Retinal Nerve Fiber Layer Thickness,unmatched,,
Retinal Vein Occlusion,ambiguous,,
Retinal Vein Thrombosis,unmatched,,
Retinitis Pigmentosa,ambiguous,,
Retinoblastoma,ambiguous,,
Retinopathy,unmatched,,
Retinopathy of Prematurity,ambiguous,,
Retinoschisis,ambiguous,,
Retinovascular Disease,unmatched,,
Retrograde Intrarenal Surgery,unmatched,,
Retropharyngeal Abscess,ambiguous,,
Rett Syndrome,ambiguous,,
Return of the Bowel Function,unmatched,,
Revascularization,unmatched,,
Reversible Pulpitis,unmatched,,
Revision Arthroplasty,unmatched,,
Rhabdomyolysis,ambiguous,,
Rhabdomyosarcoma,ambiguous,,
Rheumatic Disease,unmatched,,
Rheumatic Diseases,ambiguous,,
Rheumatic Disorder,unmatched,,
Rheumatic Heart Disease,ambiguous,,
RheumatoId Arthritis,ambiguous,,
Rheumatoid Arthritis,ambiguous,,
Rheumatoid Arthritis (RA),unmatched,,
Rheumatoid Arthritis (RA) Prevention,unmatched,,
"Rheumatoid Arthritis, NOS",unmatched,,
"Rheumatoid Arthritis, Vitamin D , Disease Activity, DAS28ESR",unmatched,,
"Rheumatoid Arthritis,Osteoarthritis",unmatched,,
Rheumatoid Arthritis（RA）,unmatched,,
Rheumatology,unmatched,,
Rhinitis,ambiguous,,
Rhinitis Allergic,ambiguous,,
Rhinitis Medicamentosa,unmatched,,
"Rhinitis, Allergic",ambiguous,,
"Rhinitis, Allergic, Nonseasonal",unmatched,,
"Rhinitis, Allergic, Perennial",ambiguous,,
"Rhinitis, Allergic, Perennial and Seasonal",unmatched,,
"Rhinitis, Allergic, Perennial and/or Seasonal",unmatched,,
"Rhinitis, Allergic, Seasonal",ambiguous,,
"Rhinitis,Allergic",ambiguous,,
Rhinoconjunctivitis,unmatched,,
Rhinoplasty,unmatched,,
Rhinorrhea,ambiguous,,
Rhinoscleroma,ambiguous,,
Rhinosinusitis,unmatched,,
Rhizarthrosis,unmatched,,
Rhytidoplasty,unmatched,,
Rib Fracture,ambiguous,,
Rib Fracture Multiple,unmatched,,
Rib Fractures,ambiguous,,
Rickets,ambiguous,,
Rifampicin-resistant Tuberculosis,unmatched,,
Rifampicin-resistant/Multidrug-resistant Pulmonary Tuberculosis,unmatched,,
Rifaximin,unmatched,,
Right Heart Failure,unmatched,,
Right Iliac Fossa Pain,unmatched,,
Right Ventricular Dilatation,unmatched,,
Right Ventricular Dysfunction,ambiguous,,
Right Ventricular Failure,unmatched,,
"Risk Factor, Cardiovascular",unmatched,,
Risk Reduction Behavior,unmatched,,
Risk of Aspiration,unmatched,,
Risk-Taking,unmatched,,
Rituximab,unmatched,,
Rivaroxaban,unmatched,,
Robotic Surgical Procedures,unmatched,,
Rolandic Epilepsy,ambiguous,,
Role of Omega-3 Polyunsaturated Fatty Acid in the Management of Major Depressive Disorder: A Randomized Controlled Trial,unmatched,,
Romano-Ward Syndrome,ambiguous,,
Root Canal Infection,unmatched,,
Rosacea,ambiguous,,
Rosacea Subtype 1 (Erythematotelangiectatic),unmatched,,
Rosuvastatin,unmatched,,
Rotator Cuff Impingement,unmatched,,
Rotator Cuff Impingement Syndrome,unmatched,,
Rotator Cuff Injuries,ambiguous,,
Rotator Cuff Injury,ambiguous,,
Rotator Cuff Repairs,unmatched,,
Rotator Cuff Tear,unmatched,,
Rotator Cuff Tear Arthropathy,ambiguous,,
Rotator Cuff Tears,unmatched,,
Rotator Cuff Tendinitis,unmatched,,
Rotator Cuff Tendinopathy,unmatched,,
Rotator Cuff Tendinosis,unmatched,,
Roux en Y Gastric Bypass,unmatched,,
Roux en Y Gastric Bypass Surgery,unmatched,,
Roux-en Y Gastric Bypass,unmatched,,
Roux-en-Y Gastric Bypass,unmatched,,
Rumination,unmatched,,
Rumination Syndrome,ambiguous,,
Runny Nose,unmatched,,
Rupture,ambiguous,,
Rupture of Membranes,unmatched,,
Rupture of Membranes Prior to Onset of Labor,unmatched,,
SAR,unmatched,,
SARS (Severe Acute Respiratory Syndrome),unmatched,,
SARS CoV 2 Infection,unmatched,,
SARS Pneumonia,unmatched,,
SARS-COV-2 Infections,unmatched,,
SARS-CoV 2,unmatched,,
SARS-CoV Infection,unmatched,,
SARS-CoV-2,unmatched,,
SARS-CoV-2 Acute Respiratory Disease,unmatched,,
SARS-CoV-2 Infection,unmatched,,
SARS-CoV-2 Pneumonia,unmatched,,
SARS-CoV2,unmatched,,
SARS-CoV2 Infection,unmatched,,
SARS-Cov-2,unmatched,,
SBP - Spontaneous Bacterial Peritonitis,unmatched,,
SCAD,unmatched,,
SCCHN,unmatched,,
SCS,unmatched,,
SGLT 2 Inhibitors,unmatched,,
SGLT2 Inhibitors,unmatched,,
SGLT2i Kideny Protection Against Contrast in Diabetic Kidney,unmatched,,
SLE,unmatched,,
SLE Nephritis,unmatched,,
SNHL,unmatched,,
SSRI,unmatched,,
SSRI-Refractory Obsessive-Compulsive Disorder,unmatched,,
ST Elevation (STEMI) Myocardial Infarction,unmatched,,
ST Elevation Myocardial Infarction,ambiguous,,
ST Elevation Myocardial Infarction (STEMI),unmatched,,
ST Segment Elevation Myocardial Infarction,unmatched,,
ST Segment Elevation Myocardial Infarction (STEMI),unmatched,,
ST-Elevation Myocardial Infarction,ambiguous,,
ST-elevation Myocardial Infarction,ambiguous,,
ST-segment Elevation AMI,unmatched,,
ST-segment Elevation Myocardial Infarction,unmatched,,
STEMI,unmatched,,
STEMI (STE-ACS),unmatched,,
STEMI - ST Elevation Myocardial Infarction,unmatched,,
STI,unmatched,,
SUA Level (>8 mg/dL,unmatched,,
SUDEP,unmatched,,
Sacroiliitis,ambiguous,,
Sacrospinous Vaginal Vault Suspension,unmatched,,
Sacubitril/Valsartan,unmatched,,
Safety,unmatched,,
Safety After Oral Intake,unmatched,,
Safety Issues,unmatched,,
Safety Outcomes,unmatched,,
Safety and Pharmacokinetics of Intravenous Baclofen,unmatched,,
Safety and Tolerability,unmatched,,
Safety of ASP2151,unmatched,,
Saliva Altered,unmatched,,
Salivary Duct,unmatched,,
Salivary Gland Disease,unmatched,,
Salt,unmatched,,
Salt Intake,unmatched,,
Salt Sensitivity of Blood Pressure,unmatched,,
Salt-Sensitivity of Blood Pressure,unmatched,,
Same Day Discharge,unmatched,,
Sandhoff Disease,ambiguous,,
Saphenous Nerve Block.,unmatched,,
Saphenous Vein Graft Disease,unmatched,,
Saphenous Vein Graft Patency,unmatched,,
Sarcoid-associated Uveitis,unmatched,,
Sarcoidosis,ambiguous,,
Sarcoidosis Skin,unmatched,,
"Sarcoidosis, Pulmonary",ambiguous,,
Sarcoma,ambiguous,,
Sarcoma of Bone,unmatched,,
"Sarcoma, Alveolar Soft Part",ambiguous,,
"Sarcoma,Soft Tissue",unmatched,,
Sarcopenia,ambiguous,,
Sarcopenia in Elderly,unmatched,,
Sarcopenic Obesity,unmatched,,
Sars-CoV-2 Infection,unmatched,,
Sars-CoV2,unmatched,,
Satiation,unmatched,,
Satiety,unmatched,,
Satisfaction,unmatched,,
Satisfaction Survey,unmatched,,
Scabies,ambiguous,,
Scalp Dermatitis,unmatched,,
Scalp Psoriasis,unmatched,,
Scalp Seborrheic Dermatitis,unmatched,,
Scar,unmatched,,
"Scar, Hypertrophic",unmatched,,
Scarred Peptic Ulcer,unmatched,,
Scarring Alopecia,unmatched,,
Schistosoma Haematobium,unmatched,,
Schizo Affective Disorder,unmatched,,
Schizoaffective Disorder,unmatched,,
Schizoaffective Disorder Bipolar Type,unmatched,,
"Schizoaffective Disorder, Depressive Type",unmatched,,
Schizoaffective Disorders,unmatched,,
Schizophenia Disorder,unmatched,,
Schizophrenia,ambiguous,,
Schizophrenia Agitation,unmatched,,
Schizophrenia Disorders,unmatched,,
Schizophrenia Relapse Prevention,unmatched,,
Schizophrenia Schizoaffective,unmatched,,
Schizophrenia Spectrum Disorders,unmatched,,
Schizophrenia Spectrum and Other Psychotic Disorders,ambiguous,,
Schizophrenia and Disorders With Psychotic Features,unmatched,,
Schizophrenia and Predominant Negative Symptoms,unmatched,,
Schizophrenia and Related Disorders,unmatched,,
Schizophrenia and Schizoaffective Disorder,unmatched,,
Schizophrenia and Schizophrenia Spectrum Psychosis,unmatched,,
"Schizophrenia, Schizoaffective Disorder",unmatched,,
"Schizophrenia, Tardive Dyskinesia, Metabolic Syndrome",unmatched,,
Schizophrenic Disorders,unmatched,,
Schizophreniform,unmatched,,
Schizophreniform Disorder,unmatched,,
Schizophreniform Disorders,unmatched,,
Sciatic Nerve Block.,unmatched,,
Sciatica,ambiguous,,
Sciatica Acute,unmatched,,
Sciatica Due to Intervertebral Disc Disorder,unmatched,,
Scleritis,ambiguous,,
Scleroderma,unmatched,,
"Scleroderma, Systemic",ambiguous,,
Sclerosis,ambiguous,,
"Sclerosis, Systemic",unmatched,,
Scoliosis,ambiguous,,
Scoliosis Idiopathic,unmatched,,
Scrub Typhus,ambiguous,,
Seasickness,unmatched,,
Seasonal,unmatched,,
Seasonal Affective Disorder,ambiguous,,
Seasonal Allergic Conjunctivitis,unmatched,,
Seasonal Allergic Rhinitis,ambiguous,,
Seasonal Allergic Rhinoconjunctivitis,unmatched,,
Seasonal Rhinitis,unmatched,,
Seborrheic Dermatitis,ambiguous,,
Second Degree Burns,unmatched,,
Second Line Treatment,unmatched,,
Second Trimester Abortion,unmatched,,
Second or Third Degree Burns,unmatched,,
Secondary Acute Myeloid Leukemia,unmatched,,
Secondary Drug Failure,unmatched,,
Secondary Dystonia,unmatched,,
Secondary Hyperparathyroidism,ambiguous,,
Secondary Hyperparathyroidism Due to Renal Causes,unmatched,,
Secondary Hypertension,unmatched,,
Secondary Hypogonadism,unmatched,,
Secondary Hypothyroidism,unmatched,,
Secondary Insomnia,unmatched,,
Secondary Myelodysplastic Syndromes,unmatched,,
Secondary Myelofibrosis,unmatched,,
Secondary Peritonitis,unmatched,,
Secondary Post Tonsillectomy Hemorrhage,unmatched,,
Secondary Prevention,unmatched,,
Secondary Progressive Multiple Sclerosis,unmatched,,
Secondary-progressive Multiple Sclerosis,unmatched,,
Sedation,unmatched,,
Sedation During Pre-anesthetic Medication,unmatched,,
Sedation for Patients Undergoing Peribulbar Block,unmatched,,
Sedation in Intensive Care,unmatched,,
Sedative Premedication,unmatched,,
Sedative Use,unmatched,,
"Sedative, Hypnotic, or Anxiolytic Use Disorders",unmatched,,
Sedentary Behavior,unmatched,,
Sedentary Lifestyle,unmatched,,
Seizure,ambiguous,,
"Seizure Disorder, Partial",unmatched,,
Seizure Newborn,unmatched,,
"Seizure, Absence",unmatched,,
"Seizure, Alcohol Related",unmatched,,
"Seizure, Epileptic",unmatched,,
Seizures,ambiguous,,
"Seizures, Epileptic",unmatched,,
"Seizures, Tonic-Clonic",unmatched,,
Selective Mutism,unmatched,,
Self Efficacy,unmatched,,
Self Management of Oral Anticoagulation With VKA Therapy,unmatched,,
Self-Injurious Behavior,unmatched,,
Self-Management,unmatched,,
Semaglutide,unmatched,,
Semaglutide-Induced Gastric Motility,unmatched,,
Semantic Dementia,unmatched,,
Senility,unmatched,,
Sensation Disorders,ambiguous,,
"Sensitivity, Tooth",unmatched,,
Sensitization,unmatched,,
Sensorineural Hearing Loss,ambiguous,,
Separation Anxiety Disorder,unmatched,,
Separation Insecurity,unmatched,,
Sepsis,ambiguous,,
Septic Abortion,ambiguous,,
Septic Arthritis,unmatched,,
Septic Shock,ambiguous,,
Septicemia,unmatched,,
Septoplasty Surgeries,unmatched,,
Sequestra,unmatched,,
Serious Mental Illness,unmatched,,
Seroma,ambiguous,,
Seronegative Spondyloarthropathies,unmatched,,
Seroquel XR,unmatched,,
Serratus Plane Block,unmatched,,
Serratus Posterior Superior Intercostal Plane Block,unmatched,,
Sertoli-Leydig Cell Tumor,ambiguous,,
Serum,unmatched,,
Serum 25-hydroxyvitamin D Concentrations (25OHD),unmatched,,
Serum Iron,unmatched,,
Serum Magnesium,unmatched,,
Serum Uric Acid,unmatched,,
Serum Vitamin D,unmatched,,
Severe Acne Vulgaris,unmatched,,
Severe Acute Malnutrition,ambiguous,,
Severe Acute Malnutrition in Childhood,unmatched,,
Severe Acute Pancreatitis,unmatched,,
Severe Acute Respiratory Syndrome,ambiguous,,
Severe Acute Respiratory Syndrome Coronavirus 2,unmatched,,
Severe Acute Respiratory Syndrome-related Coronavirus,unmatched,,
Severe Alcoholic Hepatitis in 'Extremis'- Defined by mDF>54,unmatched,,
Severe Alzheimer's Disease,unmatched,,
Severe Aortic Stenosis,unmatched,,
Severe Aortic Valve Stenosis,unmatched,,
Severe Ascites,unmatched,,
Severe Asthma,unmatched,,
Severe Bleeding,unmatched,,
Severe COVID-19 Patients,unmatched,,
Severe Chronic Obstructive Pulmonary Disease,unmatched,,
Severe Chronic Pain,unmatched,,
Severe Chronic Periodontitis,unmatched,,
Severe Complications of Urinary Tract Infections,unmatched,,
Severe Crohn's Disease,unmatched,,
Severe Depressive Episode Without Psychotic Symptoms,unmatched,,
Severe Eosinophilic Asthma,unmatched,,
Severe Hypercholesterolemia,unmatched,,
Severe Hypertension,unmatched,,
Severe Hypertriglyceridemia,unmatched,,
Severe Hypertriglyceridemia During Pregnancy,unmatched,,
Severe Insulin Deficient Diabetes,unmatched,,
Severe Major Depression Disorder,unmatched,,
Severe Mood Dysregulation,unmatched,,
Severe Movement Related Pain,unmatched,,
Severe Nausea and Vomiting,unmatched,,
Severe Obesity,unmatched,,
Severe Obstructive Sleep Apnea (Apnea Hypopnea Index > 30 Events/Hour),unmatched,,
Severe Osteopetrosis,unmatched,,
Severe Pain,unmatched,,
Severe Periodontitis,unmatched,,
Severe Pneumonia,unmatched,,
Severe Postpartum Hypertension,unmatched,,
"Severe Pre-Eclampsia, Antepartum",unmatched,,
Severe Preeclampsia,unmatched,,
Severe Sepsis,unmatched,,
Severe Spasticity,unmatched,,
Severe Stroke With Affected Arm Motor Function,unmatched,,
Severe Traumatic Brain Injury,unmatched,,
Severe Viral Pneumonia(Not Include COVID-19),unmatched,,
Sex,unmatched,,
Sex Chromosome Disorders,matched_exact,Sex Chromosome Disorders,@DISEASE_Sex_Chromosome_Disorders
Sex Differences,unmatched,,
Sexual Behavior,unmatched,,
Sexual Dysfunction,unmatched,,
Sexual Dysfunction and Infertility,unmatched,,
"Sexual Dysfunctions, Psychological",ambiguous,,
Sexual Function,unmatched,,
Sexual Function Abnormal,unmatched,,
Sexual Functioning,unmatched,,
Sexual Interest/Arousal Disorder (DSM-5 Defined),unmatched,,
Sexually Transmitted Diseases,ambiguous,,
Sexually Transmitted Infection,unmatched,,
Sexually Transmitted Infections,unmatched,,
Sexually Transmitted Infections (STIs),unmatched,,
Sezary Syndrome,ambiguous,,
Shared Decision Making,unmatched,,
Shift-Work Sleep Disorder,unmatched,,
Shingles,unmatched,,
Shivering,unmatched,,
Shock,ambiguous,,
Short Bowel Syndrome,ambiguous,,
Short Cervical Length,unmatched,,
Short Cervix,unmatched,,
Short-term (3 Days) High-dose (1000 mg) Systemic Methylprednisolone,unmatched,,
Short-term Insomnia,unmatched,,
Shoulder Adhesive Capsulitis,unmatched,,
Shoulder Arthritis,unmatched,,
Shoulder Arthropathy,unmatched,,
Shoulder Arthroplasty,unmatched,,
Shoulder Arthroscopy,unmatched,,
Shoulder Bursitis,unmatched,,
Shoulder Capsulitis,unmatched,,
Shoulder Frozen,unmatched,,
Shoulder Impingement,unmatched,,
Shoulder Impingement Syndrome,ambiguous,,
Shoulder Individual Nerves Brachial Plexus,unmatched,,
Shoulder Lesions,unmatched,,
Shoulder Osteoarthritis,unmatched,,
Shoulder Pain,ambiguous,,
Shoulder Surgery,unmatched,,
Shoulder Tendinitis,unmatched,,
Sialorrhoea,unmatched,,
Sick Sinus Syndrome,ambiguous,,
Sickle Cell Anemia,ambiguous,,
Sickle Cell Anemia Crisis,unmatched,,
Sickle Cell Anemia in Children,unmatched,,
Sickle Cell Disease,unmatched,,
Sickle Cell-Beta0-Thalassemia,unmatched,,
Sickle Cells Patients,unmatched,,
Side Effect,unmatched,,
Side Effect of Drug,unmatched,,
Significant Bleeding Risk,unmatched,,
Signs and Symptoms to be Evaluated and Recorded Include,unmatched,,
"Signs and Symptoms, Digestive",ambiguous,,
Silent Brain Infarction,unmatched,,
Silent Cerebral Embolism,unmatched,,
Silodosin,unmatched,,
"Silodosin, Tamsulosin, Medical Expulsive Therapy, Distal Ureteric Calculi",unmatched,,
Simple Hand Lacerations,unmatched,,
Simplified Short-term Intensive Insulin Therapy,unmatched,,
Simvastatin,unmatched,,
Simvastatin Adverse Reaction,unmatched,,
Simvastatin Multiple Sclerosis,unmatched,,
Single Level Lumbar Decompression and Fusion Spine Surgery,unmatched,,
Single Ventricle,unmatched,,
Single Ventricle Heart Disease,unmatched,,
Single-ventricle,unmatched,,
Sinus Congestion,unmatched,,
Sinus Infection,unmatched,,
Sinus Surgery,unmatched,,
"Sinus Thrombosis, Intracranial",ambiguous,,
Sinusitis,ambiguous,,
"Sinusitis, Acute",unmatched,,
"Sinusitis, Chronic",unmatched,,
"Sinusitis, Frontal",matched_token_set,Frontal Sinusitis,@DISEASE_Frontal_Sinusitis
Site Infection,unmatched,,
Sjogren Syndrome With Other Organ Involvement,unmatched,,
Sjogren's Syndrome,ambiguous,,
Skeletal Muscle,unmatched,,
Skeletal Muscle Spasms,unmatched,,
Skin,unmatched,,
Skin Abnormalities,ambiguous,,
Skin Abscess,unmatched,,
Skin Aging,unmatched,,
Skin Cancer,unmatched,,
Skin Cancer Face,unmatched,,
"Skin Cancer, Non-Melanoma",unmatched,,
"Skin Disease, Bacterial",unmatched,,
Skin Diseases,ambiguous,,
"Skin Diseases, Bacterial",ambiguous,,
"Skin Diseases, Genetic",unmatched,,
"Skin Diseases, Infectious",unmatched,,
Skin Electric Conductance,unmatched,,
Skin Infection,unmatched,,
Skin Inflammation,unmatched,,
Skin Irritation,unmatched,,
Skin Laxity,unmatched,,
Skin Lesion,unmatched,,
Skin Rash,unmatched,,
Skin Structures and Soft Tissue Infections,unmatched,,
Skin Tear,unmatched,,
Skin Tissue Diseases,unmatched,,
Skin Toxicities,unmatched,,
Skin Toxicity,unmatched,,
Skin Ulcer,ambiguous,,
Skin Wrinkling,unmatched,,
Skin and Connective Tissue Diseases,unmatched,,
Skin and Skin-structure Infections,unmatched,,
Skin and Soft Tissue Infection,unmatched,,
Skin-Picking,unmatched,,
Sleep,unmatched,,
Sleep Apnea,unmatched,,
Sleep Apnea Syndrome,ambiguous,,
Sleep Apnea Syndromes,ambiguous,,
"Sleep Apnea, Obstructive",ambiguous,,
Sleep Bruxism,ambiguous,,
Sleep Deprivation,ambiguous,,
Sleep Disorder,unmatched,,
"Sleep Disorder, Intrinsic",matched_token_set,Sleep Disorders Intrinsic,@DISEASE_Sleep_Disorders_Intrinsic
Sleep Disordered Breathing,unmatched,,
Sleep Disorders,unmatched,,
"Sleep Disorders, Circadian Rhythm",ambiguous,,
"Sleep Disorders, Intrinsic",matched_exact,Sleep Disorders Intrinsic,@DISEASE_Sleep_Disorders_Intrinsic
Sleep Disturbance,unmatched,,
Sleep Duration on the First Night After Surgery,unmatched,,
Sleep Initiation and Maintenance Disorder,ambiguous,,
Sleep Initiation and Maintenance Disorders,ambiguous,,
Sleep Perception,unmatched,,
Sleep Problems,unmatched,,
Sleep Restriction,unmatched,,
Sleep Wake Disorders,ambiguous,,
Sleep-Disordered Breathing,unmatched,,
Sleep-Related Eating Disorder,unmatched,,
Sleep-disordered Breathing,unmatched,,
Sleepiness,ambiguous,,
Sleeping Quality,unmatched,,
Sleeplessness,unmatched,,
Sleeve Gastrectomy,unmatched,,
Sly Syndrome,unmatched,,
Small Abdominal Aortic Aneurysm,unmatched,,
Small Airway Disease,unmatched,,
Small Bowel Disease,unmatched,,
Small Bowel Obstruction,unmatched,,
Small Bowel Polyp,unmatched,,
Small Cell Lung Cancer,unmatched,,
Small Cell Lung Cancer Extensive Stage,unmatched,,
Small Cell Lung Carcinoma,ambiguous,,
Small Intestinal Bacterial Overgrowth,unmatched,,
Small Intestine Cancer,unmatched,,
Small Lymphocytic Lymphoma,unmatched,,
Small Vessel Cerebrovascular Disease,unmatched,,
Small for Gestational Age (SGA),unmatched,,
Small for Gestational Age at Delivery,unmatched,,
Small-cell Lung Cancer,unmatched,,
Smear Positive Pulmonary Tuberculosis,unmatched,,
Smell Disorder,unmatched,,
Smell Disorders,unmatched,,
Smell Dysfunction,unmatched,,
Smell Loss,unmatched,,
Smith-Lemli-Opitz Syndrome,ambiguous,,
Smoke Inhalation Patients,unmatched,,
Smoke-related Lung Diseases,unmatched,,
Smokeless Tobacco,unmatched,,
Smokers,unmatched,,
Smoking,unmatched,,
Smoking (Tobacco) Addiction,unmatched,,
Smoking Behavior in Schizophrenia,unmatched,,
Smoking Cigarette,unmatched,,
Smoking Lapse Behavior,unmatched,,
Smoking Reduction,unmatched,,
"Smoking, Cigarette",unmatched,,
"Smoking, Tobacco",unmatched,,
Smoldering Multiple Myeloma,unmatched,,
Smoldering Plasma Cell Myeloma,unmatched,,
Sneezing,ambiguous,,
Snoring,ambiguous,,
Social Anxiety,unmatched,,
Social Anxiety Disorder,unmatched,,
Social Cognition,unmatched,,
Social Phobia,ambiguous,,
Socioeconomic Factors,unmatched,,
Sodium Alendronate,unmatched,,
Sodium Retention,unmatched,,
Sodium Valproate Adverse Reaction,unmatched,,
Sodium Zirconium Cyclosilicate,unmatched,,
Sodium-Glucose Cotransporter 2 Inhibitors,unmatched,,
Sodium-Glucose Transporter 2 Inhibitors,unmatched,,
Sodium-glucose Co-transporter 2 Inhibitors,unmatched,,
Sodium-glucose Cotransporter 2,unmatched,,
Sodium-glucose Cotransporter-2 Inhibitor,unmatched,,
Soft Tissue Discomfort Syndrome,unmatched,,
Soft Tissue Infections,ambiguous,,
Soft Tissue Injuries,ambiguous,,
Soft Tissue Injury,ambiguous,,
Soft Tissue Mass,unmatched,,
Soft Tissue Sarcoma,unmatched,,
Soft Tissue Sarcoma Adult,unmatched,,
Solid Cancers,unmatched,,
Solid Neoplasm,unmatched,,
Solid Organ Transplantation,unmatched,,
Solid Tumor,unmatched,,
Solid Tumor Malignancies,unmatched,,
"Solid Tumor, Adult",unmatched,,
"Solid Tumor, Childhood",unmatched,,
Solid Tumors,unmatched,,
Solid Tumors Harboring NTRK Fusion,unmatched,,
Solid Tumour,unmatched,,
Solid Tumours,unmatched,,
Solitary Fibrous Tumors,ambiguous,,
Somatic Mutation,unmatched,,
Somatic Symptom,unmatched,,
Somatic Symptom Disorder,unmatched,,
Somatic Symptom Disorder (DSM-5),unmatched,,
Somatic Symptom Disorder (DSM-V),unmatched,,
Sore Throat,unmatched,,
"Soreness, Muscle",unmatched,,
Spasm,ambiguous,,
Spasm Artery,unmatched,,
Spastic,unmatched,,
Spastic Diplegic Cerebral Palsy,matched_token_set,Cerebral palsy spastic diplegic,@DISEASE_Cerebral_palsy_spastic_diplegic
Spastic Hemiplegia,unmatched,,
Spasticity,unmatched,,
Spasticity Due to Cerebral Palsy,unmatched,,
"Spasticity, Muscle",ambiguous,,
Specific Disorders of Sleep,unmatched,,
Specific Phobia,ambiguous,,
Spermatic Cord Torsion,ambiguous,,
Sphenopalatine Ganglion Block,unmatched,,
Sphincter Repair,unmatched,,
Sphincter Spasm,unmatched,,
Sphingolipidoses,unmatched,,
Sphingomyelin Deficiency,unmatched,,
Spina Bifida,unmatched,,
Spinal Anaesthetic,unmatched,,
Spinal Anesthesia,unmatched,,
Spinal Cord Compression,ambiguous,,
Spinal Cord Diseases,ambiguous,,
Spinal Cord Injuries,ambiguous,,
Spinal Cord Injuries (SCI),unmatched,,
Spinal Cord Injury,ambiguous,,
Spinal Cord Injury Cervical,unmatched,,
Spinal Cord Injury Thoracic,unmatched,,
Spinal Cord Neoplasms,ambiguous,,
Spinal Diseases,ambiguous,,
Spinal Disorder,unmatched,,
Spinal Fusion,unmatched,,
Spinal Hemangioma,unmatched,,
Spinal Injury,ambiguous,,
Spinal Stenosis,ambiguous,,
Spinal Stenosis Lumbar,unmatched,,
Spinal Tumor,unmatched,,
Spine Fusion,unmatched,,
Spine Injuries and Disorders,unmatched,,
Spine Surgery,unmatched,,
Spironolactone,unmatched,,
Splanchnic Vein Thrombosis,unmatched,,
Splenectomy,unmatched,,
Splenic Marginal Zone Lymphoma,unmatched,,
Splenic Thrombosis,unmatched,,
Splenic Vein Thrombosis,unmatched,,
Splenomegaly,ambiguous,,
Spondylarthropathies,ambiguous,,
Spondylarthropathy,ambiguous,,
"Spondylitis, Ankylosing",ambiguous,,
Spondyloarthritis,unmatched,,
Spondylolisthesis,ambiguous,,
"Spondylolisthesis, Lumbar Region",unmatched,,
Spontaneous Abortion,ambiguous,,
Spontaneous Bacterial Peritonitis,unmatched,,
Spontaneous Coronary Artery Dissection,ambiguous,,
Sport Injury,unmatched,,
Sports Drug Abuse,unmatched,,
Sprain,unmatched,,
Sprain of Ankle,unmatched,,
Sprains and Strains,ambiguous,,
Squamous Cell Carcinoma,ambiguous,,
Squamous Cell Carcinoma of Head and Neck,ambiguous,,
Squamous Cell Carcinoma of the Head and Neck,unmatched,,
Squamous Cell Carcinoma of the Oral Cavity,unmatched,,
Squamous Cell Carcinoma to the Head and Neck,unmatched,,
Squamous Cell Lung Cancer,unmatched,,
Squint,unmatched,,
Ssri,unmatched,,
Stability and Metabolism of Carotenoids and Vitamin E,unmatched,,
Stable Angina,ambiguous,,
Stable Angina Pectoris,unmatched,,
Stable Angina or Acute Coronary Syndrome Considered for Percutaneous Coronary Intervention With Dyslipidemia or Hypertension,unmatched,,
"Stable Angina, Unstable Angina, Silent Coronary Ischemia, Coronary Artery Disease",unmatched,,
Stable Asthma,unmatched,,
Stable Coronary Artery Disease,unmatched,,
Stable Coronary Artery Disease CAD,unmatched,,
Stable Coronary Artery Disease Undergoing PCI,unmatched,,
Stable Coronary Disease,unmatched,,
Stable Coronary Heart Disease,unmatched,,
Stable Disease With a Trend of Progression,unmatched,,
Stable Iron Isotopes,unmatched,,
Stable Schizophrenia,unmatched,,
Stable Target INR,unmatched,,
Stage 0 Cervical Cancer,unmatched,,
Stage 0 Chronic Lymphocytic Leukemia,unmatched,,
Stage 0 Melanoma,unmatched,,
Stage 0 Oral Cavity Squamous Cell Carcinoma American Joint Committee on Cancer (AJCC) v6 and v7,unmatched,,
Stage 0 Oropharyngeal Squamous Cell Carcinoma AJCC v6 and v7,unmatched,,
Stage 0 Pancreatic Cancer AJCC v8,unmatched,,
Stage 2 Diastolic Hypertension,unmatched,,
Stage 2 Hypertension,unmatched,,
Stage 2 Systolic Hypertension,unmatched,,
Stage D Heart Failure,unmatched,,
Stage I Adult Burkitt Lymphoma,unmatched,,
Stage I Adult Diffuse Large Cell Lymphoma,unmatched,,
Stage I Adult Diffuse Mixed Cell Lymphoma,unmatched,,
Stage I Adult Diffuse Small Cleaved Cell Lymphoma,unmatched,,
Stage I Adult Hodgkin Lymphoma,unmatched,,
Stage I Adult Immunoblastic Large Cell Lymphoma,unmatched,,
Stage I Adult Lymphoblastic Lymphoma,unmatched,,
Stage I Adult T-cell Leukemia/Lymphoma,unmatched,,
Stage I Breast Cancer,unmatched,,
Stage I Breast Cancer AJCC v7,unmatched,,
Stage I Childhood Hodgkin Lymphoma,unmatched,,
Stage I Chronic Lymphocytic Leukemia,unmatched,,
Stage I Colon Cancer,unmatched,,
Stage I Cutaneous T-cell Non-Hodgkin Lymphoma,unmatched,,
Stage I Grade 1 Follicular Lymphoma,unmatched,,
Stage I Grade 2 Follicular Lymphoma,unmatched,,
Stage I Grade 3 Follicular Lymphoma,unmatched,,
Stage I Mantle Cell Lymphoma,unmatched,,
Stage I Marginal Zone Lymphoma,unmatched,,
Stage I Melanoma,unmatched,,
Stage I Multiple Myeloma,unmatched,,
Stage I Mycosis Fungoides/Sezary Syndrome,unmatched,,
Stage I Oral Cavity Squamous Cell Carcinoma AJCC v6 and v7,unmatched,,
Stage I Oropharyngeal Squamous Cell Carcinoma AJCC v6 and v7,unmatched,,
Stage I Pancreatic Cancer,unmatched,,
Stage I Pancreatic Cancer AJCC v8,unmatched,,
Stage I Prostate Cancer AJCC v8,unmatched,,
Stage I Small Lymphocytic Lymphoma,unmatched,,
Stage I Thyroid Gland Papillary Carcinoma,unmatched,,
Stage IA Breast Cancer,unmatched,,
Stage IA Breast Cancer AJCC v7,unmatched,,
Stage IA Non-Small Cell Lung Carcinoma,unmatched,,
Stage IA Pancreatic Cancer,unmatched,,
Stage IB Breast Cancer,unmatched,,
Stage IB Breast Cancer AJCC v7,unmatched,,
Stage IB Non-Small Cell Lung Carcinoma,unmatched,,
Stage IB Pancreatic Cancer,unmatched,,
Stage II Adult Hodgkin Lymphoma,unmatched,,
Stage II Adult T-cell Leukemia/Lymphoma,unmatched,,
Stage II Breast Cancer,unmatched,,
Stage II Breast Cancer AJCC v6 and v7,unmatched,,
Stage II Chronic Lymphocytic Leukemia,unmatched,,
Stage II Colon Cancer,unmatched,,
Stage II Colorectal Cancer AJCC V8,unmatched,,
Stage II Contiguous Mantle Cell Lymphoma,unmatched,,
Stage II Cutaneous T-cell Non-Hodgkin Lymphoma,unmatched,,
Stage II Fallopian Tube Cancer,unmatched,,
Stage II Fallopian Tube Cancer AJCC v6 and v7,unmatched,,
Stage II Hypertension,unmatched,,
Stage II Melanoma,unmatched,,
Stage II Multiple Myeloma,unmatched,,
Stage II Mycosis Fungoides/Sezary Syndrome,unmatched,,
Stage II Non-Contiguous Mantle Cell Lymphoma,unmatched,,
Stage II Oral Cavity Squamous Cell Carcinoma AJCC v6 and v7,unmatched,,
Stage II Oropharyngeal Squamous Cell Carcinoma AJCC v6 and v7,unmatched,,
Stage II Ovarian Cancer,unmatched,,
Stage II Ovarian Cancer AJCC v6 and v7,unmatched,,
Stage II Ovary Cancer,unmatched,,
Stage II Pancreatic Cancer,unmatched,,
Stage II Pancreatic Cancer AJCC v8,unmatched,,
Stage II Prostate Cancer,unmatched,,
Stage II Prostate Cancer AJCC v8,unmatched,,
Stage II Rectal Cancer,unmatched,,
Stage II Thyroid Gland Papillary Carcinoma,unmatched,,
Stage IIA Breast Cancer,unmatched,,
Stage IIA Breast Cancer AJCC v6 and v7,unmatched,,
Stage IIA Fallopian Tube Cancer AJCC v6 and v7,unmatched,,
Stage IIA Non-Small Cell Lung Carcinoma,unmatched,,
Stage IIA Ovarian Cancer AJCC V6 and v7,unmatched,,
Stage IIA Pancreatic Cancer,unmatched,,
Stage IIA Rectal Cancer AJCC v7,unmatched,,
Stage IIB Breast Cancer,unmatched,,
Stage IIB Breast Cancer AJCC v6 and v7,unmatched,,
Stage IIB Fallopian Tube Cancer AJCC v6 and v7,unmatched,,
Stage IIB Non-Small Cell Lung Carcinoma,unmatched,,
Stage IIB Ovarian Cancer AJCC v6 and v7,unmatched,,
Stage IIB Pancreatic Cancer,unmatched,,
Stage IIB Rectal Cancer AJCC v7,unmatched,,
Stage IIC Fallopian Tube Cancer AJCC v6 and v7,unmatched,,
Stage IIC Ovarian Cancer AJCC v6 and v7,unmatched,,
Stage IIC Rectal Cancer AJCC v7,unmatched,,
Stage III Adult Burkitt Lymphoma,unmatched,,
Stage III Adult Diffuse Large Cell Lymphoma,unmatched,,
Stage III Adult Diffuse Mixed Cell Lymphoma,unmatched,,
Stage III Adult Diffuse Small Cleaved Cell Lymphoma,unmatched,,
Stage III Adult Hodgkin Lymphoma,unmatched,,
Stage III Adult Immunoblastic Large Cell Lymphoma,unmatched,,
Stage III Adult Lymphoblastic Lymphoma,unmatched,,
Stage III Adult T-cell Leukemia/Lymphoma,unmatched,,
Stage III Ampulla of Vater Cancer,unmatched,,
Stage III Breast Cancer,unmatched,,
Stage III Breast Cancer AJCC v7,unmatched,,
Stage III Cervical Cancer,unmatched,,
Stage III Chronic Lymphocytic Leukemia,unmatched,,
Stage III Colon Cancer,unmatched,,
Stage III Colorectal Cancer AJCC V8,unmatched,,
Stage III Colorectal Cancer AJCC v7,unmatched,,
Stage III Colorectal Cancer AJCC v8,unmatched,,
Stage III Cutaneous Squamous Cell Carcinoma of the Head and Neck AJCC v8,unmatched,,
Stage III Cutaneous T-cell Non-Hodgkin Lymphoma,unmatched,,
Stage III Differentiated Thyroid Gland Carcinoma AJCC v7,unmatched,,
Stage III Fallopian Tube Cancer,unmatched,,
Stage III Fallopian Tube Cancer AJCC v7,unmatched,,
Stage III Follicular Lymphoma,unmatched,,
Stage III Grade 1 Follicular Lymphoma,unmatched,,
Stage III Grade 2 Follicular Lymphoma,unmatched,,
Stage III Grade 3 Follicular Lymphoma,unmatched,,
Stage III Lung Cancer AJCC v8,unmatched,,
Stage III Mantle Cell Lymphoma,unmatched,,
Stage III Marginal Zone Lymphoma,unmatched,,
Stage III Multiple Myeloma,unmatched,,
Stage III Mycosis Fungoides/Sezary Syndrome,unmatched,,
Stage III Oral Cavity Squamous Cell Carcinoma AJCC v6 and v7,unmatched,,
Stage III Oropharyngeal Squamous Cell Carcinoma AJCC v7,unmatched,,
Stage III Ovarian Cancer,unmatched,,
Stage III Ovarian Cancer AJCC v6 and v7,unmatched,,
Stage III Ovary Cancer,unmatched,,
Stage III Pancreatic Cancer,unmatched,,
Stage III Pancreatic Cancer AJCC v8,unmatched,,
Stage III Primary Peritoneal Cancer AJCC v7,unmatched,,
Stage III Prostate Cancer,unmatched,,
Stage III Prostate Cancer AJCC v8,unmatched,,
Stage III Rectal Cancer,unmatched,,
Stage III Rectal Cancer AJCC v7,unmatched,,
Stage III Small Lymphocytic Lymphoma,unmatched,,
Stage III Thyroid Gland Follicular Carcinoma AJCC v7,unmatched,,
Stage III Thyroid Gland Papillary Carcinoma,unmatched,,
Stage III Thyroid Gland Papillary Carcinoma AJCC v7,unmatched,,
Stage III Uterine Corpus Cancer AJCC v7,unmatched,,
Stage IIIA Breast Cancer,unmatched,,
Stage IIIA Breast Cancer AJCC v7,unmatched,,
Stage IIIA Colorectal Cancer AJCC v7,unmatched,,
Stage IIIA Fallopian Tube Cancer AJCC v7,unmatched,,
Stage IIIA Gallbladder Cancer,unmatched,,
Stage IIIA Gastric Cancer,unmatched,,
Stage IIIA Non-Small Cell Lung Cancer,unmatched,,
Stage IIIA Ovarian Cancer AJCC v6 and v7,unmatched,,
Stage IIIA Primary Peritoneal Cancer AJCC v7,unmatched,,
Stage IIIA Rectal Cancer AJCC v7,unmatched,,
Stage IIIA Uterine Corpus Cancer AJCC v7,unmatched,,
Stage IIIB Breast Cancer,unmatched,,
Stage IIIB Breast Cancer AJCC v7,unmatched,,
Stage IIIB Colorectal Cancer AJCC v7,unmatched,,
Stage IIIB Fallopian Tube Cancer AJCC v7,unmatched,,
Stage IIIB Gallbladder Cancer,unmatched,,
Stage IIIB Gastric Cancer,unmatched,,
Stage IIIB Ovarian Cancer AJCC v6 and v7,unmatched,,
Stage IIIB Primary Peritoneal Cancer AJCC v7,unmatched,,
Stage IIIB Rectal Cancer AJCC v7,unmatched,,
Stage IIIB Uterine Corpus Cancer AJCC v7,unmatched,,
Stage IIIC Breast Cancer,unmatched,,
Stage IIIC Breast Cancer AJCC v7,unmatched,,
Stage IIIC Colorectal Cancer AJCC v7,unmatched,,
Stage IIIC Cutaneous Melanoma AJCC v7,unmatched,,
Stage IIIC Fallopian Tube Cancer,unmatched,,
Stage IIIC Fallopian Tube Cancer AJCC v7,unmatched,,
Stage IIIC Ovarian Cancer,unmatched,,
Stage IIIC Ovarian Cancer AJCC v6 and v7,unmatched,,
Stage IIIC Primary Peritoneal Cancer,unmatched,,
Stage IIIC Primary Peritoneal Cancer AJCC v7,unmatched,,
Stage IIIC Rectal Cancer AJCC v7,unmatched,,
Stage IIIC Uterine Corpus Cancer AJCC v7,unmatched,,
Stage IV Adult Burkitt Lymphoma,unmatched,,
Stage IV Adult Diffuse Large Cell Lymphoma,unmatched,,
Stage IV Adult Diffuse Mixed Cell Lymphoma,unmatched,,
Stage IV Adult Diffuse Small Cleaved Cell Lymphoma,unmatched,,
Stage IV Adult Hodgkin Lymphoma,unmatched,,
Stage IV Adult Immunoblastic Large Cell Lymphoma,unmatched,,
Stage IV Adult Lymphoblastic Lymphoma,unmatched,,
Stage IV Adult T-cell Leukemia/Lymphoma,unmatched,,
Stage IV Ampulla of Vater Cancer,unmatched,,
Stage IV Breast Cancer,unmatched,,
Stage IV Breast Cancer AJCC v6 and v7,unmatched,,
Stage IV Chronic Lymphocytic Leukemia,unmatched,,
Stage IV Colorectal Cancer AJCC v7,unmatched,,
Stage IV Colorectal Cancer AJCC v8,unmatched,,
Stage IV Cutaneous Melanoma AJCC v6 and v7,unmatched,,
Stage IV Cutaneous Squamous Cell Carcinoma of the Head and Neck AJCC v8,unmatched,,
Stage IV Cutaneous T-cell Non-Hodgkin Lymphoma,unmatched,,
Stage IV Fallopian Tube Cancer,unmatched,,
Stage IV Fallopian Tube Cancer AJCC v6 and v7,unmatched,,
Stage IV Fallopian Tube Cancer AJCC v8,unmatched,,
Stage IV Gallbladder Cancer,unmatched,,
Stage IV Gastric Cancer,unmatched,,
Stage IV Grade 1 Follicular Lymphoma,unmatched,,
Stage IV Grade 2 Follicular Lymphoma,unmatched,,
Stage IV Grade 3 Follicular Lymphoma,unmatched,,
Stage IV Lung Cancer AJCC v8,unmatched,,
Stage IV Mantle Cell Lymphoma,unmatched,,
Stage IV Marginal Zone Lymphoma,unmatched,,
Stage IV Melanoma,unmatched,,
Stage IV Mycosis Fungoides/Sezary Syndrome,unmatched,,
Stage IV Non-small Cell Lung Cancer,unmatched,,
Stage IV Ovarian Cancer,unmatched,,
Stage IV Ovarian Cancer AJCC v6 and v7,unmatched,,
Stage IV Ovarian Cancer AJCC v8,unmatched,,
Stage IV Ovarian Epithelial Cancer,unmatched,,
Stage IV Ovarian Germ Cell Tumor,unmatched,,
Stage IV Ovary Cancer,unmatched,,
Stage IV Pancreatic Cancer,unmatched,,
Stage IV Pancreatic Cancer AJCC v8,unmatched,,
Stage IV Primary Peritoneal Cancer,unmatched,,
Stage IV Primary Peritoneal Cancer AJCC v7,unmatched,,
Stage IV Primary Peritoneal Cancer AJCC v8,unmatched,,
Stage IV Prostate Adenocarcinoma AJCC v7,unmatched,,
Stage IV Prostate Cancer,unmatched,,
Stage IV Prostate Cancer AJCC v8,unmatched,,
Stage IV Rectal Cancer AJCC v7,unmatched,,
Stage IV Renal Cell Cancer,unmatched,,
Stage IV Renal Cell Cancer AJCC v8,unmatched,,
Stage IV Small Lymphocytic Lymphoma,unmatched,,
Stage IV Thyroid Gland Follicular Carcinoma AJCC v7,unmatched,,
Stage IV Thyroid Gland Papillary Carcinoma,unmatched,,
Stage IV Thyroid Gland Papillary Carcinoma AJCC v7,unmatched,,
Stage IV Uterine Corpus Cancer AJCC v7,unmatched,,
Stage IV Uterine Corpus Cancer AJCC v8,unmatched,,
Stage IVA Cervical Cancer,unmatched,,
Stage IVA Colon Cancer,unmatched,,
Stage IVA Colorectal Cancer,unmatched,,
Stage IVA Colorectal Cancer AJCC v7,unmatched,,
Stage IVA Differentiated Thyroid Gland Carcinoma AJCC v7,unmatched,,
Stage IVA Fallopian Tube Cancer AJCC v8,unmatched,,
Stage IVA Oral Cavity Squamous Cell Carcinoma AJCC v6 and v7,unmatched,,
Stage IVA Oropharyngeal Squamous Cell Carcinoma AJCC v7,unmatched,,
Stage IVA Ovarian Cancer AJCC v8,unmatched,,
Stage IVA Primary Peritoneal Cancer AJCC v8,unmatched,,
Stage IVA Prostate Cancer,unmatched,,
Stage IVA Prostate Cancer AJCC v8,unmatched,,
Stage IVA Rectal Cancer,unmatched,,
Stage IVA Rectal Cancer AJCC v7,unmatched,,
Stage IVA Thyroid Gland Follicular Carcinoma AJCC v7,unmatched,,
Stage IVA Thyroid Gland Papillary Carcinoma AJCC v7,unmatched,,
Stage IVA Uterine Corpus Cancer AJCC v7,unmatched,,
Stage IVA Uterine Corpus Cancer AJCC v8,unmatched,,
Stage IVB Cervical Cancer,unmatched,,
Stage IVB Colon Cancer,unmatched,,
Stage IVB Colorectal Cancer,unmatched,,
Stage IVB Colorectal Cancer AJCC v7,unmatched,,
Stage IVB Differentiated Thyroid Gland Carcinoma AJCC v7,unmatched,,
Stage IVB Fallopian Tube Cancer AJCC v8,unmatched,,
Stage IVB Oral Cavity Squamous Cell Carcinoma AJCC v6 and v7,unmatched,,
Stage IVB Oropharyngeal Squamous Cell Carcinoma AJCC v7,unmatched,,
Stage IVB Ovarian Cancer AJCC v8,unmatched,,
Stage IVB Primary Peritoneal Cancer AJCC v8,unmatched,,
Stage IVB Prostate Cancer,unmatched,,
Stage IVB Prostate Cancer AJCC v8,unmatched,,
Stage IVB Rectal Cancer,unmatched,,
Stage IVB Rectal Cancer AJCC v7,unmatched,,
Stage IVB Thyroid Gland Follicular Carcinoma AJCC v7,unmatched,,
Stage IVB Thyroid Gland Papillary Carcinoma AJCC v7,unmatched,,
Stage IVB Uterine Corpus Cancer AJCC v7,unmatched,,
Stage IVB Uterine Corpus Cancer AJCC v8,unmatched,,
Stage IVC Differentiated Thyroid Gland Carcinoma AJCC v7,unmatched,,
Stage IVC Lip and Oral Cavity Cancer AJCC v8,unmatched,,
Stage IVC Thyroid Gland Follicular Carcinoma AJCC v7,unmatched,,
Stage IVC Thyroid Gland Papillary Carcinoma AJCC v7,unmatched,,
Standard Quadruple Antiemetic Therapy,unmatched,,
Staphylococcal Infection,ambiguous,,
Staphylococcal Infections,ambiguous,,
Staphylococcal Skin Infection,ambiguous,,
Staphylococcal Skin Infections,ambiguous,,
Staphylococcus,unmatched,,
Staphylococcus Aureus,unmatched,,
Staphylococcus Aureus Bacteremia,unmatched,,
Staphylococcus Aureus Infection,unmatched,,
Staphylococcus Isolates,unmatched,,
State Anxiety,unmatched,,
"State, Acute Reaction to Stress",unmatched,,
Statin,unmatched,,
Statin Adverse Reaction,unmatched,,
Statin Induced Proteinuria,unmatched,,
Statin Intolerance,unmatched,,
Statin Myopathy,unmatched,,
Statin Therapy,unmatched,,
Statin-Associated Myopathy,unmatched,,
Statin-related Muscle Pain,unmatched,,
Statins,unmatched,,
Status,unmatched,,
Status Asthmaticus,ambiguous,,
Status Epilepticus,ambiguous,,
"Status Epilepticus, Generalized",unmatched,,
"Status Epilepticus, Generalized Convulsive",unmatched,,
"Status Epilepticus, Non-Convulsive",unmatched,,
Steatohepatitis,unmatched,,
Steatohepatitis Caused by Ingestible Alcohol,unmatched,,
"Steatohepatitis, Nonalcoholic",unmatched,,
"Steatosis, Liver",unmatched,,
Stellate Ganglion,unmatched,,
Stellate Ganglion Block,unmatched,,
Stem Cell,unmatched,,
Stem Cell Transplant,unmatched,,
Stem Cell Transplant Complications,unmatched,,
Stem Cell Transplantation,unmatched,,
"Stenoses, Aortic",unmatched,,
Stenosis,unmatched,,
Stenosis of Arteriovenous Dialysis Fistula,unmatched,,
"Stenosis, Carotid",ambiguous,,
Stenotrophomonas Infection,unmatched,,
Stenotrophomonas Maltophilia Infection,unmatched,,
Stent,unmatched,,
Stent Related Symptoms,unmatched,,
Stent Stenosis,unmatched,,
Stent Thrombosis,unmatched,,
Stent-assisted Coiling,unmatched,,
Stents,unmatched,,
Stereotyped Behavior,unmatched,,
Stereotypical Prolonged Seizures,unmatched,,
Sterility,unmatched,,
Sternal Infection,unmatched,,
Sternotomy,unmatched,,
Steroid,unmatched,,
Steroid Acne,unmatched,,
Steroid Diabetes,unmatched,,
Steroid Induced Hyperglycemia,unmatched,,
Steroid-Induced Diabetes,unmatched,,
Steroid-Induced Hyperglycemia,unmatched,,
Steroid-Refractory Pneumonitis,unmatched,,
Steroids,unmatched,,
Steroids In Management Of Acute Asthma Exacerbations,unmatched,,
Stevens-Johnson Syndrome,ambiguous,,
Sticky Bone,unmatched,,
Stiffness Following Total Knee Arthroplasty,unmatched,,
"Stiffness of Knee, Not Elsewhere Classified",unmatched,,
"Stiffness, Aortic",unmatched,,
"Stigma, Social",unmatched,,
Stillbirth,ambiguous,,
Stillbirths and Infant Mortality,unmatched,,
Stimulant Abuse,unmatched,,
Stimulant Addiction,unmatched,,
Stimulant Dependence,unmatched,,
Stimulant Use Disorder,unmatched,,
Stimulant Use With Stimulant-Induced Psychotic Disorder (Diagnosis),unmatched,,
Stimulant-Induced Euphoria,unmatched,,
Stimulants Use Disorder,unmatched,,
Stings,unmatched,,
Stockholm Syndrome,unmatched,,
Stomach Cancer,unmatched,,
Stomach Diseases,ambiguous,,
Stomach Neoplasm,ambiguous,,
Stomach Neoplasms,ambiguous,,
Stomach Ulcer,ambiguous,,
Stomatitis,ambiguous,,
Stomatodynia,matched_exact,Stomatodynia,@DISEASE_Stomatodynia
Stone Lower Ureter,unmatched,,
"Stone, Kidney",unmatched,,
"Stone, Urinary",unmatched,,
Strabismus,ambiguous,,
Strep Throat,unmatched,,
Streptococcal Infection,ambiguous,,
Streptococcal Sepsis,unmatched,,
Streptococcal Toxic Shock Syndrome,unmatched,,
Streptococcus Pneumoniae Infection,unmatched,,
Stress,unmatched,,
"Stress Disorder, Post Traumatic",ambiguous,,
"Stress Disorders, Post Traumatic",ambiguous,,
"Stress Disorders, Post-Traumatic",ambiguous,,
"Stress Disorders, Posttraumatic",unmatched,,
"Stress Disorders, Traumatic, Acute",ambiguous,,
Stress Fracture,ambiguous,,
Stress Hyperglycemia,unmatched,,
Stress Incontinence,unmatched,,
Stress Reaction,unmatched,,
Stress Ulcer,unmatched,,
Stress Ulcer Prophylaxis,unmatched,,
Stress Ulcers,unmatched,,
Stress Urinary Incontinence,ambiguous,,
Stress Urinary Incontinence in Women,unmatched,,
"Stress, Psychological",unmatched,,
Stridor,unmatched,,
Stroke,ambiguous,,
Stroke (CVA) or Transient Ischemic Attack,unmatched,,
Stroke (in Patients With Atrial Fibrillation),unmatched,,
Stroke Hemorrhagic,ambiguous,,
Stroke Prevention in Patients With Atrial Fibrillation,unmatched,,
Stroke Recurrence,unmatched,,
Stroke Sequelae,unmatched,,
Stroke Syndrome,unmatched,,
"Stroke, Acute",unmatched,,
"Stroke, Acute Ischemic",unmatched,,
"Stroke, Ischemic",ambiguous,,
"Stroke, Lacunar",ambiguous,,
"Stroke, Systemic Embolism, VTEt and VTEp",unmatched,,
Strokes Thrombotic,ambiguous,,
Study is Being Conducted in Healthy Volunteers,unmatched,,
Stunting,unmatched,,
Sub Clinical Hypothyroidism,unmatched,,
Sub-acute Back Pain,unmatched,,
Sub-clinical Hypothyroidism,unmatched,,
Subacromial Bursitis,unmatched,,
Subacromial Impingement,unmatched,,
Subacromial Impingement Syndrome,unmatched,,
Subacute Combined Cord Degeneration,unmatched,,
Subacute Low Back Pain,unmatched,,
Subacute Thyroiditis,ambiguous,,
Subarachnoid Block,unmatched,,
Subarachnoid Hemorrhage,ambiguous,,
Subclinical Hypothyroidism,unmatched,,
Subclinical Hypothyroidisms,unmatched,,
Subclinical Sleep-Activated Epileptiform Activity,unmatched,,
Subclinical hypothyroïdism,unmatched,,
Subcortical Aphasia,unmatched,,
Subcutaneous Injection,unmatched,,
Subdeltoid Bursitis of the Shoulder,unmatched,,
Subdural Hematoma,ambiguous,,
Subfertility,unmatched,,
"Subfertility, Female",unmatched,,
Subject Under Anticoagulant,unmatched,,
Subjective Cognitive Decline,unmatched,,
Subjective Cognitive Impairment,unmatched,,
Subjective Tinnitus,unmatched,,
Submental Fat,unmatched,,
Subsegmental Pulmonary Embolism Nos,unmatched,,
Substance Abuse,unmatched,,
Substance Addiction,unmatched,,
Substance Dependence,unmatched,,
Substance Use,unmatched,,
Substance Use Disorder,unmatched,,
Substance Use Disorder (SUD),unmatched,,
Substance Use Disorders,unmatched,,
Substance Withdrawal,unmatched,,
Substance Withdrawal Syndrome,ambiguous,,
Substance-Related Disorders,ambiguous,,
Substance-related Disorder,ambiguous,,
Substance-related Disorders,ambiguous,,
Substrate Oxidation,unmatched,,
Subungual Exostosis,unmatched,,
Success Rate Under Segmental Epidural,unmatched,,
Sudden Cardiac Death,ambiguous,,
Sudden Deafness,unmatched,,
Sudden Hearing Loss,ambiguous,,
Sudden Sensorineural Hearing Loss,unmatched,,
Sudomotor Sympathetic Dysfunction,unmatched,,
Suicidal Behavior,unmatched,,
Suicidal Behaviour,unmatched,,
Suicidal Ideation,unmatched,,
Suicide,unmatched,,
Suicide Crisis Syndrome,unmatched,,
"Suicide, Attempted",unmatched,,
Sunburn,ambiguous,,
Superficial Vein Thrombosis,unmatched,,
Superimposed Pre-Eclampsia,unmatched,,
Superior Mesenteric Artery Syndrome,ambiguous,,
Supportive Care,unmatched,,
Supra-aortic Artery Thrombosis,unmatched,,
Supra-gastric Belching,unmatched,,
Supra-tentorial Primative Neuro-Ectodermal Tumor (PNET),unmatched,,
Supracondylar Humerus Fracture,unmatched,,
"Supranuclear Palsy, Progressive",ambiguous,,
Supraspinatus Tendinitis,unmatched,,
"Supratentorial Embryonal Tumor, Not Otherwise Specified",unmatched,,
Supratentorial Glioblastoma,unmatched,,
Supraventricular Tachycardia,ambiguous,,
Supraventricular Tachycardia (SVT),unmatched,,
Surgery,unmatched,,
Surgery of Abdominoplasty With Flank Liposuction,unmatched,,
"Surgery, Dental",unmatched,,
"Surgery, Oral",unmatched,,
Surgery--Complications,unmatched,,
Surgical Adhesions,unmatched,,
Surgical Incision,unmatched,,
Surgical Resection,unmatched,,
Surgical Scar,unmatched,,
Surgical Scar-Related Breast Pain,unmatched,,
Surgical Site Infection,unmatched,,
Surgical Site Infection in Obese Women Undergoing C-section,unmatched,,
Surgical Site Infections,unmatched,,
Surgical Wound,ambiguous,,
Surgical Wound Infection,ambiguous,,
Surgical Wound Infiltration,unmatched,,
Survival,unmatched,,
Survival Without Progression,unmatched,,
Suspected Early Lyme Neuroborreliosis,unmatched,,
Suspected Eosinophilic Esophagitis,unmatched,,
Suspected Stroke,unmatched,,
Suspected or Documented Gram-negative Bacterial Infection,unmatched,,
Swallowing Disorder,unmatched,,
Sweat Gland Diseases,ambiguous,,
Swelling Lips &Amp,unmatched,,
Swelling/ Edema,unmatched,,
Sympathetic Nerve Activity,unmatched,,
Sympathetic Nervous System,unmatched,,
Symptom,unmatched,,
Symptomatic Aortic Stenosis,unmatched,,
Symptomatic Apical Periodontitis,unmatched,,
Symptomatic Chronic Middle Cerebral Artery Occlusion,unmatched,,
Symptomatic Gastroespohageal Reflux Disease,unmatched,,
Symptomatic Hypogonadism,unmatched,,
Symptomatic Irreversible Pulpitis,unmatched,,
Symptomatic Menopause,unmatched,,
Symptomatic Neurogenic Orthostatic Hypertension,unmatched,,
Symptomatic Parkinson Disease,unmatched,,
Symptomatic Periapical Periodontitis,unmatched,,
Symptomatic Uterine Fibroids and Adenomyosis,unmatched,,
Symptoms Lasting for Less Than 5 Days,unmatched,,
Syncope,ambiguous,,
"Syncope, Vasovagal",ambiguous,,
Syndactyly,ambiguous,,
Syndrome Heart Disease,unmatched,,
Syndrome X,unmatched,,
"Syndrome, Seizures of Localized Onset",unmatched,,
Synovial Cyst,ambiguous,,
Synovitis,ambiguous,,
Syphilis,ambiguous,,
Syphilis Infection,unmatched,,
Syphilis Male,unmatched,,
System,unmatched,,
System and Hematuria.,unmatched,,
Systemic Embolism,unmatched,,
Systemic Embolization,unmatched,,
Systemic Infection,unmatched,,
Systemic Inflammation,unmatched,,
Systemic Inflammatory Response Syndrome,ambiguous,,
Systemic Inflammatory Stress Response,unmatched,,
Systemic Lupus Erythematosis,unmatched,,
Systemic Lupus Erythematosus,ambiguous,,
Systemic Lupus Erythematosus (Disorder),unmatched,,
Systemic Lupus Erythematosus (SLE),unmatched,,
Systemic Sclerosis,unmatched,,
Systemic Wegener's Granulomatosis,unmatched,,
Systems Biology,unmatched,,
Systolic Heart Failure,ambiguous,,
Systolic Heart Failure (NYHA II-III),unmatched,,
Systolic Heart Failure Stage D (Disorder),unmatched,,
Systolic Hypertension,unmatched,,
Systolic and Diastolic Blood Pressure Levels,unmatched,,
T Acute Lymphoblastic Leukemia,unmatched,,
T Cell Leukemia,ambiguous,,
T Cells,unmatched,,
T Lymphoblastic Lymphoma,unmatched,,
T-Cell Dysfunction,unmatched,,
T-Cell Lymphoma,ambiguous,,
T-Shaped Uterus,unmatched,,
T-cell Adult Acute Lymphoblastic Leukemia,unmatched,,
T-cell Childhood Acute Lymphoblastic Leukemia,unmatched,,
T-cell Large Granular Lymphocyte Leukemia,unmatched,,
T-cell Type Acute Leukemia-Precursor,unmatched,,
T-lymphoblastic Lymphoma/Leukaemia,unmatched,,
T1D,unmatched,,
T2 Diabetes and Fatty Liver Disease (Non-alcoholic Origin),unmatched,,
T2D,unmatched,,
T2DM,unmatched,,
T2DM (Type 2 Diabetes Mellitus),unmatched,,
TB,unmatched,,
TBI,unmatched,,
TBI (Traumatic Brain Injury),unmatched,,
TBI Traumatic Brain Injury,unmatched,,
TCM Syndrome Type,unmatched,,
TDP-43 Proteinopathies,matched_exact,TDP 43 Proteinopathies,@DISEASE_TDP_43_Proteinopathies
THYROTOXICOSIS,unmatched,,
TIA,unmatched,,
TIPS,unmatched,,
TMD,unmatched,,
TMJ,unmatched,,
TMJ Pain,unmatched,,
TNBC - Triple-Negative Breast Cancer,unmatched,,
TOP - Failed Attempted Termination of Pregnancy,unmatched,,
TP53,unmatched,,
TPIAT,unmatched,,
TQT Study,unmatched,,
TTR Cardiac Amyloidosis,unmatched,,
TTR Cardiomyopathy,unmatched,,
Tachycardia,ambiguous,,
"Tachycardia, Ventricular",ambiguous,,
Tachyphylaxis,unmatched,,
Tachypnea,ambiguous,,
Tacrolimus,unmatched,,
Takayasu Arteritis,ambiguous,,
Takayasu Arteritis (TAK),unmatched,,
Takotsubo Cardiomyopathy,ambiguous,,
Takotsubo Syndrome,unmatched,,
"Talar Head, Neck, Body, or Process Fractures",unmatched,,
Tall Cell Variant Thyroid Gland Papillary Carcinoma,unmatched,,
Talus Osteochondral Defect,unmatched,,
Tamsulosin,unmatched,,
Tandem Occlusion,unmatched,,
Tardive Dyskinesia,ambiguous,,
Targeted Ultrasound,unmatched,,
Tarsal Coalition,ambiguous,,
Taste Alterations,unmatched,,
"Taste Disorder, Glossopharyngeal Nerve",unmatched,,
"Taste Disorder, Secondary, Bitter",unmatched,,
"Taste Disorder, Secondary, Sweet",unmatched,,
Taste Disorders,ambiguous,,
"Taste, Altered",unmatched,,
"Taste, Metallic",unmatched,,
Tauopathies,ambiguous,,
Tay Sachs Disease,ambiguous,,
Tear Break-Up Time,unmatched,,
Technology,unmatched,,
Teicoplanin,unmatched,,
Telomere Shortening,unmatched,,
Temporomandibular Disorder,unmatched,,
"Temporomandibular Joint Disc Displacement, With Reduction",unmatched,,
Temporomandibular Joint Disorders,ambiguous,,
Temporomandibular Joint Dysfunction Syndrome,ambiguous,,
Tendon Injuries,ambiguous,,
Tendon Involved,unmatched,,
Tendonitis,unmatched,,
Tennis Elbow,ambiguous,,
Tenofovir Disoproxil Fumarate,unmatched,,
Tension Headache,unmatched,,
Tension-Type Headache,ambiguous,,
Tension-type Headache,ambiguous,,
Teratospermia,unmatched,,
Testicle Undescended,unmatched,,
Testicular,unmatched,,
Testicular Cancer,unmatched,,
Testicular Cancer by AJCC V6 and V7 Stage,unmatched,,
Testicular Hydrocele,ambiguous,,
Testicular Leukemia,unmatched,,
Testicular Neoplasms,ambiguous,,
Testosterone,unmatched,,
Testosterone Deficiency,unmatched,,
Tetralogy of Fallot,ambiguous,,
Tetraparesis,unmatched,,
Tetraplegia,unmatched,,
Thalassemia,ambiguous,,
Thalidomide,unmatched,,
The Clinical Incidence of Low Triiodothyronine Syndrome,unmatched,,
The Effect of Iodine and BPA on AITD in Reproduction Women,unmatched,,
The Efficacy and Safety of Dapagliflozin in Improving Heart Failure in Dialysis Patients,unmatched,,
The Elderly (≥ 70 Years) With Essential Hypertension,unmatched,,
The Focus is to Assess 25-hydroxyvitamin D Levels and Well-being,unmatched,,
The Follow-up Duration Was 1-8 Years.,unmatched,,
The Goal of This Trial is to to Compare the Effect of Risperidone vs Aripiprazole in Terms of Change in Serum Glutathione Level,unmatched,,
"The Main Reasons Behind Visiting the Hospital Were Recurrent Urinary Tract Infection,",unmatched,,
The Primary Outcome of This Study Will be the Rate of Endometritis,unmatched,,
Therapeutic Adherence,unmatched,,
Therapeutic Adherence and Compliance,unmatched,,
Therapeutic Drug Monitoring,unmatched,,
Therapeutic Equivalence,unmatched,,
Therapeutic Equivalency,unmatched,,
Therapeutic Substance,unmatched,,
Therapeutic Use,unmatched,,
Therapeutics,unmatched,,
Thermoregulation Impairment,unmatched,,
Thiamine and Niacin Deficiency States,unmatched,,
Thiazolidinediones,unmatched,,
Thin Basement Membrane Disease,unmatched,,
Third Molar,unmatched,,
Third Molar Extraction,unmatched,,
Third Molar Extraction Surgery,unmatched,,
Third Molar Surgery,unmatched,,
Third Molars Extraction,unmatched,,
Thirst,unmatched,,
Thoracic,unmatched,,
Thoracic Aortic Aneurysm,ambiguous,,
Thoracic Cancer,unmatched,,
Thoracic Disc Herniation,unmatched,,
Thoracic Diseases,ambiguous,,
Thoracic Effusion,unmatched,,
Thoracic Epidural Analgesia,unmatched,,
Thoracic Injury,ambiguous,,
Thoracic Paravertebral Block,unmatched,,
Thoracic Sarcomas,unmatched,,
Thoracic Surgery,unmatched,,
"Thoracic Surgery, Video-Assisted",unmatched,,
Thoracoscopic Lobectomy,unmatched,,
Thoracoscopic Surgery,unmatched,,
Thoracotomy,unmatched,,
Thorasic Cancers,unmatched,,
Thorough QT/QTc Study,unmatched,,
Threatened Abortion,ambiguous,,
Threatened Preterm Labor,unmatched,,
Three Vessel Coronary Disease,unmatched,,
Three Wall Intrabony Defects in Chronic Periodontitis,unmatched,,
Throat Clearing,unmatched,,
Throatcarriers of MRSA,unmatched,,
Thrombectomy,unmatched,,
Thrombocyte Disorders,unmatched,,
Thrombocytopenia,ambiguous,,
Thromboembolic Disease,unmatched,,
Thromboembolic Events,unmatched,,
Thromboembolism,ambiguous,,
Thromboembolism Post-mechanical Valve Replacement,unmatched,,
"Thromboembolism, Venous",ambiguous,,
Thrombolysis in Myocardial Infarction Flow,unmatched,,
Thrombophilia,ambiguous,,
Thromboprophylaxis,unmatched,,
"Thromboses, Deep Vein",unmatched,,
"Thromboses, Venous",unmatched,,
Thrombosis,ambiguous,,
Thrombotic Thrombocytopenic Purpura,ambiguous,,
Thrombotic and Bleeding Events,unmatched,,
Thrombus,unmatched,,
Through-and-through Lip Lacerations,unmatched,,
Thumb Aplasia,unmatched,,
Thumb Hypoplasia,unmatched,,
Thyroid,unmatched,,
Thyroid Abnormalities,unmatched,,
Thyroid Adenoma,unmatched,,
Thyroid Associated Ophthalmopathies,unmatched,,
Thyroid Associated Ophthalmopathy,unmatched,,
Thyroid Associated Orbitopathy,unmatched,,
Thyroid Autoimmune Disease,unmatched,,
Thyroid Cancer,unmatched,,
Thyroid Cancer Patients,unmatched,,
Thyroid Cancer Stage IV,unmatched,,
"Thyroid Cancer, Medullary",ambiguous,,
"Thyroid Cancer, Papillary",ambiguous,,
Thyroid Carcinoma,unmatched,,
Thyroid Disease,unmatched,,
Thyroid Disease Pregnancy,unmatched,,
Thyroid Diseases,ambiguous,,
Thyroid Dysfunction,unmatched,,
Thyroid Eye Disease,unmatched,,
"Thyroid Eye Disease, TED",unmatched,,
Thyroid Fibrosis,unmatched,,
Thyroid Function Tests,unmatched,,
Thyroid Gland,unmatched,,
Thyroid Gland Follicular Carcinoma,unmatched,,
Thyroid Gland Follicular Tumor of Uncertain Malignant Potential,unmatched,,
Thyroid Gland Hurthle Cell Carcinoma,unmatched,,
Thyroid Gland Nodule,unmatched,,
Thyroid Gland Papillary Carcinoma,unmatched,,
Thyroid Gland Resection,unmatched,,
Thyroid Gland Undifferentiated (Anaplastic) Carcinoma,unmatched,,
Thyroid Goiter,unmatched,,
Thyroid Hormones,unmatched,,
Thyroid Neoplasm,ambiguous,,
Thyroid Neoplasms,ambiguous,,
Thyroid Nodule,ambiguous,,
Thyroid Nodule (Benign),unmatched,,
Thyroid Nodule (Diagnosis),unmatched,,
"Thyroid Nodule, Toxic or With Hyperthyroidism",unmatched,,
Thyroid Nodules,ambiguous,,
Thyroid Related Eye Disease,unmatched,,
Thyroid Related Orbitopathy,unmatched,,
Thyroid Stimulating,unmatched,,
Thyroid Surgery,unmatched,,
Thyroid Tumor,unmatched,,
Thyroid-Associated Ophthalmopathy,unmatched,,
Thyroid-associated Ophthalmopathy,unmatched,,
Thyroidectomy,unmatched,,
Thyroiditis,ambiguous,,
"Thyroiditis, Autoimmune",ambiguous,,
Thyrotoxicosis,unmatched,,
Thyrotoxicosis on Thyroxine Therapy,unmatched,,
Tibial Fractures,ambiguous,,
Tibial Pilon Fracture,unmatched,,
Tibial Plateau Fracture,ambiguous,,
Tibial Plateau Fractures,ambiguous,,
Tibial Shaft Fracture with or Without Associated Fibula Fracture,unmatched,,
Tic Disorder,ambiguous,,
Tic Disorders,ambiguous,,
Ticagrelor,unmatched,,
Tick Borne Encephalitis,matched_token_set,Encephalitis Tick Borne,@DISEASE_Encephalitis_Tick_Borne
Tick-borne Encephalitis,matched_token_set,Encephalitis Tick Borne,@DISEASE_Encephalitis_Tick_Borne
Time in Range,unmatched,,
Tinea,ambiguous,,
Tinea Capitis,ambiguous,,
Tinea Pedis,ambiguous,,
"Tinea Unguium, Onychomycosis",unmatched,,
Tinea Versicolor,ambiguous,,
Tinnitus,ambiguous,,
"Tinnitus, Bilateral",unmatched,,
"Tinnitus, Subjective",unmatched,,
Tissue Lipid Metabolism,unmatched,,
Tissue Modification After Vit c Injection,unmatched,,
"Tmax,",unmatched,,
To Assess Bucco-lingual Dimension of the Ridge While Using Pontic Shield Technique as a Treatment Modality for Ridge Preservation,unmatched,,
To Assess the Beneficial Preemptive and Preventive Effects of PGL on the Immediate and Late (1- and 3 Months) Postoperative Analgesia Requirements,unmatched,,
To Assess the Glycemic Control of Insulin Glargine in Combination With Regular Insulin in Type 1 Diabetes in Children,unmatched,,
To Control Pain After Third Molar Surgery,unmatched,,
To Determine Bioequivalence Under Fasting Conditions,unmatched,,
To Determine Bioequivalence Under Fed Conditions,unmatched,,
"To Evaluate Clinical Results, Insulin Resistance and Inflammatory Response to Trauma in Morbidly Obese Patients",unmatched,,
To Evaluate the Effect of Pioglitazone on Glucose Metabolism of Fat Tissue by Using FDG-PET/CT Imaging,unmatched,,
To Evaluate the Safety and Efficacy of Celecoxib Plus Nucleos(t)Ide Analogues in Nucleos(t)Ide-treated Patients With Chronic Hepatitis B,unmatched,,
To Investigate the Effect of Diclofenac on Pain Control of Knee Osteoarthritis and the Relationship Between Pain Relief and Medicine Adherence,unmatched,,
To See the Safety and Efficacy of the Topical Latanoprost Compared With Topical Brimonidine in the Treatment of the Primary Open Angle Glaucoma Patients,unmatched,,
Tobacco Dependence,unmatched,,
Tobacco Smoking,unmatched,,
Tobacco Use,unmatched,,
Tobacco Use Cessation,unmatched,,
Tobacco Use Disorder,ambiguous,,
Tobacco Withdrawal,unmatched,,
Tocilizumab,unmatched,,
Tocolysis,unmatched,,
Tocolysis With Nifedipine,unmatched,,
Toe Deformity,unmatched,,
Toe Fusion,unmatched,,
Toe Joint Deformity,unmatched,,
Tolerability,unmatched,,
Tolerance,unmatched,,
Tongue Cancers,unmatched,,
Tongue Tissue Transcriptome,unmatched,,
Tonic-clonic Seizure,unmatched,,
Tonsillectomy,unmatched,,
Tonsillitis,ambiguous,,
Tonsillitis Streptococcal,unmatched,,
Tooth Abrasion,unmatched,,
Tooth Bleaching,unmatched,,
Tooth Diseases,ambiguous,,
Tooth Erosion,ambiguous,,
Tooth Extraction,unmatched,,
Tooth Extraction Site Healing,unmatched,,
Tooth Extraction Status Nos,unmatched,,
Tooth Loss,ambiguous,,
Tooth Lost,unmatched,,
Tooth Position Anomalies,unmatched,,
Tooth Wear,ambiguous,,
"Tooth, Deciduous",unmatched,,
"Tooth, Impacted",ambiguous,,
Toothache,ambiguous,,
Tophaceous Gout,unmatched,,
Tophi,unmatched,,
Topical Analgesia,unmatched,,
Torsades de Pointes,ambiguous,,
Total Hip Arthroplasty,unmatched,,
Total Hip Replacement,unmatched,,
Total Knee Arthroplasty,unmatched,,
Total Knee Replacement,unmatched,,
Total Knee Replacement Surgeries,unmatched,,
Total Laparoscopic Hysterectomy,unmatched,,
Total Pancreatectomy,unmatched,,
Total Shoulder Arthroplasty,unmatched,,
Total Thyroidectomy,unmatched,,
Tourette Disorder,unmatched,,
Tourette Syndrome,ambiguous,,
Tourette Syndrome in Adolescence,unmatched,,
Tourette Syndrome in Children,unmatched,,
Tourette's Disorder,unmatched,,
Tourette's Syndrome,unmatched,,
Toxic Epidermal Necrolysis,unmatched,,
Toxic Nodular Goitre,unmatched,,
"Toxic, Drugs",unmatched,,
Toxicity Due to Chemotherapy,unmatched,,
Toxicology,unmatched,,
Toxoplasmic Encephalitis,unmatched,,
Toxoplasmosis,ambiguous,,
"Toxoplasmosis, Cerebral",ambiguous,,
Tracheomalacia,ambiguous,,
Tracheostomy,unmatched,,
Trachoma,ambiguous,,
Traditional Chinese Medicine,unmatched,,
Tramadol,unmatched,,
Transaminases,unmatched,,
Transaminitis,unmatched,,
Transcatheter Aortic Valve Replacement,unmatched,,
Transcatheter Arterial Chemoembolization,unmatched,,
Transcutaneous Neurostimulation,unmatched,,
Transformed Follicular Lymphoma (TFL),unmatched,,
Transformed Lymphoma,unmatched,,
Transformed Migraine,unmatched,,
Transformed Non-Hodgkin Lymphoma,unmatched,,
Transfusion-associated Circulatory Overload,unmatched,,
Transgender,unmatched,,
Transgender Health,unmatched,,
Transgender Men,unmatched,,
Transgender Persons,unmatched,,
Transgender Women,unmatched,,
Transgenderism,unmatched,,
Transient Hypothyroxinemia,unmatched,,
Transient Hypothyroxinemia of Prematurity,unmatched,,
Transient Hypothyroxinemia of Prematurity (THOP),unmatched,,
Transient Insomnia,unmatched,,
Transient Ischemic Attack,ambiguous,,
Transient Ischemic Attacks,ambiguous,,
Transient Tachypnoea of the Newborn,unmatched,,
Translational Electrophysiology,unmatched,,
Transoral Robotic Surgery,unmatched,,
Transplant,unmatched,,
Transplant Complication,unmatched,,
Transplant Rejection,unmatched,,
"Transplant, Kidney",unmatched,,
"Transplant, Liver",unmatched,,
"Transplant, Pancreas",unmatched,,
Transplantation,unmatched,,
Transplantation Infection,unmatched,,
Transsexualism,unmatched,,
Transsphincteric Perianal Fistula,unmatched,,
Transthyretin Amyloid Cardiomyopathy,unmatched,,
Transthyretin Amyloidosis,unmatched,,
Transurethral Resection of Prostate,unmatched,,
Transversus Abdominis Plane Block,unmatched,,
Trauma,unmatched,,
Trauma Abdomen,unmatched,,
Trauma Chest,unmatched,,
Trauma Injury,unmatched,,
Trauma and Stressor Related Disorders,ambiguous,,
"Trauma, Brain",unmatched,,
"Trauma, Multiple",ambiguous,,
"Trauma, Nervous System",ambiguous,,
Traumatic Brain Injuries,ambiguous,,
Traumatic Brain Injury,ambiguous,,
Traumatic Brain Injury (TBI),unmatched,,
Traumatic Brain Injury (TBI) Patients,unmatched,,
"Traumatic Brain Injury, Mild",unmatched,,
Traumatic Injury,unmatched,,
Traumatic Intracranial Haemorrhage,unmatched,,
Traumatic Memory,unmatched,,
Traumatic Spinal Cord Injury,unmatched,,
"Traumatic, Limb, Lower",unmatched,,
Treatment,unmatched,,
Treatment Adherence,unmatched,,
Treatment Adherence and Compliance,unmatched,,
Treatment Efficacy,unmatched,,
Treatment Induced Hypertension,unmatched,,
Treatment Outcome,unmatched,,
Treatment Refractory MAC Lung Disease,unmatched,,
Treatment Related Cancer,unmatched,,
Treatment Resistant Bipolar Disorder,unmatched,,
Treatment Resistant Depression,unmatched,,
Treatment Resistant Major Depressive Disorder,unmatched,,
Treatment Resistant Schizophrenia,ambiguous,,
Treatment Side Effects,unmatched,,
Treatment With Testosterone Gel in ICU,unmatched,,
Treatment by Furosemide,unmatched,,
Treatment for Bipolar I Disorder,unmatched,,
Treatment of Arthritis,unmatched,,
Treatment of Cognitive Deficits After Traumatic Brain Injury,unmatched,,
Treatment of Episodic Tension Headache,unmatched,,
Treatment of H. Pylori Infection,unmatched,,
Treatment of Idiopathic Generalized Epilepsy,unmatched,,
Treatment of Induced Panic Attack,unmatched,,
Treatment of Venous Thromboembolism in Cancer Patients,unmatched,,
Treatment-Refractory Depression,unmatched,,
Treatment-Related Cancer,unmatched,,
Treatment-Resistant Depression,unmatched,,
Treatment-Resistant Mania,unmatched,,
Treatment-resistant Depression,unmatched,,
Treatment-resistant Depression (TRD),unmatched,,
Treatment-resistant Schizophrenia,ambiguous,,
Tremor,ambiguous,,
Triamcinolone Acetonide,unmatched,,
Trichiasis,ambiguous,,
Trichotillomania (Hair-Pulling Disorder),unmatched,,
Tricuspid Insufficiency,unmatched,,
Tricuspid Regurgitation,unmatched,,
Tricuspid Valve Disease,unmatched,,
Trigeminal Neuralgia,ambiguous,,
Trigger Digit,unmatched,,
Trigger Finger,unmatched,,
Triglycerides,unmatched,,
Trinucleotide Repeat Expansion,unmatched,,
Triple -Negative Breast Cancer,unmatched,,
Triple Negative Breast Cancer,unmatched,,
Triple Therapy,unmatched,,
Triple-Negative Breast Cancer,unmatched,,
Triple-Negative Breast Carcinoma,unmatched,,
Trismus,ambiguous,,
Trisomy 21,unmatched,,
Troponin,unmatched,,
Troponin Levels,unmatched,,
Tuberculosis,ambiguous,,
Tuberculosis Infection,unmatched,,
"Tuberculosis, Central Nervous System",matched_exact,Tuberculosis Central Nervous System,@DISEASE_Tuberculosis_Central_Nervous_System
"Tuberculosis, Lymph Node",ambiguous,,
"Tuberculosis, MDR",unmatched,,
"Tuberculosis, Meningeal",ambiguous,,
"Tuberculosis, Multidrug-Resistant",ambiguous,,
"Tuberculosis, Mycobacterium Infection",unmatched,,
"Tuberculosis, Pulmonary",ambiguous,,
"Tuberculous Lymphadenitis, Cervical",unmatched,,
Tuberculous Meningitis,unmatched,,
Tuberous Sclerosis,ambiguous,,
Tuberous Sclerosis Complex,unmatched,,
Tuberous Sclerosis Complex-associated Refractory Seizures,unmatched,,
Tubular Acidosis,unmatched,,
Tumor,unmatched,,
Tumor Infiltrating Lymphocytes,unmatched,,
Tumor Lysis Syndrome,ambiguous,,
"Tumor, Solid",unmatched,,
Tumors,unmatched,,
Turner Syndrome,ambiguous,,
Turner's Syndrome,unmatched,,
Twin Pregnancy,unmatched,,
Twin Pregnancy With Antenatal Problem,unmatched,,
Tympanic Membrane Perforation,ambiguous,,
Tympanomastoid Surgery,unmatched,,
Type 1 Diabetes,unmatched,,
Type 1 Diabetes (T1D),unmatched,,
Type 1 Diabetes Mellitus,ambiguous,,
Type 1 Diabetes Mellitus (T1DM),unmatched,,
Type 1 Diabetes Mellitus With Diabetic Gastroparesis,unmatched,,
Type 1 Diabetes Mellitus With Diabetic Nephropathy,unmatched,,
Type 1 Diabetes Mellitus With Hypoglycemia,unmatched,,
Type 1 Diabetes Mellitus-Type 2 Diabetes Mellitus,unmatched,,
Type 1 Diabetic Nephropathy,unmatched,,
Type 2 DM,unmatched,,
Type 2 DM /Diabetic Nephropathy,unmatched,,
Type 2 Diabetes,unmatched,,
Type 2 Diabetes (Adult Onset),unmatched,,
Type 2 Diabetes (T2DM),unmatched,,
Type 2 Diabetes (Treated With Exenatide or Other Oral Antidiabetic Therapies),unmatched,,
Type 2 Diabetes Mellitus,ambiguous,,
Type 2 Diabetes Mellitus (T2DM),unmatched,,
"Type 2 Diabetes Mellitus (T2DM), Cost-effectiveness, Sulfonylureas, DPP4 Inhibitors, Metformin",unmatched,,
Type 2 Diabetes Mellitus With Complication,unmatched,,
Type 2 Diabetes Mellitus Without Insulin Treatment,unmatched,,
Type 2 Diabetes Mellitus in Obese,unmatched,,
"Type 2 Diabetes Mellitus, Non Insulin Dependent",unmatched,,
Type 2 Diabetes Mellitus；,ambiguous,,
Type 2 Diabetes Treated With Insulin,unmatched,,
Type 2 Diabetes With Non-alcoholic Fatty Liver (NAFLD),unmatched,,
Type 2 Diabetic Nephropathy,unmatched,,
Type 2 Diabetic Patients With IHD,unmatched,,
Type 3c Diabetes,unmatched,,
Type B Aortic Dissection,unmatched,,
Type I Diabetes,unmatched,,
Type I Diabetes Mellitus,unmatched,,
Type II,unmatched,,
Type II Diabetes,unmatched,,
Type II Diabetes Mellitus,unmatched,,
Type II Diabetes in Subjects BMI 27 to 32,unmatched,,
Type II Hyperlipidemia,unmatched,,
Type IIa and IIb Hypercholesterolaemia,unmatched,,
Type-2 Diabetes,unmatched,,
Type-2 Diabetes Mellitus,ambiguous,,
Type1 Diabetes,unmatched,,
Type1 Diabetes Mellitus,unmatched,,
Type1diabetes,unmatched,,
Type2 Diabetes,unmatched,,
Type2 Diabetes Mellitus,unmatched,,
Type2Diabetes,unmatched,,
Type2diabetes,unmatched,,
"Type2diabetes, SGLT2 Inhibitor, Urinary Tract Infection",unmatched,,
Typhoid Fever,ambiguous,,
Typical Facial Pain,unmatched,,
Tyrosine Kinase Inhibitor,unmatched,,
US-guided Release of the A1 Pulley Responsible for Trigger Finger is Feasible With a 21-gauge Needle,unmatched,,
UTI,unmatched,,
UTI - Lower Urinary Tract Infection,unmatched,,
UTI - Urinary Tract Infection,unmatched,,
Ulcer,ambiguous,,
Ulcer Hemorrhage,unmatched,,
Ulcer of the Gastrointestinal Tract,unmatched,,
"Ulcer, Gastric",unmatched,,
Ulcerative Colitis,ambiguous,,
Ulcerative Colitis (UC),unmatched,,
Ulcerative Colitis Acute,unmatched,,
Ulcerative Colitis Mild,unmatched,,
Ulcerative Colitis in Remission,unmatched,,
"Ulcerative Colitis, Active Severe",unmatched,,
"Ulcerative Colitis, Unspecified",unmatched,,
Ulcers,ambiguous,,
"Ulcers, Duodenal and Gastric",unmatched,,
Ultra-short-term,unmatched,,
Ultrasonography,unmatched,,
"Ultrasonography, Interventional",unmatched,,
Ultrasound,unmatched,,
Ultrasound Guidance,unmatched,,
"Ultrasound Guided L1,L2 Paravertebral Block",unmatched,,
Ultrasound Therapy,unmatched,,
Ultrasound-guided Nerve Block,unmatched,,
Umbilical Granuloma,unmatched,,
Uncomplicated Bacterial Cystitis,unmatched,,
Uncomplicated Hypertension,unmatched,,
Uncomplicated Urinary Tract Infection,unmatched,,
Uncomplicated Urinary Tract Infections,unmatched,,
Uncontrolled Gout,unmatched,,
Undefined,unmatched,,
Under Fasted Condition,unmatched,,
Under Fed Condition,unmatched,,
Under-Fives,unmatched,,
Undergoing Lower Segment Caesarian Section,unmatched,,
Undergoing Open-Heart Surgery,unmatched,,
Undernutrition,unmatched,,
Underweight,unmatched,,
Undesired Intrauterine Pregnancy,unmatched,,
Undesired Pregnancy,unmatched,,
Undifferentiated Connective Tissue Disease,unmatched,,
Undifferentiated Fallopian Tube Carcinoma,unmatched,,
Undifferentiated Febrile Illness,unmatched,,
Undifferentiated Leukemia,unmatched,,
Undifferentiated Ovarian Carcinoma,unmatched,,
Undifferentiated Pleomorphic Sarcoma,unmatched,,
Undifferentiated Pleomorphic Sarcoma (UPS),unmatched,,
Unexpected Fetal Cardiac Effects of Nifedipine and MgSO4,unmatched,,
Unexplained Infertility,unmatched,,
Unexplained Recurrent Miscarriage,unmatched,,
Unicompartmental Knee Arthroplasty,unmatched,,
Unilateral Inguinal Hernia,unmatched,,
Unilateral Knee Arthroplasty,unmatched,,
Unipolar Depression,unmatched,,
Unipolar Major Depressive Episode,unmatched,,
Uniportal Video-Assisted Thoracic Surgery (VATS),unmatched,,
Unresectable Differentiated Thyroid Gland Carcinoma,unmatched,,
Unresectable Esophageal Adenocarcinoma,unmatched,,
Unresectable Gastroesophageal Junction Adenocarcinoma,unmatched,,
Unresectable Liver Metastasis of Colorectal Cancer,unmatched,,
Unresectable Melanoma,unmatched,,
Unresectable Pancreatic Adenocarcinoma,unmatched,,
Unresectable Thyroid Gland Carcinoma,unmatched,,
Unresectable Triple-Negative Breast Carcinoma,unmatched,,
Unruptured Intracranial Aneurysm,unmatched,,
Unsafe Sex,unmatched,,
"Unspecified Adult Solid Tumor, Protocol Specific",unmatched,,
"Unspecified Childhood Solid Tumor, Protocol Specific",unmatched,,
Unspecified Psychosis,unmatched,,
Unstable Angina,ambiguous,,
Unstable Angina Pectoris,unmatched,,
Unstable Intertrochanteric Fracture,unmatched,,
Unsuspected Pulmonary Embolism,unmatched,,
Untreated Adult Acute Lymphoblastic Leukemia,unmatched,,
Untreated Adult Acute Myeloid Leukemia,unmatched,,
Untreated Childhood Acute Lymphoblastic Leukemia,unmatched,,
Untreated Childhood Supratentorial Primitive Neuroectodermal Tumor,unmatched,,
Untreated Essential Hypertension,unmatched,,
Unusual Cancers of Childhood,unmatched,,
Upper Abdominal Pain,unmatched,,
Upper Airway Resistance Syndrome,unmatched,,
Upper Extremity Deep Vein Thrombosis,ambiguous,,
Upper Extremity Deep Venous Thrombosis,unmatched,,
Upper Extremity Paresis,unmatched,,
Upper Extremity Problem,unmatched,,
Upper Extremity Surgery,unmatched,,
Upper Extremity Thrombosis,unmatched,,
Upper Extremity Weakness,unmatched,,
Upper Gastrointestinal Bleed,unmatched,,
Upper Gastrointestinal Bleeding,unmatched,,
Upper Gastrointestinal Hemorrhage,unmatched,,
Upper Limb Injury,unmatched,,
Upper Limb Spasticity,unmatched,,
Upper Respiratory Infection,unmatched,,
Upper Respiratory Infections,unmatched,,
Upper Respiratory Tract Infection,unmatched,,
Upper Respiratory Tract Infections,unmatched,,
Upper Tract Ureterolithiasis,unmatched,,
Upper-Airway Cough Syndrome,ambiguous,,
Ureaplasma,unmatched,,
Ureaplasma Infections,ambiguous,,
Uremia,ambiguous,,
Uremic Pruritis,unmatched,,
Uremic Pruritus,unmatched,,
Ureter Calculi,unmatched,,
Ureter Obstruction,unmatched,,
Ureter Stone,unmatched,,
Ureteral Access Sheath,unmatched,,
Ureteral Calculi,ambiguous,,
Ureteral Calculus,unmatched,,
Ureteral Diseases,ambiguous,,
"Ureteral Injury (Secondary, as This Assesses Prevention)",unmatched,,
Ureteral Obstruction,ambiguous,,
Ureteral Stenosis,unmatched,,
Ureteral Stent,unmatched,,
Ureteral Stent-Related Symptom,unmatched,,
Ureteral Stone,unmatched,,
Ureteral Stones,unmatched,,
Ureteric Stent After Stone Surgery,unmatched,,
Ureteric Stone,unmatched,,
Ureteric Stone of Lower Third of Ureter,unmatched,,
Ureterolithiases,unmatched,,
Ureterolithiasis,matched_exact,Ureterolithiasis,@DISEASE_Ureterolithiasis
Urethral Sphincter Activity,unmatched,,
Urethral Stricture,ambiguous,,
Urethritis,ambiguous,,
Urge Incontinence,unmatched,,
Urge Urinary Incontinence,ambiguous,,
Urgency Urinary,unmatched,,
Urgent Surgery,unmatched,,
Uric Acid,unmatched,,
"Uric Acid Concentration, Serum, Quantitative Trait Locus 7",unmatched,,
Uric Acid Kidney Stone Disease,unmatched,,
Uric Acid Levels,unmatched,,
Uric Acid Nephropathy,unmatched,,
Uric Acid Stones,unmatched,,
Urinary Bladder Diseases,ambiguous,,
Urinary Bladder Neoplasms,ambiguous,,
Urinary Bladder Overactive,ambiguous,,
"Urinary Bladder, Neurogenic",ambiguous,,
"Urinary Bladder, Overactive",ambiguous,,
Urinary Calculi,ambiguous,,
Urinary Calculus,unmatched,,
Urinary Catheterization,unmatched,,
Urinary Complication,unmatched,,
Urinary Frequency,unmatched,,
Urinary Incontinence,ambiguous,,
"Urinary Incontinence , Stress",ambiguous,,
Urinary Incontinence Mixed (Stress and Urge),unmatched,,
Urinary Incontinence Stress,ambiguous,,
"Urinary Incontinence, Stress",ambiguous,,
"Urinary Incontinence, Urge",ambiguous,,
"Urinary Incontinence, Urgency-frequency",unmatched,,
Urinary Obstruction,unmatched,,
Urinary Retention,ambiguous,,
Urinary Retention After Procedure,unmatched,,
Urinary Retention Postoperative,unmatched,,
Urinary Stress Incontinence,ambiguous,,
Urinary Tract Disease,unmatched,,
Urinary Tract Diseases,unmatched,,
Urinary Tract Infection,ambiguous,,
Urinary Tract Infection (Diagnosis),unmatched,,
Urinary Tract Infection (UTI),unmatched,,
Urinary Tract Infection in Pregnancy,unmatched,,
Urinary Tract Infection(UTI),unmatched,,
Urinary Tract Infections,ambiguous,,
Urinary Tract Infections in Children,unmatched,,
"Urinary Tract Infections, Recurrent",unmatched,,
Urinary Urge Incontinence,ambiguous,,
"Urinary Urgencies, Pollakiuria, Difficulty in Initiating Micturition, Pain in Hypogastrium,",unmatched,,
Urination Disorders,ambiguous,,
Urine Albumin (UAlb),unmatched,,
Urogenital Neoplasms,ambiguous,,
Urogential Chlamydia Trachomatis Infection,unmatched,,
Urolithiasis,ambiguous,,
Urologic Diseases,ambiguous,,
Urological Manifestations,unmatched,,
Urosepsis,unmatched,,
Urothelial Carcinoma,unmatched,,
Urticaria,ambiguous,,
Usability,unmatched,,
Use of Methylphenidate in Children and Adolescents,unmatched,,
Uterine Artery Embolization,unmatched,,
Uterine Bleeding,unmatched,,
Uterine Bleeding Heavy,unmatched,,
Uterine Cancer,unmatched,,
Uterine Cervical Incompetence,ambiguous,,
Uterine Corpus Cancer,unmatched,,
Uterine Corpus Carcinosarcoma,unmatched,,
Uterine Diseases,ambiguous,,
Uterine Fibroid,unmatched,,
Uterine Fibroids,unmatched,,
Uterine Fibroids (UF),unmatched,,
Uterine Hemorrhage,ambiguous,,
Uterine Leiomyoma,unmatched,,
Uterine Leiomyomas,unmatched,,
Uterine Myoma,unmatched,,
Uterine Neoplasms,ambiguous,,
Uterine Polyp,unmatched,,
Uterine Scar,unmatched,,
Uterus,unmatched,,
Uterus Transplant,unmatched,,
Uveal Melanoma,ambiguous,,
Uveitis,ambiguous,,
"Uveitis, Anterior",ambiguous,,
"Uveitis, Intermediate",ambiguous,,
"Uveitis, Posterior",ambiguous,,
VA Drug Interaction,unmatched,,
VAP - Ventilator Associated Pneumonia,unmatched,,
VAS Will be Used to Assess Pain Postoperative,unmatched,,
VITAMIN D DEFICIENCY,ambiguous,,
VTE,unmatched,,
VTE (Venous Thromboembolism),unmatched,,
VZV Infection After Bone Marrow Transplantation,unmatched,,
Vaccine Response,unmatched,,
Vaccine Response Impaired,unmatched,,
Vaccines,unmatched,,
Vacuolar Proton-Translocating ATPases,unmatched,,
Vaginal Atrophy,unmatched,,
Vaginal Atrophy in Breast Cancer Patients,unmatched,,
Vaginal Candidiasis,unmatched,,
Vaginal Carcinoma,unmatched,,
"Vaginal Discharge Color, Odor, and Consistency",unmatched,,
Vaginal Disease,unmatched,,
Vaginal Dysbiosis,unmatched,,
Vaginal Epithelial Disruption,unmatched,,
Vaginal Hysterectomy,unmatched,,
Vaginal Infection,unmatched,,
Vaginal Laceration During Delivery,unmatched,,
Vaginal Scrubbing,unmatched,,
Vaginitis,ambiguous,,
Vaginitis Bacterial,unmatched,,
"Vaginosis, Bacterial",ambiguous,,
Valgus Foot Deformity,unmatched,,
"Valve Disease, Aortic",ambiguous,,
Valve Heart Disease,unmatched,,
Valvular Heart Disease,unmatched,,
Vancomycin,unmatched,,
Varice Bleed,unmatched,,
Variceal Bleeding,unmatched,,
Variceal Hemorrhage,unmatched,,
Variceal Rebleeding,unmatched,,
Varicella,unmatched,,
Varicella Zoster Virus Infection,ambiguous,,
Varices,unmatched,,
"Varices, Esophageal",unmatched,,
Varicocele,ambiguous,,
Varicose Ulcer,ambiguous,,
Varicose Veins,ambiguous,,
"Varix, Esophageal",unmatched,,
Vascular,unmatched,,
Vascular Access,unmatched,,
Vascular Access Complication,unmatched,,
Vascular Calcification,ambiguous,,
Vascular Calcifications,ambiguous,,
Vascular Complications,unmatched,,
Vascular Dementia,ambiguous,,
Vascular Disease,unmatched,,
Vascular Disease Detected,unmatched,,
Vascular Diseases,ambiguous,,
Vascular Function,unmatched,,
Vascular Headaches,ambiguous,,
Vascular Health,unmatched,,
Vascular Inflammation,unmatched,,
Vascular Ring,matched_exact,Vascular Ring,@DISEASE_Vascular_Ring
Vascular Risk,unmatched,,
Vascular Stiffness,unmatched,,
Vascular Surgery Patient with PAD / Carotid Stenosis,unmatched,,
Vascular Surgical Procedure,unmatched,,
Vasculitis,ambiguous,,
"Vasculitis, Systemic",ambiguous,,
Vasculopathy,unmatched,,
Vasectomy,unmatched,,
Vaso-occlusive Crisis,unmatched,,
Vaso-occlusive Pain Episode in Sickle Cell Disease,unmatched,,
Vasoconstriction,unmatched,,
Vasoconstrictor Choice on Acute Variceal Bleeding,unmatched,,
Vasodilation,unmatched,,
Vasomotor Disturbance,unmatched,,
Vasomotor Rhinitis,ambiguous,,
Vasomotor Symptoms,unmatched,,
Vasoplegia,ambiguous,,
Vasoplegic Syndrome,unmatched,,
Vasopressin,unmatched,,
Vasospasm,unmatched,,
"Vasospasm, Coronary",ambiguous,,
Vasospastic Angina,unmatched,,
Vasovagal Syncope,ambiguous,,
Vasovagal Syncope (VVS),unmatched,,
Vegan Diet,unmatched,,
Veisalgia,unmatched,,
Venlafaxine,unmatched,,
Venous,unmatched,,
Venous Cannulation Pain,unmatched,,
Venous Congestion,unmatched,,
Venous Leg Ulcer,unmatched,,
"Venous Malformation, Low Flow",unmatched,,
Venous Thormboembolism,unmatched,,
Venous Thromboembolic Disease,unmatched,,
Venous Thromboembolism,ambiguous,,
Venous Thromboembolism (VTE),unmatched,,
Venous Thromboses,unmatched,,
Venous Thrombosis,ambiguous,,
"Venous Thrombosis, Deep",unmatched,,
"Ventilation, Mechanical",unmatched,,
Ventilator Acquired Pneumonia,unmatched,,
Ventilator Associated Pneumonia,ambiguous,,
Ventilator-associated Pneumonia,ambiguous,,
Ventilatory Depression,unmatched,,
Ventral Hernia,ambiguous,,
Ventral Hernia Repair,unmatched,,
Ventricular Arrhythmia,unmatched,,
Ventricular Arrhythmias,unmatched,,
Ventricular Arrhythmias and Cardiac Arrest,unmatched,,
Ventricular Dysfunction,ambiguous,,
"Ventricular Dysfunction, Left",ambiguous,,
"Ventricular Dysfunction, Right",ambiguous,,
Ventricular Fibrillation,ambiguous,,
Ventricular Mural Thrombosis,unmatched,,
Ventricular Outflow Obstruction,ambiguous,,
Ventricular Premature Complexes,ambiguous,,
Ventricular Remodeling,ambiguous,,
Ventricular Repolarization,unmatched,,
Ventricular Septal Defect,unmatched,,
Ventricular Tachycardia,ambiguous,,
Ventricular Thrombosis Mural Following Myocardial Infarction,unmatched,,
Verapamil,unmatched,,
Verruca Vulgaris,unmatched,,
Vertebral Artery Dissection,ambiguous,,
Vertebral Artery Injury,unmatched,,
Vertebral Compression Fracture,unmatched,,
Vertebral Fracture,unmatched,,
"Vertebrogenic Radiculopathy L5, S1",unmatched,,
Vertical Alveolar Bone Loss,unmatched,,
Vertigo,ambiguous,,
"Vertigo, Aural",unmatched,,
"Vertigo, Intermittent",unmatched,,
"Vertigo, Peripheral",unmatched,,
Very Low Birth Weight,unmatched,,
Very Low Birth Weight Infant,unmatched,,
Very Low Birth Weight Infants,unmatched,,
Very Preterm Infants,unmatched,,
Vesicoureteral Reflux,unmatched,,
Vessels,unmatched,,
Vestibular Diseases,ambiguous,,
Vestibular Migraine,unmatched,,
Vestibular Vertigo,unmatched,,
Vestibulitis,unmatched,,
Vestibulodynia,unmatched,,
Viable Myocardium,unmatched,,
Video-assisted Thoracic Surgery,unmatched,,
Video-assisted Thoracoscopic Surgery (VATS),unmatched,,
Vinblastine,unmatched,,
Vinca Alkaloid Adverse Reaction,unmatched,,
Vincristine Induced Neurotoxicity,unmatched,,
Vinpocetine,unmatched,,
Viraemia,unmatched,,
Viral Bronchiolitis,ambiguous,,
Viral Disease,unmatched,,
Viral Illness,unmatched,,
Viral Infections,unmatched,,
Viral Pneumonia,unmatched,,
Viral Pneumonia Human Coronavirus,unmatched,,
Viral Shedding,unmatched,,
Viral Upper Respiratory Tract Infection,unmatched,,
Virtual Reality,unmatched,,
Virus Diseases,ambiguous,,
Visceral Pain,ambiguous,,
Visual Perception,unmatched,,
Vital Pulp Therapies,unmatched,,
Vitamin A Deficiency,ambiguous,,
Vitamin B 12 Deficiency,ambiguous,,
Vitamin B-12 Deficiency,ambiguous,,
Vitamin B12 Absorption,unmatched,,
Vitamin B12 Deficiency,unmatched,,
Vitamin B12 Nutritional Deficiency,unmatched,,
Vitamin C Deficiency,unmatched,,
Vitamin D,unmatched,,
Vitamin D 25-Hydroxylase Deficiency,unmatched,,
Vitamin D Deficiency,ambiguous,,
Vitamin D Deficiency/Insufficiency,unmatched,,
Vitamin D Inadequacy,unmatched,,
Vitamin D Insufficiency,unmatched,,
Vitamin D Overdose,unmatched,,
Vitamin D Receptor Defect,unmatched,,
Vitamin D Status,unmatched,,
Vitamin D Substitution,unmatched,,
Vitamin D Supplement,unmatched,,
Vitamin D and Calcium Homeostasis,unmatched,,
"Vitamin D, Vitamin B 12 and Folic Acid Concentrations",unmatched,,
"Vitamin D, Vitamin B12 and Folic Acid Among Patients With Premature Ejaculation",unmatched,,
Vitamin D2 Supplementation in Vitamin D Insufficiency,unmatched,,
Vitamin D25 Insufficiency,unmatched,,
Vitamin D3 Deficiency,unmatched,,
Vitamin Deficiency,unmatched,,
Vitamin K-Dependent Coagulation Defect,unmatched,,
Vitamin Status Assessment,unmatched,,
Vitamin d Deficiency,ambiguous,,
Vitiligo,ambiguous,,
Vitiligo - Macular Depigmentation,unmatched,,
Vitrectomy,unmatched,,
Vitreoretinal Surgeries,unmatched,,
Vitreoretinal Surgery,unmatched,,
Vitritis,unmatched,,
Vocal Cord Movement Assessment by Airway Ultrasound,unmatched,,
Vocal Cord Paralysis,ambiguous,,
Vocal Tremor,unmatched,,
Vogt-Koyanagi-Harada Disease,unmatched,,
Voice Change,unmatched,,
Voice Disorders,ambiguous,,
Voice Hoarseness,unmatched,,
Voice Tremor,unmatched,,
Voiding Cystourethrogram,unmatched,,
Voiding Disorders,unmatched,,
Voiding Dysfunction,unmatched,,
Volume Overload,unmatched,,
Volunteer,unmatched,,
Volunteers,unmatched,,
Vomiting,ambiguous,,
Vomiting Postoperative,unmatched,,
Vomiting in Infants and/or Children,unmatched,,
Vomiting of Pregnancy,unmatched,,
"Vomiting, Postoperative",unmatched,,
Von Hippel-Lindau Disease,ambiguous,,
Von Willebramd Factor,unmatched,,
Von Willebrand Diseases,ambiguous,,
Vonoprazan,unmatched,,
Vulva Lichen Sclerosus,unmatched,,
Vulvar Atrophy,unmatched,,
Vulvar Carcinoma,unmatched,,
Vulvar Diseases,ambiguous,,
Vulvar High Grade Squamous Intraepithelial Lesion,unmatched,,
Vulvar Lichen Sclerosus,ambiguous,,
Vulvar Pain,unmatched,,
Vulvar Vestibulitis,ambiguous,,
Vulvodynia,ambiguous,,
Vulvovaginal Atrophy,unmatched,,
"Vulvovaginal Inflammation (Objective) Absent, Mild, Moderate, or Severe",unmatched,,
"Vulvovaginal Itching and Irritation (Subjective) Absent, Mild, Moderate, or Severe",unmatched,,
Vulvovaginitis,ambiguous,,
Waldenstrom Macroglobulinemia,ambiguous,,
Waldenstrom's Macroglobulinemia,unmatched,,
Warfarin,unmatched,,
Warfarin Dosing,unmatched,,
Warfarin Knowledge Level,unmatched,,
Warfarin Sodium Causing Adverse Effects in Therapeutic Use,unmatched,,
Warfarin and NSAID,unmatched,,
Water-Electrolyte Imbalance,ambiguous,,
We Searched for the Effects of Calcium Channel Blocker Amlodipine on the Clinical and Laboratory Parameters of Diabetic Patients With Proteinuria.,unmatched,,
"Weakness, Muscle",ambiguous,,
Weaning Failure,unmatched,,
Wegener Granulomatosis,unmatched,,
Wegener's Granulomatosis,unmatched,,
Weight Change Trajectory,unmatched,,
"Weight Change, Body",ambiguous,,
Weight Gain,ambiguous,,
Weight Gain Trajectory,unmatched,,
Weight Loss,ambiguous,,
Weight Management,unmatched,,
Weight Regain Post Bariatric Surgery,unmatched,,
"Weight, Body",ambiguous,,
West Syndrome,unmatched,,
Wet Age-related Macular Degeneration,unmatched,,
Wet Macular Degeneration,ambiguous,,
Wheezing,unmatched,,
Whiplash Injuries,ambiguous,,
Whipple Procedure,unmatched,,
White Matter Hyperintensity,unmatched,,
White Spot Lesion,unmatched,,
Whooping Cough,ambiguous,,
Williams Syndrome,ambiguous,,
Wilms Tumor,ambiguous,,
Wilson Disease,unmatched,,
Wisdom Tooth,unmatched,,
With Decompensation,unmatched,,
Withdrawal,unmatched,,
Withdrawal Symptoms,unmatched,,
"Withdrawal Symptoms, Neonatal",unmatched,,
Withdrawal Syndrome,unmatched,,
Wobenzym,unmatched,,
Wolfram Syndrome,ambiguous,,
Wolman Disease,unmatched,,
Woman of Reproductive Age,unmatched,,
Women Undergoing Oocyte Retrieval Procedures,unmatched,,
"Women With Mutations in the Breast Cancer Susceptibility Genes BRCA1,2",unmatched,,
Women's Health,unmatched,,
Women's Health: Female Athlete/Female Athlete Triad,unmatched,,
Working Memory,unmatched,,
Workplace Migraine Treatment,unmatched,,
Worsening Heart Failure (WHF),unmatched,,
Wound,unmatched,,
Wound Bleeding,unmatched,,
Wound Dehiscence,unmatched,,
Wound Heal,unmatched,,
Wound Healing,unmatched,,
Wound Healing Disorder,unmatched,,
Wound Infection,ambiguous,,
Wound Infusion,unmatched,,
Wound of Skin,unmatched,,
Wound-healing,unmatched,,
Wounds and Injuries,ambiguous,,
Wounds and Injury,ambiguous,,
Wrist,unmatched,,
Wrist Arthritis,unmatched,,
Wrist Fractures,ambiguous,,
Wrist Injuries,ambiguous,,
X-linked Adrenoleukodystrophy,unmatched,,
X-linked Protoporphyria,unmatched,,
XLP,unmatched,,
Xenon,unmatched,,
Xerosis Cutis,unmatched,,
Xerostomia,ambiguous,,
Yaws,unmatched,,
Young Adult,unmatched,,
Youths,unmatched,,
Zellweger Syndrome,ambiguous,,
Zinc Deficiency,unmatched,,
Zollinger Ellison Syndrome,ambiguous,,
Zollinger-Ellison Syndrome,ambiguous,,
Zoster Without Complications,unmatched,,
brca1 Mutation Carrier,unmatched,,
brca2 Mutation Carrier,unmatched,,
cMET-dysregulated Advanced Solid Tumors,unmatched,,
covid19,unmatched,,
de Novo Kidney Transplant Recipients,unmatched,,
de Novo Myelodysplastic Syndromes,unmatched,,
fMRI,unmatched,,
hemoDIALysis Patients,unmatched,,
nOH,unmatched,,
nan,unmatched,,
no Reconstructive Breast Surgery,unmatched,,
or Peripheral Nerve Injury (PNI),unmatched,,
q11.2),unmatched,,
q12),unmatched,,
q22),unmatched,,
s Disease,unmatched,,
s Disease Relapse,unmatched,,
s Disease),unmatched,,
s Lymphoma,unmatched,,
tDCS,unmatched,,
the Effect of MTHFR C677T on Folate Metabolism,unmatched,,
the Efficacy of Levetireacetam,unmatched,,
"the Efficacy of Ultrasound Guided Sacroiliac Injection of Ozone, Platelet Rich Plasma (PRP) or Steroid for Treatment of Sacroiliitis",unmatched,,
the Operative Link on Gastric Intestinal Metaplasia,unmatched,,
to Treat the Vomiting Frequently Occur Post-laparoscopic by Different Anti Emetic Drugs,unmatched,,
vNOTES,unmatched,,
İnjection,unmatched,,
β-Thalassemia Major Patients Receiving Chelation Therapy,unmatched,,
"λz,",unmatched,,
•Non-alcoholic Steatohepatitis (NASH),unmatched,,
